canon_smiles,dose_mg,cmax_mg_L,log_cmax_per_dose,name,n_studies
CCC(=O)NC[C@@H]1C[C@H]1c1cccc2c1CCO2,20.0,0.2359595014589781,-1.9281925257539347,tasimelteon,7
Cc1nc(C(=O)NCC(=O)O)c(O)c2ccc(Oc3ccccc3)cc12,100.0,8.384317297178903,-1.0765322945532851,roxadustat,6
CCOc1nc2cccc(C(=O)O)c2n1Cc1ccc(-c2ccccc2-c2noc(=O)[nH]2)cc1,40.0,2.452206530817404,-1.2125029466002386,azilsartan,6
CN1CC(=O)N2[C@H](c3ccc4c(c3)OCO4)c3[nH]c4ccccc4c3C[C@@H]2C1=O,10.0,0.16879441091964625,-1.7726419377277944,tadalafil,6
CCCCc1nc(Cl)c(CO)n1Cc1ccc(-c2ccccc2-c2nn[nH]n2)cc1,50.0,0.23065104906823403,-2.336014570089288,losartan,5
CCCCc1nc(Cl)c(C(=O)O)n1Cc1ccc(-c2ccccc2-c2nn[nH]n2)cc1,50.0,0.30822664704755476,-2.2100998223694095,losartan carboxylic acid (e-3174),5
CCc1cc(/C(C)=N/OCc2ccc(C3CCCCC3)c(C(F)(F)F)c2)ccc1CN1CC(C(=O)O)C1,0.25,0.0018466596372557053,-2.1315531518258344,siponimod,5
COc1c(N2CCNC(C)C2)c(F)cc2c(=O)c(C(=O)O)cn(C3CC3)c12,400.0,3.918968085996581,-2.008888264500029,gatifloxacin,5
CCS(=O)(=O)CCn1c([N+](=O)[O-])cnc1C,1000.0,19.614836124170495,-1.7074153159140413,tinidazole,5
Nc1nc(CC(=O)Nc2ccc(CCNC[C@H](O)c3ccccc3)cc2)cs1,100.0,0.06045782018485688,-3.2185475154240697,mirabegron,5
CC(C)c1c(C(=O)Nc2ccccc2)c(-c2ccccc2)c(-c2ccc(F)cc2)n1CC[C@@H](O)C[C@@H](O)CC(=O)O,40.0,0.016035221494813127,-3.396985028104305,atorvastatin,5
CCC(C)(C)C(=O)O[C@H]1C[C@@H](C)C=C2C=C[C@H](C)[C@H](CC[C@@H]3C[C@@H](O)CC(=O)O3)[C@H]21,40.0,0.00885921411988956,-3.6546647929773752,simvastatin,5
N=C(N)c1ccc(CNC(=O)[C@@H]2CCN2C(=O)[C@H](NCC(=O)O)C2CCCCC2)cc1,36.0,0.144713590679814,-2.395793181257912,melagatran,5
COc1ccc(-n2nc(C(N)=O)c3c2C(=O)N(c2ccc(N4CCCCC4=O)cc2)CC3)cc1,10.0,0.1705367387794138,-1.7681820464051825,apixaban,5
CC(C(=O)O)c1ccc(CC2CCCC2=O)cc1,60.0,5.6052073582467905,-1.0295595669269415,loxoprofen,5
N#Cc1ccc2[nH]cc(CCCCN3CCN(c4ccc5oc(C(N)=O)cc5c4)CC3)c2c1,20.0,0.03591591549175925,-2.7457430546468022,vilazodone,5
C[C@H]1COc2c(N3CCN(C)CC3)c(F)cc3c(=O)c(C(=O)O)cn1c23,500.0,5.413088823258426,-1.9655248508576482,levofloxacin,4
Fc1ccccc1C1=NCC(=S)N(CC(F)(F)F)c2ccc(Cl)cc21,20.0,0.03676260299363175,-2.735623741433363,quazepam,4
Cn1nnc(-c2ccc(-c3ccc(N4C[C@H](CO)OC4=O)cc3F)cn2)n1,200.0,2.1876845871303754,-1.9610452885798857,tedizolid,4
N#CCNC(=O)c1ccc(-c2ccnc(Nc3ccc(N4CCOCC4)cc3)n2)cc1,200.0,0.48372070610993895,-2.6164353175026953,momelotinib,4
CCN1C(=O)N(c2c(F)c(OC)cc(OC)c2F)Cc2cnc3[nH]c(CN4CCOCC4)cc3c21,9.0,0.05275548386869904,-2.2319748987373056,pemigatinib,4
CC(NC(C)(C)C)C(=O)c1cccc(Cl)c1,100.0,0.13908501027979212,-2.8567196730529583,bupropion,4
CC(C)c1nc(N(C)S(C)(=O)=O)nc(-c2ccc(F)cc2)c1/C=C/[C@@H](O)C[C@@H](O)CC(=O)O,40.0,0.06262273948010284,-2.805327929083979,rosuvastatin,4
COc1cc2c(cc1OC)C1CC(O)C(CC(C)C)CN1CC2,25.0,0.059624320706849414,-2.6225165644636563,dihydrotetrabenazine (htbz),4
CC[C@H]1OC(=O)[C@H](C)C(=O)[C@H](C)[C@@H](O[C@@H]2O[C@H](C)C[C@H](N(C)C)[C@H]2O)[C@](C)(OC)C[C@@H](C)C(=O)[C@H](C)[C@H]2N(CCCCn3cnc(-c4cccnc4)c3)C(=O)O[C@]12C,800.0,2.00824635784909,-2.6002729989912465,telithromycin,4
O=C(Nc1nc2cccc(-c3ccc(CN4CCS(=O)(=O)CC4)cc3)n2n1)C1CC1,200.0,1.737872694765452,-2.0610120359712703,filgotinib,4
CCOC(=O)Nc1ccc(NCc2ccc(F)cc2)cc1N,200.0,0.6334972280151897,-2.499285276776551,ezogabine (retigabine),4
CO/N=C(\C(=O)N[C@@H]1C(=O)N2C(C(=O)O)=C(COC(N)=O)CS[C@H]12)c1ccco1,500.0,5.365017253045262,-1.9693988814095744,cefuroxime,4
Cc1ccc(-c2nc3ccc(C)cn3c2CC(=O)N(C)C)cc1,10.0,0.12755852370710566,-1.8942905156878413,zolpidem,4
O=C1CN=C(c2ccccn2)c2cc(Br)ccc2N1,6.0,0.0793061098993025,-1.8788446028726709,bromazepam,4
CNCCCN1c2ccccc2CCc2ccccc21,50.0,0.018343240308200837,-3.4354939487015934,desipramine,4
CNC(=O)c1ccc(N2C(=S)N(c3ccc(C#N)c(C(F)(F)F)c3)C(=O)C2(C)C)cc1F,160.0,4.5548597360319505,-1.5456449749594778,enzalutamide,4
CC(C)(C#N)c1cc(Cn2cncn2)cc(C(C)(C)C#N)c1,1.0,0.018659392275011823,-1.7291025050647,anastrozole,4
Cc1ccc([C@@H]2O[C@H](CO)[C@@H](O)[C@H](O)[C@H]2O)cc1Cc1ccc(-c2ccc(F)cc2)s1,300.0,2.8103023683123984,-2.0283682053395125,canagliflozin,4
O=C(c1ccc(F)c(F)c1Nc1ccc(I)cc1F)N1CC(O)([C@@H]2CCCCN2)C1,20.0,0.015378308351100942,-3.1141214309520535,cobimetinib,4
COCC1=C(C(=O)O)N2C(=O)[C@@H](NC(=O)/C(=N\OC)c3csc(N)n3)[C@H]2SC1,100.0,1.258912136198182,-1.9000045797379461,cefpodoxime,4
NC(=O)N1c2ccccc2C[C@H](O)c2ccccc21,600.0,8.031727177348536,-1.873342302498089,eslicarbazepine,4
Cc1cn([C@H]2C=C[C@@H](CO)O2)c(=O)[nH]c1=O,40.0,0.9477504670723025,-1.6253659841995522,stavudine (d4t),4
COCCCOc1ccnc(C[S+]([O-])c2nc3ccccc3[nH]2)c1C,20.0,0.3664653615865635,-1.7369970643887231,rabeprazole,4
Cc1cnc(NC(=O)C2=C(O)c3ccccc3S(=O)(=O)N2C)s1,7.5,0.7496441014900894,-1.0002061352579854,meloxicam,4
Nc1cccc2c1C(=O)N(C1CCC(=O)NC1=O)C2=O,4.0,0.05935458298953788,-1.828605733239996,pomalidomide,4
CN(C)CCc1c[nH]c2ccc(Cn3cncn3)cc12,10.0,0.027785050471777317,-2.556188809978315,rizatriptan (mk-462),4
COC[C@@H](NC(C)=O)C(=O)NCc1ccccc1,200.0,5.416348383459763,-1.5673234049521516,lacosamide,4
CC(C)(O)c1ccccc1CC[C@@H](SCC1(CC(=O)O)CC1)c1cccc(/C=C/c2ccc3ccc(Cl)cc3n2)c1,10.0,0.3883646160032476,-1.4107603456398436,montelukast,4
CN(C)CCCN1c2ccccc2CCc2ccccc21,50.0,0.02862088469979494,-3.24228695023369,imipramine,4
Cc1nccn1CC1CCc2c(c3ccccc3n2C)C1=O,8.0,0.03993933714012471,-2.3016891342383063,ondansetron,4
CC(C)(C)NCC(O)c1ccc(O)c(CO)c1,4.0,0.012812001774054546,-2.4944430012002083,salbutamol (albuterol),4
N[C@@H]1c2cccnc2[C@H](OC(=O)N2CCC(n3c(=O)[nH]c4ncccc43)CC2)CC[C@H]1c1cccc(F)c1F,75.0,0.6638696869140865,-2.052978424698835,rimegepant,4
C#CCN[C@@H]1CCc2ccccc21,2.0,0.011608015588401873,-2.236272013019935,rasagiline,4
Nc1nc(=O)c2ncn(COCCO)c2[nH]1,1000.0,5.185030117413928,-2.2852487166541704,acyclovir,4
C#Cc1cccc(Nc2ncnc3cc(OCCOC)c(OCCOC)cc23)c1,150.0,1.233599269314674,-2.084917155589963,erlotinib,4
N[C@@H](CC(=O)N1CCn2c(nnc2C(F)(F)F)C1)Cc1cc(F)c(F)cc1F,200.0,0.8344314532471622,-2.379639329542935,sitagliptin,4
Nc1c(CC(=O)O)cccc1C(=O)c1ccc(Br)cc1,50.0,4.137691745835626,-1.0822118713338036,bromfenac,4
CCCNS(=O)(=O)Nc1ncnc(OCCOc2ncc(Br)cn2)c1-c1ccc(Br)cc1,10.0,0.20172185326253728,-1.6952470505367183,macitentan,4
CCCSc1nc(N[C@@H]2C[C@H]2c2ccc(F)c(F)c2)c2nnn([C@@H]3C[C@H](OCCO)[C@@H](O)[C@H]3O)c2n1,100.0,0.5141932369929334,-2.2888736397817726,ticagrelor,4
CCC(C)(C)C(=O)O[C@H]1C[C@@H](C)C=C2C=C[C@H](C)[C@H](CC[C@@H](O)C[C@@H](O)CC(=O)O)[C@H]21,20.0,0.0013398465471905175,-4.173974934257831,simvastatin acid,4
CCCCNC(=O)NS(=O)(=O)c1ccc(C)cc1,500.0,51.95484400958552,-0.9833439591115472,tolbutamide,4
Nc1ccc(S(=O)(=O)Nc2ncccn2)cc1,500.0,18.236205601242897,-1.4380355243933989,sulfadiazine,4
Cc1cc(Nc2ncnc3ccc(NC4=NC(C)(C)CO4)cc23)ccc1Oc1ccn2ncnc2c1,300.0,0.40287867279978673,-2.871946976982617,tucatinib,4
CN1C(C(=O)Nc2ccccn2)=C(O)c2sc(Cl)cc2S1(=O)=O,8.0,0.8249430182572687,-0.9866660356675875,lornoxicam,3
Cc1cnc(Nc2ccc(OCCN3CCCC3)cc2)nc1Nc1cccc(S(=O)(=O)NC(C)(C)C)c1,500.0,1.1511831553468352,-2.6378255781620226,fedratinib,3
CN1C(=O)CC(=O)N(c2ccccc2)c2cc(Cl)ccc21,20.0,0.3924545204031221,-1.7072406598881178,clobazam,3
Cc1cnc(C(=O)O)c[n+]1[O-],250.0,3.8797055432471987,-1.8091412433344405,acipimox,3
Cc1cnc(C(=O)NCCc2ccc(S(=O)(=O)NC(=O)NC3CCCCC3)cc2)cn1,5.0,0.42322730457772245,-1.072396325826589,glipizide,3
CN(c1nccc(=O)[nH]1)C1CCN(c2nc3ccccc3n2Cc2ccc(F)cc2)CC1,10.0,0.321827688822039,-1.4923765935952547,mizolastine,3
CN1C(=O)C(O)N=C(c2ccccc2)c2cc(Cl)ccc21,20.0,0.5242788465935281,-1.5814676603478064,temazepam,3
O=C(O)c1ccc(-n2nc(-c3ccccc3O)nc2-c2ccccc2O)cc1,1400.0,31.399680849258612,-1.6492028018123568,deferasirox,3
CC1=NN(c2ccc(C)c(C)c2)C(=O)/C1=N\Nc1cccc(-c2cccc(C(=O)O)c2)c1O,50.0,5.752652004132838,-0.9391019013440647,eltrombopag,3
CN(C)CCc1c[nH]c2ccc(CS(=O)(=O)N3CCCC3)cc12,12.5,0.045388103903797515,-2.4399679726163384,almotriptan,3
CCCCCNC(=N)N/N=C/c1c[nH]c2ccc(OC)cc12,12.0,0.004988292608793563,-3.381229325167107,tegaserod,3
CC(C)(Oc1ccc(Cl)cc1)C(=O)O,500.0,48.72033887992585,-1.0112597039154285,clofibric acid,3
CC1=C(C(=O)O)N2C(=O)[C@@H](NC(=O)[C@H](N)c3ccc(O)cc3)[C@H]2SC1,1000.0,32.95103850376143,-1.4821308933811792,cefadroxil,3
CN(C)CC(c1ccc(O)cc1)C1(O)CCCCC1,50.0,0.11691234577271195,-2.631109629890519,desvenlafaxine,3
Cc1ncc([N+](=O)[O-])n1CCO,500.0,9.937063396031094,-1.7017119438146322,metronidazole,3
CC(C)CC(N(C)C)C1(c2ccc(Cl)cc2)CCC1,15.0,0.0028738715167826844,-3.717623910984546,sibutramine,3
CN(C)C/C=C/C(=O)Nc1cc2c(Nc3ccc(F)c(Cl)c3)ncnc2cc1O[C@H]1CCOC1,40.0,0.02571236415976231,-3.191917981027573,afatinib,3
CN(C)C(=N)NC(=N)N,500.0,1.356103882975108,-2.5666770448383196,metformin,3
CC(C)(C)c1cc(NC(=O)Nc2ccc(-c3cn4c(n3)sc3cc(OCCN5CCOCC5)ccc34)cc2)no1,30.0,0.10270337096065767,-2.465536556345497,quizartinib,3
CC(=O)Nc1nnc(S(N)(=O)=O)s1,250.0,16.657217755207785,-1.1763375454828342,acetazolamide,3
Cc1ccc(-c2cc(C(F)(F)F)nn2-c2ccc(S(N)(=O)=O)cc2)cc1,200.0,0.6832255170437157,-2.4664659176898027,celecoxib,3
CN[C@@H]1CCc2[nH]c3ccc(C(N)=O)cc3c2C1,2.5,0.00570473291111446,-2.641704692598699,frovatriptan,3
Cc1ccc(-c2ncc(Cl)cc2-c2ccc(S(C)(=O)=O)cc2)cn1,120.0,2.248485380641316,-1.7272911778605624,etoricoxib,3
CNS(=O)(=O)Cc1ccc2[nH]cc(CCN(C)C)c2c1,200.0,0.0888368850907485,-3.3524366732933513,sumatriptan,3
O=C1CN=C(c2ccccc2Cl)c2cc([N+](=O)[O-])ccc2N1,2.0,0.014393117467165102,-2.1428751258306873,clonazepam,3
O=C1CN=C(c2ccccc2)c2cc([N+](=O)[O-])ccc2N1,5.0,0.04381596236449001,-2.057337649450285,nitrazepam,3
Cc1ccc(C(=O)Nc2ccc(CN3CCN(C)CC3)c(C(F)(F)F)c2)cc1C#Cc1cnc2cccnn12,45.0,0.05501056731389308,-2.9127663900031306,ponatinib,3
CNC(=O)c1ccccc1Sc1ccc2c(/C=C/c3ccccn3)n[nH]c2c1,5.0,0.051255385672370035,-1.9892304986101093,axitinib,3
CC=CC1=C(C(=O)O)N2C(=O)[C@@H](NC(=O)[C@H](N)c3ccc(O)cc3)[C@H]2SC1,250.0,5.5248728020237605,-1.6556177248696569,cefprozil,3
O=C1CCC(N2C(=O)c3ccccc3C2=O)C(=O)N1,200.0,1.913368324282755,-2.0192314157013684,thalidomide,3
Cc1ccc(O)c([C@H](CCN(C(C)C)C(C)C)c2ccccc2)c1,2.0,0.001879625698834387,-3.026958621461573,tolterodine,3
Cc1ccc(S(=O)(=O)NC(=O)NN2C[C@H]3CCC[C@H]3C2)cc1,80.0,4.068209423912289,-1.2936866854874427,gliclazide,3
O=C1CC2(CCCC2)CC(=O)N1CCCCN1CCN(c2ncccn2)CC1,10.0,0.0012389511595793058,-3.9069458135135857,buspirone,3
NS(=O)(=O)c1cc(C(=O)O)c(NCc2ccco2)cc1Cl,40.0,1.7033075605577312,-1.3707669171803725,furosemide,3
CCCCC1=NC2(CCCC2)C(=O)N1Cc1ccc(-c2ccccc2-c2nn[nH]n2)cc1,300.0,3.0988551061820826,-1.9859199844038051,irbesartan,3
CC(C)(C)NC[C@H](O)COc1nsnc1N1CCOCC1,10.0,0.03423782919540408,-2.465493778993254,timolol,3
CCCCC(C)(O)C/C=C/[C@H]1[C@H](O)CC(=O)[C@@H]1CCCCCCC(=O)O,0.4,0.0007344477317432183,-2.736099097427985,misoprostol acid,3
Cc1ccnc2c1NC(=O)c1cccnc1N2C1CC1,200.0,2.1170299575524787,-1.9753029920103327,nevirapine,3
CCCC(=O)Nc1ccc(OCC(O)CNC(C)C)c(C(C)=O)c1,400.0,0.738296177906391,-2.733829371203561,acebutolol,3
CN1CCC[C@@H]1Cc1c[nH]c2ccc(CCS(=O)(=O)c3ccccc3)cc12,30.0,0.07526438531029968,-2.6005317356523756,eletriptan,3
CC(C)(C)NC(=O)[C@H]1CC[C@H]2[C@@H]3CC[C@H]4NC(=O)C=C[C@]4(C)[C@H]3CC[C@]12C,5.0,0.044295924971702545,-2.0526062294381373,finasteride,3
Nc1c(Br)cc(Br)cc1CN[C@H]1CC[C@H](O)CC1,30.0,0.0631117640787247,-2.6770109351224756,ambroxol,3
Cc1ccccc1C(=O)Nc1ccc(C(=O)N2CCC[C@@H](O)c3cc(Cl)ccc32)c(C)c1,30.0,0.23083971564878294,-2.1138107240520227,tolvaptan,3
O=C(c1cc(Cc2n[nH]c(=O)c3ccccc23)ccc1F)N1CCN(C(=O)C2CC2)CC1,300.0,7.165576422098047,-1.6218701225310022,olaparib,3
CC1COc2c(N3CCN(C)CC3)c(F)cc3c(=O)c(C(=O)O)cn1c23,300.0,3.004842180225289,-1.9992995877177395,ofloxacin,3
CN1CCN(CCCN2c3ccccc3Sc3ccc(C(F)(F)F)cc32)CC1,5.0,0.0009856620730287757,-3.7052419585365675,trifluoperazine,3
CN1CCN2c3ncccc3Cc3ccccc3C2C1,15.0,0.03248949498746152,-2.6643482982758977,mirtazapine,3
CN1CC[C@@H](NC(=O)Nc2ccc(C#N)cc2)C[C@@H]1c1nc2ccccc2[nH]1,100.0,0.7189751295138462,-2.1432861322898717,glasdegib,3
CN1CCc2nc(C(=O)N[C@@H]3C[C@@H](C(=O)N(C)C)CC[C@@H]3NC(=O)C(=O)Nc3ccc(Cl)cn3)sc2C1,60.0,0.26583840789396673,-2.3535335230945393,edoxaban,3
O=C1C(O)=C([C@H]2CC[C@H](c3ccc(Cl)cc3)CC2)C(=O)c2ccccc21,500.0,1.6454419657297856,-2.4826874348783874,atovaquone,3
CCOC(=O)N[C@@H]1CC[C@@H]2[C@@H](C1)C[C@H]1C(=O)O[C@H](C)[C@H]1[C@H]2/C=C/c1ccc(-c2cccc(F)c2)cn1,40.0,0.4544962827111824,-1.9445296558153515,vorapaxar,3
O=C(Nc1ccc(OC(F)(F)Cl)cc1)c1cnc(N2CC[C@@H](O)C2)c(-c2ccn[nH]2)c1,40.0,0.5638841369562785,-1.8508701140285906,asciminib,3
NC(N)=Nc1nc(CSCCC(N)=NS(N)(=O)=O)cs1,20.0,0.06459226121164821,-2.490849507303649,famotidine,3
CCOC(=O)N1CCC(=C2c3ccc(Cl)cc3CCc3cccnc32)CC1,20.0,0.015396772247574377,-3.113600310021808,loratadine,3
CCOC(=O)CN[C@@H](C(=O)N1CC[C@H]1C(=O)NCc1ccc(/C(N)=N/O)cc1)C1CCCCC1,50.0,0.4084885708511591,-2.087790094473001,ximelagatran,3
N#Cc1ccc(C(c2ccc(C#N)cc2)n2cncn2)cc1,2.5,0.035999367478598575,-1.8416451385427393,letrozole,3
CCOC(=O)C1=C(COCCN)NC(C)=C(C(=O)OC)[C@@H]1c1ccccc1Cl,5.0,0.0028118916017344855,-3.249971429693763,levamlodipine,3
N#Cc1ccccc1-c1cc(-c2ccccn2)cn(-c2ccccc2)c1=O,12.0,0.3016504588560529,-1.5996772557669896,perampanel,3
N#Cc1ccnc(N2C(=O)CC[C@H]2C(=O)N(c2cncc(F)c2)[C@H](C(=O)NC2CC(F)(F)C2)c2ccccc2Cl)c1,250.0,1.6098640626968073,-2.191150803021016,ivosidenib,3
NC(=O)c1nc(F)cnc1O,200.0,5.240712695529575,-1.581639644045007,favipiravir,3
Cc1nnc2n1-c1ccc(Cl)cc1C(c1ccccc1)=NC2,1.0,0.0182867950963182,-1.7378624013549189,alprazolam,3
CCN(CC)C(=O)C1(c2ccccc2)CC1CN,50.0,0.13775666000959066,-2.559857399821306,milnacipran,3
CCN(CC)CC#CCOC(=O)C(O)(c1ccccc1)C1CCCCC1,5.0,0.012267120861149268,-2.61022736017789,oxybutynin,3
CC(O)(CS(=O)(=O)c1ccc(F)cc1)C(=O)Nc1ccc(C#N)c(C(F)(F)F)c1,50.0,0.9459657061662258,-1.723094612006885,bicalutamide,3
CCN(CC)CCNC(=O)c1c(C)[nH]c(/C=C2\C(=O)Nc3ccc(F)cc32)c1C,50.0,0.02429887207079787,-3.3133838897828727,sunitinib,3
CCN(C(C)=O)c1cccc(-c2ccnc3c(C#N)cnn23)c1,20.0,0.051575826968405916,-2.5885837954718007,zaleplon,3
CCC[S+]([O-])c1ccc2[nH]c(NC(=O)OC)nc2c1,400.0,0.576652441562221,-2.841145856145241,albendazole sulfoxide,3
CC(N)C12CC3CC(CC(C3)C1)C2,200.0,0.2149408916293914,-2.968710949555488,rimantadine,3
O=C(NCC1CCCCN1)c1cc(OCC(F)(F)F)ccc1OCC(F)(F)F,200.0,0.35144257368219595,-2.755175624972267,flecainide,3
CCCc1nn(C)c2c(=O)[nH]c(-c3cc(S(=O)(=O)N4CCN(C)CC4)ccc3OCC)nc12,50.0,0.2600212605888587,-2.283961144907773,sildenafil,3
NC(=O)C[S+]([O-])C(c1ccccc1)c1ccccc1,200.0,4.675923959713604,-1.6311625556517881,modafinil,3
CCCc1nc(C)c2c(=O)nc(-c3cc(S(=O)(=O)N4CCN(CC)CC4)ccc3OCC)[nH]n12,20.0,0.024434431480457427,-2.913027756976384,vardenafil,3
CC(CCc1ccccc1)NCC(O)c1ccc(O)c(C(N)=O)c1,200.0,0.13472039137745676,-3.1715966598336527,labetalol,3
CCN(CC)CCNC(=O)c1cc(Cl)c(N)cc1OC,10.0,0.041116895037747785,-2.3859796887327827,metoclopramide,3
CCOc1ccccc1OCCN[C@H](C)Cc1ccc(OC)c(S(N)(=O)=O)c1,0.4,0.007141611104551801,-1.7482637942734518,tamsulosin,3
CC[C@@H](C(N)=O)N1CCCC1=O,1500.0,50.08734773195037,-1.4763632238899287,levetiracetam,3
CC[C@@H](NC(C)C)[C@@H](O)c1ccc(O)c2[nH]c(=O)ccc12,0.1,0.0003341084185540104,-2.4761125812744997,procaterol,3
CC(C)N(CC[C@H](c1ccccc1)c1cc(CO)ccc1O)C(C)C,8.0,0.004491506613248444,-3.250697943523661,5-hmt,3
CC[C@@]1(O)C(=O)OCc2c1cc1n(c2=O)Cc2cc3c(CN(C)C)c(O)ccc3nc2-1,2.6,0.005369107279930239,-2.685071266299208,topotecan,3
CCC[C@@H]1CC(=O)N([C@@H](CC)C(N)=O)C1,10.0,0.3069046802717541,-1.5129964885616674,brivaracetam,3
CCCNC(=O)NS(=O)(=O)c1ccc(Cl)cc1,250.0,30.511752668608455,-0.913472853391381,chlorpropamide,3
CC[C@H]1OC(=O)[C@H](C)[C@@H](O[C@H]2C[C@@](C)(OC)[C@@H](O)[C@H](C)O2)[C@H](C)[C@@H](O[C@@H]2O[C@H](C)C[C@H](N(C)C)[C@H]2O)[C@](C)(O)C[C@@H](C)C(=NOCOCCOC)[C@H](C)[C@@H](O)[C@]1(C)O,150.0,6.096979602977228,-1.3909765169334258,roxithromycin,3
Cc1onc(-c2ccccc2)c1-c1ccc(S(N)(=O)=O)cc1,20.0,0.28897116205905704,-1.8401754912587336,valdecoxib,3
CC[C@H]1[C@@H](O)[C@@H]2[C@H](CC[C@]3(C)[C@@H]([C@H](C)CCC(=O)O)CC[C@@H]23)[C@@]2(C)CC[C@@H](O)C[C@@H]12,10.0,0.045474637203197804,-2.3422307570534344,obeticholic acid,3
O=C(O)CSc1nnc(Br)n1-c1ccc(C2CC2)c2ccccc12,400.0,17.94268808316472,-1.3481724839335736,lesinurad,3
CC(C)C[C@H](NC(=O)CNC(=O)c1cc(Cl)ccc1Cl)B(O)O,4.0,0.06624763869595017,-1.7808895882601734,ixazomib,3
CCn1cc(C(=O)O)c(=O)c2cc(F)c(N3CCNCC3)cc21,400.0,1.2028278433504025,-2.5218565186292135,norfloxacin,3
CC[C@H](Nc1ncnc2[nH]cnc12)c1nc2cccc(F)c2c(=O)n1-c1ccccc1,150.0,2.239256917063456,-1.8259873346316797,idelalisib,3
N#C[C@@H]1C[C@@H]2C[C@@H]2N1C(=O)[C@@H](N)C12CC3CC(CC(O)(C3)C1)C2,5.0,0.02538360899214673,-2.294416635042786,saxagliptin,3
N#C[C@@H]1CCCN1C(=O)CNC12CC3CC(CC(O)(C3)C1)C2,100.0,0.5099150441597413,-2.292502174737413,vildagliptin,3
Nc1nc(NC2CC2)c2ncn([C@H]3C=C[C@@H](CO)C3)c2n1,300.0,2.9835159917153424,-2.002392884704749,abacavir,3
N#CC[C@H](C1CCCC1)n1cc(-c2ncnc3[nH]ccc23)cn1,25.0,0.396815691457766,-1.7993511713522443,ruxolitinib,3
CCOc1ccc(Cc2cc([C@]34OC[C@](CO)(O3)[C@@H](O)[C@H](O)[C@H]4O)ccc2Cl)cc1,15.0,0.30898348888710386,-1.686155986351905,ertugliflozin,3
O=C(O)/C=C1/CN(C(C(=O)C2CC2)c2ccccc2F)CCC1S,10.0,0.13278786844228166,-1.876841600489391,r-138727,3
CC(C)OC(=O)[C@H](C)N[P@](=O)(OC[C@H]1O[C@@H](n2ccc(=O)[nH]c2=O)[C@](C)(F)[C@@H]1O)Oc1ccccc1,400.0,0.8981843611113518,-2.6486945023271313,sofosbuvir,3
CCOCCn1c(C2CCN(CCc3ccc(C(C)(C)C(=O)O)cc3)CC2)nc2ccccc21,20.0,0.24018138886995385,-1.9204906438220262,bilastine,3
NC1=NCC2c3ccccc3Cc3ccccc3N12,20.0,0.013024478085686048,-3.1862696663064645,epinastine,3
CCOc1cc(CC(=O)N[C@@H](CC(C)C)c2ccccc2N2CCCCC2)ccc1C(=O)O,2.0,0.026143821393901458,-1.8836609277604048,repaglinide,3
CCOc1ccc(Cc2cc([C@@H]3O[C@H](CO)[C@@H](O)[C@H](O)[C@H]3O)ccc2Cl)cc1,10.0,0.14532876964786473,-1.8376484031657698,dapagliflozin,3
CCOC(=O)[C@H](CCc1ccccc1)N[C@@H](C)C(=O)N1[C@H](C(=O)O)C[C@@H]2CCC[C@@H]21,5.0,0.01342219533900699,-2.571146449334548,ramipril,3
C[C@]12CCC(=O)C=C1C=C[C@@H]1[C@@H]2CC[C@@]2(C)[C@H]1CC[C@@]21CCC(=O)O1,200.0,0.26126193674454945,-2.8839538536975553,canrenone,3
OC[C@H]1O[C@@H](c2ccc(Cl)c(Cc3ccc(O[C@H]4CCOC4)cc3)c2)[C@H](O)[C@@H](O)[C@@H]1O,50.0,0.5570775560151967,-1.9530543427265181,empagliflozin,3
COc1cc2nccc(Oc3ccc(NC(=O)Nc4cc(C)on4)c(Cl)c3)c2cc1OC,1.5,0.020964129239101757,-1.8546144306898968,tivozanib,3
C=CC(=O)N1CC[C@H](n2nc(C#Cc3cc(OC)cc(OC)c3)c3c(N)ncnc32)C1,20.0,0.14041589471647908,-2.153613724074302,futibatinib,3
COc1cc2nccc(Oc3ccc(NC(=O)C4(C(=O)Nc5ccc(F)cc5)CC4)cc3)c2cc1OC,140.0,0.5570136607350469,-2.4002621893212086,cabozantinib,3
C[C@@H]1CN(c2c(F)c(N)c3c(=O)c(C(=O)O)cn(C4CC4)c3c2F)C[C@H](C)N1,400.0,1.2159058315234597,-2.5171600499713143,sparfloxacin,3
O=c1[nH]c2ccccc2n1CCCN1CCC(n2c(=O)[nH]c3cc(Cl)ccc32)CC1,20.0,0.03718329114336906,-2.7306821685350755,domperidone,3
O=C1[C@H](CC[C@H](O)c2ccc(F)cc2)[C@@H](c2ccc(O)cc2)N1c1ccc(F)cc1,10.0,0.004235042413781531,-3.373142235869511,ezetimibe,3
CO[C@H]1C[C@@H]2CC[C@@H](C)[C@@](O)(O2)C(=O)C(=O)N2CCCC[C@H]2C(=O)O[C@H]([C@H](C)C[C@@H]2CC[C@@H](OCCO)[C@H](OC)C2)CC(=O)[C@H](C)/C=C(\C)[C@@H](O)[C@@H](OC)C(=O)[C@H](C)C[C@H](C)/C=C/C=C/C=C/1C,2.0,0.01722616241138146,-2.0648414581574377,everolimus,3
COc1ccnc(C[S+]([O-])c2nc3ccc(OC(F)F)cc3[nH]2)c1OC,40.0,2.644252238167657,-1.1797571107037197,pantoprazole,3
COc1nc(C)nc(Cl)c1NC1=NCCN1,0.2,0.0013390421609688918,-2.174235744277155,moxonidine,3
C[C@H](N[C@@H](CCc1ccccc1)C(=O)O)C(=O)N1Cc2ccccc2C[C@H]1C(=O)O,20.0,0.5427154884485005,-1.5664577796645083,quinaprilat,3
O=C1Nc2ccc(Cl)cc2[C@@](C#CC2CC2)(C(F)(F)F)O1,600.0,2.543433694368188,-2.3727308300381926,efavirenz,3
C[C@H](N[C@@H](CCc1ccccc1)C(=O)O)C(=O)N1[C@H](C(=O)O)C[C@@H]2CCC[C@@H]21,5.0,0.004841569425926558,-3.013983840514677,ramiprilat,3
C[C@H]1CNCCc2ccc(Cl)cc21,10.0,0.035543605742646575,-2.449238517028683,lorcaserin,3
CC(=O)N1CCN(c2ccc(OCC3COC(Cn4ccnc4)(c4ccc(Cl)cc4Cl)O3)cc2)CC1,200.0,4.153155658571088,-1.6826517870699644,ketoconazole,3
O=C1c2c(O)c(=O)ccn2N([C@@H]2c3ccccc3SCc3c2ccc(F)c3F)[C@@H]2COCCN12,20.0,0.04339462723808951,-2.6635940335545354,baloxavir,3
O=[N+]([O-])c1cn2c(n1)OC[C@@H](OCc1ccc(OC(F)(F)F)cc1)C2,50.0,0.336499257792263,-2.171985893687108,pretomanid,3
COc1ccc([C@@H]2Sc3ccccc3N(CCN(C)C)C(=O)[C@@H]2OC(C)=O)cc1,90.0,0.09359212896775557,-2.9830031830260793,diltiazem,3
C[C@@H]1[C@H](c2ccccc2)C[C@H](NC(=O)c2cnc3c(c2)C[C@@]2(C3)C(=O)Nc3ncccc32)C(=O)N1CC(F)(F)F,100.0,0.3303257858978742,-2.481057523081063,ubrogepant,3
C[C@@H]1[C@H](c2c(F)ccc(F)c2F)C[C@H](NC(=O)c2cnc3c(c2)C[C@@]2(C3)C(=O)Nc3ncccc32)C(=O)N1CC(F)(F)F,60.0,0.6936523110495859,-1.9370094128250712,atogepant,3
C[C@H](C(=O)O)c1cccc(C(=O)c2ccccc2)c1,25.0,3.430576029417592,-0.8625729599431073,dexketoprofen,3
C=C[C@H]1C[N@@]2CC[C@H]1C[C@H]2[C@H](O)c1ccnc2ccc(OC)cc12,600.0,2.7727973756025057,-2.335233116064685,quinine,3
COc1ccc(CN(C(=O)[C@@H](N)Cc2c(C)cc(C(N)=O)cc2C)[C@@H](C)c2nc(-c3ccccc3)c[nH]2)cc1C(=O)O,100.0,0.00337698703292163,-4.471470606981229,eluxadoline,3
S=c1nc[nH]c2nc[nH]c12,50.0,0.05023493174595216,-2.997964187814652,mercaptopurine (6-mercaptopurine),3
COC(c1ccccc1)(c1ccccc1)[C@H](Oc1nc(C)cc(C)n1)C(=O)O,10.0,0.7332554250491975,-1.134744715172893,ambrisentan,3
C[C@H](Cn1cnc2c(N)ncnc21)OCP(=O)(O)O,300.0,0.26577675231071574,-3.052604264511473,tenofovir,3
COc1ccc2c3c1O[C@H]1[C@@H](O)C=C[C@H]4[C@@H](C2)N(C)CC[C@@]341,60.0,0.18076681128967245,-2.5210325532091664,codeine,3
COc1ccc2cccc(CCNC(C)=O)c2c1,25.0,0.009809320093657268,-3.406301102189732,agomelatine,3
COCCCN1CCC(NC(=O)c2cc(Cl)c(N)c3c2OCC3)CC1,2.0,0.004776786353186926,-2.6218941782254945,prucalopride,3
C[C@@H]1CCN(C(=O)CC#N)C[C@@H]1N(C)c1ncnc2[nH]ccc12,1.0,0.008270391430487698,-2.082473935178057,tofacitinib,3
COC(=O)C1=C(C)NC(C)=C(C(=O)OC)C1c1ccccc1[N+](=O)[O-],10.0,0.11424669471769633,-1.9421563556925123,nifedipine,3
C[C@H]1O[C@@H](O[C@H]2[C@@H](O)C[C@H](O[C@H]3[C@@H](O)C[C@H](O[C@H]4CC[C@@]5(C)[C@H](CC[C@@H]6[C@@H]5C[C@@H](O)[C@]5(C)[C@@H](C7=CC(=O)OC7)CC[C@]65O)C4)O[C@@H]3C)O[C@@H]2C)C[C@H](O)[C@@H]1O,1.0,0.004145825773297213,-2.3823889529140123,digoxin,3
CC(=O)NC[C@H]1CN(c2ccc(N3CCOCC3)c(F)c2)C(=O)O1,600.0,11.07690617700215,-1.7337327731933143,linezolid,3
COc1cc(NC(C)CCCN)c2ncccc2c1,15.0,0.04656064081281292,-2.508072310189763,primaquine,3
C[C@@H](OC[C@@]1(c2ccccc2)CC[C@]2(CCC(=O)N2)CN1)c1cc(C(F)(F)F)cc(C(F)(F)F)c1,180.0,0.9474386999325534,-2.278721384766368,rolapitant,3
Cc1c(OCC(F)(F)F)ccnc1C[S+]([O-])c1nc2ccccc2[nH]1,30.0,1.039875991994142,-1.4601397031168093,lansoprazole,3
C[C@@H](Oc1cc(-c2cnn(C3CCNCC3)c2)cnc1N)c1c(Cl)ccc(F)c1Cl,250.0,0.10861385006961036,-3.3620548001293136,crizotinib,3
OCCOCCN1CCN(C2=Nc3ccccc3Sc3ccccc32)CC1,100.0,0.3173048542541023,-2.4985232838414584,quetiapine,3
C[C@@H](O[C@H]1OCCN(Cc2n[nH]c(=O)[nH]2)[C@H]1c1ccc(F)cc1)c1cc(C(F)(F)F)cc(C(F)(F)F)c1,125.0,1.287390516671369,-1.9871997073548169,aprepitant,3
C[C@@H](NCCCc1cccc(C(F)(F)F)c1)c1cccc2ccccc12,50.0,0.013439786702964142,-3.5705776280632087,cinacalcet,3
CS(=O)(=O)c1cc(F)cc2c3c(n(Cc4ccc(Cl)cc4)c12)[C@@H](CC(=O)O)CC3,40.0,0.9561373577265223,-1.6215397042636042,laropiprant,3
COc1cc2c(cc1OC)CC(=O)N(CCCN(C)C[C@H]1Cc3cc(OC)c(OC)cc31)CC2,10.0,0.018069607021933408,-2.7430512923788393,ivabradine,3
COc1cc2c(Nc3ccc(Br)cc3F)ncnc2cc1OCC1CCN(C)CC1,300.0,0.15316216590561954,-3.2919697555305105,vandetanib,3
COC(=O)N(C)c1c(N)nc(-c2nn(Cc3ccccc3F)c3ncccc23)nc1N,1.0,0.03613342157477518,-1.4420909119252885,riociguat,3
C[C@@H](c1ncncc1F)[C@](O)(Cn1cncn1)c1ccc(F)cc1F,200.0,1.0883023428635983,-2.264280431555054,voriconazole,3
CN(CCOc1ccc(CC2SC(=O)NC2=O)cc1)c1ccccn1,8.0,0.6374215210531341,-1.0986632646649637,rosiglitazone,3
C=CC1=C(C(=O)O)N2C(=O)[C@@H](NC(=O)/C(=N\OCC(=O)O)c3csc(N)n3)[C@H]2SC1,400.0,4.454326474412006,-1.9532779463803982,cefixime,3
C[C@H]1Oc2cc(cnc2N)-c2c(nn(C)c2C#N)CN(C)C(=O)c2ccc(F)cc21,100.0,0.5387738173926159,-2.26859351769701,lorlatinib,3
OC(Cn1cncn1)(Cn1cncn1)c1ccc(F)cc1F,200.0,4.692143203600026,-1.6296587374071443,fluconazole,3
COc1ccc(C(CN(C)C)C2(O)CCCCC2)cc1,50.0,0.08497646733066752,-2.7696713318386723,venlafaxine,2
COc1ccc(-n2nccn2)c(C(=O)N2CCC[C@@]2(C)c2nc3c(C)c(Cl)ccc3[nH]2)c1,25.0,0.8195877012254393,-1.4843445759389777,daridorexant,2
N=C(N)NCCC[C@@H](NC(=O)[C@@H]1CCCN1C(=O)[C@@H]1CSSCCC(=O)N[C@@H](Cc2ccc(O)cc2)C(=O)N[C@@H](Cc2ccccc2)C(=O)N[C@@H](CCC(N)=O)C(=O)N[C@@H](CC(N)=O)C(=O)N1)C(=O)NCC(N)=O,0.4,3.130495168499707e-05,-4.106446953481715,desmopressin,2
N=C(N)NC(=O)c1nc(Cl)c(N)nc1N,10.0,0.019177434656387177,-2.717209488358725,amiloride,2
CCN(CC)C(=O)Nc1ccc(OCC(O)CNC(C)(C)C)c(C(C)=O)c1,100.0,0.30234086723431886,-2.519503145528832,celiprolol,2
COc1ccc2c(c1)c(CC(=O)O)c(C)n2C(=O)c1ccc(Cl)cc1,50.0,2.4093629863513715,-1.3170677700936588,indomethacin,2
CCN(CC)CCCC(C)Nc1ccnc2cc(Cl)ccc12,300.0,0.10472959467122939,-3.457051832006876,chloroquine,2
CCOc1cc2ncc(C#N)c(Nc3ccc(OCc4ccccn4)c(Cl)c3)c2cc1NC(=O)/C=C/CN(C)C,240.0,0.05222332812067803,-3.6623466963543545,neratinib,2
CCN(CC)CCOc1ccc(C(=C(Cl)c2ccccc2)c2ccccc2)cc1,50.0,0.008413750649977698,-3.7739803672211685,clomifene (clomiphene),2
COc1ccc(Cl)cc1C(=O)NCCc1ccc(S(=O)(=O)NC(=O)NC2CCCCC2)cc1,5.0,0.12760090125073573,-1.5931162624991584,glyburide,2
C[C@H](CS)C(=O)N1CCC[C@H]1C(=O)O,100.0,0.5699454873933121,-2.244166680566844,captopril,2
CCOc1cc([C@@H](CS(C)(=O)=O)N2C(=O)c3cccc(NC(C)=O)c3C2=O)ccc1OC,20.0,0.2244749429223672,-1.9498621258608864,apremilast,2
COc1ccc(CN2CCNCC2)c(OC)c1OC,20.0,0.07354682861959447,-2.434466045217767,trimetazidine,2
CCN(CC)CCNC(=O)c1ccc(N)cc1,1000.0,5.2306787322488075,-2.281441953475961,procainamide,2
NC(=O)N1c2ccccc2CC(=O)c2ccccc21,300.0,0.3956789923662868,-2.879778261672716,oxcarbazepine,2
CCN(CCCc1ccccc1)CCCc1ccccc1,120.0,0.008461347410430564,-4.151741719140985,alverine,2
COc1ccc(CCN(C)CCCC(C#N)(c2ccc(OC)c(OC)c2)C(C)C)cc1OC,80.0,0.06284838900083278,-3.104795837142054,verapamil,2
COc1cc2c(cc1OC)C1CC(=O)C(CC(C)C)CN1CC2,25.0,0.0006938299503480665,-4.556686965702532,tetrabenazine,2
COc1cc2nc(N3CCN(C(=O)c4ccco4)CC3)nc(N)c2cc1OC,1.0,0.007899367063252602,-2.1024077051587877,prazosin,2
CCOC(=O)N=C1CN(N2CCOCC2)NO1,2.0,0.01375790681753587,-2.162477632022054,molsidomine,2
C[C@H](N[C@@H](CCc1ccccc1)C(=O)O)C(=O)N1CCC[C@H]1C(=O)O,10.0,0.036752278840909994,-2.434715727128121,enalaprilat,2
COc1cc2nc(N3CCN(C(=O)C4COc5ccccc5O4)CC3)nc(N)c2cc1OC,2.0,0.01503984707369061,-2.1237865753252434,doxazosin,2
COc1cc2nc(N3CCN(C(=O)C4CCCO4)CC3)nc(N)c2cc1OC,2.0,0.037499466662874015,-1.727004904656741,terazosin,2
CCOC(=O)Nc1ccc2c(c1)N(C(=O)CCN1CCOCC1)c1ccccc1S2,250.0,0.8160882305241266,-2.486202894086887,moricizine (en-313),2
C[C@H]1CO[C@@H]2Cn3cc(C(=O)NCc4ccc(F)cc4F)c(=O)c(O)c3C(=O)N12,30.0,3.349940297975473,-0.9520841875308332,cabotegravir,2
CCOC(=O)[C@H](CCc1ccccc1)N[C@@H](C)C(=O)N1CCC[C@H]1C(=O)O,10.0,0.06945134987889004,-2.158319308756374,enalapril,2
Cn1cnc2c(F)c(Nc3ccc(Br)cc3Cl)c(C(=O)NOCCO)cc21,50.0,0.9331489698863735,-1.7290190233599587,selumetinib,2
COc1cc2ncnc(Nc3ccc(F)c(Cl)c3)c2cc1OCCCN1CCOCC1,250.0,0.0835374167663808,-3.476058967255171,gefitinib,2
COc1cc2ncnc(Nc3ccc(F)c(Cl)c3)c2cc1NC(=O)/C=C/CN1CCCCC1,45.0,0.027442031630329412,-3.214796253199096,dacomitinib,2
CCOC(=O)C1=C(C)NC(C)=C(C(=O)OC)C1c1cccc([N+](=O)[O-])c1,20.0,0.007597104711664838,-3.4203818832935475,nitrendipine,2
CCOC(=O)C1=C(C)NC(C)=C(C(=O)OCC)C1c1ccccc1/C=C/C(=O)OC(C)(C)C,4.0,0.0029414282245195113,-3.1335017359444355,lacidipine,2
CCOC(=O)C1=C(COCCN)NC(C)=C(C(=O)OC)C1c1ccccc1Cl,10.0,0.005748043145279971,-3.2404799806758273,amlodipine,2
C[C@H]1C[C@@H]2[C@H]([C@@H](O)C[C@@]3(C)[C@H]2CC[C@]3(O)C(=O)CO)[C@@]2(C)C=CC(=O)C=C12,16.0,0.10916959283610067,-2.166018292111541,methylprednisolone,2
Fc1ccc(C(c2ccc(F)cc2)N2CCN(C/C=C/c3ccccc3)CC2)cc1,5.0,0.02604139013186508,-2.28330584047351,flunarizine,2
COc1cc2nccc(Oc3ccc(NC(=O)NC4CC4)c(Cl)c3)c2cc1C(N)=O,10.0,0.09586448768965496,-2.018342244306944,lenvatinib,2
COc1cc2c(c(OC)c1OC)-c1ccc(OC)c(=O)cc1[C@@H](NC(C)=O)CC2,0.6,0.002518392344333982,-2.377027859915347,colchicine,2
CS(=O)(=O)Nc1ccc([N+](=O)[O-])cc1Oc1ccccc1,100.0,3.2310060352775576,-1.4906622307519963,nimesulide,2
COc1nc2ccc(Br)cc2cc1[C@@H](c1ccccc1)[C@@](O)(CCN(C)C)c1cccc2ccccc12,400.0,3.8258332425760537,-2.019333954911998,bedaquiline,2
CCCCCCCC(=O)N[C@H](CN1CCCC1)[C@H](O)c1ccc2c(c1)OCCO2,84.0,0.01081665382639196,-3.890186355188801,eliglustat,2
N[C@@H](C(=O)N[C@@H]1C(=O)N2C(C(=O)O)=C(Cl)CS[C@H]12)c1ccccc1,500.0,16.585234396896535,-1.4792483906113953,cefaclor,2
NS(=O)(=O)c1cc2c(cc1Cl)NCNS2(=O)=O,25.0,0.1468013283318649,-2.2312100233604526,hydrochlorothiazide,2
Cn1cc([S+](C)[O-])c(=O)c2ccc(F)cc21,100.0,1.294990347454374,-1.8877334686969571,flosequinan,2
NS(=O)(=O)c1cc(C(=O)O)cc(N2CCCC2)c1Oc1ccccc1,6.0,0.3269174207655505,-1.263713186515529,piretanide,2
CCCCCOC(=O)Nc1nc(=O)n([C@@H]2O[C@H](C)[C@@H](O)[C@H]2O)cc1F,150.0,0.25735590317690404,-2.7655571245975215,capecitabine,2
CCCCN(CCCC)CCC(O)c1cc2c(Cl)cc(Cl)cc2c2cc(C(F)(F)F)ccc12,500.0,0.37563945479675065,-3.1241988027957106,halofantrine,2
COc1ccccc1OCCNCC(O)COc1cccc2[nH]c3ccccc3c12,50.0,0.0919130023446085,-2.73559305174115,carvedilol,2
NS(=O)(=O)Nc1ncnc(OCCOc2ncc(Br)cn2)c1-c1ccc(Br)cc1,25.0,1.4143125538578805,-1.2473946123541582,Aprocitentan,2
CCCCc1ncc(/C=C(\Cc2cccs2)C(=O)O)n1Cc1ccc(C(=O)O)cc1,100.0,0.4334651081690428,-2.3630458553723535,eprosartan,2
NS(=O)(=O)c1cc2c(cc1C(F)(F)F)NC(Cc1ccccc1)NS2(=O)=O,10.0,0.057449673628315774,-2.2407124341963076,bendroflumethiazide,2
CCC(=O)O[C@](Cc1ccccc1)(c1ccccc1)[C@H](C)CN(C)C,65.0,0.05260323183987842,-3.091900929464242,dextropropoxyphene,2
Nc1ccc(S(=O)(=O)c2ccc(N)cc2)cc1,100.0,1.710263137648707,-1.7669370647909004,dapsone,2
Nc1ccc(C(=O)O)c(O)c1,4000.0,46.52536942357362,-1.9343701610999553,aminosalicylic acid (para-aminosalicylic acid),2
Nc1cc(N2CCCCC2)nc(N)[n+]1[O-],5.0,0.036186185209275655,-2.1404272026560047,minoxidil,2
Nc1cc(-c2ccncc2)c[nH]c1=O,75.0,0.9515513648773775,-1.8966290268582906,amrinone,2
CCC/N=C1\S/C(=C\c2ccc(OC[C@H](O)CO)c(Cl)c2)C(=O)N1c1ccccc1C,10.0,0.05440110292999584,-2.264392295309991,ponesimod,2
CCC1(C)CC(=O)NC1=O,500.0,12.724173843515342,-1.5943404103292005,ethosuximide,2
N[C@@H]1[C@H]2CN(c3nc4c(cc3F)c(=O)c(C(=O)O)cn4-c3ccc(F)cc3F)C[C@@H]12,200.0,2.054507240191672,-1.9883223195867772,trovafloxacin,2
CCC1=C(C)CN(C(=O)NCCc2ccc(S(=O)(=O)NC(=O)N[C@H]3CC[C@H](C)CC3)cc2)C1=O,1.0,0.0863851839148358,-1.0635607377965586,glimepiride,2
CCC1=C[C@@H]2CN(C1)Cc1c([nH]c3ccccc13)[C@@](C(=O)OC)(c1cc3c(cc1OC)N(C)[C@H]1[C@@](O)(C(=O)OC)[C@H](OC(C)=O)[C@]4(CC)C=CCN5CC[C@]31[C@@H]54)C2,138.4,0.13811661739269468,-3.000890156597943,vinorelbine,2
CS(=O)(=O)c1ccc(C2=C(c3ccccc3)C(=O)OC2)cc1,25.0,0.2016307268250551,-2.0933832930328644,rofecoxib,2
CCCCC(=O)N(Cc1ccc(-c2ccccc2-c2nn[nH]n2)cc1)[C@H](C(=O)O)C(C)C,80.0,1.6928832210167362,-1.6744629864832818,valsartan,2
N[C@@H](Cc1cc(I)c(Oc2cc(I)c(O)c(I)c2)c(I)c1)C(=O)O,0.6,0.07515562520530315,-0.9021897584188739,levothyroxine (l-t4),2
C[C@@H](c1nc(-c2ccc(C#N)cc2)cs1)[C@](O)(Cn1cncn1)c1cc(F)ccc1F,400.0,3.8000000000000003,-2.0222763947111524,isavuconazole,2
CCC[C@@H]1C[C@@H](C(=O)N[C@@H]([C@H]2O[C@H](SC)[C@H](O)[C@@H](O)[C@H]2O)[C@H](C)Cl)N(C)C1,600.0,5.530913125334731,-2.0353544133724513,clindamycin,2
CCC[C@H](NC(=O)[C@@H]1[C@H]2CCC[C@H]2CN1C(=O)[C@@H](NC(=O)[C@@H](NC(=O)c1cnccn1)C1CCCCC1)C(C)(C)C)C(=O)C(=O)NC1CC1,500.0,0.21260526804385635,-3.371395982840971,telaprevir,2
CCC[C@H](N[C@@H](C)C(=O)N1[C@H](C(=O)O)C[C@@H]2CCCC[C@@H]21)C(=O)O,4.0,0.004015096511915997,-2.9983640023387186,perindoprilat,2
CCC[C@H](N[C@@H](C)C(=O)N1[C@H](C(=O)O)C[C@@H]2CCCC[C@@H]21)C(=O)OCC,4.0,0.07403645048217804,-1.7326144020595717,perindopril,2
C[C@@H]1O[C@@H]1P(=O)(O)O,3000.0,24.17105707245755,-2.0938256109029654,fosfomycin,2
CCCc1nc(C(C)(C)O)c(C(=O)O)n1Cc1ccc(-c2ccccc2-c2nnn[nH]2)cc1,20.0,0.45541739097228157,-1.6426203847140493,olmesartan,2
COc1ccc2c3c1O[C@H]1C[C@@H](O)C=C[C@@]31CCN(C)C2,8.0,0.045620170977320997,-2.243933078379944,galantamine,2
CCCc1nc2c(C)cc(-c3nc4ccccc4n3C)cc2n1Cc1ccc(-c2ccccc2C(=O)O)cc1,80.0,0.40814219335912827,-2.2922784929394937,telmisartan,2
NC(=O)c1cccc2cn(-c3ccc([C@@H]4CCCNC4)cc3)nc12,300.0,1.010296491135152,-2.4726724100777484,niraparib,2
CCN(C)C(=O)Oc1cccc([C@H](C)N(C)C)c1,6.0,0.03088418041651746,-2.2884151695701136,rivastigmine,2
NC(=O)O[C@@H](Cn1ncnn1)c1ccccc1Cl,400.0,10.424250572583142,-1.5840151491585206,cenobamate,2
C[C@@]1(C(=O)N[C@@H](CCC(=O)O)C(=O)O)CCCN1C(=O)CN,12000.0,154.91933384829662,-1.889075625191822,trofinetide,2
NC(=O)OC[C@H](N)Cc1ccccc1,300.0,1.756917755616352,-2.232369822830509,solriamfetol,2
NNC(=O)c1ccncc1,300.0,5.159651150998485,-1.7645009151695632,isoniazid,2
CCCNCC(O)COc1ccccc1C(=O)CCc1ccccc1,300.0,0.1477883689604835,-3.307480998570502,propafenone,2
NCCCC(O)(P(=O)(O)O)P(=O)(O)O,70.0,0.03841796975374935,-3.2605636297239045,alendronic acid (alendronate),2
CCCOc1ccc(S(=O)(=O)NCCC2CCCN2C)cc1-c1nc(=O)c2c([nH]1)c(CCC)nn2C,100.0,0.325521919384855,-2.487419762403378,udenafil,2
NCC1(CC(=O)O)CCCCC1,400.0,3.850454518625041,-2.016547993435101,gabapentin,2
NCC(CC(=O)O)c1ccc(Cl)cc1,10.0,0.14629422408283932,-1.8347728201390012,baclofen,2
CCCS(=O)(=O)Nc1ccc(F)c(C(=O)c2c[nH]c3ncc(-c4ccc(Cl)cc4)cc23)c1F,960.0,4.224926034855522,-2.3564521228154622,vemurafenib,2
COc1ccccc1OCC(O)COC(N)=O,1500.0,23.00338888077146,-1.8142994376553876,methocarbamol,2
COc1ccc2nc([S+]([O-])Cc3ncc(C)c(OC)c3C)[nH]c2c1,40.0,0.9099287812790624,-1.6430525892353276,omeprazole,2
COc1ccc2cc(CC(=O)O)ccc2c1,1000.0,22.394418947586026,-1.6498602014099968,6-methoxy-2-naphthylacetic acid,2
C[C@@H]1C[C@H]2[C@@H]3C[C@H](F)C4=CC(=O)C=C[C@]4(C)[C@H]3[C@@H](O)C[C@]2(C)[C@H]1C(=O)CO,20.0,0.18608062768595773,-2.031328833317828,fluocortolone,2
COc1ccc2c3c1O[C@H]1[C@@H](O)CC[C@H]4[C@@H](C2)N(C)CC[C@@]341,20.0,0.05920346020293071,-2.5286829054423543,dihydrocodeine,2
NC(N)=NN=Cc1c(Cl)cccc1Cl,16.0,0.0025455844122715707,-3.7983324797206284,guanabenz,2
CN1CCN(C(=O)OC2c3nccnc3C(=O)N2c2ccc(Cl)cn2)CC1,7.5,0.04964373072201563,-2.1791968521463287,zopiclone,2
Cc1[nH]cnc1CN1CCc2c(c3ccccc3n2C)C1=O,1.0,0.0059368762830296585,-2.226442001125712,alosetron,2
CN1CCN(C(c2ccccc2)c2ccccc2)CC1,50.0,0.017476904760282942,-3.456505484765225,cyclizine,2
CN1CCN(C2=Nc3cc(Cl)ccc3Nc3ccccc32)CC1,10.0,0.029267319658622656,-2.5336170490308874,clozapine,2
CCOc1ncc(C)c2c1[C@H](c1ccc(C#N)cc1OC)C(C(N)=O)=C(C)N2,5.0,0.043501724103763996,-2.060463534647755,finerenone,2
COC(=O)[C@@H]1CC2=CC(=O)CC[C@]2(C)[C@@]23O[C@@H]2C[C@@]2(C)[C@@H](CC[C@@]24CCC(=O)O4)[C@H]13,100.0,1.7573736085420197,-1.7551358999278344,eplerenone,2
Cc1cccc(Nc2ccncc2S(=O)(=O)NC(=O)NC(C)C)c1,10.0,1.2793146602771346,-0.8930226232971129,torasemide,2
CN1CCN(c2ccc(C(=O)Nc3n[nH]c4ccc(Cc5cc(F)cc(F)c5)cc34)c(NC3CCOCC3)c2)CC1,600.0,1.2416799211552065,-2.684141592056168,entrectinib,2
CN1CCN2c3ccccc3Cc3ccccc3C2C1,60.0,0.06273814788468018,-2.9806195567955243,mianserin,2
Cc1cccc(C)c1OCC(C)N,400.0,0.820121942152507,-2.6881815598386543,mexiletine,2
Cc1c(-c2ccc(O)cc2)n(Cc2ccc(OCCN3CCCCCC3)cc2)c2ccc(O)cc12,10.0,0.002000000000000001,-3.6989700043360187,bazedoxifene,2
CN1CC[C@]23c4c5ccc(O)c4O[C@H]2[C@@H](O)C=C[C@H]3[C@H]1C5,10.0,0.010368606463744294,-2.9842796086807772,morphine,2
CN1CCN(CC(=O)N2c3ccccc3C(=O)Nc3cccnc32)CC1,50.0,0.043056997108484,-3.064926266463295,pirenzepine,2
COCCCOc1cc(C[C@@H](C[C@H](N)[C@@H](O)C[C@H](C(=O)NCC(C)(C)C(N)=O)C(C)C)C(C)C)ccc1OC,600.0,0.5418302317146949,-3.0442880173118527,aliskiren,2
Cc1cn([C@H]2C[C@H](N=[N+]=[N-])[C@@H](CO)O2)c(=O)[nH]c1=O,200.0,1.0295009909660118,-2.28840322667121,zidovudine,2
CN1C(=O)CN=C(c2ccccc2)c2cc(Cl)ccc21,10.0,0.22939485608879726,-1.6394163248710967,diazepam,2
CN1C(=O)CN=C(c2ccccc2F)c2cc([N+](=O)[O-])ccc21,2.0,0.011721262730610553,-2.2320555949549594,flunitrazepam,2
CN1C(C(=O)Nc2ccccn2)=C(O)c2ccccc2S1(=O)=O,20.0,2.350106380570888,-0.9299424740521427,piroxicam,2
COCCCC/C(=N\OCCN)c1ccc(C(F)(F)F)cc1,100.0,0.0421283752357007,-3.3754252899777413,fluvoxamine,2
C[C@]12CC[C@@H]3c4ccc(OC(=O)N(CCCl)CCCl)cc4CC[C@H]3[C@@H]1CC[C@@H]2O,420.0,0.4533982673103196,-2.966769434287607,estromustine,2
Cc1[nH]c2ccccc2c1CCNCc1ccc(/C=C/C(=O)NO)cc1,30.0,0.023947860029656105,-3.097854543601019,panobinostat,2
Cc1cn(-c2cc(NC(=O)c3ccc(C)c(Nc4nccc(-c5cccnc5)n4)c3)cc(C(F)(F)F)c2)cn1,400.0,0.5460311346434378,-2.8648425844870835,nilotinib,2
C[C@]12CC[C@H](O)CC1=CC[C@@H]1[C@@H]2CC[C@]2(C)C(c3cccnc3)=CC[C@@H]12,250.0,0.0528339379565824,-3.67502702681197,abiraterone,2
CN1CCC(C(=O)c2cccc(NC(=O)c3c(F)cc(F)cc3F)n2)CC1,50.0,0.05324321553024386,-2.9727057282908707,lasmiditan,2
Cc1ccccc1N1C(=O)c2cc(S(N)(=O)=O)c(Cl)cc2NC1C,2.0,0.03260036809608137,-1.7878074918784217,metolazone,2
COC(=O)C1=C(C)NC(C)=C(C(=O)OCC(C)C)C1c1ccccc1[N+](=O)[O-],10.0,0.0018334666618185346,-3.736726982469061,nisoldipine,2
Cc1ccc(=O)n(-c2ccccc2)c1,400.0,11.903780911962384,-1.5263750662042321,pirfenidone,2
CNCc1cc(-c2ccccc2F)n(S(=O)(=O)c2cccnc2)c1,1.0,0.0005291502622129182,-3.2764209843288903,vonoprazan,2
Cc1ccc(/C(=C\CN2CCCC2)c2ccccn2)cc1,2.5,0.006858571279792905,-2.561706352137996,triprolidine,2
Cc1ccc(-n2nccn2)c(C(=O)N2CCN(c3nc4cc(Cl)ccc4o3)CC[C@H]2C)c1,40.0,0.3723128100133006,-2.0311520122613804,suvorexant,2
CN[C@@H](C)[C@@H](O)c1ccccc1,100.0,0.2867490191787934,-2.5424980589226536,pseudoephedrine,2
Cc1c(O)cccc1C(=O)N[C@@H](CSc1ccccc1)[C@H](O)CN1C[C@H]2CCCC[C@H]2C[C@H]1C(=O)NC(C)(C)C,1250.0,3.6573214242119874,-2.533746882960586,nelfinavir,2
COC(=O)/C=C/C(=O)O,190.0,1.8040487798283062,-2.022505324662732,monomethyl fumarate,2
CN[C@H]1CC[C@@H](c2ccc(Cl)c(Cl)c2)c2ccccc21,100.0,0.022465529150233695,-3.648483347633157,sertraline,2
Cc1cc(C)cc(OCC2CNC(=O)O2)c1,800.0,1.738339437509257,-2.6629554039220578,metaxalone,2
CO/N=C1\CN(c2nc3c(cc2F)c(=O)c(C(=O)O)cn3C2CC2)CC1CN,320.0,1.7333205127730993,-2.266271101665821,gemifloxacin,2
Cc1cc2c(s1)Nc1ccccc1N=C2N1CCN(C)CC1,5.0,0.007633216884119044,-2.816262402083079,olanzapine,2
Cc1cc(Nc2ncc(Cl)c(=Nc3ccccc3S(=O)(=O)C(C)C)[nH]2)c(OC(C)C)cc1C1CCNCC1,750.0,0.21349941451910354,-3.545664574997736,ceritinib,2
COC(=O)C1=C(C)NC(C)=C(C(=O)OC(C)C)C1c1cccc2nonc12,10.0,0.009576152672132998,-3.018808938610799,isradipine,2
COC(=O)N[C@H](C(=O)N1CCC[C@H]1c1ncc(-c2ccc(-c3ccc(-c4cnc([C@@H]5CCCN5C(=O)[C@@H](NC(=O)OC)C(C)C)[nH]4)cc3)cc2)[nH]1)C(C)C,60.0,1.2607127349241776,-1.6775351105590042,daclatasvir,2
Cc1ccc(Sc2ccccc2N2CCNCC2)c(C)c1,40.0,0.015257784898208514,-3.418568503339037,vortioxetine,2
Cc1c(-c2ccccc2)oc2c(C(=O)O)cccc2c1=O,200.0,11.573223367152297,-1.2375756604286574,3-methylflavone-8-carboxylic acid (mfca),2
CN1Cc2c(N)cccc2C(c2ccccc2)C1,100.0,0.05834106615412511,-3.2340256386249377,nomifensine,2
Cc1c(C)c2c(c(C)c1O)CCC(C)(COc1ccc(CC3SC(=O)NC3=O)cc1)O2,400.0,0.9612491872558333,-2.619224005717909,troglitazone,2
COC(=O)N[C@@H](C)CNc1nccc(-c2cn(C(C)C)nc2-c2cc(Cl)cc(NS(C)(=O)=O)c2F)n1,50.0,0.5167475205552514,-1.9856916028523792,encorafenib,2
Cc1ccc(C(=O)c2cc(O)c(O)c([N+](=O)[O-])c2)cc1,200.0,5.992495306631453,-1.5234222931009447,tolcapone,2
Cc1ccc(NC(=O)c2ccc(CN3CCN(C)CC3)cc2)cc1Nc1nccc(-c2cccnc2)n1,400.0,1.6214641531652805,-2.3921526394627257,imatinib,2
CNC(=O)c1c(C)oc2cc(Oc3ncnc4cc(OC)c(OC)cc34)ccc12,4.0,0.12332063898634324,-1.5110242249692107,fruquintinib,2
CNC(=O)c1ccc(-c2cnc3ncc(Cc4ccc5ncccc5c4)n3n2)cc1F,200.0,1.480675521510368,-2.1305700989639,capmatinib,2
COC(=O)CC[C@@H]1N=C(c2ccccn2)c2cc(Br)ccc2-n2c(C)cnc21,360.0,0.07291481330977954,-3.6934867325980645,remimazolam,2
Cc1c(F)c(N2CCNC(C)C2)cc2c1c(=O)c(C(=O)O)cn2C1CC1,600.0,1.6410667262485095,-2.56302501043209,grepafloxacin,2
Cc1ccc(C)c(OCCCC(C)(C)C(=O)O)c1,900.0,46.21449988910408,-1.2894642517654507,gemfibrozil,2
CNCCC=C1c2ccccc2CCc2ccccc21,25.0,0.010798333204712669,-3.364583284283305,nortriptyline,2
COC(=O)C1=C(C)NC(C)=C(C(=O)OCCN(C)Cc2ccccc2)C1c1cccc([N+](=O)[O-])c1,20.0,0.029202739597510373,-2.8356063998227325,nicardipine,2
CNCC[C@@H](Oc1ccccc1C)c1ccccc1,25.0,0.22383007349326411,-2.048021571364761,atomoxetine,2
CNC(=C[N+](=O)[O-])NCCSCc1csc(CN(C)C)n1,150.0,1.3537296628204614,-2.044559313810999,nizatidine,2
CC[C@H]1OC(=O)[C@H](C)[C@@H](O[C@H]2C[C@@](C)(OC)[C@@H](O)[C@H](C)O2)[C@H](C)[C@@H](O[C@@H]2O[C@H](C)C[C@H](N(C)C)[C@H]2O)[C@](C)(O)C[C@@H](C)C(=O)[C@H](C)[C@@H](O)[C@]1(C)O,250.0,1.5245245160377054,-2.214805595979635,erythromycin,2
CC[C@H]1OC(=O)[C@H](C)[C@@H](O[C@H]2C[C@@](C)(OC)[C@@H](O)[C@H](C)O2)[C@H](C)[C@@H](O[C@@H]2O[C@H](C)C[C@H](N(C)C)[C@H]2O)[C@](C)(O)C[C@@H](C)CN(C)[C@H](C)[C@@H](O)[C@]1(C)O,500.0,0.40982435261950945,-3.0863722428183378,azithromycin,2
CO[C@]1(C(=O)N[C@@H](C)c2ccc(-n3cc(F)cn3)nc2)CC[C@H](c2nc(C)cc(Nc3cc(C)[nH]n3)n2)CC1,200.0,0.6333340350873305,-2.4993971682186253,pralsetinib,2
CC[C@H]1OC(=O)[C@H](C)[C@@H](O[C@H]2C[C@@](C)(OC)[C@@H](O)[C@H](C)O2)[C@H](C)[C@@H](O[C@@H]2O[C@H](C)C[C@H](N(C)C)[C@H]2O)[C@](C)(OC)C[C@@H](C)C(=O)[C@H](C)[C@@H](O)[C@]1(C)O,250.0,0.8532760397432944,-2.46685045799237,clarithromycin,2
C[C@]12C=CC(=O)C=C1CC[C@@H]1[C@@H]2[C@@H](O)C[C@@]2(C)[C@H]1CC[C@]2(O)C(=O)CO,10.0,0.2598845897701516,-1.5852194718503037,prednisolone,2
CCc1c(Cl)c(O)c(Cl)c(O)c1C(=O)O[C@H]1[C@H](O)[C@H](OC)[C@H](OC/C2=C\C=C\C[C@H](O)/C(C)=C/[C@H](CC)[C@@H](O[C@@H]3OC(C)(C)[C@@H](OC(=O)C(C)C)[C@H](O)[C@@H]3O)/C(C)=C/C(C)=C/C[C@@H]([C@@H](C)O)OC2=O)O[C@@H]1C,200.0,0.006111464636239009,-4.514884692588272,fidaxomicin,2
CCc1cc(C(N)=S)ccn1,250.0,2.047574174480622,-2.0867003654023906,ethionamide,2
Cc1nnc2n1-c1ccc(Cl)cc1C(c1ccccc1Cl)=NC2,0.5,0.004302743310958719,-2.0652245662152042,triazolam,2
C[C@]12C=CC(=O)N[C@@H]1CC[C@@H]1[C@@H]2CC[C@]2(C)[C@@H](C(=O)Nc3cc(C(F)(F)F)ccc3C(F)(F)F)CC[C@@H]12,0.5,0.002811263061330266,-2.2500685181242615,dutasteride,2
CO[C@H]1/C=C/O[C@@]2(C)Oc3c(C)c(O)c4c(O)c(c5c(nc6cc(C)ccn65)c4c3C2=O)NC(=O)/C(C)=C\C=C\[C@H](C)[C@H](O)[C@@H](C)[C@@H](O)[C@@H](C)[C@H](OC(C)=O)[C@@H]1C,400.0,0.002847209159861635,-5.1476406191451245,rifaximin,2
CO[C@H]1/C=C/O[C@@]2(C)Oc3c(C)c(O)c4c(O)c(c(/C=N/N5CCN(C6CCCC6)CC5)c(O)c4c3C2=O)NC(=O)/C(C)=C\C=C\[C@H](C)[C@H](O)[C@@H](C)[C@@H](O)[C@@H](C)[C@H](OC(C)=O)[C@@H]1C,600.0,14.550601362143073,-1.6152703077240287,rifapentine,2
CCc1cccc2c3c([nH]c12)C(CC)(CC(=O)O)OCC3,200.0,19.584769592721788,-1.0091115290575092,etodolac,2
CCc1nc(N)nc(N)c1-c1ccc(Cl)cc1,50.0,0.40209110907852713,-2.0946455341200116,pyrimethamine,2
Cc1nnc(C(C)C)n1[C@@H]1C[C@H]2CC[C@@H](C1)N2CC[C@H](NC(=O)C1CCC(F)(F)CC1)c1ccccc1,300.0,0.5045889416148555,-2.7741835262715044,maraviroc,2
CCc1nn(CCCN2CCN(c3cccc(Cl)c3)CC2)c(=O)n1CCOc1ccccc1,200.0,0.40333608814486216,-2.695362913797706,nefazodone,2
CCn1c(=O)c(-c2cc(NC(=O)Nc3ccccc3)c(F)cc2Br)cc2cnc(NC)cc21,50.0,0.28999827585694365,-2.236574588464791,ripretinib,2
CCn1cc(C(=O)O)c(=O)c2cc(F)c(N3CCN(C)CC3)cc21,400.0,4.374598267269807,-1.9611218147282015,pefloxacin,2
CCn1cc(C(=O)O)c(=O)c2cc(F)c(N3CCNC(C)C3)c(F)c21,100.0,1.0105444077327825,-1.9954445969338936,lomefloxacin,2
CCc1ccc(CCOc2ccc(CC3SC(=O)NC3=O)cc2)nc1,15.0,0.5807550774638135,-1.4120982435883558,pioglitazone,2
COc1cc(N2CCC(N3CCN(C)CC3)CC2)ccc1Nc1ncc(Cl)c(Nc2ccccc2P(C)(C)=O)n1,180.0,0.761054314750268,-2.3738568525974184,brigatinib,2
CCOc1nc2cccc(C(=O)O)c2n1Cc1ccc(-c2ccccc2-c2nnn[nH]2)cc1,16.0,0.14445296120190823,-2.04439353359951,candesartan,2
COc1cc(N)c(Cl)cc1C(=O)N[C@@H]1CCN(CCCOc2ccc(F)cc2)C[C@@H]1OC,20.0,0.06792718159912128,-2.46898640023036,cisapride,2
COc1c(C)c2c(c(O)c1C/C=C(\C)CCC(=O)O)C(=O)OC2,500.0,15.27225791383186,-1.5150667546387155,mycophenolic acid,2
Clc1ccccc1CN1CCc2sccc2C1,250.0,0.3608545413320997,-2.8406078334346403,ticlopidine,2
Clc1ccc2nsnc2c1NC1=NCCN1,8.0,0.00541472067608293,-3.1695139289788434,tizanidine,2
Clc1ccc2c(c1)CCc1cccnc1C2=C1CCNCC1,10.0,0.005079566910672599,-3.2941733145513443,desloratadine,2
C[C@](N)(Cc1ccc(O)c(O)c1)C(=O)O,250.0,1.5020936322346887,-2.2212430036367485,methyldopa,2
Clc1ccc2c(c1)C(c1ccccc1)=NCc1nncn1-2,4.0,0.16202966395077167,-1.392465460052138,estazolam,2
COc1cc(C(=O)NS(=O)(=O)c2ccccc2C)ccc1Cc1cn(C)c2ccc(NC(=O)OC3CCCC3)cc12,20.0,0.597534936217122,-1.524666693302792,zafirlukast,2
CC[C@H](C)C(=O)O[C@H]1C[C@H](O)C=C2C=C[C@H](C)[C@H](CC[C@@H](O)C[C@@H](O)CC(=O)O)[C@H]21,10.0,0.011334284273830444,-2.9456058990698826,pravastatin,2
COc1c(N2C[C@@H]3CCCN[C@@H]3C2)c(F)cc2c(=O)c(C(=O)O)cn(C3CC3)c12,400.0,2.4999999999999996,-2.204119982655925,moxifloxacin,2
COc1c(C)c2c(c(O)c1C/C=C(\C)CCC(=O)OCCN1CCOCC1)C(=O)OC2,500.0,0.002979395911925771,-5.224841786807433,mycophenolate mofetil,2
CC[C@@H](CO)NC(=O)[C@@H]1C=C2c3cccc4[nH]cc(c34)C[C@H]2N(C)C1,0.12,0.0009652460826131336,-2.094543198303159,methylergometrine,2
CN(C)CCOC(c1ccccc1)c1ccccc1,25.0,0.034998714262098274,-2.8538879185826893,diphenhydramine,2
C[C@]12CCC(=O)C=C1[C@@H]1C[C@@H]1[C@H]1[C@@H]3[C@@H]4C[C@@H]4[C@@]4(CCC(=O)O4)[C@@]3(C)CC[C@@H]12,1.0,0.01131591799192624,-1.9463102085977757,drospirenone,2
Cc1nc(-c2ccc(OCC(C)C)c(C#N)c2)sc1C(=O)O,120.0,4.665049485268082,-1.410324991091606,febuxostat,2
CN(C)CCc1c[nH]c2ccc(C[C@H]3COC(=O)N3)cc12,2.5,0.003541186241925157,-2.8487912404246885,zolmitriptan (311c90),2
C[C@]12CCC3=C4CCC(=O)C=C4CC[C@H]3[C@@H]1CC[C@@]2(O)CC#N,2.0,0.05264142855204444,-1.579702329270625,dienogest,2
CN(C)c1cc(CNCC(C)(C)C)c(O)c2c1C[C@H]1C[C@H]3[C@H](N(C)C)C(O)=C(C(N)=O)C(=O)[C@@]3(O)C(O)=C1C2=O,300.0,0.5305657357952924,-2.75238205512598,omadacycline,2
CN(C)c1ccc(O)c2c1C[C@H]1C[C@H]3[C@H](N(C)C)C(O)=C(C(N)=O)C(=O)[C@@]3(O)C(O)=C1C2=O,100.0,1.1128549321452461,-1.9535614450768042,minocycline,2
Cc1cncc(CN2CCC(=C3c4ccc(Cl)cc4CCc4cccnc43)CC2)c1,40.0,0.017812214909999267,-3.351342064937061,rupatadine,2
COCCc1ccc(OCC(O)CNC(C)C)cc1,50.0,0.0742874148157008,-2.82805475906864,metoprolol,2
COCCOC(=O)C1=C(C)NC(C)=C(C(=O)OC(C)C)C1c1cccc([N+](=O)[O-])c1,60.0,0.033270557554690904,-3.2560911714596164,nimodipine,2
CN(CCOc1ccc(NS(C)(=O)=O)cc1)CCc1ccc(NS(C)(=O)=O)cc1,0.5,0.0019590814173994914,-2.4069175191362926,"dofetilide (uk-68,798)",2
CCn1nc(C(=O)O)c(=O)c2cc3c(cc21)OCO3,500.0,15.688530842625129,-1.5033877284874553,cinoxacin,2
CO[C@H]1/C=C/O[C@@]2(C)Oc3c(C)c(O)c4c(O)c(c(/C=N/N5CCN(C)CC5)c(O)c4c3C2=O)NC(=O)/C(C)=C\C=C\[C@H](C)[C@H](O)[C@@H](C)[C@@H](O)[C@@H](C)[C@H](OC(C)=O)[C@@H]1C,600.0,11.529223737962587,-1.7163511831295737,rifampicin,2
CN(C)C(=O)C(CCN1CCC(O)(c2ccc(Cl)cc2)CC1)(c1ccccc1)c1ccccc1,8.0,0.0015927962832703996,-3.7009297533810783,loperamide,2
CO[C@@H]1[C@H](N(C)C(=O)c2ccccc2)C[C@H]2O[C@]1(C)n1c3ccccc3c3c4c(c5c6ccccc6n2c5c31)C(=O)NC4,50.0,1.6030375931961172,-1.494026297124612,midostaurin,2
C[C@]12CCC(=O)C=C1CC[C@@H]1[C@@H]2[C@@H](O)C[C@@]2(C)[C@H]1CC[C@]2(O)C(=O)CO,10.0,0.18661457606521525,-1.7290544374519994,hydrocortisone,2
CN(C)CC(Oc1ccccc1)Oc1ccccc1,500.0,0.7088501886858747,-2.8484155450370516,medifoxamine,2
CN(C)CCOC(C)(c1ccccc1)c1ccccn1,25.0,0.1215138309000255,-2.3133142958265736,doxylamine,2
COCc1c(C(C)C)nc(C(C)C)c(/C=C/[C@@H](O)C[C@@H](O)CC(=O)O)c1-c1ccc(F)cc1,0.3,0.003624224054884025,-1.9179062161586178,cerivastatin,2
Cc1ncc([N+](=O)[O-])n1CC(C)O,2000.0,41.02056801166945,-1.6880283259157447,secnidazole,2
Cc1ncc(OC[C@@]2(c3cccc(F)c3)C[C@H]2C(=O)Nc2ccc(F)cn2)c(C)n1,10.0,0.035687532837112734,-2.447483474803203,lemborexant,2
Cc1nc2n(c(=O)c1CCN1CCC(c3noc4cc(F)ccc34)CC1)CCCC2O,1.0,0.007949150898051942,-2.099679258763,paliperidone,2
Cc1nc2n(c(=O)c1CCN1CCC(c3noc4cc(F)ccc34)CC1)CCCC2,2.0,0.01975276183220969,-2.005402168378402,risperidone,2
CN(C)CCCOc1nn(Cc2ccccc2)c2ccccc12,50.0,0.5006136234662417,-1.9994673402150196,benzydamine,2
CN(C)CCC[C@@]1(c2ccc(F)cc2)OCc2cc(C#N)ccc21,10.0,0.011180697652651202,-2.9515310965172494,escitalopram,2
O=C(O)Cc1ccccn1,16.0,0.4918190897067743,-1.512314601007569,2-pyridylacetic acid,2
C=CC[C@@H]1/C=C(\C)C[C@H](C)C[C@H](OC)[C@H]2O[C@@](O)(C(=O)C(=O)N3CCCC[C@H]3C(=O)O[C@H](/C(C)=C/[C@@H]3CC[C@@H](O)[C@H](OC)C3)[C@H](C)[C@@H](O)CC1=O)[C@H](C)C[C@@H]2OC,5.0,0.03325782013301534,-2.1770762241316426,tacrolimus,2
Oc1ncnc2[nH]ncc12,200.0,2.064663943599539,-1.986180622149673,allopurinol,2
C=CC(=O)N1CCC([C@@H]2CCNc3c(C(N)=O)c(-c4ccc(Oc5ccccc5)cc4)nn32)CC1,320.0,0.5100470566526191,-2.7975397326105718,zanubrutinib,2
Oc1ccc2c3c1O[C@H]1[C@@H](O)CC[C@@]4(O)[C@@H](C2)N(CC2CCC2)CC[C@]314,45.0,0.012820354909283908,-3.545312465736845,nalbuphine,2
CC(C(=O)O)c1cccc(C(=O)c2ccccc2)c1,100.0,10.395672176439575,-0.983147424266074,ketoprofen,2
C=CCOc1ccccc1OCC(O)CNC(C)C,80.0,0.45459762427887807,-2.245462825214232,oxprenolol,2
CC(C)COc1ccc(CNC(=O)N(Cc2ccc(F)cc2)C2CCN(C)CC2)cc1,100.0,0.05407494798887929,-3.2670038896078464,pimavanserin,2
O=C(O)Cc1ccccc1Nc1c(Cl)cccc1Cl,50.0,1.0138351937075376,-1.6930026413313637,diclofenac,2
C#CCN(C)[C@H](C)Cc1ccccc1,10.0,0.002209977375449805,-3.6556121723635773,selegiline,2
CC(=O)Nc1ccc(O)cc1,1000.0,12.886038956948713,-1.8898805600327981,acetaminophen (paracetamol),2
CC(C(=O)O)c1ccc2oc(-c3ccc(Cl)cc3)nc2c1,100.0,13.0,-0.8860566476931633,benoxaprofen,2
C=CC(=O)N1CCN(c2nc(=O)n(-c3c(C)ccnc3C(C)C)c3nc(-c4c(O)cccc4F)c(F)cc23)[C@@H](C)C1,960.0,6.30987321584198,-2.1822505999782225,sotorasib,2
O=C(O)CNC(=O)C1C(=O)N(C2CCCCC2)C(=O)N(C2CCCCC2)C1=O,100.0,2.25984291489475,-1.645921748270928,daprodustat,2
O=C(NC1CCN(CCCCC2(C(=O)NCC(F)(F)F)c3ccccc3-c3ccccc32)CC1)c1ccccc1-c1ccc(C(F)(F)F)cc1,60.0,0.00690416540937426,-3.9390400627636915,lomitapide,2
Oc1ccc2c(c1)CC[C@H](c1ccccc1)[C@@H]2c1ccc(OCCN2CCCC2)cc1,0.25,0.0001933907960581374,-3.111504207571797,lasofoxifene,2
O=C(c1ccc(NS(=O)(=O)c2cccc3cccnc23)cc1)N1CCN(CC2CC2)CC1,120.0,2.372030775517046,-1.7040609266376403,mitapivat,2
O=C(O)CCc1nc(-c2ccccc2)c(-c2ccccc2)o1,1200.0,90.77444574328173,-1.121217640199067,oxaprozin,2
CC(C)NCC(O)COc1ccc(COCCOC(C)C)cc1,10.0,0.03631418455645121,-2.439923703577753,bisoprolol,2
O=C(c1ccc(OCCN2CCCCC2)cc1)c1c(-c2ccc(O)cc2)sc2cc(O)ccc12,60.0,0.00030463092423455615,-5.294377262274213,raloxifene,2
CC(C)C(=O)Nc1ccc([N+](=O)[O-])c(C(F)(F)F)c1,250.0,0.028301943396169812,-3.9461237506299187,flutamide,2
Nc1nc(/C(=C/CC(=O)O)C(=O)N[C@@H]2C(=O)N3C(C(=O)O)=CCS[C@H]23)cs1,200.0,10.689246933250253,-1.2720828858017161,ceftibuten (7432-s),2
CC(=O)N[C@@H](CS)C(=O)O,600.0,2.801996611346987,-2.3306836446566552,acetylcysteine (n-acetylcysteine),2
C=C1C[C@@H]2[C@H](CC[C@]3(C)C(=O)CC[C@@H]23)[C@@]2(C)C=CC(=O)C=C12,25.0,0.01285067313412025,-3.289014131527888,exemestane,2
O=C(c1ccccc1)c1ccc2n1CCC2C(=O)O,10.0,0.8346256645946134,-1.0785082649388913,ketorolac,2
CC(C)(C(=O)O)c1ccc(C(O)CCCN2CCC(C(O)(c3ccccc3)c3ccccc3)CC2)cc1,60.0,0.20496097189465123,-2.466480078617872,fexofenadine,2
O=C1NCCN1CCN1CCC(c2cn(-c3ccc(F)cc3)c3ccc(Cl)cc23)CC1,4.0,0.0024722459424579924,-3.2089683185441453,sertindole,2
O=C(O)[C@@H]1C[C@@H](C2CCCCC2)CN1C(=O)CP(=O)(O)CCCCc1ccccc1,10.0,0.15500129031721,-1.8096646865051167,fosinoprilat,2
CC(C)NCC(O)COc1ccc(CC(N)=O)cc1,50.0,0.3192616481821768,-2.194823252984876,atenolol,2
CC(C)(C(=O)O)c1ccc(C(=O)CCCN2CCC(OC(c3ccccc3)c3ccccc3)CC2)cc1,20.0,0.11883337494155417,-2.2260915641322176,carebastine,2
CC(C)(C#Cc1ccc(-c2ccc(Cl)c3c(NS(C)(=O)=O)nn(CC(F)(F)F)c23)c([C@H](Cc2cc(F)cc(F)c2)NC(=O)Cn2nc(C(F)(F)F)c3c2C(F)(F)[C@@H]2C[C@H]32)n1)S(C)(=O)=O,300.0,0.02147044480209947,-4.145280212933795,lenacapavir,2
OC(CNCC(O)C1CCc2cc(F)ccc2O1)C1CCc2cc(F)ccc2O1,5.0,0.0015194735930578076,-3.517276847461309,nebivolol,2
O=C(O)COCCN1CCN([C@H](c2ccccc2)c2ccc(Cl)cc2)CC1,5.0,0.22355451214413008,-1.3495865643993752,levocetirizine,2
Nc1nc2ccc(OC(F)(F)F)cc2s1,100.0,0.36978372057190406,-2.4320522122179904,riluzole,2
O=C(O)COCCN1CCN(C(c2ccccc2)c2ccc(Cl)cc2)CC1,20.0,0.5759340239992772,-1.54065725990424,cetirizine,2
Nc1ncnc2c1ncn2CCOCP(=O)(O)O,10.0,0.023883048381645094,-2.6219102415780955,adefovir,2
CC(=O)O[C@]1(C(C)=O)CC[C@H]2[C@@H]3C=C(C)C4=CC(=O)CC[C@]4(C)[C@H]3CC[C@@]21C,800.0,0.19679354664215998,-3.6090791342769677,megestrol acetate,2
O=C(O)CNC(=O)c1ncc(-c2cccc(Cl)c2)cc1O,450.0,49.697082409332644,-0.9568816206299491,Vadadustat,2
O=C1CN2Cc3c(ccc(Cl)c3Cl)N=C2N1,2.0,0.01131763226121083,-2.247274417172777,anagrelide,2
Nc1nnc(-c2cccc(Cl)c2Cl)c(N)n1,200.0,2.6755560169803956,-1.8736159476193381,lamotrigine,2
O=c1nc[nH]c2c1ncn2[C@H]1CC[C@@H](CO)O1,375.0,2.247696153842863,-2.2222936652916188,didanosine,2
CC1(C)CCC(CN2CCN(c3ccc(C(=O)NS(=O)(=O)c4ccc(NCC5CCOCC5)c([N+](=O)[O-])c4)c(Oc4cnc5[nH]ccc5c4)c3)CC2)=C(c2ccc(Cl)cc2)C1,100.0,0.17262676501632068,-2.7628918679618724,venetoclax,2
C=CCN1CC[C@]23c4c5ccc(O)c4O[C@H]2[C@@H](OCCOCCOCCOCCOCCOCCOCCOC)CC[C@@]3(O)[C@H]1C5,25.0,0.03994921776455705,-2.796431728748245,naloxegol,2
O=C(O)COC(=O)Cc1ccccc1Nc1c(Cl)cccc1Cl,100.0,9.572585857541313,-1.0189707297293786,aceclofenac,2
CC1(C)CCC(C)(C)c2cc(Cn3cccn3)c(/C=C/c3ccc(C(=O)O)cc3)cc21,10.0,0.0790771774913597,-2.101948840392807,palovarotene,2
O=c1n(CCCN2CCN(c3cccc(Cl)c3)CC2)nc2ccccn12,50.0,0.8612792810697352,-1.7638260043801701,trazodone,2
O=C1CN=C(c2ccccc2F)c2cc(Cl)ccc2N1,30.0,0.028270302439132144,-3.025790800070128,desalkylflurazepam,2
O=C1CN=C(c2ccccc2)c2cc(Cl)ccc2N1,15.0,0.2616772821625905,-1.7583252385926817,desmethyldiazepam,2
O=C(NC(Cc1cc(=O)[nH]c2ccccc12)C(=O)O)c1ccc(Cl)cc1,100.0,0.21836901863588618,-2.6608089776426938,rebamipide,2
CC(C)C[C@H]1C(=O)N2CCC[C@H]2[C@]2(O)O[C@](NC(=O)[C@@H]3C[C@@H]4c5cccc6[nH]cc(c56)C[C@H]4N(C)C3)(C(C)C)C(=O)N12,20.0,0.00026981475126464126,-4.8699643060074616,dihydro-alpha-ergocryptine (alpha-dihydroergocryptine),2
C=CC(=O)Nc1cc(Nc2ncc(C(=O)OC(C)C)c(-c3cn(C)c4ccccc34)n2)c(OC)cc1N(C)CCN(C)C,160.0,0.05440349253494669,-3.4684932017083403,mobocertinib,2
CC1(C)S[C@@H]2[C@H](NC(=O)[C@H](N)c3ccc(O)cc3)C(=O)N2[C@H]1C(=O)O,3000.0,27.733733971465142,-2.034112909338272,amoxicillin,2
CC(C)NC(=O)COc1cccc(-c2nc(Nc3ccc4[nH]ncc4c3)c3ccccc3n2)c1,200.0,1.829562789302406,-2.0386826769057853,belumosudil,2
CC(C)NC(=N)NC(=N)Nc1ccc(Cl)cc1,200.0,0.1881781071219498,-3.0264609000009712,proguanil,2
CC(C(=O)O)c1ccc(-c2ccccc2)c(F)c1,100.0,13.37609808576477,-0.8736705552496904,flurbiprofen,2
C=CC(=O)Nc1cc(Nc2nccc(-n3cc(CN(C)C)c(-c4ccccc4)n3)n2)c(OC)cc1N1CCOCC1,240.0,0.3860854265573877,-2.7935278329525137,Lazertinib,2
Nc1nc2c(ncn2COC(CO)CO)c(=O)[nH]1,900.0,6.3990624313253885,-2.1481261621319545,ganciclovir,2
O=C1CCc2cc(OCCCCc3nnnn3C3CCCCC3)ccc2N1,100.0,0.6446898479113813,-2.1906491686764102,cilostazol,2
CC(=O)c1c(C)c2cnc(Nc3ccc(N4CCNCC4)cn3)nc2n(C2CCCC2)c1=O,125.0,0.051356012306252904,-3.386318718753819,palbociclib,2
O=c1[nH]c2ccccc2n1CCN1CCN(c2cccc(C(F)(F)F)c2)CC1,100.0,0.43863971548413166,-2.3578920488218937,flibanserin,2
O=C1CCc2ccc(OCCCCN3CCN(c4cccc(Cl)c4Cl)CC3)cc2N1,5.0,0.019648409604850973,-2.4056426011660523,aripiprazole,2
CC1(C)S[C@@H]2[C@H](NC(=O)C3(N)CCCCC3)C(=O)N2[C@H]1C(=O)O,250.0,5.405034689990435,-1.6651415230333881,cyclacillin,2
OC(c1cc(C(F)(F)F)nc2c(C(F)(F)F)cccc12)C1CCCCN1,750.0,1.1207122735118056,-2.8255671352439355,mefloquine,2
O=C(C1CCCCC1)N1CC(=O)N2CCc3ccccc3C2C1,1800.0,0.45089724450255847,-3.6011949238242145,praziquantel,2
CC(C)N(CCCCOCC(=O)NS(C)(=O)=O)c1cnc(-c2ccccc2)c(-c2ccccc2)n1,0.4,0.005889312353747255,-1.8319954025522882,selexipag,2
O=c1[nH]c2ccccc2n1C1CCN(CCCC(c2ccc(F)cc2)c2ccc(F)cc2)CC1,6.0,0.005007993610219565,-3.078487484304304,pimozide,2
CC(C)(NC(=O)C1=C(O)[C@@H]2Oc3c(O)ccc4c3[C@@]23CCN(CC2CC2)[C@H](C4)[C@]3(O)C1)c1nc(-c2ccccc2)no1,0.2,0.003030989937297713,-1.8194455011252375,naldemedine,2
C#C[C@]1(O)CC[C@H]2[C@@H]3[C@H](C)CC4=C(CC[C@@H](O)C4)[C@H]3CC[C@@]21C,2.5,0.013760886599343807,-2.2592935927377793,3alpha-hydroxytibolone,2
O=C(O)CCCN1CCC(OC(c2ccc(Cl)cc2)c2ccccn2)CC1,10.0,0.08861230162906279,-2.052505982867305,bepotastine,2
C#C[C@]1(O)CC[C@H]2[C@@H]3[C@H](C)CC4=C(CCC(=O)C4)[C@H]3CC[C@@]21C,2.5,0.0014696938456699071,-3.230713133096572,tibolone,2
O=C(Nc1c(Cl)cncc1Cl)c1ccc(OC(F)F)c(OCC2CC2)c1,0.5,0.010240849574132025,-1.6886340174176404,roflumilast,2
O=C1Nc2ccc(Cl)cc2C(c2ccccc2)=NC1O,15.0,0.32419784083179826,-1.6652811409489783,oxazepam,2
O=C(O)c1cc(/N=N/c2ccc(S(=O)(=O)Nc3ccccn3)cc2)ccc1O,500.0,4.949060921023301,-2.0044472044950767,sulfasalazine,2
C#C[C@]1(O)CC[C@H]2[C@@H]3CCC4=CC(=O)CC[C@@H]4[C@H]3CC[C@@]21CC,0.75,0.011062025131050824,-1.8312266226137965,levonorgestrel,2
O=C(Nc1c(Cl)c[n+]([O-])cc1Cl)c1ccc(OC(F)F)c(OCC2CC2)c1,0.5,0.01350111106539013,-1.5686004943808134,roflumilast n-oxide,2
CC(C)(O)CNc1nc(Nc2ccnc(C(F)(F)F)c2)nc(-c2cccc(C(F)(F)F)n2)n1,50.0,0.4651859843116514,-2.0313433830341356,enasidenib,2
CC#C[C@]1(O)CC[C@H]2[C@@H]3CCC4=CC(=O)CCC4=C3[C@@H](c3ccc(N(C)C)cc3)C[C@@]21C,75.0,1.4391837964624254,-1.7169450026780035,mifepristone,2
Nc1ccn([C@H]2CC[C@@H](CO)O2)c(=O)n1,1.5,0.022561914812355807,-1.822715303941597,zalcitabine,2
CC(C)(C)NCC(O)COc1cccc2c1C[C@H](O)[C@H](O)C2,80.0,0.14183046217227102,-2.7513204688916604,nadolol,2
CC(C)(O)C(=O)Nc1ccc([N+](=O)[O-])c(C(F)(F)F)c1,250.0,1.183934119788766,-2.3246124720015504,2-hydroxyflutamide,2
CC(C)OC(=O)[C@H](C)N[P@](=O)(CO[C@H](C)Cn1cnc2c(N)ncnc21)Oc1ccccc1,25.0,0.27691731256821056,-1.955589900460575,tenofovir alafenamide,2
O=C1[C@@H]2[C@H]3CC[C@H](C3)[C@@H]2C(=O)N1C[C@@H]1CCCC[C@H]1CN1CCN(c2nsc3ccccc23)CC1,40.0,0.05232991496266741,-2.8833099623263885,lurasidone,2
CC(C)(C)c1nc(-c2cccc(NS(=O)(=O)c3c(F)cccc3F)c2F)c(-c2ccnc(N)n2)s1,150.0,2.468625771557933,-1.7836360004990663,dabrafenib,2
CC(=O)C[C@@H](c1ccccc1)c1c(O)c2ccccc2oc1=O,25.0,1.550677271388215,-1.207418587286083,(s)-warfarin,2
CC(C)Oc1ccc(-c2nc(-c3cccc4c3CC[C@@H]4NCCO)no2)cc1C#N,1.0,0.0001643167672515499,-3.784318117920506,ozanimod,2
CCC(=O)C(CC(C)N(C)C)(c1ccccc1)c1ccccc1,10.0,0.035916569992135945,-2.4447051448503756,methadone,2
CC(C)(C)c1ccc(C(O)CCCN2CCC(C(O)(c3ccccc3)c3ccccc3)CC2)cc1,60.0,0.001754992877478425,-4.5338758921334215,terfenadine,2
CC(C)NC[C@@H](O)c1ccc(NS(C)(=O)=O)cc1,100.0,0.8533350455711989,-2.0688804179843236,d-sotalol ((+)-sotalol),2
CC1Cc2ccccc2N1NC(=O)c1ccc(Cl)c(S(N)(=O)=O)c1,5.0,0.24648123660838775,-1.3071861401450677,indapamide,2
CC(C)Nc1nc2cc(Cl)c(Cl)cc2n1[C@H]1O[C@@H](CO)[C@H](O)[C@@H]1O,100.0,3.6167388625666628,-1.4416828472351948,maribavir,2
C/C(O)=C(\C#N)C(=O)Nc1ccc(C(F)(F)F)cc1,20.0,1.9390719429665317,-1.0134360732001506,teriflunomide,2
CC(=O)C[C@H](c1ccccc1)c1c(O)c2ccccc2oc1=O,25.0,1.5733531072203721,-1.201113806514353,(r)-warfarin,2
OCCOc1ccc(/C(=C(/CCCl)c2ccccc2)c2ccccc2)cc1,60.0,0.6468437214660123,-1.9673518833210533,ospemifene,2
C#C[C@]1(O)CC[C@H]2[C@@H]3[C@H](C)CC4=C(CC[C@H](O)C4)[C@H]3CC[C@@]21C,2.5,0.003784970277294131,-2.819877535260736,3beta-hydroxytibolone,2
CC(C)(C)NC(=O)[C@@H]1C[C@@H]2CCCC[C@@H]2CN1C[C@@H](O)[C@H](Cc1ccccc1)NC(=O)[C@H](CC(N)=O)NC(=O)c1ccc2ccccc2n1,600.0,0.009088454214001413,-4.819661226723452,saquinavir,2
C1N2CN3CN1CN(C2)C3,1000.0,30.246652707365822,-1.519322680223279,methenamine,2
CC(=O)NCCCS(=O)(=O)O,666.0,0.269778427603098,-3.3924670101038945,acamprosate,2
O=C(O[C@H]1CN2CCC1CC2)N1CCc2ccccc2[C@@H]1c1ccccc1,10.0,0.013392535234226562,-2.873137202374551,solifenacin,2
O=C(O)[C@H](CCc1ccccc1)N[C@H]1CCCN2CCC[C@@H](C(=O)O)N2C1=O,5.0,0.10146950280749385,-1.6926344719647286,cilazaprilat,2
O=C(NC[C@H]1CN(c2ccc(N3CCOCC3=O)cc2)C(=O)O1)c1ccc(Cl)s1,10.0,0.12285471093938567,-1.9106081855758177,rivaroxaban,2
O=C(O)c1cc(-c2ccc(F)cc2F)ccc1O,250.0,36.31859028101174,-0.8378110257904875,diflunisal,2
C1COC(NC(C2CC2)C2CC2)=N1,1.0,0.003367862823809784,-2.4726456060309725,rilmenidine,2
c1cnc2cc3c(cc2n1)C1CNCC3C1,1.0,0.005534256951027847,-2.2569406807890493,varenicline,2
O=C1Nc2ccc(Cl)cc2C(c2ccccc2Cl)=NC1O,2.0,0.02212690669750293,-1.956109291095229,lorazepam,2
O=[N+]([O-])O[C@@H]1CO[C@H]2[C@@H]1OC[C@@H]2O,20.0,0.4159326868617084,-1.6820069440995835,isosorbide mononitrate,2
CC#CC(=O)N1CCC[C@H]1c1nc(-c2ccc(C(=O)Nc3ccccn3)cc2)c2c(N)nccn12,100.0,0.538641921873892,-2.2686998489750265,acalabrutinib,2
CC(C)n1c(/C=C/C(O)CC(O)CC(=O)O)c(-c2ccc(F)cc2)c2ccccc21,40.0,0.3134677016855166,-2.1058671916233287,fluvastatin,2
O=C(NCCO[N+](=O)[O-])c1cccnc1,5.0,0.060926184846911265,-1.9141660205626065,nicorandil,2
CC#CCn1c(N2CCC[C@@H](N)C2)nc2c1c(=O)n(Cc1nc(C)c3ccccc3n1)c(=O)n2C,10.0,0.010407996925441514,-2.9826328447385513,linagliptin,2
O=P(O)(O)C(O)(Cc1cccnc1)P(=O)(O)O,30.0,0.0049477267507411936,-3.7827155479829004,risedronic acid (risedronate),2
O=C1NC(=O)C(c2ccccc2)(c2ccccc2)N1,100.0,1.9000000000000001,-1.721246399047171,phenytoin,1
O=C1Cc2cc(CCN3CCN(c4nsc5ccccc45)CC3)c(Cl)cc2N1,80.0,0.084,-2.9788107009300617,ziprasidone,1
Cc1c(O)c(=O)ccn1C,3500.0,54.38999999999998,-1.8085489855351047,deferiprone,1
Cc1c(Cl)c(C)[n+]([O-])c(Cl)c1-c1noc(-c2cc(O)c(O)c([N+](=O)[O-])c2)n1,10.0,0.13100000000000003,-1.8827287043442356,opicapone,1
Cc1c(NC=O)c(=O)n(-c2ccccc2)n1C,750.0,1.61,-2.66823538735985,4-formylaminoantipyrine,1
Cc1c(C(=O)NN2CCCCC2)nn(-c2ccc(Cl)cc2Cl)c1-c1ccc(Cl)cc1,20.0,0.21223,-1.9742232215955433,rimonabant,1
Cc1c(C(=O)Nc2ccc(N3C[C@@H](C)O[C@@H](C)C3)nc2)cccc1-c1ccc(OC(F)(F)F)cc1,200.0,0.10000000000000002,-3.3010299956639813,sonidegib,1
Cc1c(N)c(=O)n(-c2ccccc2)n1C,1500.0,2.32,-2.8106032741647815,4-aminoantipyrine,1
Cc1c(Cl)cccc1Nc1ccccc1C(=O)O,100.0,1.98,-1.7033348097384688,tolfenamic acid,1
Cc1cc(OCCN(C)C)c(C(C)C)cc1O,120.0,3.0260000000000002,-1.598312322360457,deacetylmoxisylyte,1
O=C1NC2=Nc3ccc(Cl)c(Cl)c3CN2C1O,2.0,0.005030000000000003,-2.5994620106080535,3-hydroxyanagrelide,1
Cc1cc(OCC(O)CNC(C)C)c(C)c(C)c1O,40.0,0.022,-3.2596373105057563,deacetylmetipranolol,1
Cc1cc(C)nc(NS(=O)(=O)c2ccc(N)cc2)n1,850.0,40.11999999999998,-1.3260580013659125,sulfamethazine,1
Cc1cc(NS(=O)(=O)c2ccc(N)cc2)no1,1200.0,94.41999999999999,-1.1041172499523888,sulfamethoxazole,1
Cc1cc(NC(=O)C2=C(O)c3ccccc3S(=O)(=O)N2C)no1,200.0,12.2,-1.214670164989233,isoxicam,1
Cc1cc2nc3c(=O)[nH]c(=O)nc-3n(C[C@H](O)[C@H](O)[C@H](O)CO)c2cc1C,60.0,0.116,-2.7136932611567253,riboflavin,1
Cc1cc(/C=C/C#N)cc(C)c1Nc1ccnc(Nc2ccc(C#N)cc2)n1,75.0,0.17,-2.644612342013426,rilpivirine,1
Cc1cc(C#N)cc(C)c1Oc1nc(Nc2ccc(C#N)cc2)nc(N)c1Br,100.0,0.08900000000000001,-3.050609993355087,etravirine,1
O=C(O[C@@H]1C[C@@H]2C[C@H]3C[C@H](C1)N2CC3=O)c1c[nH]c2ccccc12,200.0,0.5781000000000001,-2.5390270262888657,dolasetron,1
Cc1ccn(-c2cc(Cl)ccc2[C@@H](Oc2cc(-c3ccc(C[C@H](N)C(=O)O)cc3)nc(N)n2)C(F)(F)F)n1,500.0,0.61,-2.9136401693252516,telotristat,1
Cc1ccccc1C(OCCN(C)C)c1ccccc1,100.0,0.14688,-2.8330373361428327,orphenadrine,1
Cc1cccc(CN2CCN(C(c3ccccc3)c3ccc(Cl)cc3)CC2)c1,25.0,0.08006999999999999,-2.4944701801648677,meclizine,1
Cc1cccc(Nc2ccccc2C(=O)O)c1C,250.0,2.68,-1.9698052146432488,mefenamic acid,1
O=C(O[C@H]1C[C@H]2CC[C@@H](C1)[N+]21CCCC1)C(O)(c1ccccc1)c1ccccc1,60.0,0.014000000000000007,-3.6320232147054052,trospium,1
O=C(Oc1ccccc1C(=O)O)c1ccccc1O,1500.0,30.799999999999994,-1.687540542555237,salsalate,1
O=C(O)c1ccccc1O,1500.0,85.99999999999997,-1.2415928078121137,salicylic acid,1
Cc1cn2nc(-c3cc(=O)n4cc(N5CCNC6(CC6)C5)ccc4n3)cc(C)c2n1,0.6,0.00288,-2.318758762624413,risdiplam,1
Cc1cn[nH]c1,490.0,12.315899999999996,-1.5997299260741076,fomepizole,1
Cc1ccsc1C(=CCCN1CCC[C@@H](C(=O)O)C1)c1sccc1C,2.0,0.04340000000000001,-1.6635402661514704,tiagabine,1
O=C(O)c1cn(C2CC2)c2cc(N3CCNCC3)c(F)cc2c1=O,100.0,0.37,-2.431798275933005,ciprofloxacin,1
Cc1cn([C@@H]2C[C@@H](O)[C@H](CO)O2)c(=O)[nH]c1=O,200.0,1.8,-2.0457574905606752,telbivudine,1
O=C(O)c1cnccn1,1890.0,4.5,-2.6232492903979003,pyrazinoic acid,1
Cc1ccc(C(=O)c2ccc(CC(=O)O)n2C)cc1,81.5,13.0,-0.7972142564331398,tolmetin,1
O=C1CC[C@@]2(O)[C@H]3Cc4ccc(O)c5c4[C@@]2(CCN3CC2CC2)[C@H]1O5,100.0,0.018270000000000005,-3.7382614526474622,naltrexone,1
Cc1ccc(Cl)c(Nc2ccccc2C(=O)O)c1Cl,300.0,15.099999999999996,-1.2981443074264931,meclofenamic acid,1
O=C1CN=C(c2ccccc2)c2cc(Cl)ccc2N1CC(F)(F)F,20.0,0.03034,-2.8190144192132696,halazepam,1
Cc1ccc(/C(=C\CN2CCCC2)c2cccc(/C=C/C(=O)O)n2)cc1,4.0,0.073,-1.7387371312075066,acrivastine,1
O=C1CN(/N=C/c2ccc([N+](=O)[O-])o2)C(=O)N1,100.0,0.875,-2.057991946977687,nitrofurantoin,1
O=C1CN(/N=C/c2ccc(-c3ccc([N+](=O)[O-])cc3)o2)C(=O)N1,100.0,2.7199999999999998,-1.5654310959658013,dantrolene,1
O=C1C(CC[S+]([O-])c2ccccc2)C(=O)N(c2ccccc2)N1c1ccccc1,400.0,29.89999999999999,-1.126388803003533,sulfinpyrazone,1
Cc1ccc(N(CC2=NCCN2)c2cccc(O)c2)cc1,60.0,0.06705000000000001,-2.951752468196026,phentolamine,1
Cc1cccc(C)c1NC(=O)C(C)N,600.0,3.1999999999999997,-2.2730012720637376,tocainide,1
Cc1ccc(NC(=O)[C@H]2CCCN(C(=O)c3c(C)cccc3F)[C@H]2c2ccc(NC3CCCC3)cc2)cc1C(F)(F)F,1.0,0.002000000000000001,-2.6989700043360187,avacopan,1
O=C1CCCC(=O)C1C(=O)c1ccc(C(F)(F)F)cc1[N+](=O)[O-],70.0,7.810000000000002,-0.9524470061369564,nitisinone (ntbc),1
O=C1CC(=O)N(c2ccccc2)c2cc(Cl)ccc2N1,20.0,0.082,-2.3872161432802645,n-desmethylclobazam,1
Cc1ccc(Nc2c(F)cccc2Cl)c(CC(=O)O)c1,200.0,3.998,-1.699187205881883,lumiracoxib,1
Cc1ccc(Nc2nccc(N(C)c3ccc4c(C)n(C)nc4c3)n2)cc1S(N)(=O)=O,200.0,15.400000000000004,-1.1135092748275182,pazopanib,1
Cc1ccc(S(=O)(=O)NC(=O)NN2CCCCCC2)cc1,250.0,25.399999999999995,-0.9931062920520997,tolazamide,1
C[C@H](CCC(=O)O)[C@H]1CC[C@H]2[C@@H]3[C@@H](O)C[C@@H]4C[C@H](O)CC[C@]4(C)[C@H]3CC[C@]12C,150.0,1.33477,-2.050684822071482,ursodeoxycholic acid,1
[2H]C([2H])([2H])NC(=O)c1nnc(NC(=O)C2CC2)cc1Nc1cccc(-c2ncn(C)n2)c1OC,40.0,0.4100000000000001,-1.9892761346082268,deucravacitinib,1
C[C@H](COc1ccccc1)N[C@H](C)[C@@H](O)c1ccc(O)cc1,30.0,0.04582000000000001,-2.816066169866284,isoxsuprine,1
C[C@H](CS)C(=O)N1C[C@@H](Sc2ccccc2)C[C@H]1C(=O)O,10.0,0.09700000000000002,-2.0132282657337552,zofenoprilat,1
C[C@H](CSC(=O)c1ccccc1)C(=O)N1C[C@@H](Sc2ccccc2)C[C@H]1C(=O)O,60.0,0.09116000000000002,-2.8183469338753055,zofenopril,1
C[C@H](Cc1cc2c(c(C(N)=O)c1)N(CCCO)CC2)NCCOc1ccccc1OCC(F)(F)F,4.0,0.0267,-2.175548729963387,silodosin,1
C[C@H](C(=O)O)c1cccc(Oc2ccccc2)c1,600.0,35.199999999999996,-1.2316085869055127,(s)-fenoprofen,1
C[C@H](/C=C/[C@H](C)C(C)(C)O)[C@H]1CC[C@H]2/C(=C/C=C3C[C@@H](O)C[C@H](O)C3)CCC[C@]12C,0.004,0.00017000000000000012,-1.3716110699496882,paricalcitol,1
c1ccc([C@H]2CN3CCSC3=N2)cc1,350.0,1.53,-2.359376613532677,levamisole,1
[2H]C([2H])([2H])Oc1cc2c(cc1OC([2H])([2H])[2H])[C@@H]1CC(=O)[C@@H](CC(C)C)CN1CC2,25.0,0.00026999999999999995,-4.966576244513051,deutetrabenazine,1
C[C@@]1(O)CC[C@H]2[C@H](CC[C@@H]3[C@@H]2CC[C@]2(C)[C@@H](C(=O)Cn4cc(C#N)cn4)CC[C@@H]32)C1,30.0,0.018300000000000007,-3.214670164989233,zuranolone,1
C[C@H](NCc1ccc(OCc2cccc(F)c2)cc1)C(N)=O,63.0,0.4093,-2.187298804808312,safinamide,1
Oc1ccc2c(c1)N=C(N1CCNCC1)c1cc(Cl)ccc1O2,50.0,0.058039999999999994,-2.9352426005703207,8-hydroxyamoxapine,1
Oc1ccc(C2CNCCc3c2cc(O)c(O)c3Cl)cc1,100.0,0.06330000000000001,-3.198596289982645,fenoldopam,1
C[C@H](N[C@@H](CCc1ccccc1)C(=O)O)C(=O)N1CC2(C[C@H]1C(=O)O)SCCS2,3.0,0.025,-2.0791812460476247,spiraprilat,1
Oc1cc(Cl)ccc1Oc1ccc(Cl)cc1Cl,4.0,0.21010000000000004,-1.2796339389220097,triclosan,1
OCc1cc([C@@H](O)CNCCCCCCOCCOCc2c(Cl)cccc2Cl)ccc1O,0.5,4.400000000000004e-05,-4.055517327849831,vilanterol,1
OCC(Cl)(Cl)Cl,1500.0,15.83682,-1.9764232784625464,trichloroethanol,1
C[C@H](Cc1ccccc1)NCCC(c1ccccc1)c1ccccc1,200.0,0.050700000000000016,-3.596022036330645,(-)-prenylamine,1
C[C@H](N)Cc1ccccc1,30.0,0.032200000000000006,-2.9692653830238314,dextroamphetamine,1
Oc1ccc2c(c1)Oc1ccc(Cl)cc1C(N1CCNCC1)=N2,50.0,0.01947,-3.409604052815987,7-hydroxyamoxapine,1
C(=C/c1ccccc1)\CN1CCN(C(c2ccccc2)c2ccccc2)CC1,25.0,0.03539,-2.8490594460345227,cinnarizine,1
C[C@@H]1CCO[C@H]2Cn3cc(C(=O)NCc4ccc(F)cc4F)c(=O)c(O)c3C(=O)N12,2.0,0.23100000000000004,-0.9374180157718368,dolutegravir (s/gsk1394572),1
C[C@@H](NCCc1ccc(O)cc1)[C@@H](O)c1ccc(O)cc1,10.0,0.0041,-3.3872161432802645,ritodrine,1
C/C=C1\[C@H]2C=C(C)C[C@]1(N)c1ccc(=O)[nH]c1C2,0.99,0.008400000000000005,-2.071355908535668,huperzine a,1
C/C=C/C[C@@H](C)[C@@H](O)[C@H]1C(=O)N[C@@H](CC)C(=O)N(C)CC(=O)N(C)[C@@H](CC(C)C)C(=O)N[C@@H](C(C)C)C(=O)N(C)[C@@H](CC(C)C)C(=O)N[C@@H](C)C(=O)N[C@H](C)C(=O)N(C)[C@@H](CC(C)C)C(=O)N(C)[C@@H](CC(C)C)C(=O)N(C)[C@@H](C(C)C)C(=O)N1C,372.5,1.22,-2.4847664464095636,cyclosporine,1
C[C@@H]1C[C@H]2[C@@H]3CCC4=CC(=O)C=C[C@]4(C)[C@@]3(F)[C@@H](O)C[C@]2(C)[C@@]1(O)C(=O)CO,0.75,0.009,-1.9208187539523753,dexamethasone,1
C#C[C@]1(O)CC[C@H]2[C@@H]3CCC4=CC(=O)CC[C@@H]4[C@H]3CC[C@@]21C,0.3,0.004360000000000003,-1.837634765451076,norethisterone (norethindrone),1
C#C[C@]1(O)CC[C@H]2[C@@H]3CCC4=CC(=O)CC[C@@H]4[C@H]3C(=C)C[C@@]21CC,0.15,0.0012900000000000006,-2.065501548756432,etonogestrel,1
C[C@@H]1CN(C(=O)c2ccc(NC(=O)c3cc(O[C@H](C)c4c(Cl)ccc(F)c4Cl)c(N)nn3)cc2)C[C@H](C)N1,225.0,0.264,-2.9305785912415314,Ensartinib,1
C[C@@H]1CN([C@H]2CC[C@](C#N)(c3ccc(F)cc3)CC2)CC[C@]1(C(=O)O)c1ccccc1,0.5,0.007400000000000003,-1.8297382846050425,levocabastine,1
C#C[C@]1(O)CC[C@H]2[C@@H]3CCC4=Cc5oncc5C[C@]4(C)[C@H]3CC[C@@]21C,400.0,0.0696,-3.7594507517174005,danazol,1
OCCOCCN1CCN(C(c2ccccc2)c2ccc(Cl)cc2)CC1,46.62,0.07178000000000001,-2.812568815187337,hydroxyzine,1
C[C@@H]1C[C@H]2[C@@H]3CCC4=CC(=O)C=C[C@]4(C)C3=CC[C@]2(C)[C@@]1(O)C(=O)CO,7.0,0.013100000000000007,-2.7278267443584925,vamorolone,1
C[C@]12CCC(=O)C=C1CC[C@H]1[C@@H]3CC[C@](O)(C(=O)CO)[C@@]3(C)C[C@H](O)[C@@]12F,0.1,0.00124,-1.9065783148377649,fludrocortisone,1
O=[N+]([O-])O[C@H]1CO[C@H]2[C@@H]1OC[C@H]2O[N+](=O)[O-],120.0,0.0237,-3.704432900037521,isosorbide dinitrate,1
C[C@]12CC[C@@H]3c4ccc(O)cc4CC[C@H]3[C@@H]1[C@@H](O)[C@@H](O)[C@@H]2O,1.0,0.00055,-3.2596373105057563,estetrol,1
O=[N+]([O-])OCC(CO[N+](=O)[O-])O[N+](=O)[O-],13.0,0.0004200000000000001,-4.490694061908936,nitroglycerin,1
C[C@]12C=CC(=O)C=C1CC[C@H]1[C@@H]3C[C@@H](O)[C@](O)(C(=O)CO)[C@@]3(C)C[C@H](O)[C@@]12F,5.0,0.010500000000000006,-2.6777807052660805,triamcinolone,1
O=c1[nH]c(=O)n([C@H]2C[C@H](O)[C@@H](CO)O2)cc1/C=C/Br,125.0,1.82,-1.8368386250229816,brivudine,1
C[C@]12CCC(=O)C=C1C=C[C@@H]1[C@@H]2CC[C@@]2(C)[C@H]1CC[C@@]2(O)CCC(=O)O,100.0,4.126,-1.3844707763628672,canrenoic acid,1
O=c1[nH]c(=O)c2cn[nH]c2[nH]1,200.0,4.10705,-1.6875000055953506,oxypurinol,1
C[C@]12CCC(=O)C=C1CC[C@@H]1[C@@H]2C(=O)C[C@@]2(C)[C@H]1CC[C@]2(O)C(=O)CO,5.0,0.015739999999999997,-2.501965276312973,cortisone,1
C[C@]12CCC(=O)C=C1CC[C@@H]1[C@@H]2CC[C@@]2(C)[C@H]1CC[C@]2(C)O,10.0,0.02057,-2.686765708305276,methyltestosterone,1
Cc1[nH]c(=O)c(C#N)cc1-c1ccncc1,2.13,0.04060000000000001,-1.7198535698615434,milrinone,1
O=C1c2cccc3c2[C@H](CCC3)CN1[C@@H]1CN2CCC1CC2,0.25,0.0006700000000000002,-2.571865205971211,palonosetron,1
O=P1(NCCCl)OCCCN1CCCl,2595.0,52.217800000000004,-1.6963187916716413,ifosfamide,1
O=P(O)(O)C(Sc1ccc(Cl)cc1)P(=O)(O)O,400.0,2.9999999999999996,-2.1249387366083,tiludronic acid,1
C[C@]12COC(=O)C[C@@H]1CC[C@@H]1[C@@H]2CC[C@@]2(C)[C@H]1CC[C@]2(C)O,10.0,0.4066,-1.3908326256979802,oxandrolone,1
C[N+](C)(C)CC(=O)[O-],3500.0,110.00197000000001,-1.502667581442339,betaine,1
C[N+](C)([O-])CCC=C1c2ccccc2CCc2ccccc21,50.0,0.48380000000000006,-2.014304140310158,amitriptylinoxide,1
C[N+]1(C)CCC(=C(c2ccccc2)c2ccccc2)CC1,250.0,0.040850000000000004,-3.7867479478036032,diphemanil,1
C[S+](CC[C@H](N)C(=O)[O-])C[C@H]1O[C@@H](n2cnc3c(N)ncnc32)[C@H](O)[C@@H]1O,500.0,0.93737,-2.727058954280209,ademetionine (same),1
OC(CCN1CCCCC1)(c1ccccc1)C1CCCCC1,4.0,0.006680000000000002,-2.7772835288524167,trihexyphenidyl,1
C[C@H]1C[C@H]2[C@@H]3CCC4=CC(=O)C=C[C@]4(C)[C@@]3(F)[C@@H](O)C[C@]2(C)[C@@]1(O)C(=O)CO,2.0,0.024700000000000007,-1.9083330424043154,betamethasone,1
C[C@H]1O[C@@H](O[C@H]2[C@@H](O)C[C@H](O[C@H]3[C@@H](O)C[C@H](O[C@H]4CC[C@@]5(C)[C@H](CC[C@@H]6[C@@H]5CC[C@]5(C)[C@@H](C7=CC(=O)OC7)CC[C@]65O)C4)O[C@@H]3C)O[C@@H]2C)C[C@H](O)[C@@H]1O,0.56,0.030100000000000005,-1.2696215314123571,digitoxin,1
OC(CCN1CCCCC1)(c1ccccc1)C1CC2C=CC1C2,4.0,0.003930000000000003,-3.0076674409525355,biperiden,1
OC1(c2ccc(Cl)cc2)c2ccccc2C2=NCCN21,2.0,0.005070000000000001,-2.596022036330645,mazindol,1
C[C@H](N[C@@H](CCc1ccccc1)C(=O)O)C(=O)N1[C@H](C(=O)O)C[C@H]2CCCC[C@@H]21,1.0,0.0010700000000000004,-2.9706162223147903,trandolaprilat,1
C[C@H](O)[C@H](O)[C@H]1CNc2nc(N)[nH]c(=O)c2N1,730.0,0.08409999999999998,-3.9385268643225437,sapropterin,1
C[C@H]1CN(C[C@H](Cc2ccccc2)C(=O)NCC(=O)O)CC[C@@]1(C)c1cccc(O)c1,6.0,0.008790000000000004,-2.8341623753098717,alvimopan,1
C[C@]1(COc2ccc(N3CCC(Oc4ccc(OC(F)(F)F)cc4)CC3)cc2)Cn2cc([N+](=O)[O-])nc2O1,25.0,0.136,-2.26440110030182,delamanid,1
C[C@]1(O)CC[C@H]2[C@@H]3CCC4=CC(=O)CC[C@]4(C)[C@@]3(F)[C@@H](O)C[C@@]21C,10.0,0.08000000000000002,-2.0969100130080562,fluoxymesterone,1
C[C@]12C/C(=C/O)C(=O)C[C@@H]1CC[C@@H]1[C@@H]2CC[C@@]2(C)[C@H]1CC[C@]2(C)O,50.0,0.0188,-3.424812155072339,oxymetholone,1
O=c1c(O)c(-c2ccc(O)c(O)c2)oc2cc(O)cc(O)c12,16.0,0.0235,-2.8330521203841887,quercetin,1
C[C@]12C=CC(=O)C=C1CC[C@@H]1[C@@H]2C(=O)C[C@@]2(C)[C@H]1CC[C@]2(O)C(=O)CO,10.0,0.024499999999999997,-2.6108339156354674,prednisone,1
O=c1[nH]c2cc(Cl)ccc2o1,400.0,7.15,-1.7477539495268817,chlorzoxazone,1
O=c1[nH]c(=O)n([C@H]2C[C@H](O)[C@@H](CO)O2)cc1C(F)(F)F,60.55,0.09600000000000002,-2.7998429144395027,trifluridine,1
OC(CCN1CCCC1)(c1ccccc1)C1CCCCC1,10.0,0.116,-1.9355420107730814,procyclidine,1
O=c1oc2ccccc2c(O)c1Cc1c(O)c2ccccc2oc1=O,600.0,39.28,-1.1839797712687314,dicoumarol,1
C[C@H]1O[C@H](O[C@H]2[C@H](O)[C@@H](O)[C@@H](O[C@@H]([C@H](O)[C@@H](O)C=O)[C@H](O)CO)O[C@@H]2CO)[C@H](O)[C@@H](O)[C@@H]1N[C@H]1C=C(CO)[C@@H](O)[C@H](O)[C@H]1O,300.0,0.011000000000000005,-4.435728569561437,acarbose,1
C[C@H]1[C@@H](O)O[C@@H]2O[C@]3(C)CC[C@H]4[C@H](C)CC[C@@H]1[C@]24OO3,103.0,0.18100000000000005,-2.7551586498359875,artenimol (dihydroartemisinin),1
C[C@H]1[C@H](NC(=O)/C(=N\OC(C)(C)C(=O)O)c2csc(N)n2)C(=O)N1S(=O)(=O)O,500.0,0.14000000000000004,-3.5528419686577806,aztreonam,1
C[C@H]1[C@H](OC(=O)CCC(=O)O)O[C@@H]2O[C@@]3(C)CC[C@H]4[C@H](C)CC[C@@H]1[C@@]24OO3,200.0,0.11000000000000001,-3.2596373105057563,artesunate,1
C[C@H]1c2cccc(O)c2C(=O)C2=C(O)[C@]3(O)C(=O)C(C(N)=O)=C(O)[C@@H](N(C)C)[C@@H]3[C@@H](O)[C@@H]21,100.0,1.6133,-1.7922848661944335,doxycycline,1
Nc1ncn([C@@H]2O[C@H](CO)[C@@H](O)[C@H]2O)c(=O)n1,300.0,0.145,-3.3157532524846878,azacitidine,1
NC(=O)c1cn(Cc2c(F)cccc2F)nn1,1200.0,4.166,-2.459461980435898,rufinamide,1
NC(=O)c1cnccn1,1890.0,38.699999999999996,-1.6887508391543329,pyrazinamide,1
NC(=O)c1ncn([C@@H]2O[C@H](CO)[C@@H](O)[C@H]2O)n1,600.0,0.782,-2.8849444973237954,ribavirin,1
NC(N)=NCC1COC2(CCCCC2)O1,25.0,0.042000000000000016,-2.774690718274137,guanadrel,1
Nc1nc2c(c(=O)[nH]1)N(C=O)C(CNc1ccc(C(=O)N[C@@H](CCC(=O)O)C(=O)O)cc1)CN2,75.0,0.64,-2.068881289407813,leucovorin,1
NC(=O)c1ccc2c(c1O)[C@]13CCN(CC4CC4)[C@H](C2)[C@]1(O)CCC(=O)C3,11.0,0.0252,-2.639992144376681,samidorphan,1
NC(=O)c1ccccc1O,1500.0,30.899999999999995,-1.6861327796308467,salicylamide,1
NC(=O)c1cccnc1,187.5,3.3,-1.7544873321858503,nicotinamide,1
Nc1nc(=S)c2[nH]cnc2[nH]1,40.0,0.00836,-3.679853713888946,tioguanine,1
Nc1nc(=O)n([C@@H]2CS[C@H](CO)O2)cc1F,200.0,2.26839,-1.9453122715952467,emtricitabine,1
NCCCCCC(=O)O,500.0,16.355,-1.4853194558750182,aminocaproic acid,1
NCCCCN(Cc1nc2ccccc2[nH]1)[C@H]1CCCc2cccnc21,50.0,0.159,-2.4975728800155674,Mavorixafor,1
NCCCC(=O)O,2000.0,0.68853,-3.4631071279764667,gamma-aminobutyric acid,1
NC1(C(=O)N[C@@H](CCO)c2ccc(Cl)cc2)CCN(c2ncnc3[nH]ccc23)CC1,80.0,0.12100000000000001,-2.8203046166754935,capivasertib,1
Nc1nc(N)c2nc(-c3ccccc3)c(N)nc2n1,100.0,0.11800000000000002,-2.9281179926938745,triamterene,1
Nc1nc(F)nc2c1ncn2[C@@H]1O[C@H](CO)[C@@H](O)[C@@H]1O,74.0,0.2790000000000001,-2.4236275164573784,fludarabine,1
NC12CC3CC(CC(C3)C1)C2,100.0,0.40182999999999996,-2.3959576426298583,amantadine,1
Nc1nc(Cl)nc2c1ncn2[C@H]1C[C@H](O)[C@@H](CO)O1,10.0,0.025500000000000002,-2.593459819566045,cladribine,1
NC1=NC(=O)C(c2ccccc2)O1,50.0,0.9950000000000001,-1.7011469235902934,pemoline,1
NCC(=O)CCC(=O)O,100.0,4.6499999999999995,-1.3325470471100462,aminolevulinic acid,1
NC(=O)CC[C@H](N)C(=O)O,7000.0,149.99999999999994,-1.6690067809585758,l-glutamine,1
NC(=O)CN1CCCC1=O,800.0,14.530000000000001,-1.740824372693922,piracetam,1
O=C(NCCN1CCOCC1)c1ccc(Cl)cc1,150.0,2.109,-1.852014679316195,moclobemide,1
NC(=O)C[S@@+]([O-])C(c1ccccc1)c1ccccc1,50.0,1.3,-1.585026652029182,armodafinil,1
NC(=O)N1CCC(CC(=O)N2CCC([C@H]3c4ncc(Br)cc4CCc4cc(Cl)cc(Br)c43)CC2)CC1,100.0,0.32300000000000006,-2.490797477668897,lonafarnib,1
NC(=O)N1c2ccccc2C=Cc2ccccc21,100.0,1.01,-1.9956786262173574,carbamazepine,1
O=C(NCCNCC(O)COc1ccc(O)cc1)N1CCOCC1,200.0,0.146,-3.136677139879544,xamoterol,1
NC(=O)C(c1ccccc1)(c1ccccc1)[C@@H]1CCN(CCc2ccc3c(c2)CCO3)C1,20.0,0.0038100000000000005,-3.720105019988362,darifenacin,1
O=C(CCCN1CCC(O)(c2ccc(Br)cc2)CC1)c1ccc(F)cc1,10.0,0.00451,-3.3458234581220396,bromperidol,1
O=C(CCCCCCC(=O)Nc1ccccc1)NO,400.0,0.31719,-3.1007405044014313,vorinostat,1
O=C(/C=C\n1cnc(-c2cc(C(F)(F)F)cc(C(F)(F)F)c2)n1)NNc1cnccn1,100.0,0.6930000000000001,-2.1592667653881934,selinexor,1
NC(=O)N1c2ccccc2CC(O)c2ccccc21,300.0,2.33,-2.1097653336936433,licarbazepine,1
NC(=O)N1c2ccccc2C[C@@H](O)c2ccccc21,300.0,0.76287,-2.5946707181971242,(r)-licarbazepine,1
O=C(NC1CCN(CCc2c[nH]c3ccccc23)CC1)c1ccccc1,50.0,0.02671,-3.2722961163146462,indoramin,1
O=C(Cn1ccnc1[N+](=O)[O-])NCc1ccccc1,100.0,2.2,-1.6575773191777938,benznidazole,1
O=C(CCCN1CCC(n2c(O)nc3ccccc32)CC1)c1ccc(F)cc1,6.0,0.007299999999999999,-2.914828390263188,benperidol,1
O=C(CCCN1CCC(O)(c2ccc(Cl)cc2)CC1)c1ccc(F)cc1,5.0,0.0012900000000000006,-3.5883802940367695,haloperidol,1
NC(=O)NO,2000.0,60.36866,-1.5202184597155026,hydroxyurea,1
NC(=O)N[C@@H](CCC(=O)O)C(=O)O,7000.0,3.284,-3.3286948915668537,carglumic acid,1
NC(=O)OCC(COC(N)=O)c1ccccc1,600.0,0.008899999999999998,-4.828761243738731,felbamate,1
NC(=O)OCC(O)COc1ccc(Cl)cc1,250.0,3.43,-1.8626458886292672,chlorphenesin carbamate,1
N[C@@H]1CONC1=O,250.0,19.419999999999998,-1.1096907831000515,cycloserine,1
Nc1ccn([C@@H]2CS[C@H](CO)O2)c(=O)n1,450.0,3.605,-2.096307244719896,lamivudine,1
N[C@@H]1C[C@H]1c1ccccc1,20.0,0.014300000000000009,-3.145693958198919,(+)-tranylcypromine,1
Nc1ccn(C[C@@H](CO)OCP(=O)(O)O)c(=O)n1,140.0,0.03110000000000001,-3.6533676466514002,cidofovir,1
Nc1ccncc1N,30.0,0.025500000000000002,-3.070581074285707,amifampridine,1
N[C@@H](CSCC(=O)O)C(=O)O,750.0,6.89,-2.0368420414840744,carbocisteine,1
N[C@@H](Cc1c[nH]c2ccccc12)C(=O)O,700.0,24.999999999999993,-1.4471580313422194,tryptophan,1
N[C@@H](Cc1ccc(O)c(O)c1)C(=O)O,250.0,1.077,-2.365724305374056,levodopa,1
N[C@@H](Cc1cc(I)c(Oc2ccc(O)c(I)c2)c(I)c1)C(=O)O,0.02,0.0017100000000000004,-1.0680338852718272,liothyronine (l-t3),1
N[C@@H](Cc1ccc(N(CCCl)CCCl)cc1)C(=O)O,5.0,0.052129999999999996,-1.9818822794089999,melphalan,1
Nc1ccncc1,10.0,0.04270000000000001,-2.369572124974976,dalfampridine,1
Nc1ccc(/N=N/c2ccccc2)c(N)n1,200.0,0.065,-3.4881166390211256,phenazopyridine,1
Nc1ccc(O)c(C(=O)O)c1,1200.0,0.857,-3.1462004241244266,mesalazine (5-asa),1
Nc1cccc2c1CN(C1CCC(=O)NC1=O)C2=O,400.0,4.586,-1.9406259409340423,lenalidomide,1
N[C@H](C(=O)O)[C@H](O)c1ccc(O)c(O)c1,200.0,0.9650000000000001,-2.3165026823201886,droxidopa,1
N[C@H]1C[C@@H]1c1ccccc1,20.0,0.056100000000000004,-2.5520671344078196,(-)-tranylcypromine,1
Nc1c2c(nc3ccccc13)CCCC2,25.0,0.009389999999999997,-3.425274416405927,tacrine,1
Nc1c2c(nc3ccccc13)CCCC2O,40.0,0.032299999999999995,-3.0928574689968595,1-hydroxytacrine,1
Nc1nc(=O)c2ncn(CCC(CO)CO)c2[nH]1,250.0,1.5899999999999999,-2.196542884351586,penciclovir,1
NNc1nncc2ccccc12,25.0,0.16733000000000003,-2.17436619761735,hydralazine,1
NS(=O)(=O)Cc1noc2ccccc12,100.0,0.9719900000000001,-2.0123382031469346,zonisamide,1
Nc1nc(-n2cc(C(=O)O)c(=O)c3cc(F)c(N4CC(O)C4)c(Cl)c32)c(F)cc1F,50.0,0.9490000000000001,-1.7217037919087261,delafloxacin,1
Nc1nc(=O)c2nc(CNc3ccc(C(=O)N[C@@H](CCC(=O)O)C(=O)O)cc3)cnc2[nH]1,2.3,0.133,-1.237876195050507,folic acid,1
NCCCC[C@H](N[C@@H](CCc1ccccc1)C(=O)O)C(=O)N1CCC[C@H]1C(=O)O,10.0,0.05100000000000001,-2.2924298239020637,lisinopril,1
NCCNCCNCCN,600.0,0.866,-2.840633358366297,triethylenetetramine,1
NCCS,1200.0,4.87601,-2.3911166584244214,cysteamine,1
NCCS(=O)(=O)O,4000.0,84.16999999999994,-1.6769026641520641,taurine,1
NC[C@H]1CC[C@H](C(=O)O)CC1,1000.0,6.999999999999999,-2.154901959985743,tranexamic acid,1
NNCCc1ccccc1,15.0,0.010140000000000001,-3.170053304058364,phenelzine,1
NNc1nnc(NN)c2ccccc12,20.0,0.04662000000000001,-2.6324577264794233,dihydralazine,1
N[C@@H](C(=O)N[C@@H]1C(=O)N2C(C(=O)O)=C(Cl)CC[C@H]12)c1ccccc1,200.0,9.009999999999998,-1.3463052046849184,loracarbef,1
NS(=O)(=O)c1cc(C2(O)NC(=O)c3ccccc32)ccc1Cl,25.0,1.9520000000000002,-1.1074601953413645,chlorthalidone,1
NS(=O)(=O)c1cc(Cl)c(Cl)c(S(N)(=O)=O)c1,25.0,0.298,-1.9237237445957824,diclofenamide,1
NS(=O)(=O)c1cc2c(cc1Cl)NC=NS2(=O)=O,500.0,0.513,-2.9888526392242025,chlorothiazide,1
NS(=O)(=O)c1cc2c(cc1Cl)NC(C(Cl)Cl)NS2(=O)=O,4.0,0.03879,-2.013340211727906,trichlormethiazide,1
Cc1ncc2n1-c1ccc(Cl)cc1C(c1ccccc1F)=NC2,8.0,0.04420000000000001,-2.2576677176428515,midazolam,1
O=C(O)P(=O)(O)O,12420.0,8.177659999999998,-3.181492545772087,foscarnet,1
Cc1nnc(C(=O)NC(C)(C)c2nc(C(=O)NCc3ccc(F)cc3)c(O)c(=O)n2C)o1,10.0,0.25777,-1.5887676284589305,raltegravir,1
N=C(N)NC(=O)Cc1c(Cl)cccc1Cl,3.0,0.005500000000000001,-2.7367585652254185,guanfacine,1
Cc1noc(NS(=O)(=O)c2ccc(N)cc2)c1C,1000.0,90.0,-1.0457574905606752,sulfisoxazole,1
Cc1nsc(-c2nnc3n2CCN(C(=O)c2ccc(F)cc2)[C@@H]3C)n1,12.0,0.07750000000000003,-2.1898795435413145,fezolinetant,1
Cc1onc(-c2c(Cl)cccc2Cl)c1C(=O)N[C@@H]1C(=O)N2[C@@H]1SC(C)(C)[C@@H]2C(=O)O,500.0,24.279999999999998,-1.313721321932799,dicloxacillin,1
O=C(O)CSCC(=O)NC1CCSC1=O,600.0,2.5060000000000002,-2.3791701837255124,erdosteine,1
Cc1onc(-c2c(F)cccc2Cl)c1C(=O)N[C@@H]1C(=O)N2[C@@H]1SC(C)(C)[C@@H]2C(=O)O,750.0,34.499999999999986,-1.3372421683184261,flucloxacillin,1
O=C(O)COc1nn(Cc2ccccc2)c2ccccc12,500.0,41.9,-1.0767559813697236,bendazac,1
O=C(O)C[C@H]1CCc2c1[nH]c1ccc(OCc3ccc(C4CCCC4)c(C(F)(F)F)c3)cc21,5.0,0.10200000000000002,-1.6903698325741012,etrasimod,1
O=C(O)C[C@H](O)C[C@H](O)/C=C/c1c(C2CC2)nc2ccccc2c1-c1ccc(F)cc1,4.0,0.23291,-1.2348718559423353,pitavastatin,1
O=C(O)c1cccc(-c2noc(-c3ccccc3F)n2)c1,1448.0,45.70000000000001,-1.500852361791278,ataluren,1
Cc1n[nH]c(C)c1CCCOc1cc(C(=O)O)ccc1F,50.0,2.11,-1.3746875490383261,Acoramidis,1
O=C(O)c1ccccc1,11184.0,336.5,-1.5216120898416106,benzoic acid,1
Cc1cnc(C(=O)N[C@H]2CCCCC/C=C\[C@@H]3C[C@@]3(C(=O)NS(=O)(=O)C3CC3)NC(=O)[C@@H]3C[C@@H](Oc4nc5ccccc5c5ccccc45)CN3C2=O)cn1,300.0,0.12000000000000001,-3.3979400086720375,paritaprevir,1
Cc1nc(Nc2ncc(C(=O)Nc3c(C)cccc3Cl)s2)cc(N2CCN(CCO)CC2)n1,50.0,0.08763999999999998,-2.756267635447351,dasatinib,1
Cc1ncc(C[n+]2csc(CCO)c2C)c(N)n1,50.0,0.009370000000000005,-3.72723041344824,thiamine,1
O=C(O)c1ccc2nc(-c3cc(Cl)cc(Cl)c3)oc2c1,400.0,20.36,-1.2932822176632413,tafamidis,1
O=C(O)c1cc(O)c2c(c1)C(=O)c1cccc(O)c1C2=O,50.0,3.1999999999999997,-1.193820026016113,rhein,1
O=C(O)[C@H](c1ccccc1Cl)N1CCc2sccc2C1,75.0,2.6088600000000004,-1.4586104893351106,clopidogrel carboxylic acid,1
O=C(O)c1cc(/N=N/c2ccc(O)c(C(=O)O)c2)ccc1O,4000.0,9.67174,-2.616555378215013,olsalazine,1
Cc1nc(NC(=O)N2CCC[C@H]2C(N)=O)sc1-c1ccnc(C(C)(C)C(F)(F)F)c1,400.0,1.32,-2.4814860601221125,alpelisib,1
Cn1ncnc1[C@H]1c2n[nH]c(=O)c3cc(F)cc(c23)N[C@@H]1c1ccc(F)cc1,1.0,0.007700000000000003,-2.113509274827518,talazoparib,1
O=C(O)CCCC[C@@H]1CCSS1,200.0,3.7817,-1.7233429221100853,lipoic acid (r-lipoic acid),1
O=C(O)CCC(=O)c1ccc(-c2ccccc2)cc1,600.0,3.8299999999999996,-2.194952476415021,fenbufen,1
Cn1nnc2c(C(N)=O)ncn2c1=O,259.5,7.499999999999999,-1.5390760987927767,temozolomide,1
FC(F)(F)c1ccc(CNc2ccc(Cc3c[nH]c4ncc(Cl)cc34)cn2)cn1,400.0,4.657,-1.9339537533952311,pexidartinib,1
Fc1ccc([C@@H]2CCNC[C@H]2COc2ccc3c(c2)OCO3)cc1,7.5,0.00277,-3.4325814943272515,paroxetine,1
O=C(O)CCCc1ccc(N(CCCl)CCCl)cc1,40.0,1.4000000000000001,-1.4559319556497243,chlorambucil,1
Cn1c(Cn2ccc(C(F)(F)F)c(Oc3cc(Cl)cc(C#N)c3)c2=O)n[nH]c1=O,300.0,1.6269200000000001,-2.265755056676937,doravirine,1
O=C(O)CCCO,3960.0,79.99999999999997,-1.6946051989335689,gamma-hydroxybutyric acid,1
Cn1cc(-c2cc3c(N4CCN(c5ncc([C@@](C)(N)c6ccc(F)cc6)cn5)CC4)ncnn3c2)cn1,300.0,0.49200000000000005,-2.785156151952302,avapritinib,1
Cn1cc[nH]c1=S,10.0,0.24599000000000004,-1.6090825475026886,methimazole,1
O=C(Nc1nc(-c2cc(Cl)cs2)c(N2CCN(C3CCCCC3)CC2)s1)c1cnc(N2CCC(C(=O)O)CC2)c(Cl)c1,3.0,0.017100000000000008,-2.2441251443275085,avatrombopag,1
N#Cc1c(N2C[C@@H]3NCCO[C@H]3C2)c(F)cc2c(=O)c(C(=O)O)cn(C3CC3)c12,50.0,0.44000000000000006,-2.0555173278498313,finafloxacin,1
O=C(Nc1ccc(C[C@@H]2CC[C@H]([C@H](O)c3ccccc3)N2)cc1)[C@@H]1CCc2nccc(=O)n21,75.0,0.1327,-2.7521903405272647,vibegron,1
O=C(NN1C(=O)[C@@H]2[C@@H]3C=C[C@@H]([C@H]4C[C@@H]34)[C@@H]2C1=O)c1ccc(C(F)(F)F)cc1,2000.0,2.553,-2.893979180859731,tecovirimat,1
N#CC(CCN1CCC(C(=O)O)(c2ccccc2)CC1)(c1ccccc1)c1ccccc1,5.0,0.040100000000000004,-2.0958256317158366,diphenoxylic acid,1
O=C(Nc1ncc([N+](=O)[O-])s1)c1ccccc1O,4000.0,41.999999999999986,-1.9788107009300622,tizoxanide,1
Clc1ccc2c(c1)C(N1CCNCC1)=Nc1ccccc1O2,150.0,0.07322000000000002,-3.311461534510169,amoxapine,1
Clc1cccc(Cl)c1NC1=NCCN1,0.075,0.00028000000000000003,-2.4279032320494807,clonidine,1
Cc1onc(-c2ccccc2Cl)c1C(=O)N[C@@H]1C(=O)N2[C@@H]1SC(C)(C)[C@@H]2C(=O)O,250.0,4.8,-1.7166987712964505,cloxacillin,1
Clc1ccc(COC(Cn2ccnc2)c2ccc(Cl)cc2Cl)cc1,250.0,2.1,-2.0757207139381184,econazole,1
Clc1ccc2c(N3CCN(CCCN4CCN(c5ccnc6cc(Cl)ccc56)CC4)CC3)ccnc2c1,500.0,0.035100000000000006,-4.153662887870195,piperaquine,1
Cn1c(CNc2ccc(C(=N)N)cc2)nc2cc(C(=O)N(CCC(=O)O)c3ccccn3)ccc21,10.0,0.008300000000000002,-3.080921907623926,dabigatran,1
O=C(O)CN1C(=O)[C@@H](N[C@@H](CCc2ccccc2)C(=O)O)CCc2ccccc21,10.0,0.19505,-1.7098540453521898,benazeprilat,1
O=C(O)CCCc1ccccc1,5000.0,217.99999999999994,-1.3605135107314141,phenylbutyrate,1
Clc1ccccc1C(c1ccccc1)(c1ccccc1)n1ccnc1,1000.0,0.80349,-3.095019523968271,clotrimazole,1
Cn1c(=O)c2[nH]cnc2n(C)c1=O,250.0,6.499999999999999,-1.585026652029182,theophylline,1
Cn1c(=O)c2c(ncn2C)n(C)c1=O,100.0,1.5,-1.8239087409443189,caffeine,1
Cn1c(=O)cc(N2CCC[C@@H](N)C2)n(Cc2ccccc2C#N)c1=O,800.0,6.993999999999999,-2.058364359018718,alogliptin,1
Cn1c(=O)c2c(ncn2CC(O)CO)n(C)c1=O,1000.0,15.619999999999997,-1.8063189704587186,dyphylline,1
CC1=C(CC(=O)O)c2cc(F)ccc2C1=Cc1ccc(S(C)(=O)=O)cc1,200.0,3.56,-1.749579997691106,sulindac sulfone,1
CC1=C[C@H](O)CC(C)(C)[C@H]1/C=C/C(C)=C/C=C/C(C)=C/C=C/C=C(C)/C=C/C=C(C)/C=C/C1=C(C)C[C@@H](O)CC1(C)C,19.91,0.42098,-1.674809796248654,lutein,1
CC1=NN(c2ccccc2)C(=O)C1,30.0,0.20800000000000002,-2.159057919756901,edaravone,1
C1CCC(C(CC2CCCCN2)C2CCCCC2)CC1,300.0,0.09944,-3.479560139086074,perhexiline,1
CC1=NS(=O)(=O)c2cc(Cl)ccc2N1,100.0,4.989999999999999,-1.3018994543766103,diazoxide,1
CC1=N[C@]2(C(=O)CO)[C@@H](C[C@H]3[C@@H]4CCC5=CC(=O)C=C[C@]5(C)[C@H]4[C@@H](O)C[C@@]32C)O1,3.0,0.010399999999999998,-2.4600879154208823,21-desacetyldeflazacort,1
CC1CS(=O)(=O)CCN1/N=C/c1ccc([N+](=O)[O-])o1,862.5,0.751,-3.0601191667411434,nifurtimox,1
CC12CC3CC(C)(C1)CC(N)(C3)C2,10.0,0.0116,-2.9355420107730814,memantine,1
CC1=C(/C=C/C(C)=C/C=C/C(C)=C/C=C/C=C(C)/C=C/C=C(C)/C=C/C2=C(C)CCCC2(C)C)C(C)(C)CCC1,30.0,0.1627,-2.2657337017828034,beta carotene,1
CC1=C(/C=C/C(C)=C/C=C/C(C)=C\C(=O)O)C(C)(C)CCC1,40.0,0.314,-2.1051303432547477,isotretinoin,1
CC1=C(/C=C/C(C)=C\C=C\C(C)=C\C(=O)O)C(C)(C)CCC1,5.0,0.024700000000000007,-2.306273051076353,alitretinoin (9-cis-retinoic acid),1
CC1=C(C(=O)O)N2C(=O)[C@@H](NC(=O)[C@H](N)C3=CCC=CC3)[C@H]2SC1,250.0,9.4,-1.424812155072339,cefradine,1
CC1=C(C(=O)O)N2C(=O)[C@@H](NC(=O)[C@H](N)c3ccccc3)[C@H]2SC1,250.0,12.000000000000002,-1.3187587626244128,cephalexin,1
CC1=C(CC(=O)O)c2cc(F)ccc2/C1=C\c1ccc([S+](C)[O-])cc1,150.0,3.8000000000000003,-1.596307662438871,sulindac,1
CCC(COC(=O)c1cc(OC)c(OC)c(OC)c1)(NC)c1ccccc1,125.0,0.9489,-2.119689566372671,benzoic acid,1
CCC(COC(=O)c1cc(OC)c(OC)c(OC)c1)(c1ccccc1)N(C)C,125.0,0.018140000000000007,-3.83827273028398,trimebutine,1
CC1O[C@@]2(CS1)CN1CCC2CC1,30.0,90.0,0.47712125471966244,cevimeline (sni-2011),1
CCC(c1ccccc1)c1c(O)c2ccccc2oc1=O,16.1,1.7,-0.9763769546535759,phenprocoumon,1
CCC1(CC)C(=O)NCC(C)C1=O,300.0,5.449999999999999,-1.74072475244302,methyprylon,1
CCC1(c2ccc(N)cc2)CCC(=O)NC1=O,500.0,5.909999999999999,-1.9273825234547635,aminoglutethimide,1
CCC(=O)N(c1ccccc1)C1(COC)CCN(CCc2cccs2)CC1,0.015,4.300000000000003e-06,-3.5426228034760943,sufentanil,1
CCC(=O)N(c1ccccc1)C1(COC)CCN(CCn2nnn(CC)c2=O)CC1,1.5,0.01600000000000001,-1.9719712763997563,alfentanil,1
CCC(=O)N1CC[C@H](Nc2ncnc3c2CN(c2cnc(OC)c(C(F)(F)F)c2)CC3)C1,400.0,13.513950000000001,-1.4712776835737158,leniolisib,1
CCC(=O)NCC[C@@H]1CCc2ccc3c(c21)CCO3,4.0,0.0011499999999999998,-3.5413621509743507,ramelteon,1
CCC(CO)NC(=O)[C@@H]1C=C2c3cccc4c3c(cn4C)C[C@H]2N(C)C1,2.0,0.0017700000000000005,-3.0530567293021744,methysergide,1
CCC(=O)O[C@]1(C(=O)CO)[C@@H](C)C[C@H]2[C@@H]3CCC4=CC(=O)C=C[C@]4(C)[C@@]3(Cl)[C@@H](O)C[C@@]21C,4.0,0.0007000000000000002,-3.7569619513137056,beclomethasone 17-monopropionate,1
CCC(C)n1ncn(-c2ccc(N3CCN(c4ccc(OC[C@H]5CO[C@](Cn6cncn6)(c6ccc(Cl)cc6Cl)O5)cc4)CC3)cc2)c1=O,100.0,0.038400000000000004,-3.415668775632469,itraconazole,1
CCC(CC)O[C@@H]1C=C(C(=O)O)C[C@H](N)[C@H]1NC(C)=O,20.0,0.06790000000000002,-2.4691602213834796,oseltamivir acid,1
CC(C)n1nccc1-c1ncccc1COc1cccc(O)c1C=O,1000.0,2.21,-2.6556077263148894,voxelotor,1
CC(CN(C)C)CN1c2ccccc2CCc2ccccc21,75.0,0.022400000000000007,-3.5248132450575373,trimipramine,1
CC(CN(C)C)CN1c2ccccc2Sc2ccccc21,20.0,0.004550000000000002,-3.6430185990068686,alimemazine,1
CC(N)C(O)c1ccccc1,25.0,0.11312000000000001,-2.3444006122192134,phenylpropanolamine,1
CC(N/C(=N/c1ccncc1)NC#N)C(C)(C)C,12.5,0.029800000000000007,-2.622693748931801,pinacidil,1
CC(O)c1cc(C(=O)N[C@@H](C)Cn2ccc(-c3ccc(C#N)c(Cl)c3)n2)n[nH]1,300.0,0.8,-2.574031267727719,darolutamide,1
CC(Oc1c(Cl)cccc1Cl)C1=NCCN1,0.36,0.0008200000000000001,-2.6424886483835706,lofexidine,1
CC(CN1c2ccccc2Sc2ccccc21)N(C)C,50.0,0.0193,-3.413412695328245,promethazine,1
CC(C)[C@H](N)C(=O)OCC(CO)OCn1cnc2c(=O)nc(N)[nH]c21,900.0,0.33742000000000005,-3.4260716883521574,valganciclovir,1
CC(C)[C@H](N)C(=O)OCCOCn1cnc2c(=O)nc(N)[nH]c21,1000.0,0.19136000000000006,-3.718148837691683,valaciclovir,1
CC(C)[C@H]1CC[C@H](C(=O)N[C@H](Cc2ccccc2)C(=O)O)CC1,30.0,1.5,-1.3010299956639813,nateglinide,1
CC(C)[N+](C)(CCOC(=O)C1c2ccccc2Oc2ccccc21)C(C)C,30.0,0.027090000000000003,-3.0443122496864943,propantheline,1
CC(C)c1nc(CN(C)C(=O)N[C@@H](CCN2CCOCC2)C(=O)N[C@H](CC[C@H](Cc2ccccc2)NC(=O)OCc2cncs2)Cc2ccccc2)cs1,50.0,0.06160000000000001,-2.909389292171593,cobicistat (gs-9350),1
CC(C)c1nc(CN(C)C(=O)N[C@H](C(=O)N[C@@H](Cc2ccccc2)C[C@H](O)[C@H](Cc2ccccc2)NC(=O)OCc2cncs2)C(C)C)cs1,400.0,5.103999999999999,-1.8941493256148565,ritonavir,1
CC(C)n1c(=O)cc(N[C@@H](C)c2ccccc2)[nH]c1=O,15.0,0.3954,-1.5790545940780278,mavacamten,1
CC1(C)O[C@@H]2[C@@H](CO[C@@]3(COS(N)(=O)=O)OC(C)(C)O[C@@H]23)O1,800.0,18.379999999999995,-1.6387444799418511,topiramate,1
CC1(C)S[C@@H]2[C@H](N=CN3CCCCCC3)C(=O)N2[C@H]1C(=O)O,200.0,2.829,-1.8493970482069904,mecillinam,1
CC1(C)S[C@@H]2[C@H](NC(=O)COc3ccccc3)C(=O)N2[C@H]1C(=O)O,400.0,5.14,-1.8910968723326866,phenoxymethylpenicillin,1
CC1(C)S[C@@H]2[C@H](NC(=O)[C@H](N)c3ccccc3)C(=O)N2[C@H]1C(=O)O,394.0,7.1000000000000005,-1.744237873106499,ampicillin,1
CC(S)C(=O)NCC(=O)O,500.0,3.2639599999999995,-2.1852251765231054,tiopronin,1
CC(c1cc2ccccc2s1)N(O)C(N)=O,200.0,1.4400000000000002,-2.1426675035687315,zileuton,1
CC(c1ccc(Cl)c(Cl)c1)N1N=C(N)CC1=O,40.0,0.27,-2.170696227168975,muzolimine,1
CC/C(=C(\c1ccccc1)c1ccc(OCCN(C)C)cc1)c1ccccc1,20.0,0.0342,-2.767003889607846,tamoxifen,1
CC1(C)CC[C@]2(NC(=O)C(C)(F)F)CC[C@]3(C)[C@H](C(=O)C=C4[C@@]5(C)C=C(C#N)C(=O)C(C)(C)[C@@H]5CC[C@]43C)[C@@H]2C1,150.0,0.03241,-3.665412228023471,omaveloxolone,1
CC1(C)NC(=O)N(c2ccc([N+](=O)[O-])c(C(F)(F)F)c2)C1=O,100.0,0.8,-2.0969100130080562,nilutamide,1
CC1(C)OC(=O)NC1=O,65.3,3.3200000000000003,-1.2937750975710376,dimethadione,1
CC1(C)CC(=O)N(CCCCN2CCN(c3ncccn3)CC2)C(=O)C1,20.0,0.018730000000000004,-3.028492218288744,gepirone,1
CCC1(c2ccccc2)C(=O)NC(=O)NC1=O,0.1,0.0026000000000000016,-1.5850266520291818,phenobarbital,1
CCCc1cc(=O)[nH]c(=S)[nH]1,50.0,1.62,-1.4894549897933878,propylthiouracil,1
CCCN(CCC)S(=O)(=O)c1ccc(C(=O)O)cc1,1000.0,69.6,-1.157390760389438,probenecid,1
CCCN1C[C@H](CSC)C[C@@H]2c3cccc4[nH]cc(c34)C[C@H]21,0.15,3.8000000000000016e-05,-3.596307662438871,pergolide,1
CCCN[C@H]1CCc2nc(N)sc2C1,0.25,0.0007300000000000004,-2.5346171485515816,pramipexole,1
CCCOC(C(=O)OC1CCN(C)CC1)(c1ccccc1)c1ccccc1,10.0,0.05279999999999999,-2.277366077466188,propiverine,1
CCCSc1ccc2nc(NC(=O)OC)[nH]c2c1,400.0,0.0153,-4.417368560510363,albendazole,1
CCCS(=O)(=O)N[C@H]1C[C@@H](N(C)c2ncnc3[nH]ccc23)C1,3.0,0.017100000000000008,-2.2441251443275085,abrocitinib,1
CCN(CC)C(=O)/C(C#N)=C/c1cc(O)c(O)c([N+](=O)[O-])c1,200.0,1.8079999999999998,-2.0438315695246367,entacapone,1
CCN(CC)C(=O)N1CCN(C)CC1,150.0,0.5,-2.4771212547196626,diethylcarbamazine,1
CCN(CC)C(=O)[C@@]1(c2ccccc2)C[C@H]1CN,25.0,0.04770000000000002,-2.7194216296319236,levomilnacipran,1
CCN(CC)C(=S)SSC(=S)N(CC)CC,250.0,0.38,-2.8181564120552274,disulfiram,1
CCN(CC)CC(=O)Nc1c(C)cccc1C,66.5,0.12700000000000003,-2.7190179243471477,lidocaine,1
CCN(CC)CCN1C(=O)CN=C(c2ccccc2F)c2cc(Cl)ccc21,30.0,0.0021000000000000007,-4.154901959985743,flurazepam,1
CCN(CC)Cc1cc(Nc2ccnc3cc(Cl)ccc23)ccc1O,200.0,0.01600000000000001,-4.096910013008056,amodiaquine,1
CCCn1c(=O)[nH]c(=O)c2[nH]cnc21,152.0,2.04,-1.8722134205188738,enprofylline,1
CCCCC1=NC2(CCCC2)C(=O)N1Cc1ccc(-c2ccccc2S(=O)(=O)Nc2noc(C)c2C)c(COCC)c1,400.0,6.969999999999998,-1.7588272132299532,sparsentan,1
CCCCC1C(=O)N(c2ccccc2)N(c2ccccc2)C1=O,100.0,14.169999999999996,-0.8486301497525397,phenylbutazone,1
CCCCCCC(C)(C)c1cc(O)c2c(c1)OC(C)(C)[C@@H]1CCC(=O)C[C@@H]21,2.0,0.002000000000000001,-3.0,nabilone,1
CCCCCCCCCCCCCCCCOCCCOP(=O)(O)CO[C@H](CO)Cn1ccc(N)nc1=O,1.75,0.0025800000000000016,-2.831418342723064,brincidofovir,1
CCC1(c2ccccc2)C(=O)NCNC1=O,500.0,8.97032,-1.7461620683426122,primidone,1
CCCC(C)(COC(N)=O)COC(=O)NC(C)C,350.0,2.31647,-2.1792413642094712,carisoprodol,1
CCCC(C)(COC(N)=O)COC(N)=O,400.0,7.669999999999999,-1.7172646273789816,meprobamate,1
CCCC(CCC)C(=O)O,500.0,62.22000000000001,-0.9050399975633341,valproic acid,1
CCCC1O[C@@H]2C[C@H]3[C@@H]4CCC5=CC(=O)C=C[C@]5(C)[C@H]4[C@@H](O)C[C@]3(C)[C@]2(C(=O)CO)O1,3.0,0.0008200000000000001,-3.563307402335946,budesonide,1
CCCCC(F)(F)[C@H](O)CC[C@H]1[C@H](O)CC(=O)[C@@H]1CCCCCCC(=O)O,0.024,4.900000000000004e-05,-2.690015161683092,15-hydroxy lubiprostone,1
CCCCC1(CC)C(=O)NC(=O)NC1=O,200.0,3.5000000000000004,-1.7569619513137056,butobarbital,1
CCCCC1(CCCC)CN(c2ccccc2)c2cc(SC)c(OCC(=O)N[C@@H](C(=O)N[C@@H](CC)C(=O)O)c3ccc(O)cc3)cc2S(=O)(=O)N1,7.2,0.00047000000000000026,-4.185234638495551,odevixibat,1
CCCCC1(CCCC)CS(=O)(=O)c2ccc(N(C)C)cc2[C@@H](c2ccc(OCc3ccc(C[N+]45CCN(CC4)CC5)cc3)cc2)[C@H]1O,30.0,0.0016500000000000006,-4.259637310505756,maralixibat,1
CCCCNc1cc(C(=O)O)cc(S(N)(=O)=O)c1Oc1ccccc1,1.0,0.0309,-1.5100415205751654,bumetanide,1
CCCCNc1ccc(C(=O)OCCOCCOCCOCCOCCOCCOCCOCCOCCOC)cc1,100.0,1.063,-1.9734667354767033,benzonatate,1
CCCC[N+]1(C)[C@@H]2C[C@@H](OC(=O)[C@H](CO)c3ccccc3)C[C@H]1[C@@H]1O[C@@H]12,10.0,6.199999999999998e-05,-5.2076083105017466,butylscopolamine,1
CCCCc1oc2ccc(NS(C)(=O)=O)cc2c1C(=O)c1ccc(OCCCN(CCCC)CCCC)cc1,400.0,0.0258,-4.1904402853647325,dronedarone,1
CCCCc1oc2ccccc2c1C(=O)c1cc(I)c(OCCN(CC)CC)c(I)c1,200.0,0.17028000000000004,-3.0698663541588824,amiodarone,1
CCCN(CCC)CCc1cccc2c1CC(=O)N2,1.0,0.001560000000000001,-2.806875401645538,ropinirole,1
CCCCCCCCc1ccc(CCC(N)(CO)CO)cc1,1.0,0.0006500000000000003,-3.1870866433571443,fingolimod,1
CCCCCCO[C@@H](C)c1cccc(-c2csc(NC(=O)c3cc(Cl)c(/C=C(\C)C(=O)O)c(Cl)c3)n2)c1OC,0.75,0.0192,-1.5917600346881504,lusutrombopag,1
CCCCCN(C)CCC(O)(P(=O)(O)O)P(=O)(O)O,50.0,0.024300000000000006,-3.3133637307377066,ibandronate,1
CCCCC[C@H](O)CC[C@@H]1[C@H]2Cc3cccc(OCC(=O)O)c3C[C@H]2C[C@H]1O,1.0,0.0004900000000000001,-3.309803919971486,treprostinil,1
CCCCCc1cc(O)c2c(c1)OC(C)(C)[C@@H]1CCC(C)=C[C@@H]21,5.0,0.00219,-3.3585258894959007,dronabinol,1
CCCCN1C[C@H](O)[C@@H](O)[C@H](O)[C@H]1CO,100.0,1.328,-1.8768019249680012,miglustat,1
C=C[C@H]1CN2CC[C@H]1C[C@@H]2[C@@H](O)c1ccnc2ccc(OC)cc12,10.0,0.016100000000000003,-2.79317412396815,quinidine,1
C=C[C@]1(C)C[C@@H](OC(=O)CS[C@@H]2CC[C@@H](N)C[C@H]2O)[C@]2(C)C(C)CC[C@]3(CCC(=O)[C@H]32)[C@@H](C)[C@@H]1O,600.0,1.5599999999999998,-2.5850266520291822,lefamulin,1
CC#CCC(C)[C@H](O)/C=C/[C@@H]1[C@H]2C/C(=C/CCCC(=O)O)C[C@H]2C[C@H]1O,0.069,0.00025,-2.4409090820652177,iloprost,1
CC(=O)CC(c1ccc([N+](=O)[O-])cc1)c1c(O)c2ccccc2oc1=O,4.0,0.18697,-1.3302880632923326,acenocoumarol,1
CC(=O)CC(c1ccccc1)c1c(O)c2ccccc2oc1=O,2.0,0.19,-1.0222763947111522,warfarin,1
C=CCN1C[C@H](C(=O)N(CCCN(C)C)C(=O)NCC)C[C@@H]2c3cccc4[nH]cc(c34)C[C@H]21,0.5,3.2999999999999996e-05,-4.180456064458132,cabergoline,1
C=CCNc1nc(NCC=C)nc(N2CCN(C(c3ccc(F)cc3)c3ccc(F)cc3)CC2)n1,25.0,0.038900000000000004,-2.8079904073463298,almitrine,1
C=C[C@@H]1C[C@]1(NC(=O)[C@@H]1C[C@@H](Oc2ncc(OC)c3ccc(Cl)cc23)CN1C(=O)[C@@H](NC(=O)OC(C)(C)C)C(C)(C)C)C(=O)NS(=O)(=O)C1CC1,10.0,0.0009600000000000006,-4.017728766960431,asunaprevir,1
CC(=O)O[C@H]1C[C@@]2(C)[C@@H](C[C@@H](O)[C@H]3[C@@]4(C)CC[C@@H](O)[C@@H](C)[C@@H]4CC[C@@]32C)/C1=C(\CCC=C(C)C)C(=O)O,550.0,32.599999999999994,-1.227145089426305,fusidic acid,1
CC(=O)O[C@]1(C(C)=O)CC[C@H]2[C@@H]3C=C(Cl)C4=CC(=O)[C@@H]5C[C@@H]5[C@]4(C)[C@H]3CC[C@@]21C,2.0,0.011179999999999999,-2.252588192113577,cyproterone acetate,1
CC(=O)Oc1cc(C(F)(F)F)ccc1C(=O)O,300.0,5.005,-1.777717172904325,triflusal,1
CC(=O)Oc1ccccc1C(=O)O,75.0,0.9710000000000001,-1.8878420334836952,acetylsalicylic acid,1
CC(=O)S[C@@H]1CC2=CC(=O)CC[C@]2(C)[C@H]2CC[C@@]3(C)[C@@H](CC[C@@]34CCC(=O)O4)[C@H]12,100.0,0.0474,-3.324221658325915,spironolactone,1
CC(=O)[C@@]1(O)CC[C@H]2[C@@H]3CCC4=CC(=O)CCC4=C3[C@@H](c3ccc(N(C)C)cc3)C[C@@]21C,5.0,0.04770000000000002,-2.020451625295905,ulipristal,1
CC(=O)[C@H]1CC[C@H]2[C@@H]3C=CC4=CC(=O)CC[C@@]4(C)[C@@H]3CC[C@]12C,10.0,0.0031300000000000013,-3.5044556624535512,dydrogesterone,1
CC(=O)[C@H]1CC[C@H]2[C@@H]3CCC4=CC(=O)CC[C@]4(C)[C@H]3CC[C@]12C,20.0,0.0030499999999999998,-3.8167301563171954,progesterone,1
CC(=O)CCCCn1c(=O)c2c(ncn2C)n(C)c1=O,100.0,0.2720000000000001,-2.5654310959658013,pentoxifylline,1
CC(=O)O[C@H](CC(=O)[O-])C[N+](C)(C)C,500.0,1.188,-2.624153563690844,acetylcarnitine,1
CC(=O)Nc1c(C)n(C)n(-c2ccccc2)c1=O,750.0,2.1,-2.552841968657781,4-acetylaminoantipyrine,1
CC(=O)Nc1cccc(-n2c(=O)n(C3CC3)c(=O)c3c(Nc4ccc(I)cc4F)n(C)c(=O)c(C)c32)c1,2.0,0.008899999999999998,-2.3516399890190685,trametinib,1
C=C(C)[C@@H]1CCC(C)=C[C@H]1c1c(O)cc(CCCCC)cc1O,200.0,0.153,-3.1163385648463824,cannabidiol,1
C=C(F)C(=O)N1CCN(c2nc(OC[C@@H]3CCCN3C)nc3c2CCN(c2cccc4cccc(Cl)c24)C3)C[C@@H]1CC#N,600.0,0.9840000000000001,-2.785156151952302,adagrasib,1
C=C/C=C/C[C@@H](C)[C@@H](O)[C@H]1C(=O)N[C@@H](CC)C(=O)N(C)CC(=O)N(C)[C@@H](CC(C)C)C(=O)N[C@@H](C(C)C)C(=O)N(C)[C@@H](CC(C)C)C(=O)N[C@@H](C)C(=O)N[C@H](C)C(=O)N(C)[C@@H](CC(C)C)C(=O)N(C)[C@@H](CC(C)C)C(=O)N(C)[C@@H](C(C)C)C(=O)N1C,18.07,0.03200000000000001,-2.7518081742410256,voclosporin,1
C=C1/C(=C\C=C2/CCC[C@]3(C)[C@@H]([C@H](C)CCCC(C)(C)O)CC[C@@H]23)C[C@@H](O)C[C@@H]1O,0.002,5.000000000000004e-05,-1.602059991327962,"calcitriol (1,25(OH)2D3)",1
C#CC1(O)CCC2C3CCC4=CC(=O)CCC4C3CCC21CC,0.3,0.010500000000000006,-1.455931955649724,norgestrel,1
C#CC1(OC(N)=O)CCCCC1,1000.0,5.900000000000001,-2.2291479883578558,ethinamate,1
OCCN(CCO)c1nc(N2CCCCC2)c2nc(N(CCO)CCO)nc(N3CCCCC3)c2n1,25.0,0.37500000000000006,-1.8239087409443187,dipyridamole,1
OCCN1CCN(CC/C=C2/c3ccccc3Sc3ccc(Cl)cc32)CC1,10.0,0.00441,-3.3555614105321614,zuclopenthixol,1
OCCN1CCN(CCCN2c3ccccc3Sc3ccc(C(F)(F)F)cc32)CC1,12.0,0.0023,-3.717453410030032,fluphenazine,1
OCCN1C[C@H](O)[C@@H](O)[C@H](O)[C@H]1CO,50.0,1.297,-1.5860300282519388,miglitol,1
OC[C@H]1NC[C@H](O)[C@@H](O)[C@H]1O,25.0,0.21050000000000002,-2.0746879085003505,migalastat,1
C=CC(=O)Nc1cc(Nc2nccc(-c3cn(C)c4ccccc34)n2)c(OC)cc1N(C)CCN(C)C,80.0,0.05896000000000002,-3.1325325121409486,osimertinib,1
C=CC(N)CCC(=O)O,500.0,17.999999999999996,-1.443697499232713,vigabatrin,1
C=CC1=C(C(=O)O)N2C(=O)[C@@H](NC(=O)/C(=N\O)c3csc(N)n3)[C@H]2SC1,100.0,0.88,-2.0555173278498313,cefdinir,1
C=C1CC[C@@]2(O)[C@H]3Cc4ccc(O)c5c4[C@@]2(CCN3CC2CC2)[C@H]1O5,18.06,0.016500000000000008,-3.0392338017635807,nalmefene,1
C=CCC1(C(C)CCC)C(=O)NC(=O)NC1=O,244.2,2.0100000000000002,-2.0845496021883747,secobarbital,1
C=C1CC[C@H](O)C/C1=C/C=C1\CCC[C@]2(C)[C@@H]([C@H](C)CCCC(C)(C)O)CC[C@@H]12,0.9,0.023100000000000006,-1.5906305295471805,calcifediol (25-hydroxyvitamin d3),1
C=CC(=O)N1CCC[C@@H](n2nc(-c3ccc(Oc4ccccc4)cc3)c3c(N)ncnc32)C1,140.0,0.008660000000000006,-4.208610143660891,ibrutinib,1
C=CC(=O)N1C[C@H](Nc2ncnc3[nH]ccc23)CC[C@@H]1C,50.0,0.29710000000000003,-2.226067352532355,ritlecitinib,1
CC(C)C[C@H](CN)CC(=O)O,50.0,1.61,-1.4921441283041692,pregabalin,1
CC(C)C[C@H]1C(=O)N2CCC[C@H]2[C@]2(O)O[C@](NC(=O)[C@@H]3C=C4c5cccc6[nH]c(Br)c(c56)C[C@H]4N(C)C3)(C(C)C)C(=O)N12,5.0,0.0006900000000000001,-3.8601209135987635,bromocriptine,1
CC(C)Cc1ccc(C(C)C(=O)O)cc1,292.6,31.000000000000004,-0.9749126279550193,ibuprofen,1
CC(C)Cc1ccc([C@H](C)C(=O)O)cc1,400.0,26.5,-1.1788141173911546,dexibuprofen,1
CC(C)N(CCC(C(N)=O)(c1ccccc1)c1ccccn1)C(C)C,92.0,2.4,-1.5835765856339492,disopyramide,1
CC(C)N(CCCCOCC(=O)O)c1cnc(-c2ccccc2)c(-c2ccccc2)n1,0.1,0.0019900000000000013,-1.7011469235902932,act-333679,1
CC(C)=CCC/C(C)=C/CC/C(C)=C/CC[C@]1(C)CCc2cc(O)cc(C)c2O1,200.0,1.8181,-2.041412228849647,vitamin e (delta-tocotrienol),1
CC(C)=CCN1CCC2(C)c3cc(O)ccc3CC1C2C,100.0,0.045000000000000005,-3.3467874862246565,pentazocine,1
CC(C)CN(C[C@@H](O)[C@H](Cc1ccccc1)NC(=O)O[C@H]1CCOC1)S(=O)(=O)c1ccc(N)cc1,150.0,2.0,-1.8750612633917,amprenavir,1
CC(C)CN(C[C@@H](O)[C@H](Cc1ccccc1)NC(=O)O[C@H]1CO[C@H]2OCC[C@H]21)S(=O)(=O)c1ccc(N)cc1,400.0,2.73,-2.1658973442872065,darunavir,1
CC(C)NCC(O)COc1cccc2ccccc12,224.0,0.16,-3.146128035678238,propranolol,1
CC(C)NCC1CCc2cc(CO)c([N+](=O)[O-])cc2N1,1000.0,1.8571300000000002,-2.7311576943719333,oxamniquine,1
CC(C)[C@@H](C)/C=C/[C@@H](C)[C@H]1CC[C@H]2/C(=C/C=C3\C[C@@H](O)CC[C@@H]3C)CCC[C@]12C,1.0,0.021799999999999996,-1.6615435063953952,dihydrotachysterol,1
CC(C)[C@@H](C)[C@@]1(C)CC[C@]2(C)[C@H]3CC[C@@H]4[C@@]5(COC[C@@]4(C)[C@@H](OC[C@](C)(N)C(C)(C)C)[C@H](n4ncnc4-c4ccncc4)C5)C3=CC[C@@]2(C)[C@@H]1C(=O)O,300.0,0.29169,-3.0121997142481276,ibrexafungerp,1
CC(C)[C@@]1(NC(=O)[C@@H]2C[C@@H]3c4cccc5[nH]cc(c45)C[C@H]3N(C)C2)O[C@@]2(O)[C@@H]3CCCN3C(=O)[C@H](Cc3ccccc3)N2C1=O,18.0,0.00028000000000000003,-4.808114473761087,dihydroergocristine,1
CC(C)N(CCNC(=O)CN1CCCC1=O)C(C)C,400.0,2.7099999999999995,-2.1690907004535567,pramiracetam,1
CC(C)N=c1cc2n(-c3ccc(Cl)cc3)c3ccccc3nc-2cc1Nc1ccc(Cl)cc1,200.0,0.21871000000000004,-2.9611613550793296,clofazimine,1
CC(C)NCC(O)COc1ccc(CCOCC2CC2)cc1,10.0,0.021600000000000008,-2.665546248849069,betaxolol,1
CC(C)NCC(O)COc1cccc2[nH]ccc12,5.0,0.017119999999999996,-2.4654662439948845,pindolol,1
CC(C)(C(=O)c1cccnc1)c1cccnc1,750.0,3.6999999999999997,-2.306859539324705,metyrapone,1
CC(C)(C)C(=O)OCOC(=O)[C@@H]1N2C(=O)[C@@H](N=CN3CCCCCC3)[C@H]2SC1(C)C,200.0,0.00010999999999999999,-6.259637310505756,pivmecillinam,1
CC(C)(C)C(O)/C=C/c1ccc2c(c1)OCO2,1000.0,6.6000000000000005,-2.1804560644581312,stiripentol,1
CC(C)(C)NC(=O)N[C@H](C(=O)N1C[C@H]2[C@@H]([C@H]1C(=O)NC(CC1CCC1)C(=O)C(N)=O)C2(C)C)C(C)(C)C,400.0,0.5570000000000002,-2.856204796154233,boceprevir,1
CC(C)(C)NC(=O)[C@@H]1CN(Cc2cccnc2)CCN1C[C@@H](O)C[C@@H](Cc1ccccc1)C(=O)N[C@H]1c2ccccc2C[C@H]1O,400.0,2.7498400000000003,-2.162752566275382,indinavir,1
CC(C)(C)NCC(O)COc1cccc2c1CCC(=O)N2,20.0,0.04590000000000001,-2.63921731012672,carteolol,1
CC(C(=O)O)c1ccc(C(=O)c2ccccc2)s1,300.0,40.099999999999994,-0.8739768820994802,tiaprofenic acid,1
CC(C(=O)O)c1ccc(C(=O)c2cccs2)cc1,200.0,18.949999999999992,-1.0234207813598903,suprofen,1
CC(C(=O)O)c1ccc2c(c1)[nH]c1ccc(Cl)cc12,100.0,10.199999999999998,-0.9913998282380825,carprofen,1
CC(C(=O)O)c1cccc(Oc2ccccc2)c1,60.0,6.199999999999999,-0.9857595608853899,fenoprofen,1
CC(C)(N)C(=O)N[C@H](Cc1c[nH]c2ccccc12)C(=O)N[C@H](Cc1c[nH]c2ccccc12)NC=O,71.4,0.013100000000000007,-3.73642691612041,macimorelin,1
CC(C)(C)NCC(O)c1cc(Cl)c(N)c(Cl)c1,0.02,0.00010000000000000009,-2.301029995663981,clenbuterol,1
CC(C)(Oc1ccc(C(=O)c2ccc(Cl)cc2)cc1)C(=O)O,67.0,4.09,-1.2143514946934846,fenofibric acid,1
CC(C)(Oc1ccc(C2CC2(Cl)Cl)cc1)C(=O)O,100.0,23.999999999999993,-0.6197887582883941,ciprofibrate,1
CC(C)(Oc1ccc(CCNC(=O)c2ccc(Cl)cc2)cc1)C(=O)O,200.0,7.390000000000001,-1.4323855572691555,bezafibrate,1
CC(C)(S)[C@@H](N)C(=O)O,500.0,3.0500000000000003,-2.214670164989233,penicillamine,1
CC(C)(C)NC[C@H](O)COc1ccccc1C1CCCC1,40.0,0.24547000000000002,-2.212061568720629,penbutolol,1
CC(C)(C)[C@@H]1NC(=O)O[C@@H]2CCC[C@H]2OC/C=C/C(F)(F)c2nc3ccccc3nc2O[C@@H]2C[C@@H](C(=O)N[C@]3(C(=O)NS(=O)(=O)C4(C)CC4)C[C@H]3C(F)F)N(C2)C1=O,200.0,0.0645,-3.4914702810287133,glecaprevir,1
CC(C)(C)c1cc(C(C)(C)C)c(NC(=O)c2c[nH]c3ccccc3c2=O)cc1O,150.0,0.9944000000000001,-2.1785301434220927,ivacaftor,1
CC(C)(C)c1ccc(C(=O)CCCN2CCC(OC(c3ccccc3)c3ccccc3)CC2)cc1,10.0,0.00068,-4.167491087293763,ebastine,1
CC(C)(CCCCCC(O)CCCCCC(C)(C)C(=O)O)C(=O)O,2.5,0.106,-1.3726341434072673,bempedoic acid,1
COC(=O)N[C@H](C(=O)N1CCC[C@H]1c1ncc(-c2ccc3c(c2)O[C@@H](c2ccccc2)n2c-3cc3cc(-c4cnc([C@@H]5CCCN5C(=O)[C@@H](NC(=O)OC)C(C)C)[nH]4)ccc32)[nH]1)C(C)C,50.0,0.10673000000000002,-2.670683494909741,elbasvir,1
COC(=O)N[C@H](C(=O)N[C@@H](Cc1ccccc1)[C@@H](O)CN(Cc1ccc(-c2ccccn2)cc1)NC(=O)[C@@H](NC(=O)OC)C(C)(C)C)C(C)(C)C,400.0,2.25558,-2.2488017562398728,atazanavir,1
COC(=O)Nc1c(N)nc(-c2nn(Cc3ccccc3F)c3ncc(F)cc23)nc1N,1.25,0.062,-1.3045183235098026,vericiguat,1
COC(=O)[C@@H]1[C@H]2C[C@H]3c4[nH]c5ccccc5c4CCN3C[C@@H]2CC[C@@H]1O,0.05,8.700000000000004e-05,-2.7594507517174,yohimbine,1
COC(=O)[C@H](c1ccccc1)[C@H]1CCCCN1,20.0,0.023719999999999998,-2.925915310971756,dexmethylphenidate,1
COC(=O)[C@H](c1ccccc1Cl)N1CCc2sccc2C1,25.0,0.0004800000000000003,-4.71669877129645,clopidogrel,1
COC(=O)[C@H]1[C@@H](OC(=O)c2ccccc2)C[C@@H]2CC[C@H]1N2C,100.0,0.11499999999999999,-2.939302159646388,cocaine,1
COC(=O)Nc1nc2ccc(C(=O)c3ccccc3)cc2[nH]1,1000.0,0.03100000000000001,-4.508638306165727,mebendazole,1
COC(=O)C1=C(C)NC(C)=C(C(=O)OCCN2CCN(C(c3ccccc3)c3ccccc3)CC2)C1c1cccc([N+](=O)[O-])c1,10.0,0.003510000000000001,-3.4546928835341757,manidipine,1
COC(=O)N[C@H](C(=O)N1CCC[C@H]1c1nc2cc([C@H]3CC[C@H](c4cc5nc([C@@H]6CCCN6C(=O)[C@@H](NC(=O)OC)[C@@H](C)OC)[nH]c5cc4F)N3c3cc(F)c(N4CCC(c5ccc(F)cc5)CC4)c(F)c3)c(F)cc2[nH]1)[C@@H](C)OC,1.5,0.00010000000000000009,-4.176091259055681,pibrentasvir,1
CONC(=O)Nc1ccc(-c2sc3c(c2CN(C)C)c(=O)n(-c2ccc(OC)nn2)c(=O)n3Cc2c(F)cccc2F)cc1,360.0,0.194,-3.2685007708370613,relugolix,1
CO[C@@H]1[C@@H](O[C@@H]2O[C@H](C)[C@@H](O[C@H]3C[C@@](C)(O)[C@@H](O)[C@H](C)O3)[C@H](N(C)C)[C@H]2O)[C@@H](CC=O)C[C@@H](C)[C@@H](O[C@H]2CC[C@H](N(C)C)[C@@H](C)O2)/C=C/C=C/C[C@@H](C)OC(=O)C[C@H]1O,1000.0,0.9600000000000001,-3.0177287669604316,spiramycin,1
CO[C@H]1/C=C/O[C@@]2(C)Oc3c(C)c(O)c4c(c3C2=O)C2=NC3(CCN(CC(C)C)CC3)NC2=C(NC(=O)/C(C)=C\C=C\[C@H](C)[C@H](O)[C@@H](C)[C@@H](O)[C@@H](C)[C@H](OC(C)=O)[C@@H]1C)C4=O,150.0,0.1879,-2.9021644789551555,rifabutin,1
COC(=O)[C@H]1[C@H]2C[C@@H]3c4[nH]c5ccccc5c4CCN3C[C@H]2C[C@@H](OC(=O)c2cc(OC)c(OC)c(OC)c2)[C@@H]1OC,0.25,0.00017000000000000012,-3.1674910872937634,deserpidine,1
CO[C@H]1C[C@@H]2CC[C@@H](C)[C@@](O)(O2)C(=O)C(=O)N2CCCC[C@H]2C(=O)O[C@H]([C@H](C)C[C@@H]2CC[C@@H](O)[C@H](OC)C2)CC(=O)[C@H](C)/C=C(\C)[C@@H](O)[C@@H](OC)C(=O)[C@H](C)C[C@H](C)/C=C/C=C/C=C/1C,5.0,0.010300000000000002,-2.6861327796308467,sirolimus,1
CO[C@H]1O[C@@H]2O[C@@]3(C)CC[C@H]4[C@H](C)CC[C@@H]([C@H]1C)[C@@]24OO3,100.0,0.042000000000000016,-3.376750709602099,artemether,1
COC(=O)c1ccc2c(c1)NC(=O)/C2=C(\Nc1ccc(N(C)C(=O)CN2CCN(C)CC2)cc1)c1ccccc1,50.0,0.004190000000000001,-4.076755981369724,nintedanib,1
COC12C[C@@H](CO)CN(C)C1Cc1c[nH]c3cccc2c13,30.0,0.03285000000000001,-2.9605858808238628,"10alpha-methoxy-9,10-dihydrolysergol",1
COC1=C(OC)C(=O)C(CCCCCCCCCCO)=C(C)C1=O,150.0,1.631,-1.9636372980154055,idebenone,1
COC1=CC(=O)C[C@@H](C)[C@]12Oc1c(Cl)c(OC)cc(OC)c1C2=O,125.0,1.1,-2.0555173278498313,griseofulvin,1
COC[C@H]1C[C@@H](c2ncc(-c3ccc4c(c3)COc3cc5c(ccc6nc([C@@H]7CC[C@H](C)N7C(=O)[C@@H](NC(=O)OC)C(C)C)[nH]c65)cc3-4)[nH]2)N(C(=O)[C@H](NC(=O)OC)c2ccccc2)C1,5.0,0.022400000000000007,-2.348721986001856,velpatasvir,1
CNCC[C@H](Oc1cccc2ccccc12)c1cccs1,30.0,0.03182000000000001,-2.9744210794090997,duloxetine,1
CNCCc1c[nH]c2ccc(C[C@H]3COC(=O)N3)cc12,2.5,0.002000000000000001,-3.0969100130080562,n-desmethyl zolmitriptan (183c91),1
CNC[C@H](O)c1cccc(O)c1,20.0,0.0029600000000000013,-3.8297382846050425,phenylephrine,1
CNNCc1ccc(C(=O)NC(C)C)cc1,300.0,0.561,-2.728158393463501,procarbazine,1
CNC(=C[N+](=O)[O-])NCCSCc1ccc(CN(C)C)o1,40.0,0.17153000000000002,-2.367719903712778,ranitidine,1
CNC(=O)c1cc(Oc2ccc(NC(=O)Nc3ccc(Cl)c(C(F)(F)F)c3)c(F)c2)ccn1,40.0,0.59914,-1.8245316762454045,regorafenib,1
CNC(=O)c1cc(Oc2ccc(NC(=O)Nc3ccc(Cl)c(C(F)(F)F)c3)cc2)ccn1,50.0,0.46,-2.036212172654445,sorafenib,1
CNC(=O)c1ccc(N2C(=S)N(c3cnc(C#N)c(C(F)(F)F)c3)C(=O)C23CCC3)cc1F,240.0,3.2499999999999996,-1.8683278807327317,apalutamide,1
CNC1(c2ccccc2Cl)CCCCC1=O,35.35,0.044000000000000004,-2.904936741646731,ketamine,1
CNC1=Nc2ccc(Cl)cc2C(c2ccccc2)=[N+]([O-])C1,50.0,3.1199999999999997,-1.204815410317576,chlordiazepoxide,1
CNCCC(Oc1ccc(C(F)(F)F)cc1)c1ccccc1,20.0,0.02256000000000001,-2.9476909003526766,fluoxetine,1
CNCCCC12CCC(c3ccccc31)c1ccccc12,75.0,0.023070000000000004,-3.5120136688706065,maprotiline,1
CNCCCC1c2ccccc2C=Cc2ccccc21,30.0,0.013740000000000007,-3.339134521996131,protriptyline,1
CO/N=C1\C[C@]2(C[C@@H]3C[C@@H](C/C=C(\C)C[C@@H](C)/C=C/C=C4\CO[C@@H]5[C@H](O)C(C)=C[C@@H](C(=O)O3)[C@]45O)O2)O[C@H](/C(C)=C/C(C)C)[C@H]1C,3.0,0.022400000000000007,-2.1268732363854994,moxidectin,1
COC(=O)C(c1ccccc1)C1CCCCN1,21.0,0.0078000000000000005,-3.4301246920434387,methylphenidate,1
COC(=O)C1=C(C#N)NC(C)=C(C(=O)OC(C)C)C1c1cccc([N+](=O)[O-])c1,2.0,0.0014800000000000006,-3.1307682802690238,nilvadipine,1
COC(=O)C1=C(C)NC(C)=C(C(=O)OC(C)(C)CN(C)CCC(c2ccccc2)c2ccccc2)C1c1cccc([N+](=O)[O-])c1,10.0,0.003000000000000002,-3.5228787452803374,lercanidipine,1
COC(=O)C1=C(C)NC(C)=C(C(=O)OC(C)(C)CN(C)CCC(c2ccccc2)c2ccccc2)[C@@H]1c1cccc([N+](=O)[O-])c1,20.0,0.001680000000000001,-4.075720713938118,(r)-lercanidipine,1
COC(=O)C1=C(C)NC(C)=C(C(=O)OC(C)(C)CN(C)CCC(c2ccccc2)c2ccccc2)[C@H]1c1cccc([N+](=O)[O-])c1,20.0,0.0020700000000000007,-3.9850596502070634,(s)-lercanidipine,1
CN[C@@H](C)[C@H](O)c1ccccc1,50.0,0.1378,-2.559720786764412,ephedrine,1
CN[C@]1(c2ccccc2Cl)CCCCC1=O,14.0,0.008300000000000002,-3.227049943302164,esketamine (s-ketamine),1
CNc1c(C)n(C)n(-c2ccccc2)c1=O,750.0,10.6,-1.84975539812693,4-methylaminoantipyrine,1
CO/N=C(\C(=O)N[C@@H]1C(=O)N2C(C(=O)O)=C(/C=C\c3scnc3C)CS[C@H]12)c1csc(N)n1,200.0,2.3000000000000003,-1.9393021596463882,cefditoren,1
COc1ccc2c3c1O[C@H]1C(=O)CC[C@H]4[C@@H](C2)N(C)CC[C@]314,90.0,0.060600000000000015,-3.1717698852730387,hydrocodone,1
COc1ccc2cc(CCC(C)=O)ccc2c1,500.0,0.56,-2.9507819773298185,nabumetone,1
COc1ccc2cc([C@H](C)C(=O)O)ccc2c1,250.0,44.29999999999999,-0.7515362824489682,naproxen,1
COc1cccc(-c2c(C)n(Cc3c(F)cccc3C(F)(F)F)c(=O)n(C[C@H](NCCCC(=O)O)c3ccccc3)c2=O)c1F,25.0,0.055499999999999994,-2.6536470255493616,elagolix,1
COc1cccc(C2(O)CCCCC2CN(C)C)c1,100.0,0.29,-2.537602002101044,tramadol,1
COc1ccc(CNc2nc(N3CCC[C@H]3CO)ncc2C(=O)NCc2ncccn2)cc1Cl,50.0,1.206,-1.6176226965318863,avanafil,1
COc1ccc(Cc2nccc3cc(OC)c(OC)cc23)cc1OC,80.0,0.18150000000000002,-2.644213357619812,papaverine,1
COc1ccc(OC)c(C(O)CN)c1,2.5,0.005650000000000001,-2.645891560852599,desglymidodrine,1
COc1ccc(OC)c(C(O)CNC(=O)CN)c1,2.5,0.011650000000000006,-2.3316140833099994,midodrine,1
COc1ccc2[nH]cc(CCNC(C)=O)c2c1,2.0,0.00217,-2.9645702618154517,melatonin,1
COc1ccc2c(c1)c(CC(=O)OCC(=O)O)c(C)n2C(=O)c1ccc(Cl)cc1,60.0,0.24500000000000002,-2.3889851660191113,acemetacin,1
COc1ccc2c(c1OC)C(=O)O[C@@H]2[C@H]1c2c(cc3c(c2OC)OCO3)CCN1C,100.0,0.129,-2.889410289700751,noscapine,1
COc1ccc2c3c1O[C@H]1C(=O)CC[C@@]4(O)[C@@H](C2)N(C)CC[C@]314,5.0,0.010000000000000004,-2.6989700043360187,oxycodone,1
CSc1ccc(OCc2ncc([N+](=O)[O-])n2C)cc1,200.0,0.13900000000000004,-3.158015195409886,fexinidazole,1
CSc1ccc2c(c1)N(CCC1CCCCN1C)c1ccccc1S2,25.0,0.11083,-2.3532826754371716,thioridazine,1
COc1cccc(N2CCN(C3=Nc4c(F)cccc4[C@H](CC(=O)O)N3c3cc(C(F)(F)F)ccc3OC)CC2)c1,240.0,11.0,-1.338818556553381,letermovir,1
C[C@@H](C(=O)O)c1cccc(Oc2ccccc2)c1,600.0,10.8,-1.744727494896694,(r)-fenoprofen,1
C[C@@H](CO)NC(=O)[C@@H]1C=C2c3cccc4[nH]cc(c34)C[C@H]2N(C)C1,0.2,0.0010400000000000006,-2.2839966563652006,ergometrine,1
C[C@@H](Cc1ccccc1)NC(=O)[C@@H](N)CCCCN,30.0,0.015699999999999995,-3.281221602310429,lisdexamfetamine,1
C[C@@H](Cc1ccccc1)NCCC(c1ccccc1)c1ccccc1,200.0,0.009200000000000002,-4.337242168318426,(+)-prenylamine,1
COc1ccccc1Oc1c(NS(=O)(=O)c2ccc(C(C)(C)C)cc2)nc(-c2ncccn2)nc1OCCO,3.0,0.03867999999999999,-1.8896347893086984,bosentan,1
CS(=O)(=O)CCNCc1ccc(-c2ccc3ncnc(Nc4ccc(OCc5cccc(F)c5)c(Cl)c4)c3c2)o1,100.0,0.11499999999999999,-2.939302159646388,lapatinib,1
CS(=O)(=O)OCCCCOS(C)(=O)=O,2.0,0.032200000000000006,-1.7931741239681502,busulfan,1
CS(=O)(=O)c1ccc(C(=O)Nc2ccc(Cl)c(-c3ccccn3)c2)c(Cl)c1,150.0,2.47727,-1.7821179157238738,vismodegib,1
CSc1ccc(/C=C2/C(C)=C(CC(=O)O)c3cc(F)ccc32)cc1,150.0,2.6,-1.7611179110848634,sulindac sulfide,1
COc1cc(Nc2c(C#N)cnc3cc(OCCCN4CCN(C)CC4)c(OC)cc23)c(Cl)cc1Cl,200.0,0.0169,-4.073143291050307,bosutinib,1
COc1cc(Nc2ncc(F)c(Nc3ccc4c(n3)NC(=O)C(C)(C)O4)n2)cc(OC)c1OC,150.0,0.313,-2.6805469215092326,tamatinib (r406),1
COc1cc(OC)cc(N(CCNC(C)C)c2ccc3ncc(-c4cnn(C)c4)nc3c2)c1,4.0,0.13800000000000004,-1.4621809049267258,erdafitinib,1
COc1cc([C@@H]2c3cc4c(cc3[C@@H](O[C@@H]3O[C@@H]5CO[C@@H](C)O[C@H]5[C@H](O)[C@H]3O)[C@H]3COC(=O)[C@H]23)OCO4)cc(OC)c1O,100.0,2.9999999999999996,-1.5228787452803376,etoposide,1
COc1cc2c(cc1OC)C(=O)C(CC1CCN(Cc3ccccc3)CC1)C2,4.0,0.0069000000000000025,-2.763210900590707,donepezil,1
COc1cc2c(cc1OC)CN(C(=O)[C@H](C)N[C@@H](CCc1ccccc1)C(=O)O)[C@H](C(=O)O)C2,15.0,0.018400000000000003,-2.9112734360461445,moexiprilat,1
COc1cc2c(cc1OC)[C@H]1C[C@@H](OC(=O)[C@@H](N)C(C)C)[C@H](CC(C)C)CN1CC2,1.0,0.0029400000000000016,-2.5316526695878423,valbenazine,1
COc1c2occc2cc2ccc(=O)oc12,40.0,0.17800000000000005,-2.3516399890190685,methoxsalen,1
COc1cc(Br)c(C[N+]2(CCOCCC3CCC4CC3C4(C)C)CCOCC2)cc1OC,50.0,0.0017100000000000004,-4.465973893943865,pinaverium,1
COc1cc(C(C)=O)ccc1OCCCN1CCC(c2noc3cc(F)ccc23)CC1,4.0,0.003240000000000001,-3.09151498112135,iloperidone,1
COc1cc(C(C)C)c(Oc2cnc(N)nc2N)cc1S(N)(=O)=O,10.0,0.07150000000000001,-2.1456939581989194,gefapixant,1
COc1cc(C)c(/C=C/C(C)=C/C=C/C(C)=C/C(=O)O)c(C)c1C,50.0,0.24500000000000002,-2.309803919971486,acitretin,1
COc1cc(C)c(/C=C/C(C)=C/C=C/C(C)=C\C(=O)O)c(C)c1C,50.0,0.020600000000000004,-3.3851027839668655,ro 13-7652,1
COc1cc(C)c2c(Oc3cccc(C(F)(F)F)c3)c(OC)cc(NC(C)CCCN)c2n1,200.0,0.13818000000000003,-3.1605848073161065,tafenoquine,1
COc1ccc(-c2cc(=S)ss2)cc1,75.0,0.0009600000000000006,-4.892790030352131,anethole trithione,1
COc1ccc(-c2sc3cc(O)ccc3c2Oc2ccc(OCCN3CCCCC3)cc2)cc1,10.0,0.0008000000000000003,-4.096910013008056,arzoxifene,1
COc1ccc(C(=O)Nc2ccccc2CCC2CCCCN2C)cc1,25.0,0.06080000000000002,-2.6140364293993024,encainide,1
COc1ccc(CC(C)NCC(O)c2ccc(O)c(NC=O)c2)cc1,0.17,9.399999999999997e-05,-3.2573210677785753,formoterol,1
COc1ccc(CCN2CCC(Nc3nc4ccccc4n3Cc3ccc(F)cc3)CC2)cc1,10.0,0.0007400000000000002,-4.130768280269024,astemizole,1
COc1ccc(CCO[C@@H]2CCCC[C@H]2N2CC[C@@H](O)C2)cc1OC,240.0,0.48120000000000007,-2.6978856230437986,vernakalant,1
COc1cc2nc(N(C)CCCNC(=O)C3CCCO3)nc(N)c2cc1OC,1.0,0.0026000000000000016,-2.585026652029182,alfuzosin,1
CCS(=O)(=O)N1CC(CC#N)(n2cc(-c3ncnc4[nH]ccc34)cn2)C1,2.0,0.024600000000000004,-1.910094888560602,baricitinib,1
CC[C@@H](CO)NCCN[C@@H](CC)CO,1200.0,2.9320000000000004,-2.6120172800785344,ethambutol,1
CC[C@@H]([C@H](C)O)n1ncn(-c2ccc(N3CCN(c4ccc(OC[C@@H]5CO[C@@](Cn6cncn6)(c6ccc(F)cc6F)C5)cc4)CC3)cc2)c1=O,50.0,0.113,-2.6458915608525992,posaconazole,1
CCOc1ccc(/C=C2\NCCc3cc(OCC)c(OCC)cc32)cc1OCC,40.0,0.12185000000000001,-2.516234457807219,drotaverine,1
CCOc1ccccc1OC(c1ccccc1)C1CNCCO1,3.0,0.09200000000000001,-1.513333427374107,reboxetine,1
CCOc1ccccc1OCC1CNCCO1,100.0,1.5922999999999998,-1.7979751048959622,viloxazine,1
CC[C@H](OC(C)=O)C(C[C@H](C)N(C)C)(c1ccccc1)c1ccccc1,40.0,0.06300000000000001,-2.8027194418743804,levacetylmethadol (laam),1
CC[C@H]1[C@@H]2C[C@H]3[C@@H]4N(C)c5ccccc5[C@]45C[C@@H](C2[C@H]5O)N3[C@@H]1O,50.0,0.018,-3.4436974992327127,ajmaline,1
CC[C@]12C=CCN3CC[C@@]4(c5cc([C@@]6(C(=O)OC)C[C@@H]7C[C@@H](C(C)(F)F)C[N@](Cc8c6[nH]c6ccccc86)C7)c(OC)cc5N(C)[C@H]4[C@@](O)(C(=O)OC)[C@@H]1OC(C)=O)[C@@H]32,207.6,0.23500000000000004,-2.946159486904684,vinflunine,1
CC[N+](C)(C)Cc1ccccc1Br,100.0,0.0357,-3.447331783887807,bretylium,1
CC[N+](C)(CC)CCOC(=O)C1c2ccccc2Oc2ccccc21,100.0,0.0251,-3.600326278518962,methantheline,1
CC[C@@H](c1cccc(O)c1)[C@@H](C)CN(C)C,86.0,0.07339999999999999,-3.0688023913274973,tapentadol,1
CC[C@@H]1/C=C(\C)C[C@H](C)C[C@H](OC)[C@H]2O[C@@](O)(C(=O)C(=O)N3CCCC[C@H]3C(=O)O[C@H](/C(C)=C/[C@@H]3CC[C@H](Cl)[C@H](OC)C3)[C@H](C)[C@@H](O)CC1=O)[C@H](C)C[C@@H]2OC,15.0,0.041200000000000014,-2.5611940430225464,pimecrolimus,1
CC[C@@H]1C(=O)OC[C@@H]1Cc1cncn1C,3.0,0.015600000000000003,-2.283996656365201,pilocarpine,1
CC[C@@H]1CN(C(=O)NCC(F)(F)F)C[C@@H]1c1cnc2cnc3[nH]ccc3n12,1.0,0.00772,-2.112382699664264,upadacitinib,1
CC[C@H](C)C(=O)O[C@H]1C[C@@H](C)C=C2C=C[C@H](C)[C@H](CC[C@@H](O)C[C@@H](O)CC(=O)O)[C@H]21,80.0,0.004660000000000002,-4.234704070301944,lovastatin acid,1
CC[C@H](C)C(=O)O[C@H]1C[C@@H](C)C=C2C=C[C@H](C)[C@H](CC[C@@H]3C[C@@H](O)CC(=O)O3)[C@H]21,80.0,0.006069999999999999,-4.119901295916686,lovastatin,1
CCNC(C)Cc1cccc(C(F)(F)F)c1,58.0,0.06240000000000002,-2.968243403880513,fenfluramine,1
CCNCC(O)c1cccc(O)c1,20.0,0.0185,-3.0338582672609675,etilefrine,1
CCNCCc1ccc(CN(CC)c2cc(OC)ccc2[C@@H]2CCc3cc(O)ccc3C2)cc1,1.0,6.000000000000007e-05,-4.221848749616356,elacestrant,1
CCNCc1cc(Nc2ccnc3cc(Cl)ccc23)ccc1O,200.0,0.05100000000000001,-3.5934598195660445,desethylamodiaquine,1
CCN[C@@H](C)Cc1cccc(C(F)(F)F)c1,30.0,0.0273,-3.0409586076789066,dexfenfluramine,1
CCOC(=O)C1(c2ccccc2)CCN(C)CC1,50.0,118.17,0.3735372311927854,meperidine,1
CCOC(=O)C1(c2ccccc2)CCN(CCC(C#N)(c2ccccc2)c2ccccc2)CC1,5.0,0.0095,-2.721246399047171,diphenoxylate,1
CCOC(=O)C1=C(C)NC(C)=C(C(=O)OC)C1c1cccc(Cl)c1Cl,5.0,0.00553,-2.9562448730313204,felodipine,1
CCN(CC)Cc1ccc2cc(COC(=O)Nc3ccc(C(=O)NO)cc3)ccc2c1,50.0,0.05299999999999999,-2.97469413473523,Givinostat,1
CCN(CCO)CCCC(C)Nc1ccnc2cc(Cl)ccc12,155.0,0.04600000000000002,-3.527573866488717,hydroxychloroquine,1
CCN1C(=O)N[C@@H](c2ccccc2)C1=O,1000.0,29.879999999999995,-1.524619406856639,(+)-ethotoin,1
CCN1C(=O)N[C@H](c2ccccc2)C1=O,1000.0,26.07,-1.583858968831671,(-)-ethotoin,1
CCN1CCCC1CNC(=O)c1cc(S(=O)(=O)CC)c(N)cc1OC,200.0,0.671,-2.474307475494989,amisulpride,1
CCN1CCCC1CNC(=O)c1cc(S(=O)(=O)CC)ccc1OC,50.0,0.33,-2.1804560644581312,sultopride,1
CCN1CCCC1CNC(=O)c1cc(S(N)(=O)=O)ccc1OC,100.0,0.08840000000000003,-3.053547734986927,sulpiride,1
CCN1CCC[C@H]1CNC(=O)c1c(OC)ccc(Br)c1OC,20.0,0.40469,-1.6939075226746292,remoxipride,1
CCN1CCN(Cc2ccc(Nc3ncc(F)c(-c4cc(F)c5nc(C)n(C(C)C)c5c4)n3)nc2)CC1,200.0,0.10200000000000002,-3.2924298239020637,abemaciclib,1
CCOC(=O)[C@H](CCc1ccccc1)N[C@@H](C)C(=O)N1Cc2ccccc2C[C@H]1C(=O)O,40.0,0.579,-1.8393814276005263,quinapril,1
CCOC(=O)[C@H](CCc1ccccc1)N[C@@H](C)C(=O)N1[C@H](C(=O)O)C[C@H]2CCCC[C@@H]21,1.0,0.0015700000000000004,-2.804100347590766,trandolapril,1
CCOC(=O)[C@H](CCc1ccccc1)N[C@H]1CCCN2CCC[C@@H](C(=O)O)N2C1=O,0.5,0.017000000000000005,-1.4685210829577449,cilazapril,1
CCOC(=O)c1ncn2c1CN(C)C(=O)c1cc(F)ccc1-2,30.0,0.24683000000000002,-2.084723311503291,flumazenil,1
CCOCCn1c(N2CCCN(C)CC2)nc2ccccc21,2.0,0.002000000000000001,-3.0,emedastine,1
CCO[C@H](COc1ccc(C(F)(F)F)cc1)CSc1ccc(OCC(=O)O)c(C)c1,10.0,0.07190000000000002,-2.143271109617117,Seladelpar,1
CCO[C@H]1CCN(Cc2c(OC)cc(C)c3[nH]ccc23)[C@H](c2ccc(C(=O)O)cc2)C1,100.0,2.1319999999999997,-1.6712127996454655,iptacopan,1
CCOC(=O)[C@H](CCc1ccccc1)N[C@H]1CCc2ccccc2N(CC(=O)O)C1=O,10.0,0.13541,-1.8683492619104587,benazepril,1
CCOC(=O)C1=C[C@@H](OC(CC)CC)[C@H](NC(C)=O)[C@@H](N)C1,20.0,0.011500000000000003,-3.2403321553103694,oseltamivir (gs4104),1
CCOC(=O)[C@@H](N)Cc1ccc(-c2cc(O[C@H](c3ccc(Cl)cc3-n3ccc(C)n3)C(F)(F)F)nc(N)n2)cc1,500.0,0.004400000000000001,-5.055517327849831,telotristat ethyl,1
CCOC(=O)[C@H](CCc1ccccc1)N[C@@H](C)C(=O)N1Cc2cc(OC)c(OC)cc2C[C@H]1C(=O)O,15.0,0.0782,-2.2828845059958334,moexipril,1
CN1C(=O)OC(C)(C)C1=O,65.3,1.04,-1.7978798419762936,trimethadione,1
CN1C(C(=O)Nc2ccccn2)=C(O)c2sccc2S1(=O)=O,10.0,1.5,-0.8239087409443188,tenoxicam,1
CN1CCC(=C2c3ccccc3CC(=O)c3sccc32)CC1,2.0,0.00026999999999999995,-3.869666231504994,ketotifen,1
CN1CCC(=C2c3ccccc3CCc3cccnc32)CC1,2.0,0.0014000000000000004,-3.154901959985743,azatadine,1
CN1CCC(COc2cnc(-c3cccc(Cn4nc(-c5cccc(C#N)c5)ccc4=O)c3)nc2)CC1,500.0,0.48700000000000004,-3.0114410431213843,tepotinib,1
CN1CCCC(n2nc(Cc3ccc(Cl)cc3)c3ccccc3c2=O)CC1,2.0,0.0010200000000000003,-3.2924298239020637,azelastine,1
CN1CCCCC1CCN1c2ccccc2Sc2ccc(S(C)(=O)=O)cc21,25.0,0.03171000000000001,-2.8967437666449487,sulforidazine,1
CN1CCC(=C2c3ccccc3C=Cc3ccccc32)CC1,8.0,0.03,-2.425968732272281,cyproheptadine,1
CN(Cc1cc(Br)cc(Br)c1N)C1CCCCC1,8.0,0.024600000000000004,-2.5121548798885645,bromhexine,1
CN(Cc1cnc2nc(N)nc(N)c2n1)c1ccc(C(=O)N[C@@H](CCC(=O)O)C(=O)O)cc1,5.0,0.09190000000000004,-1.7356544929499074,methotrexate,1
CN/C(=N/C#N)NCCSCc1nc[nH]c1C,200.0,0.79,-2.40340290437354,cimetidine,1
CN1C(=O)C(O)N=C(c2ccccc2Cl)c2cc(Cl)ccc21,1.0,0.005650000000000001,-2.2479515521805613,lormetazepam,1
CN1C(=O)CC(C)(c2ccccc2)C1=O,300.0,1.62808,-2.265445513438636,methsuximide,1
CN1C(=O)CCS(=O)(=O)C1c1ccc(Cl)cc1,200.0,2.7499999999999996,-1.8616973018337186,chlormezanone,1
CN1CCN(CCCN2c3ccccc3Sc3ccc(Cl)cc32)CC1,5.0,0.0002600000000000003,-4.2839966563652006,prochlorperazine,1
CN1CCOC(c2ccccc2)c2ccccc2C1,20.0,0.012290000000000002,-3.211478112777527,nefopam,1
CN1CC[C@]23c4c5ccc(O)c4O[C@H]2C(=O)CC[C@@]3(O)[C@H]1C5,5.0,0.0011000000000000003,-3.657577319177794,oxymorphone,1
CN1CC[C@]23c4c5ccc(O)c4O[C@H]2C(=O)CC[C@H]3[C@H]1C5,4.0,0.012950000000000005,-2.4897902229106914,hydromorphone,1
CN1CC[C@]23c4c5ccc(OCCN6CCOCC6)c4O[C@H]2[C@@H](O)C=C[C@H]3[C@H]1C5,60.0,0.03120000000000001,-3.2839966563652006,pholcodine,1
CN1C[C@H](C(=O)N[C@]2(C)O[C@@]3(O)[C@@H]4CCCN4C(=O)[C@H](Cc4ccccc4)N3C2=O)C=C2c3cccc4[nH]cc(c34)C[C@H]21,2.0,0.00036000000000000024,-3.7447274948966935,ergotamine,1
CN1[C@@H]2CC[C@H]1C[C@@H](OC(=O)c1c[nH]c3ccccc13)C2,5.0,0.003460000000000001,-3.159893905543242,tropisetron,1
CN1[C@@H]2C[C@@H](OC(=O)[C@H](CO)c3ccccc3)C[C@H]1[C@@H]1O[C@@H]12,0.4,0.0004900000000000001,-2.9118639112994487,scopolamine,1
CN1CCCCC1CCN1c2ccccc2Sc2ccc([S+](C)[O-])cc21,25.0,0.16854,-2.1712370190868158,mesoridazine,1
CN1CCCN=C1/C=C/c1cccs1,750.0,0.037559999999999996,-4.300335679797627,pyrantel,1
CN1CCC[C@@H]1CCO[C@](C)(c1ccccc1)c1ccc(Cl)cc1,2.0,0.0011499999999999998,-3.2403321553103694,clemastine,1
CN1CCN(C(=O)O[C@H]2c3nccnc3C(=O)N2c2ccc(Cl)cn2)CC1,1.5,0.018080000000000006,-1.9188928329163366,eszopiclone,1
CN1CCN(CC/C=C2/c3ccccc3Sc3ccc(S(=O)(=O)N(C)C)cc32)CC1,20.0,0.0272,-2.8664610916297826,thiothixene,1
CN(C)C(=O)N[C@H]1CC[C@H](CCN2CCN(c3cccc(Cl)c3Cl)CC2)CC1,1.5,0.0008800000000000001,-3.2316085869055127,cariprazine,1
CN(C)C(=O)Oc1ccc[n+](C)c1,120.0,0.052,-3.3631779024128257,pyridostigmine,1
CN(C)C(=O)Oc1cccc([N+](C)(C)C)c1,30.0,0.005750000000000001,-3.717453410030032,neostigmine,1
CN(C)C(=O)c1cc2cnc(Nc3ccc(N4CCNCC4)cn3)nc2n1C1CCCC1,400.0,0.31699999999999995,-3.101000729110211,ribociclib,1
CN(C)C/C=C(/c1ccc(Br)cc1)c1cccnc1,100.0,0.09825,-3.0076674409525355,zimelidine,1
CN(C)CC/C=C1/c2ccccc2COc2ccc(CC(=O)O)cc21,5.0,0.06998,-1.8539960661891313,olopatadine,1
CN(C)CCC(c1ccc(Br)cc1)c1ccccn1,9.46,0.011230000000000006,-2.925511380140335,brompheniramine,1
CN(C)CCC(c1ccc(Cl)cc1)c1ccccn1,8.0,0.017360000000000004,-2.6635402661514704,chlorpheniramine,1
CN(C)CCC(c1ccccc1)c1ccccn1,30.5,0.2235,-2.1350223118788305,pheniramine,1
CCc1cc2c(cc1N1CCC(N3CCOCC3)CC1)C(C)(C)c1[nH]c3cc(C#N)ccc3c1C2=O,600.0,0.10300000000000004,-3.7653140256784714,alectinib,1
CCc1cc2c(s1)N(C)C(=O)CN=C2c1ccccc1Cl,5.0,0.17880000000000004,-1.4466024898761198,clotiazepam,1
CCn1c(=O)c2c(nc(/C=C/c3ccc(OC)c(OC)c3)n2C)n(CC)c1=O,40.0,0.18110000000000004,-2.344141541013904,istradefylline,1
CCn1cc(C(=O)O)c(=O)c2cc(F)c(N3CCNCC3)nc21,200.0,1.22,-2.214670164989233,enoxacin,1
CCn1cc(C(=O)O)c(=O)c2ccc(-c3ccncc3)cc21,300.0,4.53,-1.8210230527068305,rosoxacin,1
CCn1cc(C(=O)O)c(=O)c2ccc(C)nc21,1000.0,30.600000000000005,-1.5142785735184199,nalidixic acid,1
CN(C)S(=O)(=O)c1ccc2c(c1)N(CCCN1CCC(CCO)CC1)c1ccccc1S2,10.0,0.010000000000000004,-3.0,pipotiazine,1
CN(C)[C@@H]1C(O)=C(C(=O)NCNCCCC[C@H](N)C(=O)O)C(=O)[C@@]2(O)C(O)=C3C(=O)c4c(O)cccc4[C@@](C)(O)[C@H]3C[C@@H]12,300.0,2.13,-2.148741651280925,lymecycline,1
CN(C)[C@@H]1C(O)=C(C(N)=O)C(=O)[C@@]2(O)C(O)=C3C(=O)c4c(O)cccc4[C@@](C)(O)[C@H]3C[C@@H]12,300.0,2.4999999999999996,-2.079181246047625,tetracycline,1
CN(C)CCC=C1c2ccccc2C=Cc2ccccc21,2.5,0.0021000000000000007,-3.0757207139381184,cyclobenzaprine,1
CN(C)c1ccc2nc3ccc(N(C)C)cc3[s+]c2c1,500.0,3.5715100000000004,-2.146118133876931,methylene blue,1
CN(C)c1nc(N(C)C)nc(N(C)C)n1,200.0,0.277,-2.8585502265995326,altretamine,1
CN(C/C=C/C#CC(C)(C)C)Cc1cccc2ccccc12,125.0,0.5650000000000002,-2.3448615651886175,terbinafine,1
CN(CC(=O)O)C(=N)N,5000.0,102.09999999999995,-1.6899442622491088,creatine,1
CN(CCN1CCC(OC(=O)Nc2ccccc2-c2ccccc2)CC1)C(=O)c1ccc(CN2CCC(C(N)=O)CC2)cc1,0.2,0.00013000000000000015,-3.187086643357144,revefenacin,1
CN(CCO)CC(O)Cn1cnc2c1c(=O)n(C)c(=O)n2C,150.0,0.615,-2.3872161432802645,xanthinol,1
CN(C)CCC=C1c2ccccc2CCc2ccccc21,10.0,0.00596,-3.2247537402597635,amitriptyline,1
CN(C)CCC=C1c2ccccc2COc2ccccc21,3.0,0.00059,-3.7062692430775184,doxepin,1
CN(C)CCCN1c2ccccc2CCc2ccc(Cl)cc21,75.0,0.04757,-3.197728111971798,clomipramine,1
CN(C)CCCN1c2ccccc2Sc2ccc(Cl)cc21,25.0,0.004310000000000001,-3.763462738511306,chlorpromazine,1
CN(C)CCOC(c1ccc(Cl)cc1)c1ccccn1,8.0,0.09574000000000002,-1.9219965638460137,carbinoxamine,1
CN(C)CCOC1=Cc2ccccc2Sc2ccc(Cl)cc21,25.0,0.005900000000000002,-3.6270879970298933,zotepine,1
CN(C)CCOc1ccc(/C(=C(/CCCl)c2ccccc2)c2ccccc2)cc1,120.0,0.63,-2.279840696594043,toremifene,1
