name,canon_smiles,dose_mg,cmax_mg_L,log_cmax_per_dose,n_studies,tmax_h,thalf_h,auc_ng_h_ml,f_pct,formulation,is_prodrug,in_holdout
norgestrel,C#CC1(O)CCC2C3CCC4=CC(=O)CCC4C3CCC21CC,0.3,0.0104999999999999,-1.4559319556497285,1,1.63,38.19,188.31,,tablet,False,False
ethinamate,C#CC1(OC(N)=O)CCCCC1,1000.0,5.9,-2.2291479883578558,1,1.0,2.25,24830.0,,,False,False
selegiline,C#CCN(C)[C@H](C)Cc1ccccc1,10.0,0.0022099773754498,-3.655612172363578,2,0.88,1.2,4.145,4.28,tablet,False,False
rasagiline,C#CCN[C@@H]1CCc2ccccc21,2.0,0.0116080155884018,-2.2362720130199376,4,0.4499999999999999,2.13,9.204999999999998,36.0,tablet,False,False
Islatravir,C#C[C@]1(CO)O[C@@H](n2cnc3c(N)nc(F)nc32)C[C@@H]1O,100.0,0.93843,-2.027598117019765,1,0.5,58.9,3431.12,,suspension,False,False
norethisterone (norethindrone),C#C[C@]1(O)CC[C@H]2[C@@H]3CCC4=CC(=O)CC[C@@H]4[C@H]3CC[C@@]21C,0.5,0.0054999999999999,-1.9586073148417829,1,1.0,,,,tablet,False,False
levonorgestrel,C#C[C@]1(O)CC[C@H]2[C@@H]3CCC4=CC(=O)CC[C@@H]4[C@H]3CC[C@@]21CC,0.75,0.0110620251310508,-1.8312266226137974,2,1.9,23.08,139.43,,tablet,False,False
danazol,C#C[C@]1(O)CC[C@H]2[C@@H]3CCC4=Cc5oncc5C[C@]4(C)[C@H]3CC[C@@]21C,100.0,0.037,-3.431798275933005,1,2.5,,204.0,,capsule,False,False
tibolone,C#C[C@]1(O)CC[C@H]2[C@@H]3[C@H](C)CC4=C(CCC(=O)C4)[C@H]3CC[C@@]21C,2.5,0.0014696938456699,-3.2307131330965744,2,1.55,,,,tablet,False,False
erlotinib,C#Cc1cccc(Nc2ncnc3cc(OCCOC)c(OCCOC)cc23)c1,150.0,1.233599269314674,-2.084917155589963,4,2.55,14.225,26319.0,59.0,tablet,False,False
Icotinib,C#Cc1cccc(Nc2ncnc3cc4c(cc23)OCCOCCOCCO4)c1,100.0,0.728,-2.137868620686963,1,1.0,6.02,3220.0,,tablet,False,False
cinnarizine,C(=C/c1ccccc1)\CN1CCN(C(c2ccccc2)c2ccccc2)CC1,25.0,0.03539,-2.8490594460345227,1,2.2,29.48,370.1,,tablet,False,False
huperzine a,C/C=C1\[C@H]2C=C(C)C[C@]1(N)c1ccc(=O)[nH]c1C2,0.99,0.0084,-2.0713559085356685,1,1.33,4.8,68.33,,tablet,False,False
perhexiline,C1CCC(C(CC2CCCCN2)C2CCCCC2)CC1,300.0,0.09944,-3.479560139086074,1,6.0,11.34,2050.0,,tablet,False,False
rilmenidine,C1COC(NC(C2CC2)C2CC2)=N1,1.0,0.0033678628238097,-2.4726456060309836,2,1.865,7.75,34.14,100.1,capsule,False,False
methenamine,C1N2CN3CN1CN(C2)C3,1000.0,30.246652707365826,-1.519322680223279,2,0.95,4.0,165500.0,,tablet,False,False
cannabidiol,C=C(C)[C@@H]1CCC(C)=C[C@H]1c1c(O)cc(CCCCC)cc1O,200.0,0.153,-3.1163385648463824,1,2.5,11.2,499.0,6.0,solution,False,False
adagrasib,C=C(F)C(=O)N1CCN(c2nc(OC[C@@H]3CCCN3C)nc3c2CCN(c2cccc4cccc(Cl)c24)C3)C[C@@H]1CC#N,600.0,0.984,-2.785156151952302,1,4.17,23.0,37139.0,,,False,False
entecavir,C=C1C(CO)C(O)CC1n1cnc2c(=O)[nH]c(N)nc21,1.0,0.0042,-2.3767507096020997,1,,128.0,,100.0,tablet,False,False
nalmefene,C=C1CC[C@@]2(O)[C@H]3Cc4ccc(O)c5c4[C@@]2(CCN3CC2CC2)[C@H]1O5,100.0,0.0579,-3.237321436272564,1,1.5,11.4,647.0,,tablet,False,False
calcifediol (25-hydroxyvitamin d3),C=C1CC[C@H](O)C/C1=C/C=C1\CCC[C@]2(C)[C@@H]([C@H](C)CCCC(C)(C)O)CC[C@@H]12,0.9,0.0231,-1.5906305295471805,1,11.2,60.6,3128.0,,capsule,False,False
exemestane,C=C1C[C@@H]2[C@H](CC[C@]3(C)C(=O)CC[C@@H]23)[C@@]2(C)C=CC(=O)C=C12,25.0,0.0128506731341202,-3.28901413152789,2,1.25,24.355,38.175,,tablet,False,False
Evobrutinib,C=CC(=O)N1CCC(CNc2ncnc(N)c2-c2ccc(Oc3ccccc3)cc2)CC1,100.0,0.309,-2.5100415205751654,1,0.5,2.56,434.0,,solution,False,False
zanubrutinib,C=CC(=O)N1CCC([C@@H]2CCNc3c(C(N)=O)c(-c4ccc(Oc5ccccc5)cc4)nn32)CC1,320.0,0.5100470566526191,-2.7975397326105718,2,1.75,6.65,3152.0,,capsule,False,False
ibrutinib,C=CC(=O)N1CCC[C@@H](n2nc(-c3ccc(Oc4ccccc4)cc3)c3c(N)ncnc32)C1,140.0,0.0086599999999999,-4.208610143660897,1,1.5,9.4,68.8,2.9,capsule,False,False
sotorasib,C=CC(=O)N1CCN(c2nc(=O)n(-c3c(C)ccnc3C(C)C)c3nc(-c4c(O)cccc4F)c(F)cc23)[C@@H](C)C1,960.0,6.309873215841978,-2.1822505999782225,2,0.96,6.51,26100.0,,tablet,False,False
futibatinib,C=CC(=O)N1CC[C@H](n2nc(C#Cc3cc(OC)cc(OC)c3)c3c(N)ncnc32)C1,20.0,0.140415894716479,-2.1536137240743023,3,1.5,2.2,625.7,,tablet,False,False
ritlecitinib,C=CC(=O)N1C[C@H](Nc2ncnc3[nH]ccc23)CC[C@@H]1C,50.0,0.2971,-2.226067352532355,1,1.0,,651.4,64.0,capsule,False,False
mobocertinib,C=CC(=O)Nc1cc(Nc2ncc(C(=O)OC(C)C)c(-c3cn(C)c4ccccc34)n2)c(OC)cc1N(C)CCN(C)C,160.0,0.0544034925349466,-3.468493201708341,2,5.5,21.4,1033.5,36.7,capsule,False,False
osimertinib,C=CC(=O)Nc1cc(Nc2nccc(-c3cn(C)c4ccccc34)n2)c(OC)cc1N(C)CCN(C)C,80.0,0.05896,-3.1325325121409486,1,7.0,59.7,3392.91,69.8,tablet,False,False
Lazertinib,C=CC(=O)Nc1cc(Nc2nccc(-n3cc(CN(C)C)c(-c4ccccc4)n3)n2)c(OC)cc1N1CCOCC1,240.0,0.3860854265573877,-2.7935278329525137,2,2.0,67.955,4055.085,,,False,False
vigabatrin,C=CC(N)CCC(=O)O,500.0,17.999999999999996,-1.443697499232713,1,0.8,7.5,73200.0,,tablet,False,False
cefixime,C=CC1=C(C(=O)O)N2C(=O)C(NC(=O)C(=NOCC(=O)O)c3csc(N)n3)C2SC1,200.0,3.7,-1.732828271596986,1,,11.5,,,tablet,False,False
cefdinir,C=CC1=C(C(=O)O)N2C(=O)[C@@H](NC(=O)/C(=N\O)c3csc(N)n3)[C@H]2SC1,100.0,0.88,-2.0555173278498313,1,3.68,1.78,4500.0,,capsule,False,False
cefixime,C=CC1=C(C(=O)O)N2C(=O)[C@@H](NC(=O)/C(=N\OCC(=O)O)c3csc(N)n3)[C@H]2SC1,400.0,4.454326474412006,-1.9532779463803982,3,3.8,3.5,33110.0,40.2,capsule,False,False
secobarbital,C=CCC1(C(C)CCC)C(=O)NC(=O)NC1=O,244.2,2.01,-2.0845496021883747,1,3.0,28.88,82900.0,,capsule,False,False
naloxegol,C=CCN1CC[C@]23c4c5ccc(O)c4O[C@H]2[C@@H](OCCOCCOCCOCCOCCOCCOCCOC)CC[C@@]3(O)[C@H]1C5,25.0,0.039949217764557,-2.7964317287482454,2,0.75,9.25,185.0,,solution,False,False
cabergoline,C=CCN1C[C@H](C(=O)N(CCCN(C)C)C(=O)NCC)C[C@@H]2c3cccc4[nH]cc(c34)C[C@H]21,1.5,6.699999999999993e-05,-4.350016456354855,1,2.0,,2.55,,,False,False
almitrine,C=CCNc1nc(NCC=C)nc(N2CCN(C(c3ccc(F)cc3)c3ccc(F)cc3)CC2)n1,100.0,0.204,-2.6903698325741012,1,2.8,70.7,3796.0,,capsule,False,False
oxprenolol,C=CCOc1ccccc1OCC(O)CNC(C)C,80.0,0.454597624278878,-2.245462825214232,2,1.3,1.62,1495.29,41.7,tablet,False,False
tacrolimus,C=CC[C@@H]1/C=C(\C)C[C@H](C)C[C@H](OC)[C@H]2O[C@@](O)(C(=O)C(=O)N3CCCC[C@H]3C(=O)O[C@H](/C(C)=C/[C@@H]3CC[C@@H](O)[C@H](OC)C3)[C@H](C)[C@@H](O)CC1=O)[C@H](C)C[C@@H]2OC,5.0,0.0332578201330153,-2.177076224131643,2,1.655,33.65,313.77,,capsule,False,False
asunaprevir,C=C[C@@H]1C[C@]1(NC(=O)[C@@H]1C[C@@H](Oc2ncc(OC)c3ccc(Cl)cc23)CN1C(=O)[C@@H](NC(=O)OC(C)(C)C)C(C)(C)C)C(=O)NS(=O)(=O)C1CC1,100.0,0.03336,-3.4767739580342987,1,2.01,17.4,228.6,9.3,suspension,False,False
quinidine,C=C[C@H]1CN2CC[C@H]1C[C@@H]2[C@@H](O)c1ccnc2ccc(OC)cc12,100.0,0.244,-2.612610173661271,1,1.3,5.59,2080.0,82.0,,False,False
quinine,C=C[C@H]1C[N@@]2CC[C@H]1C[C@H]2[C@H](O)c1ccnc2ccc(OC)cc12,600.0,2.7727973756025057,-2.335233116064685,3,3.2,11.35,50060.0,82.0,tablet,False,False
lefamulin,C=C[C@]1(C)C[C@@H](OC(=O)CS[C@@H]2CC[C@@H](N)C[C@H]2O)[C@]2(C)C(C)CC[C@]3(CCC(=O)[C@H]32)[C@@H](C)[C@@H]1O,600.0,1.56,-2.5850266520291822,1,1.38,10.15,7710.0,28.0,tablet,False,False
Avoralstat,C=Cc1cc(C(=O)Nc2ccc(C(=N)N)cc2)c(-c2ccc(C(=O)NCC3CC3)nc2C(=O)O)cc1OC,125.0,0.0539999999999999,-3.3645162531850885,1,2.0,4.8,198.0,,capsule,False,False
acalabrutinib,CC#CC(=O)N1CCC[C@H]1c1nc(-c2ccc(C(=O)Nc3ccccn3)cc2)c2c(N)nccn12,100.0,0.5386419218738921,-2.268699848975026,2,0.7,2.1,571.05,,capsule,False,False
Branebrutinib,CC#CC(=O)N[C@H]1CCCN(c2c(F)cc(C(N)=O)c3[nH]c(C)c(C)c23)C1,30.0,0.1789999999999999,-2.2242682237397693,1,0.5,1.63,282.0,,,False,False
linagliptin,CC#CCn1c(N2CCC[C@@H](N)C2)nc2c1c(=O)n(Cc1nc(C)c3ccccc3n1)c(=O)n2C,10.0,0.0104079969254415,-2.982632844738552,2,2.25,114.5,503.27,30.0,tablet,False,False
mifepristone,CC#C[C@]1(O)CC[C@H]2[C@@H]3CCC4=CC(=O)CCC4=C3[C@@H](c3ccc(N(C)C)cc3)C[C@@]21C,75.0,1.4391837964624254,-1.7169450026780035,2,0.755,37.715,22121.0,,tablet,False,False
acenocoumarol,CC(=O)CC(c1ccc([N+](=O)[O-])cc1)c1c(O)c2ccccc2oc1=O,12.0,0.41207,-1.464210248384759,1,2.0,9.07,3663.31,,tablet,False,False
warfarin,CC(=O)CC(c1ccccc1)c1c(O)c2ccccc2oc1=O,25.0,3.01,-0.9193735130781943,1,1.0,37.6,120000.0,93.0,tablet,False,False
pentoxifylline,CC(=O)CCCCn1c(=O)c2c(ncn2C)n(C)c1=O,100.0,0.2719999999999999,-2.5654310959658013,1,0.39,0.48,193.0,,solution,False,False
ketoconazole,CC(=O)N1CCN(c2ccc(OCC3COC(Cn4ccnc4)(c4ccc(Cl)cc4Cl)O3)cc2)CC1,200.0,4.153155658571088,-1.6826517870699644,3,1.57,2.47,14780.0,,tablet,False,False
acamprosate,CC(=O)NCCCS(=O)(=O)O,666.0,0.269778427603098,-3.3924670101038945,2,6.985,14.079999999999998,4263.28,11.0,enteric-coated tablet,False,False
linezolid,CC(=O)NC[C@H]1CN(c2ccc(N3CCOCC3)c(F)c2)C(=O)O1,600.0,11.076906177002147,-1.7337327731933143,3,2.0,7.94,128400.0,,tablet,False,False
Sutezolid,CC(=O)NC[C@H]1CN(c2ccc(N3CCSCC3)c(F)c2)C(=O)O1,300.0,0.408,-2.8664610916297826,1,2.18,4.08,1880.0,,tablet,False,False
acetylcysteine (n-acetylcysteine),CC(=O)N[C@@H](CS)C(=O)O,600.0,2.801996611346988,-2.3306836446566552,2,1.15,17.05,11861.45,,effervescent tablet,False,False
acetaminophen (paracetamol),CC(=O)Nc1ccc(O)cc1,1000.0,12.88603895694872,-1.889880560032798,2,0.875,2.605,44200.0,89.0,tablet,False,False
trametinib,CC(=O)Nc1cccc(-n2c(=O)n(C3CC3)c(=O)c3c(Nc4ccc(I)cc4F)n(C)c(=O)c(C)c32)c1,2.0,0.0089,-2.3516399890190685,1,1.5,134.0,409.0,72.0,tablet,False,False
acetazolamide,CC(=O)Nc1nnc(S(N)(=O)=O)s1,250.0,16.65721775520779,-1.176337545482834,3,2.0,8.69,127400.0,,tablet,False,False
acetylcarnitine,CC(=O)O[C@H](CC(=O)[O-])C[N+](C)(C)C,500.0,1.188,-2.624153563690844,1,3.1,4.2,9879.0,,tablet,False,False
fusidic acid,CC(=O)O[C@H]1C[C@@]2(C)[C@@H](C[C@@H](O)[C@H]3[C@@]4(C)CC[C@@H](O)[C@@H](C)[C@@H]4CC[C@@]32C)/C1=C(\CCC=C(C)C)C(=O)O,550.0,32.599999999999994,-1.227145089426305,1,2.0,15.0,442000.0,,tablet,False,False
megestrol acetate,CC(=O)O[C@]1(C(C)=O)CC[C@H]2[C@@H]3C=C(C)C4=CC(=O)CC[C@]4(C)[C@H]3CC[C@@]21C,800.0,0.19679354664216,-3.6090791342769677,2,4.445,31.99,9464.95,,suspension,False,False
cyproterone acetate,CC(=O)O[C@]1(C(C)=O)CC[C@H]2[C@@H]3C=C(Cl)C4=CC(=O)[C@@H]5C[C@@H]5[C@]4(C)[C@H]3CC[C@@]21C,100.0,0.2539,-2.5953372991262778,1,2.6,71.7,8270.9,,tablet,False,False
triflusal,CC(=O)Oc1cc(C(F)(F)F)ccc1C(=O)O,300.0,5.005,-1.777717172904325,1,0.85,0.59,7987.0,,capsule,False,False
acetylsalicylic acid,CC(=O)Oc1ccccc1C(=O)O,100.0,1.01,-1.9956786262173574,1,0.5,0.4,880.0,,tablet,False,False
spironolactone,CC(=O)S[C@@H]1CC2=CC(=O)CC[C@]2(C)[C@H]2CC[C@@]3(C)[C@@H](CC[C@@]34CCC(=O)O4)[C@H]12,100.0,0.0474,-3.324221658325915,1,1.0,2.37,150.41,,tablet,False,False
ulipristal,CC(=O)[C@@]1(O)CC[C@H]2[C@@H]3CCC4=CC(=O)CCC4=C3[C@@H](c3ccc(N(C)C)cc3)C[C@@]21C,30.0,0.284,-2.0238029146726246,1,0.6,42.1,678.0,,tablet,False,False
dydrogesterone,CC(=O)[C@H]1CC[C@H]2[C@@H]3C=CC4=CC(=O)CC[C@@]4(C)[C@@H]3CC[C@]12C,10.0,0.0031299999999999,-3.5044556624535654,1,1.5,8.5,13.41,28.0,tablet,False,False
progesterone,CC(=O)[C@H]1CC[C@H]2[C@@H]3CCC4=CC(=O)CC[C@]4(C)[C@H]3CC[C@]12C,100.0,0.0021999999999999,-4.657577319177814,1,1.0,,3.46,,capsule,False,False
palbociclib,CC(=O)c1c(C)c2cnc(Nc3ccc(N4CCNCC4)cn3)nc2n(C2CCCC2)c1=O,125.0,0.0513560123062529,-3.386318718753819,2,7.0,24.665,1618.485,,capsule,False,False
flurbiprofen,CC(C(=O)O)c1ccc(-c2ccccc2)c(F)c1,100.0,13.37609808576477,-0.8736705552496904,2,1.95,6.205,79670.0,,tablet,False,False
tiaprofenic acid,CC(C(=O)O)c1ccc(C(=O)c2ccccc2)s1,300.0,40.10000000000001,-0.8739768820994801,1,1.3,1.93,119800.0,,capsule,False,False
suprofen,CC(C(=O)O)c1ccc(C(=O)c2cccs2)cc1,200.0,18.95,-1.0234207813598901,1,0.92,,26100.0,,capsule,False,False
loxoprofen,CC(C(=O)O)c1ccc(CC2CCCC2=O)cc1,60.0,5.60520735824679,-1.0295595669269417,5,0.48,1.57,9400.0,,tablet,False,False
carprofen,CC(C(=O)O)c1ccc2c(c1)[nH]c1ccc(Cl)cc12,100.0,10.2,-0.9913998282380825,1,1.7,9.4,52400.0,,,False,False
benoxaprofen,CC(C(=O)O)c1ccc2oc(-c3ccc(Cl)cc3)nc2c1,100.0,12.999999999999998,-0.8860566476931633,2,3.0,35.05,450000.0,,capsule,False,False
ketoprofen,CC(C(=O)O)c1cccc(C(=O)c2ccccc2)c1,100.0,10.39567217643958,-0.9831474242660738,2,2.01,1.465,22855.0,,capsule,False,False
fenoprofen,CC(C(=O)O)c1cccc(Oc2ccccc2)c1,165.0,17.2,-0.9819554973063574,1,1.3,2.19,56950.0,,capsule,False,False
anastrozole,CC(C)(C#N)c1cc(Cn2cncn2)cc(C(C)(C)C#N)c1,1.0,0.0186593922750118,-1.7291025050647004,4,1.25,40.48,759.55,,tablet,False,False
fexofenadine,CC(C)(C(=O)O)c1ccc(C(O)CCCN2CCC(C(O)(c3ccccc3)c3ccccc3)CC2)cc1,60.0,0.2049609718946511,-2.4664800786178724,2,1.85,12.05,1239.0,,solution,False,False
metyrapone,CC(C)(C(=O)c1cccnc1)c1cccnc1,750.0,3.7,-2.306859539324705,1,1.0,1.9,,,capsule,False,False
pivmecillinam,CC(C)(C)C(=O)OCOC(=O)[C@@H]1N2C(=O)[C@@H](N=CN3CCCCCC3)[C@H]2SC1(C)C,200.0,0.0001099999999999,-6.259637310506151,1,0.33,,0.071,,tablet,False,False
stiripentol,CC(C)(C)C(O)/C=C/c1ccc2c(c1)OCO2,500.0,2.6,-2.283996656365201,1,3.0,2.6,8800.0,,tablet,False,False
Icapamespib,CC(C)(C)CNCCn1c(Sc2cc3c(cc2I)OCO3)nc2c(N)ncnc21,30.0,0.0765,-2.593459819566045,1,1.5,2.16,398.0,,solution,False,False
boceprevir,CC(C)(C)NC(=O)N[C@H](C(=O)N1C[C@H]2[C@@H]([C@H]1C(=O)NC(CC1CCC1)C(=O)C(N)=O)C2(C)C)C(C)(C)C,400.0,0.557,-2.8562047961542336,1,1.5,7.43,2020.0,,,False,False
indinavir,CC(C)(C)NC(=O)[C@@H]1CN(Cc2cccnc2)CCN1C[C@@H](O)C[C@@H](Cc1ccccc1)C(=O)N[C@H]1c2ccccc2C[C@H]1O,400.0,2.7498400000000003,-2.162752566275382,1,0.7,1.9,4210.69,,capsule,False,False
saquinavir,CC(C)(C)NC(=O)[C@@H]1C[C@@H]2CCCC[C@@H]2CN1C[C@@H](O)[C@H](Cc1ccccc1)NC(=O)[C@H](CC(N)=O)NC(=O)c1ccc2ccccc2n1,600.0,0.0090884542140014,-4.819661226723453,2,1.575,9.25,60.24,0.7,capsule,False,False
finasteride,CC(C)(C)NC(=O)[C@H]1CC[C@H]2[C@@H]3CC[C@H]4NC(=O)C=C[C@]4(C)[C@H]3CC[C@]12C,5.0,0.0442959249717025,-2.0526062294381378,3,2.0,5.53,286.8,,tablet,False,False
carteolol,CC(C)(C)NCC(O)COc1cccc2c1CCC(=O)N2,30.0,0.113,-2.4240428112362427,1,2.0,6.78,984.0,,tablet,False,False
nadolol,CC(C)(C)NCC(O)COc1cccc2c1C[C@H](O)[C@H](O)C2,80.0,0.141830462172271,-2.751320468891661,2,3.75,17.905,2167.5,35.0,tablet,False,False
salbutamol (albuterol),CC(C)(C)NCC(O)c1ccc(O)c(CO)c1,4.0,0.0128120017740545,-2.49444300120021,4,2.34,3.735,67.15,44.0,tablet,False,False
penbutolol,CC(C)(C)NC[C@H](O)COc1ccccc1C1CCCC1,40.0,0.2454699999999999,-2.2120615687206295,1,0.75,1.55,566.0,,,False,False
timolol,CC(C)(C)NC[C@H](O)COc1nsnc1N1CCOCC1,10.0,0.034237829195404,-2.4654937789932547,3,1.3,2.9,166.2,75.8,,False,False
glecaprevir,CC(C)(C)[C@@H]1NC(=O)O[C@@H]2CCC[C@H]2OC/C=C/C(F)(F)c2nc3ccccc3nc2O[C@@H]2C[C@@H](C(=O)N[C@]3(C(=O)NS(=O)(=O)C4(C)CC4)C[C@H]3C(F)F)N(C2)C1=O,200.0,0.0645,-3.4914702810287133,1,2.0,7.1,275.0,,tablet,False,False
ivacaftor,CC(C)(C)c1cc(C(C)(C)C)c(NC(=O)c2c[nH]c3ccccc3c2=O)cc1O,150.0,0.9944,-2.1785301434220927,1,2.5,7.12,10940.0,,,False,False
terfenadine,CC(C)(C)c1ccc(C(O)CCCN2CCC(C(O)(c3ccccc3)c3ccccc3)CC2)cc1,60.0,0.0017549928774784,-4.533875892133428,2,1.995,14.255,18.23,,suspension,False,False
Vercirnon,CC(C)(C)c1ccc(S(=O)(=O)Nc2ccc(Cl)cc2C(=O)c2cc[n+]([O-])cc2)cc1,250.0,0.743,-2.5269511949114625,1,3.0,12.9,9063.0,,,False,False
dabrafenib,CC(C)(C)c1nc(-c2cccc(NS(=O)(=O)c3c(F)cccc3F)c2F)c(-c2ccnc(N)n2)s1,150.0,2.468625771557933,-1.7836360004990663,2,2.23,4.93,10560.2,94.5,capsule,False,False
bempedoic acid,CC(C)(CCCCCC(O)CCCCCC(C)(C)C(=O)O)C(=O)O,125.0,8.9,-1.1475200063631437,1,3.0,19.1,140000.0,,capsule,False,False
Odanacatib,CC(C)(F)C[C@H](N[C@@H](c1ccc(-c2ccc(S(C)(=O)=O)cc2)cc1)C(F)(F)F)C(=O)NC1(C#N)CC1,50.0,0.12629,-2.5976010410867674,1,6.0,84.5,17659.08,30.0,,False,False
macimorelin,CC(C)(N)C(=O)N[C@H](Cc1c[nH]c2ccccc12)C(=O)N[C@H](Cc1c[nH]c2ccccc12)NC=O,71.4,0.0130999999999999,-3.7364269161204136,1,0.53,3.51,37.0,,,False,False
naldemedine,CC(C)(NC(=O)C1=C(O)[C@@H]2Oc3c(O)ccc4c3[C@@]23CCN(CC2CC2)[C@H](C4)[C@]3(O)C1)c1nc(-c2ccccc2)no1,0.2,0.0030309899372977,-1.8194455011252393,2,0.75,13.65,23.6,,,False,False
Venglustat,CC(C)(NC(=O)O[C@@H]1CN2CCC1CC2)c1csc(-c2ccc(F)cc2)n1,100.0,0.372,-2.4294570601181027,1,3.0,27.6,14100.0,,capsule,False,False
enasidenib,CC(C)(O)CNc1nc(Nc2ccnc(C(F)(F)F)c2)nc(-c2cccc(C(F)(F)F)n2)n1,100.0,0.8037984822080718,-2.094852818210271,2,3.495,22.5,45100.0,,tablet,False,False
Mavatrep,CC(C)(O)c1ccccc1-c1ccc2nc(/C=C/c3ccc(C(F)(F)F)cc3)[nH]c2c1,50.0,0.3310045316910329,-2.179136064714569,2,2.375,115.295,19823.5,,capsule,False,False
ciprofibrate,CC(C)(Oc1ccc(C2CC2(Cl)Cl)cc1)C(=O)O,100.0,24.000000000000007,-0.6197887582883939,1,1.3,81.0,1370000.0,,tablet,False,False
bezafibrate,CC(C)(Oc1ccc(CCNC(=O)c2ccc(Cl)cc2)cc1)C(=O)O,200.0,7.390000000000001,-1.4323855572691555,1,2.0,1.97,22740.0,,tablet,False,False
penicillamine,CC(C)(S)[C@@H](N)C(=O)O,500.0,3.05,-2.214670164989233,1,3.8,2.1,14700.0,,tablet,False,False
Verinurad,CC(C)(Sc1ccncc1-c1ccc(C#N)c2ccccc12)C(=O)O,40.0,0.76,-1.7212463990471711,1,0.75,9.51,1270.0,,tablet,False,False
pentazocine,CC(C)=CCN1CCC2(C)c3cc(O)ccc3CC1C2C,100.0,0.045,-3.3467874862246565,1,1.0,2.9,213.67,18.4,tablet,False,False
flutamide,CC(C)C(=O)Nc1ccc([N+](=O)[O-])c(C(F)(F)F)c1,250.0,0.0283019433961698,-3.946123750629919,2,1.325,,96.4,,capsule,False,False
fesoterodine,CC(C)C(=O)Oc1ccc(CO)cc1C(CCN(C(C)C)C(C)C)c1ccccc1,8.0,0.00189,-3.6266281828186995,1,,4.0,,52.0,tablet,False,False
Isobutyramide,CC(C)C(N)=O,1000.0,18.879999999999995,-1.72399801003795,1,1.0,6.9,212400.0,,solution,False,False
sibutramine,CC(C)CC(N(C)C)C1(c2ccc(Cl)cc2)CCC1,15.0,0.0028738715167826,-3.717623910984559,3,1.1,9.6,10.4,,capsule,False,False
amprenavir,CC(C)CN(C[C@@H](O)[C@H](Cc1ccccc1)NC(=O)O[C@H]1CCOC1)S(=O)(=O)c1ccc(N)cc1,150.0,2.0,-1.8750612633917,1,1.13,7.95,4030.0,,capsule,False,False
darunavir,CC(C)CN(C[C@@H](O)[C@H](Cc1ccccc1)NC(=O)O[C@H]1CO[C@H]2OCC[C@H]21)S(=O)(=O)c1ccc(N)cc1,400.0,2.73,-2.1658973442872065,1,0.5,29.4,4746.0,,solution,False,False
pimavanserin,CC(C)COc1ccc(CNC(=O)N(Cc2ccc(F)cc2)C2CCN(C)CC2)cc1,100.0,0.0540749479888792,-3.267003889607847,2,6.0,58.9,3859.0,,solution,False,False
pregabalin,CC(C)C[C@H](CN)CC(=O)O,125.0,3.59,-1.5418155644297373,1,1.0,5.8,24600.0,90.0,capsule,False,False
ixazomib,CC(C)C[C@H](NC(=O)CNC(=O)c1cc(Cl)ccc1Cl)B(O)O,4.0,0.0662476386959502,-1.7808895882601734,3,1.02,189.0,1280.0,58.0,capsule,False,False
bromocriptine,CC(C)C[C@H]1C(=O)N2CCC[C@H]2[C@]2(O)O[C@](NC(=O)[C@@H]3C=C4c5cccc6[nH]c(Br)c(c56)C[C@H]4N(C)C3)(C(C)C)C(=O)N12,7.5,0.0013599999999999,-3.7415223550215146,1,1.57,6.3,7.18,,tablet,False,False
dihydro-alpha-ergocryptine (alpha-dihydroergocryptine),CC(C)C[C@H]1C(=O)N2CCC[C@H]2[C@]2(O)O[C@](NC(=O)[C@@H]3C[C@@H]4c5cccc6[nH]cc(c56)C[C@H]4N(C)C3)(C(C)C)C(=O)N12,20.0,0.0002698147512646,-4.869964306007528,2,1.37,3.85,1.565,,capsule,False,False
ibuprofen,CC(C)Cc1ccc(C(C)C(=O)O)cc1,292.6,31.0,-0.9749126279550194,1,0.75,2.03,84883.33,102.77,tablet,False,False
dexibuprofen,CC(C)Cc1ccc([C@H](C)C(=O)O)cc1,400.0,26.500000000000004,-1.1788141173911546,1,2.25,1.8,107800.0,,tablet,False,False
disopyramide,CC(C)N(CCC(C(N)=O)(c1ccccc1)c1ccccn1)C(C)C,100.0,2.08,-1.6819366650372385,1,1.5,8.36,,,,False,False
selexipag,CC(C)N(CCCCOCC(=O)NS(C)(=O)=O)c1cnc(-c2ccccc2)c(-c2ccccc2)n1,0.4,0.0058893123537472,-1.8319954025522922,2,1.0,0.95,11.675,49.4,tablet,False,False
pramiracetam,CC(C)N(CCNC(=O)CN1CCCC1=O)C(C)C,400.0,2.71,-2.1690907004535567,1,2.3,5.0,20990.0,,capsule,False,False
proguanil,CC(C)NC(=N)NC(=N)Nc1ccc(Cl)cc1,200.0,0.1881781071219497,-3.0264609000009712,2,3.15,15.685,3822.5,,tablet,False,False
belumosudil,CC(C)NC(=O)COc1cccc(-c2nc(Nc3ccc4[nH]ncc4c3)c3ccccc3n2)c1,200.0,1.829562789302406,-2.0386826769057853,2,2.5,7.215,8515.0,63.7,tablet,False,False
atenolol,CC(C)NCC(O)COc1ccc(CC(N)=O)cc1,50.0,0.3192616481821767,-2.194823252984876,2,2.65,6.87,2696.0,54.4,solution,False,False
betaxolol,CC(C)NCC(O)COc1ccc(CCOCC2CC2)cc1,40.0,0.0899999999999999,-2.647817481888638,1,2.83,15.2,2096.0,83.9,capsule,False,False
bisoprolol,CC(C)NCC(O)COc1ccc(COCCOC(C)C)cc1,10.0,0.0363141845564512,-2.4399237035777532,2,2.0,9.34,537.02,,tablet,False,False
pindolol,CC(C)NCC(O)COc1cccc2[nH]ccc12,15.0,0.0529999999999999,-2.451815389454893,1,1.7,2.2,234.0,,tablet,False,False
propranolol,CC(C)NCC(O)COc1cccc2ccccc12,80.0,0.06828,-3.0687964745492478,1,2.36,5.17,615.22,,tablet,False,False
oxamniquine,CC(C)NCC1CCc2cc(CO)c([N+](=O)[O-])cc2N1,1000.0,1.85713,-2.7311576943719333,1,1.5,1.79,10398.53,,capsule,False,False
d-sotalol ((+)-sotalol),CC(C)NC[C@@H](O)c1ccc(NS(C)(=O)=O)cc1,100.0,0.8533350455711989,-2.0688804179843236,2,2.9,8.57,10728.15,101.78,,False,False
maribavir,CC(C)Nc1nc2cc(Cl)c(Cl)cc2n1[C@H]1O[C@@H](CO)[C@H](O)[C@@H]1O,100.0,3.616738862566663,-1.4416828472351948,2,1.63,2.975,16550.0,,tablet,False,False
tenofovir alafenamide,CC(C)OC(=O)[C@H](C)N[P@](=O)(CO[C@H](C)Cn1cnc2c(N)ncnc21)Oc1ccccc1,25.0,0.2769173125682105,-1.9555899004605752,2,0.365,0.405,152.17000000000002,,tablet,False,False
sofosbuvir,CC(C)OC(=O)[C@H](C)N[P@](=O)(OC[C@H]1O[C@@H](n2ccc(=O)[nH]c2=O)[C@](C)(F)[C@@H]1O)Oc1ccccc1,400.0,0.8981843611113518,-2.6486945023271313,3,0.5,0.41,848.9,,tablet,False,False
ozanimod,CC(C)Oc1ccc(-c2nc(-c3cccc4c3CC[C@@H]4NCCO)no2)cc1C#N,1.0,0.0001643167672515,-3.784318117920638,2,10.0,18.5,5.055,,capsule,False,False
dihydroergocristine,CC(C)[C@@]1(NC(=O)[C@@H]2C[C@@H]3c4cccc5[nH]cc(c45)C[C@H]3N(C)C2)O[C@@]2(O)[C@@H]3CCCN3C(=O)[C@H](Cc3ccccc3)N2C1=O,18.0,0.00028,-4.808114473761087,1,0.46,3.5,0.48,,tablet,False,False
valganciclovir,CC(C)[C@H](N)C(=O)OCC(CO)OCn1cnc2c(=O)nc(N)[nH]c21,360.0,0.2,-3.255272505103306,1,0.53,0.47,170.0,,solution,False,False
valaciclovir,CC(C)[C@H](N)C(=O)OCCOCn1cnc2c(=O)nc(N)[nH]c21,1000.0,0.19136,-3.7181488376916834,1,1.5,,262.72,,capsule,False,False
Semagacestat,CC(C)[C@H](O)C(=O)N[C@@H](C)C(=O)N[C@@H]1C(=O)N(C)CCc2ccccc21,140.0,2.08,-1.8280647007154764,1,1.0,2.6,7210.0,,capsule,False,False
nateglinide,CC(C)[C@H]1CC[C@H](C(=O)N[C@H](Cc2ccccc2)C(=O)O)CC1,60.0,3.09,-1.288192770958809,1,1.91,1.44,6930.0,73.0,tablet,False,False
propantheline,CC(C)[N+](C)(CCOC(=O)C1c2ccccc2Oc2ccccc21)C(C)C,60.0,0.0521799999999999,-3.0606471756194424,1,1.0,1.55,144.19,,tablet,False,False
atorvastatin,CC(C)c1c(C(=O)Nc2ccccc2)c(-c2ccccc2)c(-c2ccc(F)cc2)n1CC[C@@H](O)C[C@@H](O)CC(=O)O,40.0,0.0160352214948131,-3.3969850281043055,5,1.0,7.47,111.0,14.0,tablet,False,False
cobicistat (gs-9350),CC(C)c1nc(CN(C)C(=O)N[C@@H](CCN2CCOCC2)C(=O)N[C@H](CC[C@H](Cc2ccccc2)NC(=O)OCc2cncs2)Cc2ccccc2)cs1,100.0,0.343,-2.4647058799572297,1,4.0,2.68,1650.0,,tablet,False,False
ritonavir,CC(C)c1nc(CN(C)C(=O)N[C@H](C(=O)N[C@@H](Cc2ccccc2)C[C@H](O)[C@H](Cc2ccccc2)NC(=O)OCc2cncs2)C(C)C)cs1,400.0,5.104,-1.8941493256148565,1,2.7,5.1,53700.0,,capsule,False,False
rosuvastatin,CC(C)c1nc(N(C)S(C)(=O)=O)nc(-c2ccc(F)cc2)c1/C=C/[C@@H](O)C[C@@H](O)CC(=O)O,40.0,0.0626227394801028,-2.8053279290839797,4,3.6,19.0,542.5,20.0,tablet,False,False
fluvastatin,CC(C)n1c(/C=C/C(O)CC(O)CC(=O)O)c(-c2ccc(F)cc2)c2ccccc21,40.0,0.3134677016855165,-2.1058671916233287,2,0.835,2.45,449.0,,capsule,False,False
mavacamten,CC(C)n1c(=O)cc(N[C@@H](C)c2ccccc2)[nH]c1=O,25.0,0.5718,-1.6406958576500676,1,1.5,143.6,20280.0,85.0,,False,False
voxelotor,CC(C)n1nccc1-c1ncccc1COc1cccc(O)c1C=O,100.0,0.2689999999999999,-2.5702477199975924,1,2.0,,14800.0,,,False,False
isotretinoin,CC(C=CC1=C(C)CCCC1(C)C)=CC=CC(C)=CC(=O)O,80.0,0.57325,-2.144745923589967,1,,90.0,,,tablet,False,False
labetalol,CC(CCc1ccccc1)NCC(O)c1ccc(O)c(C(N)=O)c1,200.0,0.1347203913774567,-3.1715966598336527,3,1.0,3.16,502.8,26.0,tablet,False,False
trimipramine,CC(CN(C)C)CN1c2ccccc2CCc2ccccc21,100.0,0.0378,-3.4225082001627745,1,2.5,10.9,362.3,,tablet,False,False
alimemazine,CC(CN(C)C)CN1c2ccccc2Sc2ccccc21,20.0,0.00455,-3.6430185990068686,1,3.0,12.07,58.15,,tablet,False,False
promethazine,CC(CN1c2ccccc2Sc2ccccc21)N(C)C,50.0,0.0193,-3.413412695328245,1,4.39,18.6,361.0,,syrup,False,False
phenylpropanolamine,CC(N)C(O)c1ccccc1,100.0,0.39682,-2.401406447226662,1,1.7,3.8,2530.8,,powder,False,False
rimantadine,CC(N)C12CC3CC(CC(C3)C1)C2,200.0,0.2149408916293913,-2.968710949555488,3,4.3,30.4,9140.0,,tablet,False,False
amphetamine,CC(N)Cc1ccccc1,18.8,0.0449,-2.621911508260357,1,,11.0,,,tablet,False,False
pinacidil,CC(N/C(=N/c1ccncc1)NC#N)C(C)(C)C,12.5,0.0298,-2.6226937489318014,1,1.58,2.04,207.15,57.0,capsule,False,False
bupropion,CC(NC(C)(C)C)C(=O)c1cccc(Cl)c1,100.0,0.1390850102797921,-2.8567196730529583,4,1.545,12.3,698.25,,tablet,False,False
bicalutamide,CC(O)(CS(=O)(=O)c1ccc(F)cc1)C(=O)Nc1ccc(C#N)c(C(F)(F)F)c1,50.0,0.9459657061662258,-1.723094612006885,3,24.0,144.7,224309.3,,tablet,False,False
darolutamide,CC(O)c1cc(C(=O)N[C@@H](C)Cn2ccc(-c3ccc(C#N)c(Cl)c3)n2)n[nH]1,300.0,0.8,-2.574031267727719,1,3.5,15.3,12898.0,29.9,tablet,False,False
Tecarfarin,CC(OC(=O)c1ccc(Cc2c(O)c3ccccc3oc2=O)cc1)(C(F)(F)F)C(F)(F)F,40.0,0.573,-1.8439053693605725,1,2.95,99.6,8910.0,,,False,False
lofexidine,CC(Oc1c(Cl)cccc1Cl)C1=NCCN1,2.0,0.0027899999999999,-2.8554257923903994,1,3.25,11.44,54.32,,tablet,False,False
tiopronin,CC(S)C(=O)NCC(=O)O,500.0,3.2639600000000004,-2.185225176523105,1,4.4,52.13,50655.03,63.0,tablet,False,False
zileuton,CC(c1cc2ccccc2s1)N(O)C(N)=O,200.0,1.44,-2.1426675035687315,1,1.7,1.85,5310.0,,capsule,False,False
muzolimine,CC(c1ccc(Cl)c(Cl)c1)N1N=C(N)CC1=O,40.0,0.27,-2.170696227168975,1,2.0,13.5,2800.0,,tablet,False,False
tamoxifen,CC/C(=C(\c1ccccc1)c1ccc(OCCN(C)C)cc1)c1ccccc1,80.0,0.145,-2.741721984756969,1,5.0,118.0,10700.0,,tablet,False,False
gepirone,CC1(C)CC(=O)N(CCCCN2CCN(c3ncccn3)CC2)C(=O)C1,20.0,0.0187299999999999,-3.028492218288746,1,0.75,2.94,55.26,14.0,capsule,False,False
palovarotene,CC1(C)CCC(C)(C)c2cc(Cn3cccn3)c(/C=C/c3ccc(C(=O)O)cc3)cc21,10.0,0.0790771774913596,-2.1019488403928075,2,4.25,11.35,463.2,,,False,False
Lapachone,CC1(C)CCC2=C(O1)c1ccccc1C(=O)C2=O,100.0,0.00156,-4.806875401645539,1,5.0,16.4,26.98,,tablet,False,False
omaveloxolone,CC1(C)CC[C@]2(NC(=O)C(C)(F)F)CC[C@]3(C)[C@H](C(=O)C=C4[C@@]5(C)C=C(C#N)C(=O)C(C)(C)[C@@H]5CC[C@]43C)[C@@H]2C1,150.0,0.0324099999999999,-3.665412228023473,1,10.0,86.9,1548.0,,capsule,False,False
nilutamide,CC1(C)NC(=O)N(c2ccc([N+](=O)[O-])c(C(F)(F)F)c2)C1=O,100.0,0.8,-2.0969100130080562,1,1.8,43.0,25000.0,,,False,False
Acoziborole,CC1(C)OB(O)c2cc(NC(=O)c3ccc(F)cc3C(F)(F)F)ccc21,120.0,3.640000000000001,-1.5180798623985687,1,14.0,371.0,1844000.0,,capsule,False,False
topiramate,CC1(C)O[C@@H]2[C@@H](CO[C@@]3(COS(N)(=O)=O)OC(C)(C)O[C@@H]23)O1,100.0,1.73,-1.7619538968712045,1,1.75,18.7,45000.0,,tablet,False,False
cyclacillin,CC1(C)S[C@@H]2[C@H](NC(=O)C3(N)CCCCC3)C(=O)N2[C@H]1C(=O)O,250.0,5.405034689990435,-1.6651415230333881,2,0.5,0.655,6405.0,,tablet,False,False
phenoxymethylpenicillin,CC1(C)S[C@@H]2[C@H](NC(=O)COc3ccccc3)C(=O)N2[C@H]1C(=O)O,400.0,5.140000000000001,-1.8910968723326866,1,0.75,0.52,6890.0,,tablet,False,False
amoxicillin,CC1(C)S[C@@H]2[C@H](NC(=O)[C@H](N)c3ccc(O)cc3)C(=O)N2[C@H]1C(=O)O,500.0,9.14330356052997,-1.7378668656165106,2,1.44,1.26,26600.0,77.4,capsule,False,False
memantine,CC12CC3CC(C)(C1)CC(N)(C3)C2,20.0,0.0253399999999999,-2.8972233851165603,1,6.89,62.06,1853.29,100.0,,False,False
isotretinoin,CC1=C(/C=C/C(C)=C/C=C/C(C)=C\C(=O)O)C(C)(C)CCC1,80.0,0.68429,-2.0678497935929614,1,1.0,18.09,6052.88,,suspension,False,False
alitretinoin (9-cis-retinoic acid),CC1=C(/C=C/C(C)=C\C=C\C(C)=C\C(=O)O)C(C)(C)CCC1,80.0,0.3557,-2.352006121806163,1,3.0,1.9,1076.1,,capsule,False,False
cefradine,CC1=C(C(=O)O)N2C(=O)[C@@H](NC(=O)[C@H](N)C3=CCC=CC3)[C@H]2SC1,250.0,9.4,-1.424812155072339,1,0.8,1.1,15000.0,,capsule,False,False
cefadroxil,CC1=C(C(=O)O)N2C(=O)[C@@H](NC(=O)[C@H](N)c3ccc(O)cc3)[C@H]2SC1,1000.0,32.951038503761424,-1.4821308933811792,3,1.5,1.63,108500.0,,capsule,False,False
cephalexin,CC1=C(C(=O)O)N2C(=O)[C@@H](NC(=O)[C@H](N)c3ccccc3)[C@H]2SC1,250.0,12.000000000000002,-1.3187587626244128,1,0.6,1.1,14100.0,90.0,solution,False,False
Azelnidipine,CC1=C(C(=O)OC(C)C)C(c2cccc([N+](=O)[O-])c2)C(C(=O)OC2CN(C(c3ccccc3)c3ccccc3)C2)=C(N)N1,16.0,0.01917,-2.921497869777862,1,3.0,23.5,429.0,,tablet,False,False
sulindac,CC1=C(CC(=O)O)c2cc(F)ccc2/C1=C\c1ccc([S+](C)[O-])cc1,150.0,3.8,-1.5963076624388712,1,2.0,,14870.0,,tablet,False,False
eltrombopag,CC1=NN(c2ccc(C)c(C)c2)C(=O)/C1=N\Nc1cccc(-c2cccc(C(=O)O)c2)c1O,50.0,5.752652004132838,-0.9391019013440647,3,3.0,25.8,66000.0,,,False,False
edaravone,CC1=NN(c2ccccc2)C(=O)C1,105.0,1.656,-1.8021289666210767,1,0.5,9.75,1762.0,57.3,suspension,False,False
diazoxide,CC1=NS(=O)(=O)c2cc(Cl)ccc2N1,100.0,4.99,-1.30189945437661,1,4.0,27.0,230000.0,91.0,capsule,False,False
ofloxacin,CC1COc2c(N3CCN(C)CC3)c(F)cc3c(=O)c(C(=O)O)cn1c23,300.0,3.0048421802252894,-1.9992995877177395,3,1.43,5.65,21500.0,,tablet,False,False
nifurtimox,CC1CS(=O)(=O)CCN1/N=C/c1ccc([N+](=O)[O-])o1,862.5,0.751,-3.0601191667411434,1,2.24,2.95,5430.0,,tablet,False,False
indapamide,CC1Cc2ccccc2N1NC(=O)c1ccc(Cl)c(S(N)(=O)=O)c1,5.0,0.2464812366083877,-1.3071861401450677,2,2.9,15.0,4440.0,,tablet,False,False
cefprozil,CC=CC1=C(C(=O)O)N2C(=O)[C@@H](NC(=O)[C@H](N)c3ccc(O)cc3)[C@H]2SC1,250.0,5.524872802023761,-1.6556177248696566,3,1.25,1.3,15000.0,90.0,capsule,False,False
methadone,CCC(=O)C(CC(C)N(C)C)(c1ccccc1)c1ccccc1,10.0,0.0359165699921359,-2.444705144850376,2,2.45,32.45,1247.0,85.0,solution,False,False
alfentanil,CCC(=O)N(c1ccccc1)C1(COC)CCN(CCn2nnn(CC)c2=O)CC1,4.88,0.0499999999999999,-1.9894498176666926,1,0.7,1.1,105.0,,solution,False,False
leniolisib,CCC(=O)N1CC[C@H](Nc2ncnc3c2CN(c2cnc(OC)c(C(F)(F)F)c2)CC3)C1,400.0,13.513950000000005,-1.4712776835737156,1,2.0,4.8,105408.81,,,False,False
ramelteon,CCC(=O)NCC[C@@H]1CCc2ccc3c(c21)CCO3,64.0,0.0259,-3.3928802099026356,1,0.94,1.9,36.1,1.8,tablet,False,False
tasimelteon,CCC(=O)NC[C@@H]1C[C@H]1c1cccc2c1CCO2,20.0,0.2359595014589781,-1.9281925257539347,7,0.5,1.31,366.1,38.33,capsule,False,False
dextropropoxyphene,CCC(=O)O[C@](Cc1ccccc1)(c1ccccc1)[C@H](C)CN(C)C,65.0,0.0526032318398784,-3.0919009294642423,2,2.15,13.95,410.0,,capsule,False,False
simvastatin,CCC(C)(C)C(=O)O[C@H]1C[C@@H](C)C=C2C=C[C@H](C)[C@H](CC[C@@H]3C[C@@H](O)CC(=O)O3)[C@H]21,40.0,0.0088592141198895,-3.654664792977378,5,1.9,4.81,36.2,5.0,tablet,False,False
itraconazole,CCC(C)n1ncn(-c2ccc(N3CCN(c4ccc(OC[C@H]5CO[C@](Cn6cncn6)(c6ccc(Cl)cc6Cl)O5)cc4)CC3)cc2)c1=O,100.0,0.0383999999999999,-3.4156687756324704,1,3.3,24.0,722.0,55.0,capsule,False,False
Dalcetrapib,CCC(CC)CC1(C(=O)Nc2ccccc2SC(=O)C(C)C)CCCCC1,2100.0,5.150000000000001,-2.6104120656927283,1,6.0,20.0,59000.0,,tablet,False,False
methysergide,CCC(CO)NC(=O)[C@@H]1C=C2c3cccc4c3c(cn4C)C[C@H]2N(C)C1,2.0,0.00177,-3.0530567293021744,1,1.0,1.03,3.32,13.0,,False,False
trimebutine,CCC(COC(=O)c1cc(OC)c(OC)c(OC)c1)(c1ccccc1)N(C)C,125.0,0.0181399999999999,-3.8382727302839825,1,1.0,3.25,30.33,,tablet,False,False
phenprocoumon,CCC(c1ccccc1)c1c(O)c2ccccc2oc1=O,18.0,2.393,-0.8763298064898688,1,3.34,147.2,399296.0,,tablet,False,False
ponesimod,CCC/N=C1\S/C(=C\c2ccc(OC[C@H](O)CO)c(Cl)c2)C(=O)N1c1ccccc1C,10.0,0.0544011029299958,-2.2643922953099915,2,4.0,31.65,1943.0,83.8,tablet,False,False
ethosuximide,CCC1(C)CC(=O)NC1=O,500.0,12.724173843515343,-1.5943404103292005,2,2.5,47.900000000000006,834345.0,,capsule,False,False
methyprylon,CCC1(CC)C(=O)NCC(C)C1=O,300.0,5.45,-1.74072475244302,1,1.37,9.2,68540.0,,capsule,False,False
aminoglutethimide,CCC1(c2ccc(N)cc2)CCC(=O)NC1=O,500.0,5.91,-1.9273825234547635,1,1.5,12.41,96650.0,,tablet,False,False
phenobarbital,CCC1(c2ccccc2)C(=O)NC(=O)NC1=O,100.0,2.82,-1.5497508916806388,1,1.5,98.0,,100.0,tablet,False,False
primidone,CCC1(c2ccccc2)C(=O)NCNC1=O,500.0,8.97032,-1.7461620683426122,1,2.0,16.85,213535.12,,tablet,False,False
glimepiride,CCC1=C(C)CN(C(=O)NCCc2ccc(S(=O)(=O)NC(=O)N[C@H]3CC[C@H](C)CC3)cc2)C1=O,1.0,0.0863851839148357,-1.0635607377965592,2,2.55,5.955,522.5,107.0,tablet,False,False
vinorelbine,CCC1=C[C@@H]2CN(C1)Cc1c([nH]c3ccccc13)[C@@](C(=O)OC)(c1cc3c(cc1OC)N(C)[C@H]1[C@@](O)(C(=O)OC)[C@H](OC(C)=O)[C@]4(CC)C=CCN5CC[C@]31[C@@H]54)C2,138.4,0.1381166173926946,-3.000890156597943,2,1.5,39.95,1257.5,40.0,capsule,False,False
Mirogabalin,CCC1=C[C@@H]2[C@H](C1)C[C@]2(CN)CC(=O)O,75.0,1.06,-1.8497553981269297,1,1.0,4.94,4896.0,,tablet,False,False
clarithromycin,CCC1OC(=O)C(C)C(OC2CC(C)(OC)C(O)C(C)O2)C(C)C(OC2OC(C)CC(N(C)C)C2O)C(C)(OC)CC(C)C(=O)C(C)C(O)C1(C)O,500.0,0.8,-2.7958800173440754,1,,3.0,,,tablet,False,False
acebutolol,CCCC(=O)Nc1ccc(OCC(O)CNC(C)C)c(C(C)=O)c1,400.0,0.7382961779063909,-2.733829371203561,3,3.0,4.0,4280.0,45.2,tablet,False,False
carisoprodol,CCCC(C)(COC(N)=O)COC(=O)NC(C)C,350.0,2.31647,-2.1792413642094712,1,1.0,1.85,6578.31,,tablet,False,False
meprobamate,CCCC(C)(COC(N)=O)COC(N)=O,400.0,7.67,-1.7172646273789813,1,2.27,10.83,125400.0,,tablet,False,False
valproic acid,CCCC(CCC)C(=O)O,500.0,62.220000000000006,-0.9050399975633342,1,3.47,12.5,1324000.0,,tablet,False,False
budesonide,CCCC1O[C@@H]2C[C@H]3[C@@H]4CCC5=CC(=O)C=C[C@]5(C)[C@H]4[C@@H](O)C[C@]3(C)[C@]2(C(=O)CO)O1,3.0,0.00082,-3.563307402335946,1,1.75,4.69,4.65,16.7,capsule,False,False
valsartan,CCCCC(=O)N(Cc1ccc(-c2ccccc2-c2nn[nH]n2)cc1)[C@H](C(=O)O)C(C)C,80.0,1.6928832210167364,-1.6744629864832818,2,2.75,6.795,10320.645,23.0,capsule,False,False
butobarbital,CCCCC1(CC)C(=O)NC(=O)NC1=O,200.0,3.5000000000000004,-1.7569619513137056,1,1.0,37.36,,,capsule,False,False
odevixibat,CCCCC1(CCCC)CN(c2ccccc2)c2cc(SC)c(OCC(=O)N[C@@H](C(=O)N[C@@H](CC)C(=O)O)c3ccc(O)cc3)cc2S(=O)(=O)N1,7.2,0.00047,-4.185234638495551,1,3.0,2.36,2.19,,capsule,False,False
maralixibat,CCCCC1(CCCC)CS(=O)(=O)c2ccc(N(C)C)cc2[C@@H](c2ccc(OCc3ccc(C[N+]45CCN(CC4)CC5)cc3)cc2)[C@H]1O,30.0,0.00165,-4.259637310505756,1,0.75,1.6,3.43,,solution,False,False
irbesartan,CCCCC1=NC2(CCCC2)C(=O)N1Cc1ccc(-c2ccccc2-c2nn[nH]n2)cc1,300.0,3.098855106182084,-1.985919984403805,3,1.03,15.0,22494.2,,capsule,False,False
sparsentan,CCCCC1=NC2(CCCC2)C(=O)N1Cc1ccc(-c2ccccc2S(=O)(=O)Nc2noc(C)c2C)c(COCC)c1,400.0,6.970000000000001,-1.758827213229953,1,3.0,,83000.0,,tablet,False,False
phenylbutazone,CCCCC1C(=O)N(c2ccccc2)N(c2ccccc2)C1=O,100.0,14.169999999999996,-0.8486301497525397,1,2.89,75.86,1257870.0,,,False,False
nabilone,CCCCCCC(C)(C)c1cc(O)c2c(c1)OC(C)(C)[C@@H]1CCC(=O)C[C@@H]21,2.0,0.002,-3.0,1,2.0,2.0,,,capsule,False,False
eliglustat,CCCCCCCC(=O)N[C@H](CN1CCCC1)[C@H](O)c1ccc2c(c1)OCCO2,84.0,0.0108166538263919,-3.8901863551888036,2,2.0,7.5,80.5,,,False,False
brincidofovir,CCCCCCCCCCCCCCCCOCCCOP(=O)(O)CO[C@H](CO)Cn1ccc(N)nc1=O,105.0,0.371,-2.451815389454892,1,3.0,32.7,2340.0,16.8,solution,False,False
fingolimod,CCCCCCCCc1ccc(CCC(N)(CO)CO)cc1,5.0,0.0033999999999999,-3.1674910872937767,1,12.0,175.2,639.0,93.0,capsule,False,False
ibandronate,CCCCCN(C)CCC(O)(P(=O)(O)O)P(=O)(O)O,100.0,0.0472,-3.3260580013659125,1,1.19,21.5,168.0,,,False,False
Dexloxiglumide,CCCCCN(CCCOC)C(=O)[C@@H](CCC(=O)O)NC(=O)c1ccc(Cl)c(Cl)c1,200.0,3.4467375879228173,-1.7636217753413939,2,1.22,2.75,7750.0,48.0,tablet,False,False
tegaserod,CCCCCNC(=N)N/N=C/c1c[nH]c2ccc(OC)cc12,12.0,0.0049882926087935,-3.3812293251671126,3,1.0,3.47,11.8,10.0,tablet,False,False
capecitabine,CCCCCOC(=O)Nc1nc(=O)n([C@@H]2O[C@H](C)[C@@H](O)[C@H]2O)cc1F,150.0,0.257355903176904,-2.7655571245975215,2,1.415,0.425,273.89,,tablet,False,False
treprostinil,CCCCC[C@H](O)CC[C@@H]1[C@H]2Cc3cccc(OCC(=O)O)c3C[C@H]2C[C@H]1O,1.0,0.0004899999999999,-3.309803919971575,1,3.5,4.95,2.41,17.0,tablet ER,False,False
dronabinol,CCCCCc1cc(O)c2c(c1)OC(C)(C)[C@@H]1CCC(C)=C[C@@H]21,5.0,0.00219,-3.3585258894959007,1,1.73,4.82,4.33,,capsule,False,False
Atrasentan,CCCCN(CCCC)C(=O)CN1C[C@H](c2ccc3c(c2)OCO3)[C@@H](C(=O)O)[C@@H]1c1ccc(OC)cc1,139.5,3.4,-1.6130952905673612,1,1.7,20.0,13000.0,,capsule,False,False
miglustat,CCCCN1C[C@H](O)[C@@H](O)[C@H](O)[C@H]1CO,100.0,1.328,-1.8768019249680012,1,2.5,7.8,10868.0,,capsule,False,False
tolbutamide,CCCCNC(=O)NS(=O)(=O)c1ccc(C)cc1,500.0,51.95484400958552,-0.9833439591115472,4,3.1100000000000003,7.645,601833.425,,tablet,False,False
bumetanide,CCCCNc1cc(C(=O)O)cc(S(N)(=O)=O)c1Oc1ccccc1,5.0,0.1789999999999999,-1.4461169733561259,1,1.0,1.43,,58.8,tablet,False,False
benzonatate,CCCCNc1ccc(C(=O)OCCOCCOCCOCCOCCOCCOCCOCCOCCOC)cc1,100.0,1.063,-1.9734667354767033,1,0.56,1.01,1111.0,,capsule,False,False
Linerixibat,CCCC[C@]1(CC)CS(=O)(=O)c2cc(CNC(CC(=O)O)CC(=O)O)c(OC)cc2[C@@H](c2ccccc2)N1,90.0,0.0001199999999999,-5.8750612633920625,1,2.25,6.76,1.55,0.052,tablet,False,False
butylscopolamine,CCCC[N+]1(C)[C@@H]2C[C@@H](OC(=O)[C@H](CO)c3ccccc3)C[C@H]1[C@@H]1O[C@@H]12,10.0,6.199999999999993e-05,-5.2076083105017466,1,3.8,6.3,0.37,,tablet,False,False
Fimasartan,CCCCc1nc(C)c(CC(=S)N(C)C)c(=O)n1Cc1ccc(-c2ccccc2-c2nnn[nH]2)cc1,60.0,0.0642719223300501,-2.970129960822582,2,3.0,5.585,352.05,18.6,tablet,False,False
eprosartan,CCCCc1ncc(/C=C(\Cc2cccs2)C(=O)O)n1Cc1ccc(C(=O)O)cc1,100.0,0.4334651081690427,-2.3630458553723535,2,3.29,,1508.0,,tablet,False,False
amiodarone,CCCCc1oc2ccccc2c1C(=O)c1cc(I)c(OCCN(CC)CC)c(I)c1,200.0,0.17028,-3.0698663541588824,1,5.11,,3336.0,,tablet,False,False
ropinirole,CCCN(CCC)CCc1cccc2c1CC(=O)N2,1.0,0.00156,-2.8068754016455384,1,1.4,6.67,11.1,50.0,tablet,False,False
probenecid,CCCN(CCC)S(=O)(=O)c1ccc(C(=O)O)cc1,500.0,35.300000000000004,-1.1511952989481962,1,3.1,4.2,314730.0,,tablet,False,False
Pridopidine,CCCN1CCC(c2cccc(S(C)(=O)=O)c2)CC1,45.0,0.270396005887661,-2.221212241571427,2,1.1,6.65,2212.0,,capsule,False,False
OSU-6162 (PNU-96391),CCCN1CCC[C@@H](c2cccc(S(C)(=O)=O)c2)C1,100.0,0.3377099999999999,-2.471456079191303,1,1.0,3.39,1933.36,,capsule,False,False
pergolide,CCCN1C[C@H](CSC)C[C@@H]2c3cccc4[nH]cc(c34)C[C@H]21,0.5,9.499999999999996e-05,-3.721246399047171,1,2.5,8.0,0.85,,,False,False
chlorpropamide,CCCNC(=O)NS(=O)(=O)c1ccc(Cl)cc1,250.0,30.51175266860848,-0.9134728533913806,3,3.0,40.0,1809440.0,,tablet,False,False
propafenone,CCCNCC(O)COc1ccccc1C(=O)CCc1ccccc1,300.0,0.1477883689604835,-3.307480998570502,2,2.71,3.69,692.5899999999999,17.17,tablet,False,False
Mesdopetam,CCCNCCOc1cc(F)cc(S(C)(=O)=O)c1,120.0,0.52591,-2.3582698171936105,1,1.0,6.9,4625.8,,,False,False
macitentan,CCCNS(=O)(=O)Nc1ncnc(OCCOc2ncc(Br)cn2)c1-c1ccc(Br)cc1,10.0,0.2017218532625373,-1.695247050536718,4,6.25,15.75,5800.5,,tablet,False,False
Dexpramipexole,CCCN[C@@H]1CCc2nc(N)sc2C1,150.0,0.36,-2.619788758288394,1,2.0,7.0,3782.0,,capsule,False,False
pramipexole,CCCN[C@H]1CCc2nc(N)sc2C1,0.25,0.00073,-2.5346171485515816,1,1.75,8.83,8.2,90.0,tablet,False,False
propiverine,CCCOC(C(=O)OC1CCN(C)CC1)(c1ccccc1)c1ccccc1,30.0,0.1515999999999999,-2.296422053423628,1,1.6,15.0,1520.0,49.9,tablet,False,False
udenafil,CCCOc1ccc(S(=O)(=O)NCCC2CCCN2C)cc1-c1nc(=O)c2c([nH]1)c(CCC)nn2C,100.0,0.3255219193848549,-2.487419762403378,2,1.125,12.215,2572.25,,,False,False
abrocitinib,CCCS(=O)(=O)N[C@H]1C[C@@H](N(C)c2ncnc3[nH]ccc23)C1,100.0,0.4596999999999999,-2.3375254962496905,1,0.55,3.59,1465.0,,,False,False
vemurafenib,CCCS(=O)(=O)Nc1ccc(F)c(C(=O)c2c[nH]c3ncc(-c4ccc(Cl)cc4)cc23)c1F,960.0,4.224926034855521,-2.3564521228154627,2,4.0,27.45,149500.0,,tablet,False,False
albendazole,CCCSc1ccc2nc(NC(=O)OC)[nH]c2c1,400.0,0.0153,-4.417368560510363,1,2.1,10.2,100.1,,tablet,False,False
ticagrelor,CCCSc1nc(N[C@@H]2C[C@H]2c2ccc(F)c(F)c2)c2nnn([C@@H]3C[C@H](OCCO)[C@@H](O)[C@H]3O)c2n1,100.0,0.5141932369929333,-2.288873639781773,4,1.75,9.15,3615.5,,tablet,False,False
brivaracetam,CCC[C@@H]1CC(=O)N([C@@H](CC)C(N)=O)C1,10.0,0.3069046802717541,-1.5129964885616674,3,0.5,9.2,3220.0,100.8,capsule,False,False
clindamycin,CCC[C@@H]1C[C@@H](C(=O)N[C@@H]([C@H]2O[C@H](SC)[C@H](O)[C@@H](O)[C@H]2O)[C@H](C)Cl)N(C)C1,600.0,5.530913125334732,-2.0353544133724513,2,1.005,3.455,25750.0,,capsule,False,False
telaprevir,CCC[C@H](NC(=O)[C@@H]1[C@H]2CCC[C@H]2CN1C(=O)[C@@H](NC(=O)[C@@H](NC(=O)c1cnccn1)C1CCCCC1)C(C)(C)C)C(=O)C(=O)NC1CC1,500.0,0.2126052680438563,-3.3713959828409714,2,3.625,5.205,1580.0,,tablet,False,False
perindopril,CCC[C@H](N[C@@H](C)C(=O)N1[C@H](C(=O)O)C[C@@H]2CCCC[C@@H]21)C(=O)OCC,4.0,0.074036450482178,-1.732614402059572,2,0.785,1.985,123.77,,tablet,False,False
propylthiouracil,CCCc1cc(=O)[nH]c(=S)[nH]1,100.0,3.117,-1.5062631977231602,1,0.83,1.49,8223.0,,tablet,False,False
vardenafil,CCCc1nc(C)c2c(=O)nc(-c3cc(S(=O)(=O)N4CCN(CC)CC4)ccc3OCC)[nH]n12,20.0,0.0244344314804574,-2.9130277569763843,3,0.75,3.3,69.8,15.0,tablet,False,False
sildenafil,CCCc1nn(C)c2c(=O)[nH]c(-c3cc(S(=O)(=O)N4CCN(C)CC4)ccc3OCC)nc12,50.0,0.2600212605888586,-2.283961144907773,3,1.0,2.96,628.0,41.0,tablet,False,False
enprofylline,CCCn1c(=O)[nH]c(=O)c2[nH]cnc21,152.0,2.04,-1.8722134205188738,1,1.0,,6510.0,,solution,False,False
Tonapofylline,CCCn1c(=O)c2[nH]c(C34CCC(CCC(=O)O)(CC3)CC4)nc2n(CCC)c1=O,75.0,1.8247534079979133,-1.6138570799589989,2,2.65,14.35,12412.5,81.2,capsule,False,False
zaleplon,CCN(C(C)=O)c1cccc(-c2ccnc3c(C#N)cnn23)c1,20.0,0.0515758269684059,-2.5885837954718007,3,0.93,1.09,93.2,,capsule,False,False
rivastigmine,CCN(C)C(=O)Oc1cccc([C@H](C)N(C)C)c1,6.0,0.0308841804165174,-2.2884151695701145,2,1.34,1.735,100.35,60.2,capsule,False,False
entacapone,CCN(CC)C(=O)/C(C#N)=C/c1cc(O)c(O)c([N+](=O)[O-])c1,100.0,1.116,-1.95233580539844,1,0.6,1.59,724.0,32.0,tablet,False,False
entacapone,CCN(CC)C(=O)C(C#N)=Cc1cc(O)c(O)c([N+](=O)[O-])c1,200.0,1.2,-2.2218487496163566,1,,0.4,,35.0,tablet,False,False
milnacipran,CCN(CC)C(=O)C1(c2ccccc2)CC1CN,50.0,0.1377566600095906,-2.559857399821306,3,2.0,8.3,1360.0,90.3,capsule,False,False
diethylcarbamazine,CCN(CC)C(=O)N1CCN(C)CC1,150.0,0.5,-2.4771212547196626,1,2.27,14.63,5840.0,82.5,tablet,False,False
celiprolol,CCN(CC)C(=O)Nc1ccc(OCC(O)CNC(C)(C)C)c(C(C)=O)c1,100.0,0.3023408672343188,-2.519503145528832,2,4.0,4.699999999999999,1412.5,,tablet,False,False
levomilnacipran,CCN(CC)C(=O)[C@@]1(c2ccccc2)C[C@H]1CN,100.0,0.2081,-2.681727919788373,1,6.0,11.1,4034.0,,capsule ER,False,False
disulfiram,CCN(CC)C(=S)SSC(=S)N(CC)CC,250.0,0.38,-2.8181564120552274,1,9.2,7.3,4520.0,,,False,False
lidocaine,CCN(CC)CC(=O)Nc1c(C)cccc1C,66.5,0.127,-2.7190179243471477,1,1.1,2.4,359.0,,solution,False,False
chloroquine,CCN(CC)CCCC(C)Nc1ccnc2cc(Cl)ccc12,300.0,0.1047295946712294,-3.457051832006876,2,3.0,209.5,5992.54,89.0,tablet,False,False
flurazepam,CCN(CC)CCN1C(=O)CN=C(c2ccccc2F)c2cc(Cl)ccc21,30.0,0.0021,-4.154901959985743,1,1.0,1.34,5.1,,,False,False
sunitinib,CCN(CC)CCNC(=O)c1c(C)[nH]c(/C=C2\C(=O)Nc3ccc(F)cc32)c1C,50.0,0.0242988720707978,-3.313383889782874,3,8.03,63.8,1489.0,,capsule,False,False
metoclopramide,CCN(CC)CCNC(=O)c1cc(Cl)c(N)cc1OC,10.0,0.0411168950377477,-2.3859796887327835,3,1.02,6.0,277.7,77.0,tablet,False,False
procainamide,CCN(CC)CCNC(=O)c1ccc(N)cc1,1000.0,5.230678732248808,-2.281441953475961,2,1.8,2.68,29400.0,,capsule,False,False
clomifene (clomiphene),CCN(CC)CCOc1ccc(C(=C(Cl)c2ccccc2)c2ccccc2)cc1,50.0,0.0084137506499776,-3.7739803672211734,2,6.58,128.12,714.135,,tablet,False,False
amodiaquine,CCN(CC)Cc1cc(Nc2ccnc3cc(Cl)ccc23)ccc1O,200.0,0.016,-4.096910013008056,1,0.6,7.9,30.0,,tablet,False,False
Givinostat,CCN(CC)Cc1ccc2cc(COC(=O)Nc3ccc(C(=O)NO)cc3)ccc2c1,100.0,0.0989999999999999,-3.0043648054024508,2,2.09,6.0,671.0,,capsule,False,False
alverine,CCN(CCCc1ccccc1)CCCc1ccccc1,120.0,0.0084613474104305,-4.151741719140989,2,1.135,14.51,50.38,,capsule,False,False
hydroxychloroquine,CCN(CCO)CCCC(C)Nc1ccnc2cc(Cl)ccc12,155.0,0.046,-3.5275738664887175,1,3.2,768.0,,79.0,tablet,False,False
pemigatinib,CCN1C(=O)N(c2c(F)c(OC)cc(OC)c2F)Cc2cnc3[nH]c(CN4CCOCC4)cc3c21,9.0,0.052755483868699,-2.231974898737306,4,1.0,14.05,587.4449999999999,,tablet,False,False
amisulpride,CCN1CCCC1CNC(=O)c1cc(S(=O)(=O)CC)c(N)cc1OC,50.0,0.0371,-3.129596094720973,1,2.3,10.6,324.8,,,False,False
sultopride,CCN1CCCC1CNC(=O)c1cc(S(=O)(=O)CC)ccc1OC,100.0,0.55,-2.2596373105057563,1,1.7,3.6,3900.0,,tablet,False,False
sulpiride,CCN1CCCC1CNC(=O)c1cc(S(N)(=O)=O)ccc1OC,100.0,0.0884,-3.053547734986927,1,2.9,9.0,1402.5,,,False,False
remoxipride,CCN1CCC[C@H]1CNC(=O)c1c(OC)ccc(Br)c1OC,100.0,1.72643,-1.7628510259041812,1,1.2,4.7,12029.31,91.6,capsule,False,False
abemaciclib,CCN1CCN(Cc2ccc(Nc3ncc(F)c(-c4cc(F)c5nc(C)n(C(C)C)c5c4)n3)nc2)CC1,200.0,0.102,-3.2924298239020637,1,8.23,21.6,3680.0,,,False,False
Blonanserin,CCN1CCN(c2cc(-c3ccc(F)cc3)c3c(n2)CCCCCC3)CC1,8.0,0.0003741657386773,-4.330025969152934,2,1.25,10.8,2.48,,tablet,False,False
fenfluramine,CCNC(C)Cc1cccc(C(F)(F)F)c1,61.28,0.0573999999999999,-3.0284068642265747,1,3.0,21.2,1610.0,71.0,solution,False,False
etilefrine,CCNCC(O)c1cccc(O)c1,20.0,0.0184999999999999,-3.0338582672609697,1,0.5,1.61,24.9,,tablet,False,False
elacestrant,CCNCCc1ccc(CN(CC)c2cc(OC)ccc2[C@@H]2CCc3cc(O)ccc3C2)cc1,100.0,0.0118,-3.9281179926938745,1,2.58,28.4,294.0,10.0,capsule,False,False
dexfenfluramine,CCN[C@@H](C)Cc1cccc(C(F)(F)F)c1,30.0,0.0272999999999999,-3.040958607678908,1,3.0,14.5,509.9,69.0,capsule,False,False
meperidine,CCOC(=O)C1(c2ccccc2)CCN(C)CC1,100.0,0.1679999999999999,-2.7746907182741376,1,1.25,4.15,923.0,51.3,solution,False,False
diphenoxylate,CCOC(=O)C1(c2ccccc2)CCN(CCC(C#N)(c2ccccc2)c2ccccc2)CC1,5.0,0.0094999999999999,-2.7212463990471756,1,2.0,3.4,50.65,,solution,False,False
felodipine,CCOC(=O)C1=C(C)NC(C)=C(C(=O)OC)C1c1cccc(Cl)c1Cl,40.0,0.04427,-2.9559504693491143,1,0.55,2.8,101.98,15.5,solution,False,False
nitrendipine,CCOC(=O)C1=C(C)NC(C)=C(C(=O)OC)C1c1cccc([N+](=O)[O-])c1,20.0,0.0075971047116648,-3.4203818832935498,2,2.03,9.395,26.645,11.1,tablet,False,False
lacidipine,CCOC(=O)C1=C(C)NC(C)=C(C(=O)OCC)C1c1ccccc1/C=C/C(=O)OC(C)(C)C,8.0,0.0079233831158161,-3.004179331309933,2,1.15,9.65,24.375,10.0,,False,False
amlodipine,CCOC(=O)C1=C(COCCN)NC(C)=C(C(=O)OC)C1c1ccccc1Cl,10.0,0.0057480431452799,-3.2404799806758326,2,7.0,36.285,259.1,64.0,tablet,False,False
levamlodipine,CCOC(=O)C1=C(COCCN)NC(C)=C(C(=O)OC)[C@@H]1c1ccccc1Cl,5.0,0.0028118916017344,-3.2499714296937765,3,6.0,49.1,157.14,77.0,tablet,False,False
oseltamivir,CCOC(=O)C1=CC(OC(CC)CC)C(NC(C)=O)C(N)C1,30.0,0.065,-2.664207898076807,1,,1.0,,,tablet,False,False
oseltamivir (gs4104),CCOC(=O)C1=C[C@@H](OC(CC)CC)[C@H](NC(C)=O)[C@@H](N)C1,75.0,0.0744,-3.0034883278458215,1,0.5,1.41,161.0,,capsule,False,False
ximelagatran,CCOC(=O)CN[C@@H](C(=O)N1CC[C@H]1C(=O)NCc1ccc(/C(N)=N/O)cc1)C1CCCCC1,50.0,0.4084885708511591,-2.087790094473001,3,0.33,0.56,224.47,,solution,False,False
loratadine,CCOC(=O)N1CCC(=C2c3ccc(Cl)cc3CCc3cccnc32)CC1,20.0,0.0153967722475743,-3.1136003100218104,3,1.2,6.0,47.0,,tablet,False,False
molsidomine,CCOC(=O)N=C1CN(N2CCOCC2)NO1,2.0,0.0137579068175358,-2.162477632022056,2,0.6,1.13,29.085,44.0,tablet,False,False
vorapaxar,CCOC(=O)N[C@@H]1CC[C@@H]2[C@@H](C1)C[C@H]1C(=O)O[C@H](C)[C@H]1[C@H]2/C=C/c1ccc(-c2cccc(F)c2)cn1,40.0,0.4544962827111823,-1.9445296558153515,3,1.5,193.0,35500.0,100.0,tablet,False,False
ezogabine (retigabine),CCOC(=O)Nc1ccc(NCc2ccc(F)cc2)cc1N,200.0,0.6334972280151897,-2.499285276776551,4,1.9,7.550000000000001,4490.0,60.0,capsule,False,False
moricizine (en-313),CCOC(=O)Nc1ccc2c(c1)N(C(=O)CCN1CCOCC1)c1ccccc1S2,250.0,0.8160882305241266,-2.486202894086887,2,0.9,2.35,1909.5,38.0,tablet,False,False
telotristat ethyl,CCOC(=O)[C@@H](N)Cc1ccc(-c2cc(O[C@H](c3ccc(Cl)cc3-n3ccc(C)n3)C(F)(F)F)nc(N)n2)cc1,500.0,0.0044,-5.055517327849832,1,1.25,0.6,6.23,,tablet,False,False
enalapril,CCOC(=O)[C@H](CCc1ccccc1)N[C@@H](C)C(=O)N1CCC[C@H]1C(=O)O,10.0,0.06945134987889,-2.1583193087563743,2,1.15,0.725,141.45,,capsule,False,False
moexipril,CCOC(=O)[C@H](CCc1ccccc1)N[C@@H](C)C(=O)N1Cc2cc(OC)c(OC)cc2C[C@H]1C(=O)O,30.0,0.245,-2.08795517035513,1,1.0,,437.0,,capsule,False,False
quinapril,CCOC(=O)[C@H](CCc1ccccc1)N[C@@H](C)C(=O)N1Cc2ccccc2C[C@H]1C(=O)O,40.0,0.579,-1.8393814276005263,1,0.63,0.59,643.0,,capsule,False,False
ramipril,CCOC(=O)[C@H](CCc1ccccc1)N[C@@H](C)C(=O)N1[C@H](C(=O)O)C[C@@H]2CCC[C@@H]21,5.0,0.0134221953390069,-2.5711464493345506,3,0.34,1.32,10.5,,tablet,False,False
trandolapril,CCOC(=O)[C@H](CCc1ccccc1)N[C@@H](C)C(=O)N1[C@H](C(=O)O)C[C@H]2CCCC[C@@H]21,4.0,0.0079899999999999,-2.6995132120139766,1,0.44,4.81,6.69,10.0,capsule,False,False
cilazapril,CCOC(=O)[C@H](CCc1ccccc1)N[C@H]1CCCN2CCC[C@@H](C(=O)O)N2C1=O,5.0,0.182,-1.438898616350944,1,1.0,13.8,519.0,,tablet,False,False
benazepril,CCOC(=O)[C@H](CCc1ccccc1)N[C@H]1CCc2ccccc2N(CC(=O)O)C1=O,10.0,0.1354099999999999,-1.868349261910459,1,0.5,0.6,135.41,,capsule,False,False
Temocapril,CCOC(=O)[C@H](CCc1ccccc1)N[C@H]1CS[C@H](c2cccs2)CN(CC(=O)O)C1=O,20.0,0.1239999999999999,-2.2076083105017466,1,1.0,0.8,141.0,,tablet,False,False
flumazenil,CCOC(=O)c1ncn2c1CN(C)C(=O)c1cc(F)ccc1-2,30.0,0.24683,-2.084723311503291,1,0.62,1.2,,65.2,,False,False
bilastine,CCOCCn1c(C2CCN(CCc3ccc(C(C)(C)C(=O)O)cc3)CC2)nc2ccccc21,20.0,0.2401813888699538,-1.9204906438220264,3,1.31,11.76,1192.62,60.67,tablet,False,False
emedastine,CCOCCn1c(N2CCCN(C)CC2)nc2ccccc21,2.0,0.002,-3.0,1,4.0,6.4,19.8,,,False,False
Tesaglitazar,CCO[C@@H](Cc1ccc(OCCc2ccc(OS(C)(=O)=O)cc2)cc1)C(=O)O,1.0,0.2328685517625769,-0.6328891577433795,2,0.625,41.75,5657.335,103.0,tablet,False,False
Saroglitazar,CCO[C@@H](Cc1ccc(OCCn2c(C)ccc2-c2ccc(SC)cc2)cc1)C(=O)O,128.0,7.46117,-1.2344030343063304,1,1.88,7.68,33385.65,,tablet,False,False
Seladelpar,CCO[C@H](COc1ccc(C(F)(F)F)cc1)CSc1ccc(OCC(=O)O)c(C)c1,10.0,0.0719,-2.1432711096171175,1,2.0,6.7,705.0,,,False,False
iptacopan,CCO[C@H]1CCN(Cc2c(OC)cc(C)c3[nH]ccc23)[C@H](c2ccc(C(=O)O)cc2)C1,100.0,2.132,-1.6712127996454653,1,1.51,12.3,22983.0,,capsule,False,False
repaglinide,CCOc1cc(CC(=O)N[C@@H](CC(C)C)c2ccccc2N2CCCCC2)ccc1C(=O)O,2.0,0.0261438213939014,-1.8836609277604057,3,0.75,2.42,40.32,,tablet,False,False
Mosapride,CCOc1cc(N)c(Cl)cc1C(=O)NCC1CN(Cc2ccc(F)cc2)CCO1,10.0,0.07069,-2.150642018338701,1,0.49,2.24,175.77,,tablet,False,False
Cinitapride,CCOc1cc(N)c([N+](=O)[O-])cc1C(=O)NC1CCN(CC2CC=CCC2)CC1,4.0,0.00237,-3.2273116453178585,1,1.27,5.48,9.52,,tablet,False,False
apremilast,CCOc1cc([C@@H](CS(C)(=O)=O)N2C(=O)c3cccc(NC(C)=O)c3C2=O)ccc1OC,30.0,0.28522622600315,-2.0219317991611567,2,2.5,8.2,2815.0,73.0,tablet,False,False
neratinib,CCOc1cc2ncc(C#N)c(Nc3ccc(OCc4ccccn4)c(Cl)c3)c2cc1NC(=O)/C=C/CN(C)C,240.0,0.052223328120678,-3.6623466963543545,2,5.965,12.125,807.5,,tablet,False,False
drotaverine,CCOc1ccc(/C=C2\NCCc3cc(OCC)c(OCC)cc32)cc1OCC,80.0,0.2772799999999999,-2.460171441622102,1,2.0,9.08,3077.68,58.2,tablet,False,False
dapagliflozin,CCOc1ccc(Cc2cc([C@@H]3O[C@H](CO)[C@@H](O)[C@H](O)[C@H]3O)ccc2Cl)cc1,10.0,0.1453287696478647,-1.8376484031657698,3,1.3,12.3,604.9,78.0,capsule,False,False
Luseogliflozin,CCOc1ccc(Cc2cc([C@@H]3S[C@H](CO)[C@@H](O)[C@H](O)[C@H]3O)c(OC)cc2C)cc1,25.0,0.721,-1.5400047439526086,1,2.25,12.6,8510.0,,,False,False
Henagliflozin,CCOc1ccc(Cc2cc([C@@]34OC[C@@](CO)(O3)[C@@H](O)[C@H](O)[C@H]4O)ccc2Cl)cc1F,100.0,1.46,-1.8356471442155629,1,3.0,15.1,13400.0,,,False,False
ertugliflozin,CCOc1ccc(Cc2cc([C@]34OC[C@](CO)(O3)[C@@H](O)[C@H](O)[C@H]4O)ccc2Cl)cc1,15.0,0.3089834888871038,-1.686155986351905,3,1.0,13.77,1606.0,104.73,tablet,False,False
reboxetine,CCOc1ccccc1OC(c1ccccc1)C1CNCCO1,5.0,0.1639999999999999,-1.4841261562883212,1,2.0,12.7,2943.0,60.0,capsule,False,False
viloxazine,CCOc1ccccc1OCC1CNCCO1,100.0,1.5923,-1.7979751048959622,1,1.59,3.36,10255.79,,,False,False
tamsulosin,CCOc1ccccc1OCCN[C@H](C)Cc1ccc(OC)c(S(N)(=O)=O)c1,0.4,0.0071416111045517,-1.748263794273458,3,6.98,11.4,117.0,,capsule ER,False,False
finerenone,CCOc1ncc(C)c2c1[C@H](c1ccc(C#N)cc1OC)C(C(N)=O)=C(C)N2,5.0,0.0435017241037639,-2.060463534647756,2,0.75,2.1100000000000003,107.6,43.5,tablet,False,False
tinidazole,CCS(=O)(=O)CCn1c([N+](=O)[O-])cnc1C,1000.0,19.61483612417049,-1.7074153159140413,5,2.2,16.63,486130.0,,tablet,False,False
baricitinib,CCS(=O)(=O)N1CC(CC#N)(n2cc(-c3ncnc4[nH]ccc34)cn2)C1,10.0,0.152,-1.8181564120552274,1,0.75,7.23,780.0,80.0,tablet,False,False
levetiracetam,CC[C@@H](C(N)=O)N1CCCC1=O,1500.0,50.08734773195037,-1.4763632238899287,3,0.75,7.22,427900.0,102.9,tablet,False,False
methylergometrine,CC[C@@H](CO)NC(=O)[C@@H]1C=C2c3cccc4[nH]cc(c34)C[C@H]2N(C)C1,0.12,0.0009652460826131,-2.0945431983031737,2,0.825,1.75,2.83,90.5,tablet,False,False
ethambutol,CC[C@@H](CO)NCCN[C@@H](CC)CO,882.0,3.95,-2.3488714895053597,1,2.75,4.04,20565.0,,tablet,False,False
procaterol,CC[C@@H](NC(C)C)[C@@H](O)c1ccc(O)c2[nH]c(=O)ccc12,0.1,0.000334108418554,-2.476112581274513,3,1.6,4.2,1.96,,solution,False,False
posaconazole,CC[C@@H]([C@H](C)O)n1ncn(-c2ccc(N3CCN(c4ccc(OC[C@@H]5CO[C@@](Cn6cncn6)(c6ccc(F)cc6F)C5)cc4)CC3)cc2)c1=O,100.0,0.235,-2.6289321377282637,1,7.3,18.3,6357.0,,tablet,False,False
tapentadol,CC[C@@H](c1cccc(O)c1)[C@@H](C)CN(C)C,86.0,0.0734,-3.0688023913274973,1,1.0,4.81,301.0,32.0,capsule,False,False
pimecrolimus,CC[C@@H]1/C=C(\C)C[C@H](C)C[C@H](OC)[C@H]2O[C@@](O)(C(=O)C(=O)N3CCCC[C@H]3C(=O)O[C@H](/C(C)=C/[C@@H]3CC[C@H](Cl)[C@H](OC)C3)[C@H](C)[C@@H](O)CC1=O)[C@H](C)C[C@@H]2OC,60.0,0.1474999999999999,-2.609359230069462,1,1.4,35.0,966.1,,capsule,False,False
pilocarpine,CC[C@@H]1C(=O)OC[C@@H]1Cc1cncn1C,10.0,0.0509399999999999,-2.2929410593724047,1,0.83,1.22,107.83,,,False,False
upadacitinib,CC[C@@H]1CN(C(=O)NCC(F)(F)F)C[C@@H]1c1cnc2cnc3[nH]ccc3n12,48.0,0.314,-2.1843115893023723,1,1.0,12.2,1040.0,,capsule,False,False
Vaniprevir,CC[C@@H]1C[C@]1(NC(=O)[C@@H]1C[C@@H]2CN1C(=O)[C@H](C(C)(C)C)NC(=O)OCC(C)(C)CCCCc1cccc3c1CN(C3)C(=O)O2)C(=O)NS(=O)(=O)C1CC1,80.0,0.02519,-3.5018618194938305,1,2.0,4.3,58.29,,,False,False
topotecan,CC[C@@]1(O)C(=O)OCc2c1cc1n(c2=O)Cc2cc3c(CN(C)C)c(O)ccc3nc2-1,2.6,0.0053691072799302,-2.685071266299211,3,1.13,4.2,20.11,41.23,solution,False,False
lovastatin,CC[C@H](C)C(=O)O[C@H]1C[C@@H](C)C=C2C=C[C@H](C)[C@H](CC[C@@H]3C[C@@H](O)CC(=O)O3)[C@H]21,80.0,0.0060699999999999,-4.119901295916693,1,3.5,2.6,43.1,5.0,tablet,False,False
pravastatin,CC[C@H](C)C(=O)O[C@H]1C[C@H](O)C=C2C=C[C@H](C)[C@H](CC[C@@H](O)C[C@@H](O)CC(=O)O)[C@H]21,10.0,0.0113342842738304,-2.9456058990698843,2,1.13,2.4450000000000003,33.92,,tablet,False,False
idelalisib,CC[C@H](Nc1ncnc2[nH]cnc12)c1nc2cccc(F)c2c(=O)n1-c1ccccc1,150.0,2.239256917063456,-1.8259873346316797,3,2.0,9.0,10507.6,,,False,False
levacetylmethadol (laam),CC[C@H](OC(C)=O)C(C[C@H](C)N(C)C)(c1ccccc1)c1ccccc1,40.0,0.063,-2.802719441874381,1,2.6,,944.0,47.0,solution,False,False
Solithromycin,CC[C@H]1OC(=O)[C@@](C)(F)C(=O)[C@H](C)[C@@H](O[C@@H]2O[C@H](C)C[C@H](N(C)C)[C@H]2O)[C@](C)(OC)C[C@@H](C)C(=O)[C@H](C)[C@H]2N(CCCCn3cc(-c4cccc(N)c4)nn3)C(=O)O[C@]12C,100.0,0.0683,-3.1655792963184677,1,2.0,3.16,624.0,,capsule,False,False
Modithromycin,CC[C@H]1OC(=O)[C@H](C)C(=O)[C@H](C)[C@@H](O[C@@H]2O[C@H](C)C[C@H](N(C)C)[C@H]2O)[C@@]2(C)C[C@@H](C)/C(=N\C(C)=O)[C@H](C)[C@@H](OC/C(=N\OCc3ccc(-n4cccn4)nc3)CO2)[C@]1(C)O,100.0,0.1959999999999999,-2.707743928643524,1,1.75,15.6,3432.0,,suspension,False,False
telithromycin,CC[C@H]1OC(=O)[C@H](C)C(=O)[C@H](C)[C@@H](O[C@@H]2O[C@H](C)C[C@H](N(C)C)[C@H]2O)[C@](C)(OC)C[C@@H](C)C(=O)[C@H](C)[C@H]2N(CCCCn3cnc(-c4cccnc4)c3)C(=O)O[C@]12C,800.0,2.00824635784909,-2.6002729989912465,4,1.075,10.495,9525.0,57.3,tablet,False,False
Nafithromycin,CC[C@H]1OC(=O)[C@H](C)C(=O)[C@H](C)[C@@H](O[C@@H]2O[C@H](C)C[C@H](N(C)C)[C@H]2O)[C@](C)(OC)C[C@@H](C)C(=O)[C@H](C)[C@H]2[C@H](/C(N)=N/O[C@@H](C)c3nnc(-c4ccccn4)s3)C(=O)O[C@@]21C,100.0,0.0989999999999999,-3.0043648054024508,1,1.26,5.15,662.0,,tablet,False,False
roxithromycin,CC[C@H]1OC(=O)[C@H](C)[C@@H](O[C@H]2C[C@@](C)(OC)[C@@H](O)[C@H](C)O2)[C@H](C)[C@@H](O[C@@H]2O[C@H](C)C[C@H](N(C)C)[C@H]2O)[C@](C)(O)C[C@@H](C)C(=NOCOCCOC)[C@H](C)[C@@H](O)[C@]1(C)O,150.0,6.0969796029772265,-1.3909765169334258,3,1.6,8.4,70250.0,50.0,tablet,False,False
erythromycin,CC[C@H]1OC(=O)[C@H](C)[C@@H](O[C@H]2C[C@@](C)(OC)[C@@H](O)[C@H](C)O2)[C@H](C)[C@@H](O[C@@H]2O[C@H](C)C[C@H](N(C)C)[C@H]2O)[C@](C)(O)C[C@@H](C)C(=O)[C@H](C)[C@@H](O)[C@]1(C)O,250.0,1.5245245160377054,-2.214805595979635,2,2.745,1.49,3967.3,32.0,capsule,False,False
azithromycin,CC[C@H]1OC(=O)[C@H](C)[C@@H](O[C@H]2C[C@@](C)(OC)[C@@H](O)[C@H](C)O2)[C@H](C)[C@@H](O[C@@H]2O[C@H](C)C[C@H](N(C)C)[C@H]2O)[C@](C)(O)C[C@@H](C)CN(C)[C@H](C)[C@@H](O)[C@]1(C)O,500.0,0.4098243526195094,-3.086372242818338,2,2.0,51.23,4484.06,37.0,suspension,False,False
clarithromycin,CC[C@H]1OC(=O)[C@H](C)[C@@H](O[C@H]2C[C@@](C)(OC)[C@@H](O)[C@H](C)O2)[C@H](C)[C@@H](O[C@@H]2O[C@H](C)C[C@H](N(C)C)[C@H]2O)[C@](C)(OC)C[C@@H](C)C(=O)[C@H](C)[C@@H](O)[C@]1(C)O,250.0,0.8532760397432944,-2.46685045799237,2,1.34,3.05,4587.5,55.0,tablet,False,False
obeticholic acid,CC[C@H]1[C@@H](O)[C@@H]2[C@H](CC[C@]3(C)[C@@H]([C@H](C)CCC(=O)O)CC[C@@H]23)[C@@]2(C)CC[C@@H](O)C[C@@H]12,10.0,0.0454746372031977,-2.3422307570534353,3,1.5,67.44,166.02,,tablet,False,False
ajmaline,CC[C@H]1[C@@H]2C[C@H]3[C@@H]4N(C)c5ccccc5[C@]45C[C@@H](C2[C@H]5O)N3[C@@H]1O,50.0,0.018,-3.4436974992327127,1,1.0,1.79,45.0,,tablet,False,False
vinflunine,CC[C@]12C=CCN3CC[C@@]4(c5cc([C@@]6(C(=O)OC)C[C@@H]7C[C@@H](C(C)(F)F)C[N@](Cc8c6[nH]c6ccccc86)C7)c(OC)cc5N(C)[C@H]4[C@@](O)(C(=O)OC)[C@@H]1OC(C)=O)[C@@H]32,207.6,0.235,-2.946159486904684,1,2.51,33.0,3272.0,57.3,capsule,False,False
bretylium,CC[N+](C)(C)Cc1ccccc1Br,100.0,0.0357,-3.447331783887807,1,3.0,7.99,,22.6,solution,False,False
methantheline,CC[N+](C)(CC)CCOC(=O)C1c2ccccc2Oc2ccccc21,100.0,0.0251,-3.600326278518962,1,2.8,2.07,226.0,,tablet,False,False
Denatonium,CC[N+](CC)(CC(=O)Nc1c(C)cccc1C)Cc1ccccc1,100.0,0.00304,-4.517126416391246,1,1.21,11.1,17.5,,capsule,False,False
Cenerimod,CCc1cc(-c2noc(-c3cc(OC)nc(C4CCCC4)c3)n2)cc(C)c1OC[C@@H](O)CO,25.0,0.1219999999999999,-2.3115801779972895,1,6.2,170.0,18700.0,,capsule,False,False
siponimod,CCc1cc(/C(C)=N/OCc2ccc(C3CCCCC3)c(C(F)(F)F)c2)ccc1CN1CC(C(=O)O)C1,0.25,0.0018466596372557,-2.1315531518258357,5,4.0,26.7,61.4,84.0,,False,False
ethionamide,CCc1cc(C(N)=S)ccn1,250.0,2.047574174480622,-2.0867003654023906,2,1.375,1.96,8209.0,,tablet,False,False
alectinib,CCc1cc2c(cc1N1CCC(N3CCOCC3)CC1)C(C)(C)c1[nH]c3cc(C#N)ccc3c1C2=O,600.0,0.103,-3.7653140256784714,1,4.0,23.4,1900.0,,capsule,False,False
clotiazepam,CCc1cc2c(s1)N(C)C(=O)CN=C2c1ccccc1Cl,5.0,0.1788,-1.44660248987612,1,0.54,4.62,528.2,,tablet,False,False
pioglitazone,CCc1ccc(CCOc2ccc(CC3SC(=O)NC3=O)cc2)nc1,15.0,0.5807550774638135,-1.4120982435883558,2,1.83,7.355,5630.82,83.0,tablet,False,False
Tofogliflozin,CCc1ccc(Cc2ccc3c(c2)[C@]2(OC3)O[C@H](CO)[C@@H](O)[C@H](O)[C@H]2O)cc1,20.0,0.4602408883246797,-1.6380447964009834,3,1.0,5.7,1900.0,97.5,solution,False,False
Aficamten,CCc1nc(-c2ccc3c(c2)CC[C@H]3NC(=O)c2cnn(C)c2)no1,20.0,0.2272999999999999,-1.9444305599390106,1,0.5,77.3,5989.0,,,False,False
pyrimethamine,CCc1nc(N)nc(N)c1-c1ccc(Cl)cc1,50.0,0.4020911090785271,-2.0946455341200116,2,1.5,111.15,55845.0,,tablet,False,False
Ziritaxestat,CCc1nc2c(C)cc(N3CCN(CC(=O)N4CC(O)C4)CC3)cn2c1N(C)c1nc(-c2ccc(F)cc2)c(C#N)s1,600.0,8.4,-1.853871964321762,1,3.25,7.0,40000.0,51.1,tablet,False,False
Telacebec,CCc1nc2ccc(Cl)cn2c1C(=O)NCc1ccc(N2CCC(c3ccc(OC(F)(F)F)cc3)CC2)cc1,100.0,0.10862,-2.9640902015433914,1,3.0,21.13,1138.57,,,False,False
nefazodone,CCc1nn(CCCN2CCN(c3cccc(Cl)c3)CC2)c(=O)n1CCOc1ccccc1,200.0,0.4033360881448621,-2.695362913797706,2,1.15,3.55,1161.0,20.0,capsule,False,False
ripretinib,CCn1c(=O)c(-c2cc(NC(=O)Nc3ccccc3)c(F)cc2Br)cc2cnc(NC)cc21,50.0,0.2899982758569436,-2.236574588464791,2,3.5,14.5,3934.5,,tablet,False,False
istradefylline,CCn1c(=O)c2c(nc(/C=C/c3ccc(OC)c(OC)c3)n2C)n(CC)c1=O,40.0,0.1810999999999999,-2.3441415410139044,1,2.0,94.8,11100.0,,tablet,False,False
pefloxacin,CCn1cc(C(=O)O)c(=O)c2cc(F)c(N3CCN(C)CC3)cc21,400.0,4.374598267269808,-1.9611218147282012,2,1.56,9.375,59427.5,100.0,tablet,False,False
lomefloxacin,CCn1cc(C(=O)O)c(=O)c2cc(F)c(N3CCNC(C)C3)c(F)c21,100.0,1.0105444077327823,-1.9954445969338936,2,0.8300000000000001,7.38,6275.0,,capsule,False,False
norfloxacin,CCn1cc(C(=O)O)c(=O)c2cc(F)c(N3CCNCC3)cc21,400.0,1.2028278433504025,-2.5218565186292135,3,1.44,4.92,6489.47,,tablet,False,False
enoxacin,CCn1cc(C(=O)O)c(=O)c2cc(F)c(N3CCNCC3)nc21,200.0,1.22,-2.214670164989233,1,1.5,4.25,6620.0,89.0,capsule,False,False
rosoxacin,CCn1cc(C(=O)O)c(=O)c2ccc(-c3ccncc3)cc21,300.0,4.53,-1.8210230527068305,1,2.38,3.56,35040.0,,capsule,False,False
nalidixic acid,CCn1cc(C(=O)O)c(=O)c2ccc(C)nc21,1000.0,30.60000000000001,-1.5142785735184199,1,2.5,2.15,139180.0,,tablet,False,False
cinoxacin,CCn1nc(C(=O)O)c(=O)c2cc3c(cc21)OCO3,500.0,15.688530842625134,-1.503387728487455,2,1.49,1.59,47645.0,,tablet,False,False
metformin,CN(C)C(=N)NC(=N)N,500.0,1.3561038829751082,-2.5666770448383196,3,2.25,5.3,8480.0,60.6,tablet,False,False
loperamide,CN(C)C(=O)C(CCN1CCC(O)(c2ccc(Cl)cc2)CC1)(c1ccccc1)c1ccccc1,8.0,0.0015927962832704,-3.7009297533810783,2,4.68,16.37,31.965000000000003,,tablet,False,False
cariprazine,CN(C)C(=O)N[C@H]1CC[C@H](CCN2CCN(c3cccc(Cl)c3Cl)CC2)CC1,1.5,0.00088,-3.2316085869055127,1,3.5,,20.2,,capsule,False,False
pyridostigmine,CN(C)C(=O)Oc1ccc[n+](C)c1,120.0,0.052,-3.3631779024128257,1,1.7,1.76,180.58,7.6,tablet,False,False
neostigmine,CN(C)C(=O)Oc1cccc([N+](C)(C)C)c1,30.0,0.00575,-3.717453410030032,1,1.26,0.86,9.89,,,False,False
ribociclib,CN(C)C(=O)c1cc2cnc(Nc3ccc(N4CCNCC4)cn3)nc2n1C1CCCC1,400.0,0.317,-3.101000729110211,1,4.0,40.1,6170.0,,,False,False
zimelidine,CN(C)C/C=C(/c1ccc(Br)cc1)c1cccnc1,100.0,0.09825,-3.0076674409525355,1,3.0,8.15,1086.1,,tablet,False,False
afatinib,CN(C)C/C=C/C(=O)Nc1cc2c(Nc3ccc(F)c(Cl)c3)ncnc2cc1O[C@H]1CCOC1,40.0,0.0257123641597623,-3.1919179810275735,3,5.0,75.5,724.11,,tablet,False,False
medifoxamine,CN(C)CC(Oc1ccccc1)Oc1ccccc1,500.0,0.7088501886858746,-2.8484155450370516,2,0.935,2.225,1677.615,21.0,capsule,False,False
olopatadine,CN(C)CC/C=C1/c2ccccc2COc2ccc(CC(=O)O)cc21,80.0,1.523,-1.720390083655901,1,1.0,,4382.0,,tablet,False,False
brompheniramine,CN(C)CCC(c1ccc(Br)cc1)c1ccccn1,9.46,0.01123,-2.925511380140335,1,3.0,23.14,280.68,,syrup,False,False
chlorpheniramine,CN(C)CCC(c1ccc(Cl)cc1)c1ccccn1,8.0,0.01736,-2.6635402661514704,1,2.6,30.2,,48.0,tablet,False,False
pheniramine,CN(C)CCC(c1ccccc1)c1ccccn1,30.5,0.2235,-2.1350223118788305,1,1.75,17.5,4637.5,,,False,False
cyclobenzaprine,CN(C)CCC=C1c2ccccc2C=Cc2ccccc21,10.0,0.0085,-3.070581074285707,1,3.8,18.0,178.2,,tablet,False,False
amitriptyline,CN(C)CCC=C1c2ccccc2CCc2ccccc21,50.0,0.0487999999999999,-3.010550182333309,1,3.7,28.8,833.0,48.0,tablet,False,False
doxepin,CN(C)CCC=C1c2ccccc2COc2ccccc21,100.0,0.0432999999999999,-3.3635121036466358,1,2.3,12.5,533.0,,tablet,False,False
clomipramine,CN(C)CCCN1c2ccccc2CCc2ccc(Cl)cc21,75.0,0.0475699999999999,-3.197728111971799,1,3.91,18.08,754.61,50.0,tablet,False,False
imipramine,CN(C)CCCN1c2ccccc2CCc2ccccc21,50.0,0.0286208846997949,-3.242286950233691,4,3.65,20.07,562.12,41.88,tablet,False,False
chlorpromazine,CN(C)CCCN1c2ccccc2Sc2ccc(Cl)cc21,100.0,0.0379,-3.421360790031928,1,1.4,11.05,247.0,18.3,solution,False,False
benzydamine,CN(C)CCCOc1nn(Cc2ccccc2)c2ccccc12,50.0,0.5006136234662417,-1.9994673402150196,2,1.75,7.8,4950.5,87.0,solution,False,False
escitalopram,CN(C)CCC[C@@]1(c2ccc(F)cc2)OCc2cc(C#N)ccc21,20.0,0.0203479728720086,-2.99250884570726,2,3.0,27.15,647.56,80.0,tablet,False,False
doxylamine,CN(C)CCOC(C)(c1ccccc1)c1ccccn1,25.0,0.1215138309000255,-2.3133142958265736,2,1.835,12.78,1763.815,,tablet,False,False
carbinoxamine,CN(C)CCOC(c1ccc(Cl)cc1)c1ccccn1,8.0,0.0957399999999999,-1.9219965638460144,1,1.42,29.43,966.37,,solution,False,False
diphenhydramine,CN(C)CCOC(c1ccccc1)c1ccccc1,25.0,0.0349987142620982,-2.85388791858269,2,2.1500000000000004,4.25,234.35,,tablet,False,False
zotepine,CN(C)CCOC1=Cc2ccccc2Sc2ccc(Cl)cc21,25.0,0.0059,-3.6270879970298933,1,3.8,21.0,,10.0,tablet,False,False
toremifene,CN(C)CCOc1ccc(/C(=C(/CCCl)c2ccccc2)c2ccccc2)cc1,120.0,0.63,-2.279840696594043,1,3.1,100.8,40800.0,,tablet,False,False
almotriptan,CN(C)CCc1c[nH]c2ccc(CS(=O)(=O)N3CCCC3)cc12,12.5,0.0453881039037975,-2.4399679726163384,3,2.46,3.61,333.0,,tablet,False,False
zolmitriptan (311c90),CN(C)CCc1c[nH]c2ccc(C[C@H]3COC(=O)N3)cc12,5.0,0.0070992957397195,-2.8477547361132585,2,,2.71,42.85,35.0,,False,False
rizatriptan (mk-462),CN(C)CCc1c[nH]c2ccc(Cn3cncn3)cc12,10.0,0.0277850504717773,-2.556188809978315,4,0.85,2.5,86.495,46.0,tablet,False,False
EVT 201 (Dimdazenil),CN(C)Cc1nc(-c2ncn3c2CN(C)C(=O)c2c(Cl)cccc2-3)no1,5.0,0.06841,-1.863850413911469,1,0.5,4.32,430.71,,capsule,False,False
pipotiazine,CN(C)S(=O)(=O)c1ccc2c(c1)N(CCCN1CCC(CCO)CC1)c1ccccc1S2,10.0,0.01,-3.0,1,0.78,,,,solution,False,False
Dapoxetine,CN(C)[C@@H](CCOc1cccc2ccccc12)c1ccccc1,60.0,0.413,-2.1622011987272427,1,1.25,18.5,2532.0,,tablet,False,False
lymecycline,CN(C)[C@@H]1C(O)=C(C(=O)NCNCCCC[C@H](N)C(=O)O)C(=O)[C@@]2(O)C(O)=C3C(=O)c4c(O)cccc4[C@@](C)(O)[C@H]3C[C@@H]12,300.0,2.13,-2.148741651280925,1,3.03,8.06,21880.0,,capsule,False,False
tetracycline,CN(C)[C@@H]1C(O)=C(C(N)=O)C(=O)[C@@]2(O)C(O)=C3C(=O)c4c(O)cccc4[C@@](C)(O)[C@H]3C[C@@H]12,300.0,2.5,-2.0791812460476247,1,3.04,7.85,26910.0,,capsule,False,False
omadacycline,CN(C)c1cc(CNCC(C)(C)C)c(O)c2c1C[C@H]1C[C@H]3[C@H](N(C)C)C(O)=C(C(N)=O)C(=O)[C@@]3(O)C(O)=C1C2=O,300.0,0.5305657357952923,-2.75238205512598,2,2.65,17.200000000000003,9859.0,34.5,tablet,False,False
minocycline,CN(C)c1ccc(O)c2c1C[C@H]1C[C@H]3[C@H](N(C)C)C(O)=C(C(N)=O)C(=O)[C@@]3(O)C(O)=C1C2=O,100.0,1.112854932145246,-1.9535614450768042,2,2.0,16.22,18514.39,,tablet,False,False
methylene blue,CN(C)c1ccc2nc3ccc(N(C)C)cc3[s+]c2c1,500.0,3.5715100000000004,-2.146118133876931,1,2.0,17.18,47625.56,72.3,solution,False,False
altretamine,CN(C)c1nc(N(C)C)nc(N(C)C)n1,200.0,0.2770000000000001,-2.8585502265995326,1,1.1,,879.0,,capsule,False,False
terbinafine,CN(C/C=C/C#CC(C)(C)C)Cc1cccc2ccccc12,125.0,0.565,-2.344861565188618,1,1.48,26.7,2233.0,40.0,tablet,False,False
creatine,CN(CC(=O)O)C(=N)N,5000.0,102.10000000000004,-1.6899442622491083,1,1.9,2.0,392000.0,,powder,False,False
terbinafine,CN(CC=CC#CC(C)(C)C)Cc1cccc2ccccc12,250.0,1.0,-2.3979400086720375,1,,36.0,,,tablet,False,False
revefenacin,CN(CCN1CCC(OC(=O)Nc2ccccc2-c2ccccc2)CC1)C(=O)c1ccc(CN2CCC(C(N)=O)CC2)cc1,0.2,0.00013,-3.1870866433571448,1,2.84,56.65,1.39,2.8,solution,False,False
xanthinol,CN(CCO)CC(O)Cn1cnc2c1c(=O)n(C)c(=O)n2C,150.0,0.615,-2.3872161432802645,1,3.38,4.89,4457.0,,tablet,False,False
rosiglitazone,CN(CCOc1ccc(CC2SC(=O)NC2=O)cc1)c1ccccn1,8.0,0.6374215210531341,-1.0986632646649637,3,0.8,3.94,3180.0,,tablet,False,False
"dofetilide (uk-68,798)",CN(CCOc1ccc(NS(C)(=O)=O)cc1)CCc1ccc(NS(C)(=O)=O)cc1,0.5,0.0019590814173994,-2.4069175191363126,2,2.75,8.690000000000001,21.755,92.0,capsule,False,False
bromhexine,CN(Cc1cc(Br)cc(Br)c1N)C1CCCCC1,16.0,0.03506,-2.6593080708981485,1,1.0,6.12,125.8,22.2,tablet,False,False
methotrexate,CN(Cc1cnc2nc(N)nc(N)c2n1)c1ccc(C(=O)N[C@@H](CCC(=O)O)C(=O)O)cc1,30.0,0.4502,-1.8237157640551613,1,1.5,2.89,1679.47,60.0,tablet,False,False
mizolastine,CN(c1nccc(=O)[nH]1)C1CCN(c2nc3ccccc3n2Cc2ccc(F)cc2)CC1,10.0,0.321827688822039,-1.4923765935952547,3,0.9,12.6,1481.0,70.4,capsule,False,False
cimetidine,CN/C(=N/C#N)NCCSCc1nc[nH]c1C,200.0,0.79,-2.40340290437354,1,1.5,2.25,3350.0,,tablet,False,False
temazepam,CN1C(=O)C(O)N=C(c2ccccc2)c2cc(Cl)ccc21,20.0,0.5242788465935281,-1.5814676603478064,3,1.44,9.59,3842.0,,capsule,False,False
lormetazepam,CN1C(=O)C(O)N=C(c2ccccc2Cl)c2cc(Cl)ccc21,3.0,0.01597,-2.2738163385811796,1,2.5,10.5,190.54,80.0,,False,False
clobazam,CN1C(=O)CC(=O)N(c2ccccc2)c2cc(Cl)ccc21,20.0,0.3924545204031222,-1.7072406598881178,3,1.5,20.96,7220.8,,tablet,False,False
methsuximide,CN1C(=O)CC(C)(c2ccccc2)C1=O,300.0,1.62808,-2.265445513438636,1,1.33,,8806.9,,capsule,False,False
chlormezanone,CN1C(=O)CCS(=O)(=O)C1c1ccc(Cl)cc1,200.0,2.75,-1.8616973018337186,1,4.0,27.06,112370.0,,tablet,False,False
diazepam,CN1C(=O)CN=C(c2ccccc2)c2cc(Cl)ccc21,10.0,0.2293948560887972,-1.639416324871097,2,1.16,30.89,1880.0,99.6,,False,False
flunitrazepam,CN1C(=O)CN=C(c2ccccc2F)c2cc([N+](=O)[O-])ccc21,2.0,0.0117212627306105,-2.232055594954961,2,1.325,23.845,99.3,,capsule,False,False
trimethadione,CN1C(=O)OC(C)(C)C1=O,130.6,2.91,-1.6520501879531477,1,0.75,11.6,47800.0,,powder,False,False
piroxicam,CN1C(C(=O)Nc2ccccn2)=C(O)c2ccccc2S1(=O)=O,20.0,2.350106380570888,-0.9299424740521427,2,2.95,49.63,157140.0,,capsule,False,False
lornoxicam,CN1C(C(=O)Nc2ccccn2)=C(O)c2sc(Cl)cc2S1(=O)=O,8.0,0.8249430182572687,-0.9866660356675875,3,2.0,4.32,4750.0,,tablet,False,False
tenoxicam,CN1C(C(=O)Nc2ccccn2)=C(O)c2sccc2S1(=O)=O,40.0,5.34,-0.874518734299406,1,2.46,75.1,460000.0,100.0,tablet,False,False
Verubecestat,CN1C(N)=N[C@](C)(c2cc(NC(=O)c3ccc(F)cn3)ccc2F)CS1(=O)=O,100.0,0.23955,-2.6206038248058356,1,1.75,15.17,3619.26,,,False,False
tadalafil,CN1CC(=O)N2[C@H](c3ccc4c(c3)OCO4)c3[nH]c4ccccc4c3C[C@@H]2C1=O,10.0,0.1687944109196462,-1.7726419377277947,6,2.5,17.0,3996.5,,tablet,False,False
cyproheptadine,CN1CCC(=C2c3ccccc3C=Cc3ccccc32)CC1,8.0,0.0299999999999999,-2.4259687322722825,1,4.0,8.6,209.0,,tablet,False,False
ketotifen,CN1CCC(=C2c3ccccc3CC(=O)c3sccc32)CC1,2.0,0.00027,-3.869666231504994,1,3.6,18.3,4.94,50.0,capsule,False,False
azatadine,CN1CCC(=C2c3ccccc3CCc3cccnc32)CC1,2.0,0.0014,-3.154901959985743,1,3.0,10.9,20.5,,tablet,False,False
lasmiditan,CN1CCC(C(=O)c2cccc(NC(=O)c3c(F)cc(F)cc3F)n2)CC1,100.0,0.1110045044131092,-2.954659397771305,2,2.5,4.1,808.5,60.5,tablet,False,False
tepotinib,CN1CCC(COc2cnc(-c3cccc(Cn4nc(-c5cccc(C#N)c5)ccc4=O)c3)nc2)CC1,500.0,0.487,-3.0114410431213847,1,9.0,33.0,23471.0,,capsule,False,False
azelastine,CN1CCCC(n2nc(Cc3ccc(Cl)cc3)c3ccccc3c2=O)CC1,17.6,0.0125,-3.1486026548060932,1,4.6,25.5,405.9,,tablet,False,False
pyrantel,CN1CCCN=C1/C=C/c1cccs1,750.0,0.03756,-4.300335679797627,1,2.05,,96.2,,tablet,False,False
clemastine,CN1CCC[C@@H]1CCO[C@](C)(c1ccccc1)c1ccc(Cl)cc1,4.0,0.00219,-3.261615876487844,1,4.6,,52.1,,tablet,False,False
eletriptan,CN1CCC[C@@H]1Cc1c[nH]c2ccc(CCS(=O)(=O)c3ccccc3)cc12,30.0,0.0752643853102996,-2.600531735652376,3,0.8,5.1,408.0,47.6,solution,False,False
zopiclone,CN1CCN(C(=O)OC2c3nccnc3C(=O)N2c2ccc(Cl)cn2)CC1,7.5,0.0496437307220156,-2.179196852146329,2,1.75,4.75,318.0,75.0,tablet,False,False
eszopiclone,CN1CCN(C(=O)O[C@H]2c3nccnc3C(=O)N2c2ccc(Cl)cn2)CC1,6.0,0.0763799999999999,-1.8951715963463451,1,1.08,6.17,537.83,,tablet,False,False
cyclizine,CN1CCN(C(c2ccccc2)c2ccccc2)CC1,50.0,0.0174769047602829,-3.4565054847652257,2,3.42,20.92,385.675,47.0,tablet,False,False
pirenzepine,CN1CCN(CC(=O)N2c3ccccc3C(=O)Nc3cccnc32)CC1,50.0,0.0430569971084839,-3.0649262664632957,2,3.5,10.925,665.98,,tablet,False,False
thiothixene,CN1CCN(CC/C=C2/c3ccccc3Sc3ccc(S(=O)(=O)N(C)C)cc32)CC1,20.0,0.0272,-2.8664610916297826,1,2.2,13.7,117.0,,capsule,False,False
trifluoperazine,CN1CCN(CCCN2c3ccccc3Sc3ccc(C(F)(F)F)cc32)CC1,5.0,0.0009856620730287,-3.7052419585366008,3,3.0,12.2,9.97,,tablet,False,False
prochlorperazine,CN1CCN(CCCN2c3ccccc3Sc3ccc(Cl)cc32)CC1,50.0,0.0037799999999999,-4.121478204498805,1,4.4,7.04,,9.83,capsule,False,False
entrectinib,CN1CCN(c2ccc(C(=O)Nc3n[nH]c4ccc(Cc5cc(F)cc(F)c5)cc34)c(NC3CCOCC3)c2)CC1,600.0,1.2416799211552063,-2.684141592056168,2,4.0,18.7,27892.29,,capsule,False,False
mianserin,CN1CCN2c3ccccc3Cc3ccccc3C2C1,60.0,0.0627381478846801,-2.9806195567955247,2,1.015,31.525,564.5450000000001,22.0,solution,False,False
mirtazapine,CN1CCN2c3ncccc3Cc3ccccc3C2C1,15.0,0.0324894949874615,-2.6643482982758977,3,1.65,21.2,345.0,49.7,tablet,False,False
nefopam,CN1CCOC(c2ccccc2)c2ccccc2C1,20.0,0.01229,-3.211478112777527,1,1.83,5.1,95.51,36.0,solution,False,False
glasdegib,CN1CC[C@@H](NC(=O)Nc2ccc(C#N)cc2)C[C@@H]1c1nc2ccccc2[nH]1,100.0,0.7189751295138461,-2.143286132289872,3,1.5,14.26,8145.0,78.55,tablet,False,False
oxymorphone,CN1CC[C@]23c4c5ccc(O)c4O[C@H]2C(=O)CC[C@@]3(O)[C@H]1C5,20.0,0.0043899999999999,-3.6585654754218697,1,0.5,9.43,20.07,10.0,tablet,False,False
hydromorphone,CN1CC[C@]23c4c5ccc(O)c4O[C@H]2C(=O)CC[C@H]3[C@H]1C5,4.0,0.01295,-2.489790222910692,1,1.1,2.0,40.33,51.0,tablet,False,False
morphine,CN1CC[C@]23c4c5ccc(O)c4O[C@H]2[C@@H](O)C=C[C@H]3[C@H]1C5,10.0,0.0103686064637442,-2.9842796086807812,2,0.65,,30.1,23.8,solution,False,False
pholcodine,CN1CC[C@]23c4c5ccc(OCCN6CCOCC6)c4O[C@H]2[C@@H](O)C=C[C@H]3[C@H]1C5,100.0,0.063,-3.2006594505464183,1,5.0,36.2,2403.0,,syrup,False,False
edoxaban,CN1CCc2nc(C(=O)N[C@@H]3C[C@@H](C(=O)N(C)C)CC[C@@H]3NC(=O)C(=O)Nc3ccc(Cl)cn3)sc2C1,60.0,0.2658384078939667,-2.35353352309454,3,1.08,11.5,1779.0,61.8,tablet,False,False
ergotamine,CN1C[C@H](C(=O)N[C@]2(C)O[C@@]3(O)[C@@H]4CCCN4C(=O)[C@H](Cc4ccccc4)N3C2=O)C=C2c3cccc4[nH]cc(c34)C[C@H]21,2.0,0.00036,-3.744727494896694,1,2.0,2.17,1.65,,tablet,False,False
nomifensine,CN1Cc2c(N)cccc2C(c2ccccc2)C1,100.0,0.058341066154125,-3.2340256386249386,2,1.37,2.87,187.775,26.5,capsule,False,False
tropisetron,CN1[C@@H]2CC[C@H]1C[C@@H](OC(=O)c1c[nH]c3ccccc13)C2,5.0,0.00346,-3.1598939055432425,1,2.6,5.7,32.9,60.0,capsule,False,False
scopolamine,CN1[C@@H]2C[C@@H](OC(=O)[C@H](CO)c3ccccc3)C[C@H]1[C@@H]1O[C@@H]12,0.4,0.0004899999999999,-2.9118639112995375,1,0.5,4.31,1.52,26.8,tablet,False,False
nizatidine,CNC(=C[N+](=O)[O-])NCCSCc1csc(CN(C)C)n1,150.0,1.3537296628204614,-2.044559313810999,2,0.995,1.535,3657.57,,capsule,False,False
Almorexant,CNC(=O)[C@@H](c1ccccc1)N1CCc2cc(OC)c(OC)cc2[C@@H]1CCc1ccc(C(F)(F)F)cc1,100.0,0.0503999999999999,-3.2975694635544754,1,0.75,32.6,186.0,,,False,False
regorafenib,CNC(=O)c1cc(Oc2ccc(NC(=O)Nc3ccc(Cl)c(C(F)(F)F)c3)c(F)c2)ccn1,40.0,0.59914,-1.8245316762454045,1,3.99,36.15,11354.73,,tablet,False,False
sorafenib,CNC(=O)c1cc(Oc2ccc(NC(=O)Nc3ccc(Cl)c(C(F)(F)F)c3)cc2)ccn1,50.0,0.46,-2.036212172654445,1,3.0,29.0,11040.0,,tablet,False,False
capmatinib,CNC(=O)c1ccc(-c2cnc3ncc(Cc4ccc5ncccc5c4)n3n2)cc1F,200.0,1.480675521510368,-2.1305700989639,2,1.0,9.345,5760.0,,tablet,False,False
enzalutamide,CNC(=O)c1ccc(N2C(=S)N(c3ccc(C#N)c(C(F)(F)F)c3)C(=O)C2(C)C)cc1F,160.0,4.55485973603195,-1.5456449749594778,4,1.375,109.95,282600.0,,capsule,False,False
apalutamide,CNC(=O)c1ccc(N2C(=S)N(c3cnc(C#N)c(C(F)(F)F)c3)C(=O)C23CCC3)cc1F,240.0,3.2500000000000004,-1.8683278807327315,1,1.01,175.0,200000.0,111.0,capsule,False,False
axitinib,CNC(=O)c1ccccc1Sc1ccc2c(/C=C/c3ccccn3)n[nH]c2c1,5.0,0.05125538567237,-1.9892304986101095,3,1.5,7.7,196.7,58.0,tablet,False,False
ketamine,CNC1(c2ccccc2Cl)CCCCC1=O,35.35,0.044,-2.904936741646731,1,0.5,2.9,0.08,16.6,solution,False,False
chlordiazepoxide,CNC1=Nc2ccc(Cl)cc2C(c2ccccc2)=[N+]([O-])C1,50.0,3.12,-1.2048154103175759,1,1.06,10.13,,122.5,capsule,False,False
sertraline,CNC1CCC(c2ccc(Cl)c(Cl)c2)c2ccccc21,50.0,0.165,-2.4814860601221125,1,,26.0,,,tablet,False,False
fluoxetine,CNCCC(Oc1ccc(C(F)(F)F)cc1)c1ccccc1,40.0,0.0611,-2.816018781085408,1,3.0,71.1,2389.5,,capsule,False,False
nortriptyline,CNCCC=C1c2ccccc2CCc2ccccc21,25.0,0.0107983332047126,-3.364583284283308,2,7.3,29.05,448.805,51.0,tablet,False,False
maprotiline,CNCCCC12CCC(c3ccccc31)c1ccccc12,75.0,0.0230699999999999,-3.5120136688706087,1,5.0,41.74,1304.68,68.0,tablet,False,False
protriptyline,CNCCCC1c2ccccc2C=Cc2ccccc21,30.0,0.0137399999999999,-3.339134521996134,1,8.0,73.24,1362.75,82.0,,False,False
desipramine,CNCCCN1c2ccccc2CCc2ccccc21,50.0,0.0183432403082008,-3.4354939487015943,4,6.65,20.4,541.0,,,False,False
atomoxetine,CNCC[C@@H](Oc1ccccc1C)c1ccccc1,40.0,0.4208659406509393,-1.977916210236306,2,1.17,3.895000000000001,2931.645,63.0,capsule,False,False
duloxetine,CNCC[C@H](Oc1cccc2ccccc12)c1cccs1,60.0,0.0558799999999999,-3.0308948529415,1,7.33,11.89,1073.99,,enteric-coated tablet,False,False
phenylephrine,CNC[C@H](O)c1cccc(O)c1,30.0,0.00449,-3.8248749137163394,1,0.5,1.64,3.9,38.0,tablet,False,False
procarbazine,CNNCc1ccc(C(=O)NC(C)C)cc1,300.0,0.561,-2.728158393463501,1,0.17,0.14,178.0,,tablet,False,False
sumatriptan,CNS(=O)(=O)Cc1ccc2[nH]cc(CCN(C)C)c2c1,200.0,0.0888368850907484,-3.3524366732933517,3,2.0,2.2,380.0,14.0,solution,False,False
pseudoephedrine,CN[C@@H](C)[C@@H](O)c1ccccc1,100.0,0.2867490191787934,-2.5424980589226536,2,3.92,5.875,3010.0,,syrup,False,False
ephedrine,CN[C@@H](C)[C@H](O)c1ccccc1,50.0,0.1378,-2.559720786764412,1,2.0,7.1,778.2,90.0,capsule,False,False
frovatriptan,CN[C@@H]1CCc2[nH]c3ccc(C(N)=O)cc3c2C1,2.5,0.0057047329111144,-2.6417046925987036,3,3.0,26.47,94.0,29.6,capsule,False,False
sertraline,CN[C@H]1CC[C@@H](c2ccc(Cl)c(Cl)c2)c2ccccc21,100.0,0.0224655291502337,-3.648483347633157,2,6.5,22.7,638.5,,tablet,False,False
esketamine (s-ketamine),CN[C@]1(c2ccccc2Cl)CCCCC1=O,21.0,0.0124,-3.2287976095716844,1,0.7,6.0,27.2,11.0,syrup,False,False
gemifloxacin,CO/N=C1\CN(c2nc3c(cc2F)c(=O)c(C(=O)O)cn3C2CC2)CC1CN,320.0,1.7333205127730993,-2.266271101665821,2,1.0,7.515000000000001,9710.0,68.99,tablet,False,False
moxidectin,CO/N=C1\C[C@]2(C[C@@H]3C[C@@H](C/C=C(\C)C[C@@H](C)/C=C/C=C4\CO[C@@H]5[C@H](O)C(C)=C[C@@H](C(=O)O3)[C@]45O)O2)O[C@H](/C(C)=C/C(C)C)[C@H]1C,36.0,0.2889999999999999,-2.0954046580107395,1,2.02,484.8,10824.0,,tablet,False,False
monomethyl fumarate,COC(=O)/C=C/C(=O)O,190.0,1.804048779828306,-2.022505324662732,2,4.015000000000001,0.605,3207.85,,capsule,False,False
serdexmethylphenidate,COC(=O)C(c1ccccc1)C1CCCCN1C(=O)OC[n+]1cccc(C(=O)NC(CO)C(=O)[O-])c1,52.3,0.014,-3.572373653189036,1,,5.7,,,tablet,False,False
clopidogrel bisulfate,COC(=O)C(c1ccccc1Cl)N1CCc2sccc2C1.O=S(=O)(O)O,300.0,0.3,-3.0,1,,6.0,,,tablet,False,False
nilvadipine,COC(=O)C1=C(C#N)NC(C)=C(C(=O)OC(C)C)C1c1cccc([N+](=O)[O-])c1,16.0,0.0316999999999999,-2.7030607204381747,1,0.64,15.2,76.3,14.0,solution,False,False
lercanidipine,COC(=O)C1=C(C)NC(C)=C(C(=O)OC(C)(C)CN(C)CCC(c2ccccc2)c2ccccc2)C1c1cccc([N+](=O)[O-])c1,10.0,0.003,-3.5228787452803374,1,1.78,8.4,12.02,10.0,tablet,False,False
isradipine,COC(=O)C1=C(C)NC(C)=C(C(=O)OC(C)C)C1c1cccc2nonc12,10.0,0.009576152672133,-3.0188089386107984,2,1.395,6.875,31.625,19.0,capsule,False,False
nifedipine,COC(=O)C1=C(C)NC(C)=C(C(=O)OC)C1c1ccccc1[N+](=O)[O-],10.0,0.1142466947176963,-1.9421563556925125,3,0.52,2.41,177.03,45.0,capsule,False,False
nisoldipine,COC(=O)C1=C(C)NC(C)=C(C(=O)OCC(C)C)C1c1ccccc1[N+](=O)[O-],10.0,0.0018334666618185,-3.7367269824690696,2,1.0,7.33,5.074999999999999,5.0,tablet,False,False
nicardipine,COC(=O)C1=C(C)NC(C)=C(C(=O)OCCN(C)Cc2ccccc2)C1c1cccc([N+](=O)[O-])c1,20.0,0.0292027395975103,-2.835606399822734,2,0.855,3.36,57.705,10.2,tablet,False,False
manidipine,COC(=O)C1=C(C)NC(C)=C(C(=O)OCCN2CCN(C(c3ccccc3)c3ccccc3)CC2)C1c1cccc([N+](=O)[O-])c1,20.0,0.0062,-3.5086383061657274,1,1.5,3.9,19.1,,tablet,False,False
remimazolam,COC(=O)CC[C@@H]1N=C(c2ccccn2)c2cc(Br)ccc2-n2c(C)cnc21,360.0,0.0729148133097795,-3.693486732598065,2,0.48,0.6,80.94999999999999,,,False,False
riociguat,COC(=O)N(C)c1c(N)nc(-c2nn(Cc3ccccc3F)c3ncccc23)nc1N,1.0,0.0361334215747751,-1.4420909119252896,3,1.0,6.3,244.3,94.3,tablet,False,False
encorafenib,COC(=O)N[C@@H](C)CNc1nccc(-c2cn(C(C)C)nc2-c2cc(Cl)cc(NS(C)(=O)=O)c2F)n1,50.0,0.5167475205552514,-1.9856916028523792,2,1.5,5.475,1965.0,,capsule,False,False
daclatasvir,COC(=O)N[C@H](C(=O)N1CCC[C@H]1c1ncc(-c2ccc(-c3ccc(-c4cnc([C@@H]5CCCN5C(=O)[C@@H](NC(=O)OC)C(C)C)[nH]4)cc3)cc2)[nH]1)C(C)C,60.0,1.2607127349241776,-1.6775351105590042,2,1.0,11.81,12571.825,67.0,tablet,False,False
atazanavir,COC(=O)N[C@H](C(=O)N[C@@H](Cc1ccccc1)[C@@H](O)CN(Cc1ccc(-c2ccccn2)cc1)NC(=O)[C@@H](NC(=O)OC)C(C)(C)C)C(C)(C)C,400.0,2.25558,-2.2488017562398728,1,2.8,5.3,11489.36,,,False,False
vericiguat,COC(=O)Nc1c(N)nc(-c2nn(Cc3ccccc3F)c3ncc(F)cc23)nc1N,10.0,0.365,-1.4377071355435254,1,2.5,18.3,7410.0,,tablet,False,False
Oxfendazole,COC(=O)Nc1nc2cc([S+]([O-])c3ccccc3)ccc2[nH]1,82.0,1.16,-1.8493558631567983,1,1.98,8.5,13100.0,,suspension,False,False
mebendazole,COC(=O)Nc1nc2ccc(C(=O)c3ccccc3)cc2[nH]1,1000.0,0.0309999999999999,-4.508638306165729,1,2.1,7.4,207.2,17.0,tablet,False,False
eplerenone,COC(=O)[C@@H]1CC2=CC(=O)CC[C@]2(C)[C@@]23O[C@@H]2C[C@@]2(C)[C@@H](CC[C@@]24CCC(=O)O4)[C@H]13,100.0,1.7573736085420195,-1.7551358999278344,2,2.2,4.545,12397.0,,tablet,False,False
yohimbine,COC(=O)[C@@H]1[C@H]2C[C@H]3c4[nH]c5ccccc5c4CCN3C[C@@H]2CC[C@@H]1O,8.0,0.0226299999999999,-2.548405433037217,1,1.0,1.07,47.11,22.3,tablet,False,False
dexmethylphenidate,COC(=O)[C@H](c1ccccc1)[C@H]1CCCCN1,20.0,0.0237199999999999,-2.925915310971758,1,1.54,2.68,120.9,23.5,tablet,False,False
clopidogrel,COC(=O)[C@H](c1ccccc1Cl)N1CCc2sccc2C1,75.0,0.0009799999999999,-4.883835187699249,1,1.0,6.9,1.98,,tablet,False,False
cocaine,COC(=O)[C@H]1[C@@H](OC(=O)c2ccccc2)C[C@@H]2CC[C@H]1N2C,100.0,0.115,-2.939302159646388,1,1.3,1.2,235.0,32.0,capsule,False,False
deserpidine,COC(=O)[C@H]1[C@H]2C[C@@H]3c4[nH]c5ccccc5c4CCN3C[C@H]2C[C@@H](OC(=O)c2cc(OC)c(OC)c(OC)c2)[C@@H]1OC,0.25,0.00017,-3.167491087293764,1,2.0,42.9,4.19,,,False,False
nintedanib,COC(=O)c1ccc2c(c1)NC(=O)/C2=C(\Nc1ccc(N(C)C(=O)CN2CCN(C)CC2)cc1)c1ccccc1,150.0,0.0220999999999999,-3.8316989853705725,1,3.0,22.5,183.0,,capsule,False,False
ambrisentan,COC(c1ccccc1)(c1ccccc1)[C@H](Oc1nc(C)cc(C)n1)C(=O)O,10.0,0.7332554250491975,-1.134744715172893,3,2.08,14.63,6894.0,,tablet,False,False
idebenone,COC1=C(OC)C(=O)C(CCCCCCCCCCO)=C(C)C1=O,150.0,1.631,-1.9636372980154055,1,1.33,3.1,6277.0,,tablet,False,False
griseofulvin,COC1=CC(=O)C[C@@H](C)[C@]12Oc1c(Cl)c(OC)cc(OC)c1C2=O,125.0,1.1,-2.0555173278498313,1,6.0,7.75,17290.0,,tablet,False,False
cefpodoxime proxetil,COCC1=C(C(=O)OC(C)OC(=O)OC(C)C)N2C(=O)C(NC(=O)C(=NOC)c3csc(N)n3)C2SC1,100.0,3.1,-1.5086383061657274,1,,3.5,,,tablet,False,False
fluvoxamine,COCCCC/C(=N\OCCN)c1ccc(C(F)(F)F)cc1,100.0,0.0421283752357007,-3.3754252899777413,2,4.25,15.415,872.0,,capsule,False,False
prucalopride,COCCCN1CCC(NC(=O)c2cc(Cl)c(N)c3c2OCC3)CC1,2.0,0.0047767863531869,-2.621894178225497,3,2.5,23.98,109.0,90.0,capsule,False,False
aliskiren,COCCCOc1cc(C[C@@H](C[C@H](N)[C@@H](O)C[C@H](C(=O)NCC(C)(C)C(N)=O)C(C)C)C(C)C)ccc1OC,75.0,0.0403806884537646,-3.2688875443976944,2,0.75,45.0,323.5,2.5,capsule,False,False
rabeprazole,COCCCOc1ccnc(C[S+]([O-])c2nc3ccccc3[nH]2)c1C,20.0,0.3664653615865634,-1.7369970643887231,4,3.6,1.145,660.75,51.8,enteric-coated tablet,False,False
nimodipine,COCCOC(=O)C1=C(C)NC(C)=C(C(=O)OC(C)C)C1c1cccc([N+](=O)[O-])c1,60.0,0.0332705575546909,-3.2560911714596164,2,1.025,3.995,60.92,,capsule,False,False
Preladenant,COCCOc1ccc(N2CCN(CCn3ncc4c3nc(N)n3nc(-c5ccco5)nc43)CC2)cc1,100.0,0.778,-2.109020403010311,1,1.0,17.4,3305.0,,capsule,False,False
metoprolol,COCCc1ccc(OCC(O)CNC(C)C)cc1,50.0,0.0742874148157007,-2.8280547590686402,2,1.0,3.4,318.05,41.8,tablet,False,False
lacosamide,COC[C@@H](NC(C)=O)C(=O)NCc1ccccc1,200.0,5.416348383459764,-1.5673234049521514,4,0.91,13.98,98115.0,99.2,tablet,False,False
cerivastatin,COCc1c(C(C)C)nc(C(C)C)c(/C=C/[C@@H](O)C[C@@H](O)CC(=O)O)c1-c1ccc(F)cc1,0.3,0.003624224054884,-1.917906216158621,2,2.25,3.36,19.8,,tablet,False,False
relugolix,CONC(=O)Nc1ccc(-c2sc3c(c2CN(C)C)c(=O)n(-c2ccc(OC)nn2)c(=O)n3Cc2c(F)cccc2F)cc1,120.0,0.0358,-3.5252982194037505,1,4.0,20.8,349.0,12.0,tablet,False,False
spiramycin,CO[C@@H]1[C@@H](O[C@@H]2O[C@H](C)[C@@H](O[C@H]3C[C@@](C)(O)[C@@H](O)[C@H](C)O3)[C@H](N(C)C)[C@H]2O)[C@@H](CC=O)C[C@@H](C)[C@@H](O[C@H]2CC[C@H](N(C)C)[C@@H](C)O2)/C=C/C=C/C[C@@H](C)OC(=O)C[C@H]1O,1000.0,0.96,-3.0177287669604316,1,3.0,5.37,5430.0,33.0,tablet,False,False
midostaurin,CO[C@@H]1[C@H](N(C)C(=O)c2ccccc2)C[C@H]2O[C@]1(C)n1c3ccccc3c3c4c(c5c6ccccc6n2c5c31)C(=O)NC4,50.0,1.6030375931961172,-1.494026297124612,2,1.01,23.185,21280.885,,,False,False
rifampicin,CO[C@H]1/C=C/O[C@@]2(C)Oc3c(C)c(O)c4c(O)c(c(/C=N/N5CCN(C)CC5)c(O)c4c3C2=O)NC(=O)/C(C)=C\C=C\[C@H](C)[C@H](O)[C@@H](C)[C@@H](O)[C@@H](C)[C@H](OC(C)=O)[C@@H]1C,300.0,5.222068555658764,-1.7592786857488474,2,1.85,2.195,21380.0,,capsule,False,False
rifapentine,CO[C@H]1/C=C/O[C@@]2(C)Oc3c(C)c(O)c4c(O)c(c(/C=N/N5CCN(C6CCCC6)CC5)c(O)c4c3C2=O)NC(=O)/C(C)=C\C=C\[C@H](C)[C@H](O)[C@@H](C)[C@@H](O)[C@@H](C)[C@H](OC(C)=O)[C@@H]1C,600.0,14.55060136214308,-1.6152703077240285,2,5.95,15.2,355500.0,,tablet,False,False
rifaximin,CO[C@H]1/C=C/O[C@@]2(C)Oc3c(C)c(O)c4c(O)c(c5c(nc6cc(C)ccn65)c4c3C2=O)NC(=O)/C(C)=C\C=C\[C@H](C)[C@H](O)[C@@H](C)[C@@H](O)[C@@H](C)[C@H](OC(C)=O)[C@@H]1C,400.0,0.0028472091598616,-5.14764061914513,2,1.495,2.515,11.415,,tablet,False,False
rifabutin,CO[C@H]1/C=C/O[C@@]2(C)Oc3c(C)c(O)c4c(c3C2=O)C2=NC3(CCN(CC(C)C)CC3)NC2=C(NC(=O)/C(C)=C\C=C\[C@H](C)[C@H](O)[C@@H](C)[C@@H](O)[C@@H](C)[C@H](OC(C)=O)[C@@H]1C)C4=O,150.0,0.1879,-2.9021644789551555,1,3.0,,2516.0,20.0,capsule,False,False
artemether,CO[C@H]1O[C@@H]2O[C@@]3(C)CC[C@H]4[C@H](C)CC[C@@H]([C@H]1C)[C@@]24OO3,100.0,0.042,-3.3767507096020997,1,3.6,1.0,177.0,,tablet,False,False
pralsetinib,CO[C@]1(C(=O)N[C@@H](C)c2ccc(-n3cc(F)cn3)nc2)CC[C@H](c2nc(C)cc(Nc3cc(C)[nH]n3)n2)CC1,200.0,0.6333340350873305,-2.4993971682186253,2,3.0,15.65,11185.0,,capsule,False,False
mycophenolate mofetil,COc1c(C)c2c(c(O)c1C/C=C(\C)CCC(=O)OCCN1CCOCC1)C(=O)OC2,500.0,0.0029793959119257,-5.224841786807443,2,0.585,2.1100000000000003,2.535,,tablet,False,False
gatifloxacin,COc1c(N2CCNC(C)C2)c(F)cc2c(=O)c(C(=O)O)cn(C3CC3)c12,400.0,3.918968085996582,-2.008888264500029,5,1.49,6.87,34380.0,90.4,tablet,False,False
Nemonoxacin,COc1c(N2C[C@@H](C)C[C@H](N)C2)ccc2c(=O)c(C(=O)O)cn(C3CC3)c12,125.0,1.22,-2.0105501823333083,1,0.75,11.13,7670.0,,capsule,False,False
moxifloxacin,COc1c(N2C[C@@H]3CCCN[C@@H]3C2)c(F)cc2c(=O)c(C(=O)O)cn(C3CC3)c12,400.0,2.5,-2.2041199826559246,2,1.75,14.35,28350.0,86.2,tablet,False,False
methoxsalen,COc1c2occc2cc2ccc(=O)oc12,40.0,0.178,-2.3516399890190685,1,2.0,2.0,440.0,,capsule,False,False
pinaverium,COc1cc(Br)c(C[N+]2(CCOCCC3CCC4CC3C4(C)C)CCOCC2)cc1OC,100.0,0.0036099999999999,-4.442492798094354,1,0.62,1.51,11.71,1.0,capsule,False,False
zafirlukast,COc1cc(C(=O)NS(=O)(=O)c2ccccc2C)ccc1Cc1cn(C)c2ccc(NC(=O)OC3CCCC3)cc12,20.0,0.597534936217122,-1.524666693302792,2,1.75,11.2,1953.5,,tablet,False,False
iloperidone,COc1cc(C(C)=O)ccc1OCCCN1CCC(c2noc3cc(F)ccc23)CC1,4.0,0.0032399999999999,-3.091514981121364,1,2.0,27.08,62.67,,tablet,False,False
gefapixant,COc1cc(C(C)C)c(Oc2cnc(N)nc2N)cc1S(N)(=O)=O,100.0,0.652,-2.18575240426808,1,1.25,9.18,5370.0,,suspension,False,False
acitretin,COc1cc(C)c(/C=C/C(C)=C/C=C/C(C)=C/C(=O)O)c(C)c1C,50.0,0.245,-2.309803919971486,1,2.8,6.7,1468.0,59.0,capsule,False,False
tafenoquine,COc1cc(C)c2c(Oc3cccc(C(F)(F)F)c3)c(OC)cc(NC(C)CCCN)c2n1,200.0,0.13818,-3.1605848073161065,1,12.0,319.41,53507.65,,,False,False
cisapride,COc1cc(N)c(Cl)cc1C(=O)N[C@@H]1CCN(CCCOc2ccc(F)cc2)C[C@@H]1OC,20.0,0.0679271815991212,-2.4689864002303605,2,1.395,7.005,482.4,,tablet,False,False
brigatinib,COc1cc(N2CCC(N3CCN(C)CC3)CC2)ccc1Nc1ncc(Cl)c(Nc2ccccc2P(C)(C)=O)n1,90.0,0.3394497606421309,-2.423467002664998,2,2.4,28.6,6663.5,,,False,False
primaquine,COc1cc(NC(C)CCCN)c2ncccc2c1,15.0,0.0465606408128129,-2.5080723101897635,3,2.0,4.4,468.0,,tablet,False,False
bosutinib,COc1cc(Nc2c(C#N)cnc3cc(OCCCN4CCN(C)CC4)c(OC)cc23)c(Cl)cc1Cl,200.0,0.0168999999999999,-4.07314329105031,1,6.0,41.2,474.0,,,False,False
erdafitinib,COc1cc(OC)cc(N(CCNC(C)C)c2ccc3ncc(-c4cnn(C)c4)nc3c2)c1,12.0,0.397,-1.4803907392845097,1,4.0,56.5,27808.0,,tablet,False,False
etoposide,COc1cc([C@@H]2c3cc4c(cc3[C@@H](O[C@@H]3O[C@@H]5CO[C@@H](C)O[C@H]5[C@H](O)[C@H]3O)[C@H]3COC(=O)[C@H]23)OCO4)cc(OC)c1O,100.0,3.0,-1.5228787452803376,1,2.8,6.6,,76.0,capsule,False,False
vandetanib,COc1cc2c(Nc3ccc(Br)cc3F)ncnc2cc1OCC1CCN(C)CC1,300.0,0.1531621659056195,-3.291969755530511,3,6.0,190.0,22030.0,,tablet,False,False
colchicine,COc1cc2c(c(OC)c1OC)-c1ccc(OC)c(=O)cc1[C@@H](NC(C)=O)CC2,0.6,0.0025183923443339,-2.3770278599153607,2,1.345,27.75,23.545,,tablet,False,False
tetrabenazine,COc1cc2c(cc1OC)C1CC(=O)C(CC(C)C)CN1CC2,25.0,0.000693829950348,-4.556686965702573,2,0.825,2.13,1.8,4.9,tablet,False,False
ivabradine,COc1cc2c(cc1OC)CC(=O)N(CCCN(C)C[C@H]1Cc3cc(OC)c(OC)cc31)CC2,10.0,0.0180696070219333,-2.743051292378842,3,0.97,1.9,61.0,40.0,tablet,False,False
valbenazine,COc1cc2c(cc1OC)[C@H]1C[C@@H](OC(=O)[C@@H](N)C(C)C)[C@H](CC(C)C)CN1CC2,100.0,0.779,-2.1084625423274357,1,0.5,19.0,6590.0,49.0,solution,False,False
alfuzosin,COc1cc2nc(N(C)CCCNC(=O)C3CCCO3)nc(N)c2cc1OC,5.0,0.0135,-2.5686362358410126,1,1.3,3.8,99.0,64.5,tablet ER,False,False
terazosin,COc1cc2nc(N3CCN(C(=O)C4CCCO4)CC3)nc(N)c2cc1OC,2.0,0.037499466662874,-1.7270049046567413,2,1.355,8.0,373.7000000000001,90.0,capsule,False,False
doxazosin,COc1cc2nc(N3CCN(C(=O)C4COc5ccccc5O4)CC3)nc(N)c2cc1OC,2.0,0.0150398470736906,-2.123786575325244,2,2.55,19.35,241.74,,tablet,False,False
prazosin,COc1cc2nc(N3CCN(C(=O)c4ccco4)CC3)nc(N)c2cc1OC,2.0,0.0164487081559616,-2.08489820053715,2,1.91,3.61,91.1,,capsule,False,False
cabozantinib,COc1cc2nccc(Oc3ccc(NC(=O)C4(C(=O)Nc5ccc(F)cc5)CC4)cc3)c2cc1OC,140.0,0.5570136607350469,-2.4002621893212086,3,4.0,112.0,58800.0,,capsule,False,False
lenvatinib,COc1cc2nccc(Oc3ccc(NC(=O)NC4CC4)c(Cl)c3)c2cc1C(N)=O,10.0,0.0958644876896549,-2.0183422443069445,2,2.01,27.7,1038.0,,capsule,False,False
tivozanib,COc1cc2nccc(Oc3ccc(NC(=O)Nc4cc(C)on4)c(Cl)c3)c2cc1OC,1.5,0.0209641292391017,-1.8546144306898982,3,10.0,121.0,2223.0,,,False,False
dacomitinib,COc1cc2ncnc(Nc3ccc(F)c(Cl)c3)c2cc1NC(=O)/C=C/CN1CCCCC1,45.0,0.0274420316303294,-3.2147962531990966,2,7.0,64.88,1712.275,80.0,tablet,False,False
gefitinib,COc1cc2ncnc(Nc3ccc(F)c(Cl)c3)c2cc1OCCCN1CCOCC1,250.0,0.0835374167663808,-3.476058967255171,2,5.0,35.6,2614.5,57.0,tablet,False,False
anethole trithione,COc1ccc(-c2cc(=S)ss2)cc1,75.0,0.00096,-4.892790030352131,1,2.4,4.03,,,tablet,False,False
arzoxifene,COc1ccc(-c2sc3cc(O)ccc3c2Oc2ccc(OCCN3CCCCC3)cc2)cc1,100.0,0.0098599999999999,-4.006123085058793,1,2.14,30.0,274.0,,tablet,False,False
daridorexant,COc1ccc(-n2nccn2)c(C(=O)N2CCC[C@@]2(C)c2nc3c(C)c(Cl)ccc3[nH]2)c1,25.0,0.8195877012254393,-1.4843445759389777,2,0.875,11.2,6465.0,62.0,,False,False
Fipaxalparant,COc1ccc(C(=O)NC2(C(=O)O)Cc3ccccc3C2)cc1OCCc1cccc(C)c1,150.0,11.099999999999998,-1.130768280269024,1,3.5,21.4,85200.0,,,False,False
encainide,COc1ccc(C(=O)Nc2ccccc2CCC2CCCCN2C)cc1,25.0,0.0607999999999999,-2.6140364293993033,1,1.1,1.2,124.0,29.0,,False,False
formoterol,COc1ccc(CC(C)NCC(O)c2ccc(O)c(NC=O)c2)cc1,0.17,9.399999999999993e-05,-3.2573210677785758,1,1.17,5.08,0.00064,,capsule,False,False
verapamil,COc1ccc(CCN(C)CCCC(C#N)(c2ccc(OC)c(OC)c2)C(C)C)cc1OC,80.0,0.0628483890008327,-3.1047958371420545,2,0.835,3.21,259.5,23.0,tablet,False,False
astemizole,COc1ccc(CCN2CCC(Nc3nc4ccccc4n3Cc3ccc(F)cc3)CC2)cc1,10.0,0.00074,-4.130768280269024,1,1.3,50.4,17.4,,tablet,False,False
vernakalant,COc1ccc(CCO[C@@H]2CCCC[C@H]2N2CC[C@@H](O)C2)cc1OC,240.0,0.4811999999999999,-2.697885623043799,1,2.0,1.89,1324.0,40.2,capsule,False,False
eluxadoline,COc1ccc(CN(C(=O)[C@@H](N)Cc2c(C)cc(C(N)=O)cc2C)[C@@H](C)c2nc(-c3ccccc3)c[nH]2)cc1C(=O)O,100.0,0.0033769870329216,-4.471470606981232,3,2.1,4.4,22.1,,,False,False
trimetazidine,COc1ccc(CN2CCNCC2)c(OC)c1OC,20.0,0.0735468286195945,-2.434466045217767,2,1.755,6.57,717.5,,tablet,False,False
avanafil,COc1ccc(CNc2nc(N3CCC[C@H]3CO)ncc2C(=O)NCc2ncccn2)cc1Cl,100.0,2.63,-1.5800442515102422,1,0.5,7.53,7148.67,,tablet,False,False
papaverine,COc1ccc(Cc2nccc3cc(OC)c(OC)cc23)cc1OC,80.0,0.1815,-2.644213357619812,1,1.25,,256.38,23.02,tablet,False,False
glyburide,COc1ccc(Cl)cc1C(=O)NCCc1ccc(S(=O)(=O)NC(=O)NC2CCCCC2)cc1,5.0,0.1276009012507356,-1.593116262499159,2,2.865,2.09,586.24,,tablet,False,False
midodrine,COc1ccc(OC)c(C(O)CNC(=O)CN)c1,5.0,0.01746,-2.456925764966468,1,1.01,0.66,39.46,,tablet,False,False
diltiazem,COc1ccc([C@@H]2Sc3ccccc3N(CCN(C)C)C(=O)[C@@H]2OC(C)=O)cc1,90.0,0.0935921289677555,-2.9830031830260797,3,3.2,4.6,684.8,,tablet,False,False
melatonin,COc1ccc2[nH]cc(CCNC(C)=O)c2c1,4.0,0.0057699999999999,-2.8408841781722387,1,1.0,1.08,8.84,15.9,tablet,False,False
indomethacin,COc1ccc2c(c1)c(CC(=O)O)c(C)n2C(=O)c1ccc(Cl)cc1,50.0,2.4093629863513715,-1.3170677700936588,2,1.76,4.615,8464.415,98.0,capsule,False,False
acemetacin,COc1ccc2c(c1)c(CC(=O)OCC(=O)O)c(C)n2C(=O)c1ccc(Cl)cc1,60.0,0.245,-2.3889851660191113,1,3.2,1.03,589.0,,capsule,False,False
noscapine,COc1ccc2c(c1OC)C(=O)O[C@@H]2[C@H]1c2c(cc3c(c2OC)OCO3)CCN1C,100.0,0.129,-2.889410289700751,1,0.88,4.5,219.0,,tablet,False,False
oxycodone,COc1ccc2c3c1O[C@H]1C(=O)CC[C@@]4(O)[C@@H](C2)N(C)CC[C@]314,15.0,0.0328999999999999,-2.6588953611057082,1,1.25,3.57,155.4,73.5,tablet,False,False
hydrocodone,COc1ccc2c3c1O[C@H]1C(=O)CC[C@H]4[C@@H](C2)N(C)CC[C@]314,90.0,0.0606,-3.1717698852730387,1,8.0,10.0,1135.0,,tablet ER,False,False
galantamine,COc1ccc2c3c1O[C@H]1C[C@@H](O)C=C[C@@]31CCN(C)C2,8.0,0.0456201709773209,-2.243933078379945,2,1.15,8.3,418.5,90.0,tablet,False,False
codeine,COc1ccc2c3c1O[C@H]1[C@@H](O)C=C[C@H]4[C@@H](C2)N(C)CC[C@@]341,60.0,0.1807668112896724,-2.5210325532091664,3,0.75,4.41,649.0,80.5,capsule,False,False
dihydrocodeine,COc1ccc2c3c1O[C@H]1[C@@H](O)CC[C@H]4[C@@H](C2)N(C)CC[C@@]341,20.0,0.0592034602029306,-2.5286829054423547,2,0.865,3.165,300.085,,tablet,False,False
nabumetone,COc1ccc2cc(CCC(C)=O)ccc2c1,500.0,0.56,-2.9507819773298185,1,8.63,26.05,18070.0,,tablet,False,False
naproxen,COc1ccc2cc([C@H](C)C(=O)O)ccc2c1,250.0,44.3,-0.7515362824489681,1,2.0,17.5,779210.0,95.0,tablet,False,False
agomelatine,COc1ccc2cccc(CCNC(C)=O)c2c1,25.0,0.0098093200936572,-3.406301102189735,3,1.1,1.1,11.71,5.0,tablet,False,False
omeprazole,COc1ccc2nc(S(=O)Cc3ncc(C)c(OC)c3C)[nH]c2c1,40.0,0.539,-1.8704712261412237,1,,0.5,,76.0,tablet,False,False
omeprazole,COc1ccc2nc([S+]([O-])Cc3ncc(C)c(OC)c3C)[nH]c2c1,40.0,0.9099287812790624,-1.6430525892353276,2,2.2,1.125,2228.55,53.0,capsule,False,False
elagolix,COc1cccc(-c2c(C)n(Cc3c(F)cccc3C(F)(F)F)c(=O)n(C[C@H](NCCCC(=O)O)c3ccccc3)c2=O)c1F,100.0,0.397,-2.401209493236885,1,0.5,6.1,1069.0,,,False,False
tramadol,COc1cccc(C2(O)CCCCC2CN(C)C)c1,100.0,0.29,-2.537602002101044,1,1.9,5.1,2488.0,68.0,capsule,False,False
letermovir,COc1cccc(N2CCN(C3=Nc4c(F)cccc4[C@H](CC(=O)O)N3c3cc(C(F)(F)F)ccc3OC)CC2)c1,240.0,11.000000000000002,-1.338818556553381,1,2.25,9.96,62400.0,102.0,,False,False
methocarbamol,COc1ccccc1OCC(O)COC(N)=O,1500.0,23.003388880771464,-1.8142994376553876,2,1.1,1.23,58870.0,,tablet,False,False
carvedilol,COc1ccccc1OCCNCC(O)COc1cccc2[nH]c3ccccc3c12,50.0,0.0919130023446084,-2.7355930517411506,2,0.93,5.35,337.5,22.0,suspension,False,False
bosentan,COc1ccccc1Oc1c(NS(=O)(=O)c2ccc(C(C)(C)C)cc2)nc(-c2ncccn2)nc1OCCO,100.0,1.786,-1.7481185454474724,1,2.2,5.0,8180.0,50.0,suspension,False,False
pantoprazole,COc1ccnc(CS(=O)c2nc3ccc(OC(F)F)cc3[nH]2)c1OC,40.0,2.5,-1.2041199826559248,1,,3.5,,77.0,tablet,False,False
pantoprazole,COc1ccnc(C[S+]([O-])c2nc3ccc(OC(F)F)cc3[nH]2)c1OC,40.0,2.644252238167657,-1.1797571107037197,3,3.0,1.57,6951.4,77.0,enteric-coated tablet,False,False
moxonidine,COc1nc(C)nc(Cl)c1NC1=NCCN1,0.2,0.0013390421609688,-2.1742357442771847,3,0.74,1.98,4.18,88.0,tablet,False,False
Golidocitinib,COc1nn(C)cc1Nc1nccc(-c2c[nH]c3c(NC(=O)[C@@H](C)N4CCN(C)CC4)cccc23)n1,100.0,0.133,-2.876148359032914,1,2.5,50.4,5260.0,,,False,False
lapatinib,CS(=O)(=O)CCNCc1ccc(-c2ccc3ncnc(Nc4ccc(OCc5cccc(F)c5)c(Cl)c4)c3c2)o1,100.0,0.115,-2.939302159646388,1,4.0,9.6,1429.0,,tablet,False,False
Iguratimod,CS(=O)(=O)Nc1cc2occ(NC=O)c(=O)c2cc1Oc1ccccc1,75.0,3.59,-1.319966814813381,1,4.33,7.3,62040.0,,,False,False
nimesulide,CS(=O)(=O)Nc1ccc([N+](=O)[O-])cc1Oc1ccccc1,100.0,3.2310060352775576,-1.4906622307519963,2,2.9,3.17,23570.0,,tablet,False,False
busulfan,CS(=O)(=O)OCCCCOS(C)(=O)=O,79.0,1.55458,-1.7060140151752576,1,1.5,3.04,7955.13,,tablet,False,False
laropiprant,CS(=O)(=O)c1cc(F)cc2c3c(n(Cc4ccc(Cl)cc4)c12)[C@@H](CC(=O)O)CC3,40.0,0.9561373577265222,-1.6215397042636042,3,1.0,16.7,5431.36,,tablet,False,False
vismodegib,CS(=O)(=O)c1ccc(C(=O)Nc2ccc(Cl)c(-c3ccccn3)c2)c(Cl)c1,150.0,2.47727,-1.7821179157238738,1,24.0,265.44,1134081.44,31.8,capsule,False,False
rofecoxib,CS(=O)(=O)c1ccc(C2=C(c3ccccc3)C(=O)OC2)cc1,25.0,0.2016307268250551,-2.0933832930328644,2,3.335,10.255,3650.28,93.0,tablet,False,False
Omarigliptin,CS(=O)(=O)n1cc2c(n1)CN([C@H]1CO[C@H](c3cc(F)ccc3F)[C@@H](N)C1)C2,100.0,0.88054,-2.0552509106964783,1,0.75,42.6,34624.0,,,False,False
fexinidazole,CSc1ccc(OCc2ncc([N+](=O)[O-])n2C)cc1,100.0,0.1299999999999999,-2.8860566476931635,1,3.0,9.0,1287.0,,suspension,False,False
thioridazine,CSc1ccc2c(c1)N(CCC1CCCCN1C)c1ccccc1S2,100.0,0.3718,-2.4296906145641204,1,1.48,9.25,2639.3,,tablet,False,False
ergometrine,C[C@@H](CO)NC(=O)[C@@H]1C=C2c3cccc4[nH]cc(c34)C[C@H]2N(C)C1,0.2,0.0010399999999999,-2.2839966563652427,1,0.57,1.89,2.99,75.6,tablet,False,False
lisdexamfetamine,C[C@@H](Cc1ccccc1)NC(=O)[C@@H](N)CCCCN,100.0,0.0638,-3.1951793212788377,1,1.0,0.7,94.0,100.0,capsule,False,False
cinacalcet,C[C@@H](NCCCc1cccc(C(F)(F)F)c1)c1cccc2ccccc12,50.0,0.0134397867029641,-3.57057762806321,3,5.0,37.1,181.0,22.5,tablet,False,False
ritodrine,C[C@@H](NCCc1ccc(O)cc1)[C@@H](O)c1ccc(O)cc1,30.0,0.0149199999999999,-3.3033524315830154,1,0.64,5.2,43.99,,tablet,False,False
Evocalcet,C[C@@H](N[C@H]1CCN(c2ccc(CC(=O)O)cc2)C1)c1cccc2ccccc12,20.0,1.4,-1.1549019599857433,1,2.0,18.89,15307.4,,capsule,False,False
rolapitant,C[C@@H](OC[C@@]1(c2ccccc2)CC[C@]2(CCC(=O)N2)CN1)c1cc(C(F)(F)F)cc(C(F)(F)F)c1,180.0,0.9474386999325534,-2.278721384766368,3,3.98,155.0,121000.0,,tablet,False,False
aprepitant,C[C@@H](O[C@H]1OCCN(Cc2n[nH]c(=O)[nH]2)[C@H]1c1ccc(F)cc1)c1cc(C(F)(F)F)cc(C(F)(F)F)c1,125.0,1.287390516671369,-1.9871997073548169,3,4.0,12.59,34035.0,59.0,capsule,False,False
crizotinib,C[C@@H](Oc1cc(-c2cnn(C3CCNCC3)c2)cnc1N)c1c(Cl)ccc(F)c1Cl,250.0,0.1086138500696103,-3.362054800129314,3,5.0,33.1,2321.0,43.0,tablet,False,False
Savolitinib,C[C@@H](c1ccc2nccn2c1)n1nnc2ncc(-c3cnn(C)c3)nc21,600.0,2.36,-2.405239247413537,1,3.5,6.1,14500.0,68.8,tablet,False,False
voriconazole,C[C@@H](c1ncncc1F)[C@](O)(Cn1cncn1)c1ccc(F)cc1F,200.0,1.0883023428635985,-2.264280431555054,3,1.7,6.34,7020.0,,tablet,False,False
Milvexian,C[C@@H]1CCC[C@H](n2cnc(-c3cc(Cl)ccc3-n3cc(Cl)nn3)cc2=O)c2cc(ccn2)-c2c(cnn2C(F)F)NC1=O,60.0,0.337,-2.250521349512305,1,3.0,9.9,4104.0,,,False,False
tofacitinib,C[C@@H]1CCN(C(=O)CC#N)C[C@@H]1N(C)c1ncnc2[nH]ccc12,30.0,0.271595491577026,-2.0431986982403245,3,0.5,3.14,788.0,74.0,powder,False,False
dolutegravir (s/gsk1394572),C[C@@H]1CCO[C@H]2Cn3cc(C(=O)NCc4ccc(F)cc4F)c(=O)c(O)c3C(=O)N12,100.0,8.14,-1.0893755951107988,1,1.0,14.7,136000.0,,suspension,False,False
Ensartinib,C[C@@H]1CN(C(=O)c2ccc(NC(=O)c3cc(O[C@H](C)c4c(Cl)ccc(F)c4Cl)c(N)nn3)cc2)C[C@H](C)N1,225.0,0.264,-2.9305785912415314,1,4.5,17.9,5860.0,,capsule,False,False
levocabastine,C[C@@H]1CN([C@H]2CC[C@](C#N)(c3ccc(F)cc3)CC2)CC[C@]1(C(=O)O)c1ccccc1,0.5,0.0074,-1.8297382846050425,1,1.6,35.7,319.0,,solution,False,False
sparfloxacin,C[C@@H]1CN(c2c(F)c(N)c3c(=O)c(C(=O)O)cn(C4CC4)c3c2F)C[C@H](C)N1,400.0,1.2159058315234597,-2.5171600499713143,3,4.4,18.17,32732.0,92.0,tablet,False,False
Zoliflodacin,C[C@@H]1CN2c3c(cc4c(N5C(=O)OC[C@@H]5C)noc4c3F)CC3(C(=O)NC(=O)NC3=O)[C@H]2[C@H](C)O1,200.0,2.01,-1.9978339382434924,1,2.3,5.6,14500.0,,suspension,False,False
vamorolone,C[C@@H]1C[C@H]2[C@@H]3CCC4=CC(=O)C=C[C@]4(C)C3=CC[C@]2(C)[C@@]1(O)C(=O)CO,70.0,0.1219999999999999,-2.758738209339509,1,1.75,1.81,500.0,,,False,False
dexamethasone,C[C@@H]1C[C@H]2[C@@H]3CCC4=CC(=O)C=C[C@]4(C)[C@@]3(F)[C@@H](O)C[C@]2(C)[C@@]1(O)C(=O)CO,20.0,0.25722,-1.8907252617697048,1,1.0,4.0,1329.24,,tablet,False,False
fluocortolone,C[C@@H]1C[C@H]2[C@@H]3C[C@H](F)C4=CC(=O)C=C[C@]4(C)[C@H]3[C@@H](O)C[C@]2(C)[C@H]1C(=O)CO,20.0,0.1860806276859576,-2.0313288333178283,2,1.42,1.63,704.0,80.0,tablet,False,False
fosfomycin,C[C@@H]1O[C@@H]1P(=O)(O)O,3000.0,24.171057072457543,-2.093825610902966,2,2.125,6.77,167950.0,53.1,,False,False
atogepant,C[C@@H]1[C@H](c2c(F)ccc(F)c2F)C[C@H](NC(=O)c2cnc3c(c2)C[C@@]2(C3)C(=O)Nc3ncccc32)C(=O)N1CC(F)(F)F,60.0,0.6936523110495859,-1.9370094128250712,3,1.51,9.4,3532.0,,tablet,False,False
ubrogepant,C[C@@H]1[C@H](c2ccccc2)C[C@H](NC(=O)c2cnc3c(c2)C[C@@]2(C3)C(=O)Nc3ncccc32)C(=O)N1CC(F)(F)F,100.0,0.3303257858978742,-2.481057523081063,3,1.67,4.41,1258.0,,tablet,False,False
zuranolone,C[C@@]1(O)CC[C@H]2[C@H](CC[C@@H]3[C@@H]2CC[C@]2(C)[C@@H](C(=O)Cn4cc(C#N)cn4)CC[C@@H]32)C1,30.0,0.0183,-3.214670164989233,1,4.0,16.8,380.6,,capsule,False,False
dexketoprofen,C[C@H](C(=O)O)c1cccc(C(=O)c2ccccc2)c1,25.0,3.4305760294175927,-0.8625729599431073,3,0.5,1.31,4530.0,,tablet,False,False
ursodeoxycholic acid,C[C@H](CCC(=O)O)[C@H]1CC[C@H]2[C@@H]3[C@@H](O)C[C@@H]4C[C@H](O)CC[C@]4(C)[C@H]3CC[C@]12C,150.0,1.33477,-2.050684822071482,1,2.0,,4436.15,,tablet,False,False
Lecozotan,C[C@H](CN(C(=O)c1ccc(C#N)cc1)c1ccccn1)N1CCN(c2cccc3c2OCCO3)CC1,10.0,0.4758,-1.3225755622987525,1,0.79,8.2,3203.0,,capsule,False,False
isoxsuprine,C[C@H](COc1ccccc1)N[C@H](C)[C@@H](O)c1ccc(O)cc1,90.0,0.1146999999999999,-2.8946790915380576,1,1.9,10.1,1266.78,,tablet ER,False,False
captopril,C[C@H](CS)C(=O)N1CCC[C@H]1C(=O)O,100.0,0.569945487393312,-2.244166680566844,2,0.91,1.005,723.22,70.0,tablet,False,False
zofenopril,C[C@H](CSC(=O)c1ccccc1)C(=O)N1C[C@@H](Sc2ccccc2)C[C@H]1C(=O)O,60.0,0.0911599999999999,-2.818346933875306,1,0.88,0.72,156.92,,tablet,False,False
silodosin,C[C@H](Cc1cc2c(c(C(N)=O)c1)N(CCCO)CC2)NCCOc1ccccc1OCC(F)(F)F,12.0,0.09407,-2.10573010202269,1,2.0,5.9,485.01,32.0,capsule,False,False
Taranabant,C[C@H](NC(=O)C(C)(C)Oc1ccc(C(F)(F)F)cn1)[C@@H](Cc1ccc(Cl)cc1)c1cccc(C#N)c1,100.0,0.23965,-2.620422566672193,1,2.0,54.8,3070.13,,capsule,False,False
safinamide,C[C@H](NCc1ccc(OCc2cccc(F)c2)cc1)C(N)=O,100.0,0.8202,-2.086080235048534,1,1.5,23.6,22500.0,,tablet,False,False
sapropterin,C[C@H](O)[C@H](O)[C@H]1CNc2nc(N)[nH]c(=O)c2N1,730.0,0.0841,-3.9385268643225437,1,2.77,3.67,559.0,,tablet,False,False
alvimopan,C[C@H]1CN(C[C@H](Cc2ccccc2)C(=O)NCC(=O)O)CC[C@@]1(C)c1cccc(O)c1,24.0,0.0329099999999999,-2.862883359417234,1,2.1,10.0,116.9,6.0,capsule,False,False
lorcaserin,C[C@H]1CNCCc2ccc(Cl)cc21,10.0,0.0355436057426465,-2.4492385170286837,3,2.0,11.0,501.0,,,False,False
cabotegravir,C[C@H]1CO[C@@H]2Cn3cc(C(=O)NCc4ccc(F)cc4F)c(=O)c(O)c3C(=O)N12,30.0,3.349940297975473,-0.9520841875308332,2,2.5,40.55,141500.0,,tablet,False,False
levofloxacin,C[C@H]1COc2c(N3CCN(C)CC3)c(F)cc3c(=O)c(C(=O)O)cn1c23,500.0,5.413088823258426,-1.9655248508576482,4,1.3,6.55,47700.0,99.0,tablet,False,False
methylprednisolone,C[C@H]1C[C@@H]2[C@H]([C@@H](O)C[C@@]3(C)[C@H]2CC[C@]3(O)C(=O)CO)[C@@]2(C)C=CC(=O)C=C12,16.0,0.1091695928361006,-2.166018292111541,2,1.9,2.0,486.5,,tablet,False,False
betamethasone,C[C@H]1C[C@H]2[C@@H]3CCC4=CC(=O)C=C[C@]4(C)[C@@]3(F)[C@@H](O)C[C@]2(C)[C@@]1(O)C(=O)CO,2.0,0.0247,-1.9083330424043154,1,2.32,5.23,243.1,,tablet,False,False
Cipargamin,C[C@H]1Cc2c([nH]c3cc(Cl)c(F)cc23)[C@@]2(N1)C(=O)Nc1ccc(Cl)cc12,100.0,0.83,-2.0809219076239263,1,3.0,22.2,23500.0,,,False,False
Imeglimin,C[C@H]1N=C(N(C)C)N=C(N)N1,500.0,0.9306019557254326,-2.730206043437426,2,3.25,12.325,6455.0,,,False,False
digitoxin,C[C@H]1O[C@@H](O[C@H]2[C@@H](O)C[C@H](O[C@H]3[C@@H](O)C[C@H](O[C@H]4CC[C@@]5(C)[C@H](CC[C@@H]6[C@@H]5CC[C@]5(C)[C@@H](C7=CC(=O)OC7)CC[C@]65O)C4)O[C@@H]3C)O[C@@H]2C)C[C@H](O)[C@@H]1O,0.56,0.0301,-1.2696215314123571,1,1.1,,747.0,70.0,tablet,False,False
digoxin,C[C@H]1O[C@@H](O[C@H]2[C@@H](O)C[C@H](O[C@H]3[C@@H](O)C[C@H](O[C@H]4CC[C@@]5(C)[C@H](CC[C@@H]6[C@@H]5C[C@@H](O)[C@]5(C)[C@@H](C7=CC(=O)OC7)CC[C@]65O)C4)O[C@@H]3C)O[C@@H]2C)C[C@H](O)[C@@H]1O,1.0,0.0041458257732972,-2.3823889529140136,3,1.5,40.77,63.9,,tablet,False,False
acarbose,C[C@H]1O[C@H](O[C@H]2[C@H](O)[C@@H](O)[C@@H](O[C@@H]([C@H](O)[C@@H](O)C=O)[C@H](O)CO)O[C@@H]2CO)[C@H](O)[C@@H](O)[C@@H]1N[C@H]1C=C(CO)[C@@H](O)[C@H](O)[C@H]1O,300.0,0.0109999999999999,-4.435728569561442,1,2.0,,,,,False,False
lorlatinib,C[C@H]1Oc2cc(cnc2N)-c2c(nn(C)c2C#N)CN(C)C(=O)c2ccc(F)cc21,100.0,0.5387738173926159,-2.26859351769701,3,1.5,24.2,8289.0,80.78,tablet,False,False
artenimol (dihydroartemisinin),C[C@H]1[C@@H](O)O[C@@H]2O[C@]3(C)CC[C@H]4[C@H](C)CC[C@@H]1[C@]24OO3,103.0,0.181,-2.755158649835988,1,1.5,0.96,377.0,,capsule,False,False
aztreonam,C[C@H]1[C@H](NC(=O)/C(=N\OC(C)(C)C(=O)O)c2csc(N)n2)C(=O)N1S(=O)(=O)O,500.0,0.14,-3.5528419686577806,1,2.23,4.08,400.0,0.49,capsule,False,False
artesunate,C[C@H]1[C@H](OC(=O)CCC(=O)O)O[C@@H]2O[C@@]3(C)CC[C@H]4[C@H](C)CC[C@@H]1[C@@]24OO3,200.0,0.11,-3.2596373105057563,1,0.5,,,,tablet,False,False
doxycycline,C[C@H]1c2cccc(O)c2C(=O)C2=C(O)[C@]3(O)C(=O)C(C(N)=O)=C(O)[C@@H](N(C)C)[C@@H]3[C@@H](O)[C@@H]21,100.0,1.6133,-1.7922848661944335,1,2.0,16.75,29047.5,84.0,capsule,False,False
methyldopa,C[C@](N)(Cc1ccc(O)c(O)c1)C(=O)O,250.0,1.5020936322346887,-2.2212430036367485,2,2.975,2.505,6417.55,,tablet,False,False
delamanid,C[C@]1(COc2ccc(N3CCC(Oc4ccc(OC(F)(F)F)cc4)CC3)cc2)Cn2cc([N+](=O)[O-])nc2O1,100.0,0.233,-2.632644078973981,1,3.82,,3488.0,,tablet,False,False
fluoxymesterone,C[C@]1(O)CC[C@H]2[C@@H]3CCC4=CC(=O)CC[C@]4(C)[C@@]3(F)[C@@H](O)C[C@@]21C,10.0,0.0799999999999999,-2.096910013008057,1,1.8,1.98,306.0,,tablet,False,False
oxymetholone,C[C@]12C/C(=C/O)C(=O)C[C@@H]1CC[C@@H]1[C@@H]2CC[C@@]2(C)[C@H]1CC[C@]2(C)O,50.0,0.0187999999999999,-3.4248121550723414,1,3.5,7.99,170.78,,tablet,False,False
prednisone,C[C@]12C=CC(=O)C=C1CC[C@@H]1[C@@H]2C(=O)C[C@@]2(C)[C@H]1CC[C@]2(O)C(=O)CO,50.0,0.052,-2.9829666607012197,1,2.4,3.6,433.0,,tablet,False,False
prednisolone,C[C@]12C=CC(=O)C=C1CC[C@@H]1[C@@H]2[C@@H](O)C[C@@]2(C)[C@H]1CC[C@]2(O)C(=O)CO,10.0,0.2598845897701516,-1.5852194718503037,2,1.375,2.63,1389.5,92.0,tablet,False,False
triamcinolone,C[C@]12C=CC(=O)C=C1CC[C@H]1[C@@H]3C[C@@H](O)[C@](O)(C(=O)CO)[C@@]3(C)C[C@H](O)[C@@]12F,5.0,0.0104999999999999,-2.677780705266085,1,1.0,2.6,30.4,22.5,solution,False,False
dutasteride,C[C@]12C=CC(=O)N[C@@H]1CC[C@@H]1[C@@H]2CC[C@]2(C)[C@@H](C(=O)Nc3cc(C(F)(F)F)ccc3C(F)(F)F)CC[C@@H]12,0.5,0.0028112630613302,-2.2500685181242717,2,3.3200000000000003,80.91,69.08,60.0,capsule,False,False
methyltestosterone,C[C@]12CCC(=O)C=C1CC[C@@H]1[C@@H]2CC[C@@]2(C)[C@H]1CC[C@]2(C)O,10.0,0.0205699999999999,-2.6867657083052783,1,1.0,2.24,55.9,,tablet,False,False
hydrocortisone,C[C@]12CCC(=O)C=C1CC[C@@H]1[C@@H]2[C@@H](O)C[C@@]2(C)[C@H]1CC[C@]2(O)C(=O)CO,20.0,0.2832225273526102,-1.8489022017457093,2,1.05,1.5,964.5,95.9,suspension,False,False
fludrocortisone,C[C@]12CCC(=O)C=C1CC[C@H]1[C@@H]3CC[C@](O)(C(=O)CO)[C@@]3(C)C[C@H](O)[C@@]12F,0.1,0.00124,-1.9065783148377649,1,0.5,2.57,3.28,,tablet,False,False
drospirenone,C[C@]12CCC(=O)C=C1[C@@H]1C[C@@H]1[C@H]1[C@@H]3[C@@H]4C[C@@H]4[C@@]4(CCC(=O)O4)[C@@]3(C)CC[C@@H]12,6.0,0.0760756202735147,-1.8969057483706389,2,1.625,27.4,1029.0,,tablet,False,False
dienogest,C[C@]12CCC3=C4CCC(=O)C=C4CC[C@H]3[C@@H]1CC[C@@]2(O)CC#N,2.0,0.0526414285520444,-1.5797023292706254,2,1.4,10.4,636.4,90.0,tablet,False,False
estetrol,C[C@]12CC[C@@H]3c4ccc(O)cc4CC[C@H]3[C@@H]1[C@@H](O)[C@@H](O)[C@@H]2O,100.0,0.1583,-2.800519085137644,1,0.5,28.02,649.2,,solution,False,False
oxandrolone,C[C@]12COC(=O)C[C@@H]1CC[C@@H]1[C@@H]2CC[C@@]2(C)[C@H]1CC[C@]2(C)O,10.0,0.4066,-1.3908326256979802,1,1.0,8.87,3175.3,,solution,False,False
Vilaprisan,C[C@]12C[C@H](c3ccc(S(C)(=O)=O)cc3)C3=C4CCC(=O)C=C4CC[C@H]3[C@@H]1CC[C@@]2(O)C(F)(F)C(F)(F)F,2.0,0.0083165497653774,-2.3810868050264404,2,1.5,39.2,152.0,,tablet,False,False
betaine,C[N+](C)(C)CC(=O)[O-],3500.0,110.00197,-1.502667581442339,1,0.9,14.38,646422.66,,solution,False,False
amitriptylinoxide,C[N+](C)([O-])CCC=C1c2ccccc2CCc2ccccc21,50.0,0.4838,-2.014304140310158,1,0.86,1.49,1713.0,,tablet,False,False
diphemanil,C[N+]1(C)CCC(=C(c2ccccc2)c2ccccc2)CC1,250.0,0.04085,-3.7867479478036032,1,2.5,7.92,342.96,,capsule,False,False
ademetionine (same),C[S+](CC[C@H](N)C(=O)[O-])C[C@H]1O[C@@H](n2cnc3c(N)ncnc32)[C@H](O)[C@@H]1O,500.0,0.93737,-2.727058954280209,1,4.39,3.08,2961.15,,enteric-coated tablet,False,False
milrinone,Cc1[nH]c(=O)c(C#N)cc1-c1ccncc1,12.23,0.2159,-1.7531738147020546,1,1.0,1.06,382.7,92.0,tablet,False,False
panobinostat,Cc1[nH]c2ccccc2c1CCNCc1ccc(/C=C/C(=O)NO)cc1,30.0,0.023947860029656,-3.097854543601021,2,1.51,29.05,187.4,21.0,,False,False
BMS-986142,Cc1c(-c2c(F)cc(C(N)=O)c3[nH]c4c(c23)CC[C@H](C(C)(C)O)C4)cccc1-n1c(=O)c2cccc(F)c2n(C)c1=O,100.0,0.311,-2.5072396109731625,1,1.5,10.3,3019.0,,,False,False
bazedoxifene,Cc1c(-c2ccc(O)cc2)n(Cc2ccc(OCCN3CCCCCC3)cc2)c2ccc(O)cc12,10.0,0.002,-3.6989700043360187,2,2.45,28.0,29.5,6.2,tablet,False,False
rimonabant,Cc1c(C(=O)NN2CCCCC2)nn(-c2ccc(Cl)cc2Cl)c1-c1ccc(Cl)cc1,20.0,0.21223,-1.9742232215955433,1,3.33,185.25,49113.48,,tablet,False,False
sonidegib,Cc1c(C(=O)Nc2ccc(N3C[C@@H](C)O[C@@H](C)C3)nc2)cccc1-c1ccc(OC(F)(F)F)cc1,200.0,0.1,-3.3010299956639813,1,3.0,,2740.0,,capsule,False,False
troglitazone,Cc1c(C)c2c(c(C)c1O)CCC(C)(COc1ccc(CC3SC(=O)NC3=O)cc1)O2,400.0,0.9612491872558332,-2.6192240057179093,2,3.6,11.75,10250.0,45.0,tablet,False,False
Fevipiprant,Cc1c(CC(=O)O)c2cccnc2n1Cc1ccc(S(C)(=O)=O)cc1C(F)(F)F,100.0,0.2009999999999999,-2.6968039425795114,1,2.0,19.0,1369.0,,,False,False
opicapone,Cc1c(Cl)c(C)[n+]([O-])c(Cl)c1-c1noc(-c2cc(O)c(O)c([N+](=O)[O-])c2)n1,100.0,0.927,-2.032920265855503,1,1.8,1.2,2373.0,,capsule,False,False
tolfenamic acid,Cc1c(Cl)cccc1Nc1ccccc1C(=O)O,100.0,1.98,-1.7033348097384688,1,1.33,2.72,7070.0,63.2,capsule,False,False
grepafloxacin,Cc1c(F)c(N2CCNC(C)C2)cc2c1c(=O)c(C(=O)O)cn2C1CC1,600.0,1.6410667262485097,-2.56302501043209,2,2.79,12.395,21180.0,70.0,tablet,False,False
Losmapimod,Cc1c(F)cc(C(=O)NC2CC2)cc1-c1ccc(C(=O)NCC(C)(C)C)cn1,20.0,0.0563899999999999,-2.549827901075629,1,4.0,9.03,682.8,,tablet,False,False
deferiprone,Cc1c(O)c(=O)ccn1C,1407.5,24.6,-1.7575132964200046,1,0.75,2.13,71666.67,,tablet,False,False
nelfinavir,Cc1c(O)cccc1C(=O)N[C@@H](CSc1ccccc1)[C@H](O)CN1C[C@H]2CCCC[C@H]2C[C@H]1C(=O)NC(C)(C)C,1250.0,3.657321424211988,-2.533746882960586,2,3.7,4.31,31540.0,88.0,tablet,False,False
lansoprazole,Cc1c(OCC(F)(F)F)ccnc1C[S+]([O-])c1nc2ccccc2[nH]1,30.0,1.039875991994142,-1.4601397031168093,3,2.0,1.17,2669.0,,capsule,False,False
rilpivirine,Cc1cc(/C=C/C#N)cc(C)c1Nc1ccnc(Nc2ccc(C#N)cc2)n1,75.0,0.1699999999999999,-2.6446123420134264,1,4.0,55.0,7202.0,,tablet,False,False
etravirine,Cc1cc(C#N)cc(C)c1Oc1nc(Nc2ccc(C#N)cc2)nc(N)c1Br,100.0,0.089,-3.050609993355087,1,2.0,,921.0,,,False,False
Valemetostat,Cc1cc(C)c(CNC(=O)c2cc(Cl)c3c(c2C)O[C@@](C)([C@H]2CC[C@H](N(C)C)CC2)O3)c(=O)[nH]1,100.0,0.873,-2.0589857562944305,1,4.0,20.8,5870.0,,tablet,False,False
metaxalone,Cc1cc(C)cc(OCC2CNC(=O)O2)c1,800.0,1.738339437509257,-2.6629554039220578,2,3.9,10.8,15480.5,,tablet,False,False
sulfamethazine,Cc1cc(C)nc(NS(=O)(=O)c2ccc(N)cc2)n1,850.0,40.11999999999999,-1.3260580013659122,1,3.0,,360780.0,,tablet,False,False
Pleconaril,Cc1cc(CCCOc2c(C)cc(-c3noc(C(F)(F)F)n3)cc2C)on1,100.0,0.4699999999999999,-2.3279021420642825,1,3.0,22.0,3630.0,,capsule ,False,False
Selonsertib,Cc1cc(F)c(C(=O)Nc2cccc(-c3nncn3C(C)C)n2)cc1-n1cnc(C2CC2)c1,100.0,2.32,-1.6345120151091004,1,4.0,18.5,50900.0,,,False,False
isoxicam,Cc1cc(NC(=O)C2=C(O)c3ccccc3S(=O)(=O)N2C)no1,200.0,12.2,-1.214670164989233,1,12.0,29.35,651300.0,97.0,capsule,False,False
sulfamethoxazole,Cc1cc(NS(=O)(=O)c2ccc(N)cc2)no1,1200.0,94.42,-1.1041172499523886,1,1.4,9.3,1202500.0,,tablet,False,False
ceritinib,Cc1cc(Nc2ncc(Cl)c(=Nc3ccccc3S(=O)(=O)C(C)C)[nH]2)c(OC(C)C)cc1C1CCNCC1,750.0,0.2134994145191035,-3.545664574997736,2,8.01,36.150000000000006,9795.0,,capsule,False,False
tucatinib,Cc1cc(Nc2ncnc3ccc(NC4=NC(C)(C)CO4)cc23)ccc1Oc1ccn2ncnc2c1,300.0,0.4028786727997867,-2.871946976982617,4,2.0,8.325,2620.0,,,False,False
olanzapine,Cc1cc2c(s1)Nc1ccccc1N=C2N1CCN(C)CC1,5.0,0.007633216884119,-2.8162624020830815,2,5.5,33.765,331.045,60.0,capsule,False,False
riboflavin,Cc1cc2nc3c(=O)[nH]c(=O)nc-3n(C[C@H](O)[C@H](O)[C@H](O)CO)c2cc1C,60.0,0.116,-2.7136932611567253,1,2.0,3.42,369.44,35.7,tablet,False,False
celecoxib,Cc1ccc(-c2cc(C(F)(F)F)nn2-c2ccc(S(N)(=O)=O)cc2)cc1,200.0,0.6832255170437157,-2.4664659176898027,3,3.0,7.4,6239.7,,capsule,False,False
etoricoxib,Cc1ccc(-c2ncc(Cl)cc2-c2ccc(S(C)(=O)=O)cc2)cn1,120.0,2.2484853806413163,-1.7272911778605624,3,1.5,28.4,40560.0,,tablet,False,False
suvorexant,Cc1ccc(-n2nccn2)c(C(=O)N2CCN(c3nc4cc(Cl)ccc4o3)CC[C@H]2C)c1,40.0,0.3723128100133005,-2.0311520122613804,2,2.0,10.75,5517.13,,tablet,False,False
acrivastine,Cc1ccc(/C(=C\CN2CCCC2)c2cccc(/C=C/C(=O)O)n2)cc1,12.0,0.1789999999999999,-1.8263282150677318,1,0.85,,576.0,,syrup,False,False
triprolidine,Cc1ccc(/C(=C\CN2CCCC2)c2ccccn2)cc1,2.5,0.0068585712797928,-2.561706352138003,2,1.75,3.7,47.15,,syrup,False,False
pirfenidone,Cc1ccc(=O)n(-c2ccccc2)c1,400.0,11.903780911962382,-1.5263750662042324,2,0.55,2.09,36725.0,,capsule,False,False
ponatinib,Cc1ccc(C(=O)Nc2ccc(CN3CCN(C)CC3)c(C(F)(F)F)c2)cc1C#Cc1cnc2cccnn12,45.0,0.055010567313893,-2.912766390003131,3,6.0,24.2,1273.0,,tablet,False,False
tolcapone,Cc1ccc(C(=O)c2cc(O)c(O)c([N+](=O)[O-])c2)cc1,200.0,5.992495306631454,-1.5234222931009447,2,1.8,1.95,18000.0,60.0,tablet,False,False
tolmetin,Cc1ccc(C(=O)c2ccc(CC(=O)O)n2C)cc1,81.5,12.999999999999998,-0.7972142564331399,1,0.67,0.96,24360.0,,solution,False,False
gemfibrozil,Cc1ccc(C)c(OCCCC(C)(C)C(=O)O)c1,900.0,46.21449988910408,-1.2894642517654507,2,2.165,3.255,165100.0,,tablet,False,False
meclofenamic acid,Cc1ccc(Cl)c(Nc2ccccc2C(=O)O)c1Cl,300.0,15.1,-1.298144307426493,1,1.1,1.4,30200.0,,capsule,False,False
phentolamine,Cc1ccc(N(CC2=NCCN2)c2cccc(O)c2)cc1,60.0,0.06705,-2.951752468196026,1,0.74,3.32,197.59,,tablet,False,False
imatinib,Cc1ccc(NC(=O)c2ccc(CN3CCN(C)CC3)cc2)cc1Nc1nccc(-c2cccnc2)n1,400.0,1.6214641531652805,-2.3921526394627257,2,3.25,16.85,28206.0,98.3,tablet,False,False
lumiracoxib,Cc1ccc(Nc2c(F)cccc2Cl)c(CC(=O)O)c1,200.0,3.998,-1.699187205881883,1,1.5,4.3,14468.0,74.0,tablet,False,False
pazopanib,Cc1ccc(Nc2nccc(N(C)c3ccc4c(C)n(C)nc4c3)n2)cc1S(N)(=O)=O,200.0,15.4,-1.1135092748275182,1,2.5,46.2,749100.0,21.0,tablet,False,False
tolterodine,Cc1ccc(O)c([C@H](CCN(C(C)C)C(C)C)c2ccccc2)c1,2.0,0.0018796256988343,-3.0269586214615933,3,0.925,2.36,6.0,,tablet,False,False
tolazamide,Cc1ccc(S(=O)(=O)NC(=O)NN2CCCCCC2)cc1,250.0,25.4,-0.9931062920520995,1,4.0,7.12,304270.0,,tablet,False,False
gliclazide,Cc1ccc(S(=O)(=O)NC(=O)NN2C[C@H]3CCC[C@H]3C2)cc1,80.0,4.068209423912289,-1.2936866854874427,3,3.96,10.5,55270.0,,tablet,False,False
vortioxetine,Cc1ccc(Sc2ccccc2N2CCNCC2)c(C)c1,40.0,0.0152577848982085,-3.4185685033390376,2,7.15,56.6,1308.0,,tablet,False,False
canagliflozin,Cc1ccc([C@@H]2O[C@H](CO)[C@@H](O)[C@H](O)[C@H]2O)cc1Cc1ccc(-c2ccc(F)cc2)s1,300.0,2.8103023683123984,-2.0283682053395125,4,1.51,11.55,20852.0,65.0,tablet,False,False
Amenamevir,Cc1cccc(C)c1N(CC(=O)Nc1ccc(-c2ncon2)cc1)C(=O)C1CCS(=O)(=O)CC1,100.0,0.526,-2.279014255846261,1,2.0,7.09,5870.0,,capsule,False,False
tocainide,Cc1cccc(C)c1NC(=O)C(C)N,400.0,2.68,-2.1739251972991736,1,2.1,11.2,29170.0,100.0,tablet,False,False
Nefiracetam,Cc1cccc(C)c1NC(=O)CN1CCCC1=O,100.0,1.97,-1.705533773838407,1,1.2,5.86,19500.0,,tablet,False,False
mexiletine,Cc1cccc(C)c1OCC(C)N,400.0,0.820121942152507,-2.6881815598386543,2,2.25,9.5,9196.5,87.3,capsule,False,False
meclizine,Cc1cccc(CN2CCN(C(c3ccccc3)c3ccc(Cl)cc3)CC2)c1,25.0,0.0800699999999999,-2.494470180164868,1,3.11,5.21,566.54,,tablet,False,False
mefenamic acid,Cc1cccc(Nc2ccccc2C(=O)O)c1C,250.0,2.68,-1.9698052146432488,1,3.0,3.7,10740.0,,capsule,False,False
torasemide,Cc1cccc(Nc2ccncc2S(=O)(=O)NC(=O)NC(C)C)c1,10.0,1.2793146602771346,-0.8930226232971129,2,1.0,3.515,3478.48,80.0,tablet,False,False
tolvaptan,Cc1ccccc1C(=O)Nc1ccc(C(=O)N2CCC[C@@H](O)c3cc(Cl)ccc32)c(C)c1,60.0,0.3898520148601949,-2.1872514672703174,3,2.5,6.7,3400.0,,tablet,False,False
orphenadrine,Cc1ccccc1C(OCCN(C)C)c1ccccc1,100.0,0.1468799999999999,-2.833037336142833,1,3.0,14.97,2030.03,,tablet,False,False
metolazone,Cc1ccccc1N1C(=O)c2cc(S(N)(=O)=O)c(Cl)cc2NC1C,2.0,0.0326003680960813,-1.7878074918784226,2,1.75,7.51,175.34,,tablet,False,False
nevirapine,Cc1ccnc2c1NC(=O)c1cccnc1N2C1CC1,200.0,2.1170299575524787,-1.9753029920103327,3,3.0,38.4,130810.0,,tablet,False,False
tiagabine,Cc1ccsc1C(=CCCN1CCC[C@@H](C(=O)O)C1)c1sccc1C,24.0,0.552,-1.6382721639824072,1,1.1,7.3,2190.0,90.0,capsule,False,False
nilotinib,Cc1cn(-c2cc(NC(=O)c3ccc(C)c(Nc4nccc(-c5cccnc5)n4)c3)cc(C(F)(F)F)c2)cn1,200.0,0.4139891302920886,-2.684041057239068,2,3.5,14.4,9326.0,,capsule,False,False
telbivudine,Cc1cn([C@@H]2C[C@@H](O)[C@H](CO)O2)c(=O)[nH]c1=O,200.0,1.8,-2.0457574905606752,1,2.5,43.3,12800.0,,tablet,False,False
stavudine (d4t),Cc1cn([C@H]2C=C[C@@H](CO)O2)c(=O)[nH]c1=O,40.0,0.9477504670723026,-1.6253659841995522,4,0.63,1.6949999999999998,1960.215,86.4,capsule,False,False
zidovudine,Cc1cn([C@H]2C[C@H](N=[N+]=[N-])[C@@H](CO)O2)c(=O)[nH]c1=O,200.0,1.0295009909660118,-2.28840322667121,2,0.5800000000000001,0.875,1467.1750000000002,64.0,capsule,False,False
risdiplam,Cc1cn2nc(-c3cc(=O)n4cc(N5CCNC6(CC6)C5)ccc4n3)cc(C)c2n1,18.0,0.0939999999999999,-2.282144651503608,1,2.33,68.9,3300.0,,,False,False
Presatovir,Cc1cn2nc([C@@H]3CCCCN3C(=O)c3cc(Cl)ccc3NS(C)(=O)=O)cc2nc1N1CC[C@H](N)C1,75.0,1.0278,-1.863152650042546,1,2.0,31.8,31332.3,,tablet,False,False
fomepizole,Cc1cn[nH]c1,490.0,12.3159,-1.5997299260741074,1,0.25,,156620.48,104.0,solution,False,False
glipizide,Cc1cnc(C(=O)NCCc2ccc(S(=O)(=O)NC(=O)NC3CCCCC3)cc2)cn1,5.0,0.4232273045777224,-1.072396325826589,3,2.6,4.2,2584.1,100.0,tablet,False,False
paritaprevir,Cc1cnc(C(=O)N[C@H]2CCCCC/C=C\[C@@H]3C[C@@]3(C(=O)NS(=O)(=O)C3CC3)NC(=O)[C@@H]3C[C@@H](Oc4nc5ccccc5c5ccccc45)CN3C2=O)cn1,300.0,0.1199999999999999,-3.397940008672038,1,2.3,2.7,390.0,,,False,False
acipimox,Cc1cnc(C(=O)O)c[n+]1[O-],250.0,3.879705543247199,-1.8091412433344405,3,1.8,1.67,16710.0,,tablet,False,False
meloxicam,Cc1cnc(NC(=O)C2=C(O)c3ccccc3S(=O)(=O)N2C)s1,7.5,0.7496441014900893,-1.0002061352579856,4,3.95,19.75,20150.0,,tablet,False,False
fedratinib,Cc1cnc(Nc2ccc(OCCN3CCCC3)cc2)nc1Nc1cccc(S(=O)(=O)NC(C)(C)C)c1,300.0,0.6029588045859559,-2.696833613478613,3,3.0,109.0,9510.0,,capsule,False,False
rupatadine,Cc1cncc(CN2CCC(=C3c4ccc(Cl)cc4CCc4cccnc43)CC2)c1,40.0,0.0178122149099992,-3.351342064937062,2,0.785,6.92,56.225,,tablet,False,False
Acoramidis,Cc1n[nH]c(C)c1CCCOc1cc(C(=O)O)ccc1F,150.0,3.5400000000000005,-1.6270879970298933,1,0.8,27.6,50600.0,,tablet,False,False
febuxostat,Cc1nc(-c2ccc(OCC(C)C)c(C#N)c2)sc1C(=O)O,120.0,4.6650494852680815,-1.410324991091606,2,1.105,7.655,12857.05,,tablet,False,False
roxadustat,Cc1nc(C(=O)NCC(=O)O)c(O)c2ccc(Oc3ccccc3)cc12,100.0,8.384317297178905,-1.0765322945532851,6,2.0,11.94,68785.0,,tablet,False,False
Brecanavir,Cc1nc(COc2ccc(C[C@H](NC(=O)O[C@H]3CO[C@H]4OCC[C@H]43)[C@H](O)CN(CC(C)C)S(=O)(=O)c3ccc4c(c3)OCO4)cc2)cs1,150.0,0.0126999999999999,-4.072287538099728,1,0.77,0.99,21.5,,solution,False,False
Pritelivir,Cc1nc(N(C)C(=O)Cc2ccc(-c3ccccn3)cc2)sc1S(N)(=O)=O,100.0,1.288,-1.8900841369762067,1,3.0,61.41,90829.0,73.43,tablet,False,False
alpelisib,Cc1nc(NC(=O)N2CCC[C@H]2C(N)=O)sc1-c1ccnc(C(C)(C)C(F)(F)F)c1,400.0,1.32,-2.4814860601221125,1,2.0,13.7,11100.0,,capsule,False,False
Tegoprazan,Cc1nc2cc(C(=O)N(C)C)cc(O[C@H]3CCOc4cc(F)cc(F)c43)c2[nH]1,100.0,1.4946,-1.82547502207985,1,0.5,4.19,5980.05,,tablet,False,False
risperidone,Cc1nc2n(c(=O)c1CCN1CCC(c3noc4cc(F)ccc34)CC1)CCCC2,2.0,0.0197527618322096,-2.0054021683784042,2,1.27,4.805,136.225,70.0,tablet,False,False
paliperidone,Cc1nc2n(c(=O)c1CCN1CCC(c3noc4cc(F)ccc34)CC1)CCCC2O,1.0,0.0079491508980519,-2.099679258763002,2,1.25,24.200000000000003,181.5,,solution,False,False
thiamine,Cc1ncc(C[n+]2csc(CCO)c2C)c(N)n1,100.0,0.01035,-3.9850596502070634,1,3.14,,46.97,,tablet,False,False
lemborexant,Cc1ncc(OC[C@@]2(c3cccc(F)c3)C[C@H]2C(=O)Nc2ccc(F)cn2)c(C)n1,10.0,0.0356875328371127,-2.4474834748032035,2,1.125,61.9,376.0,,,False,False
secnidazole,Cc1ncc([N+](=O)[O-])n1CC(C)O,2000.0,41.02056801166947,-1.6880283259157445,2,4.065,18.5,1480000.0,,granule,False,False
midazolam,Cc1ncc2n1-c1ccc(Cl)cc1C(c1ccccc1F)=NC2,30.0,0.212,-2.150785393790911,1,0.63,3.3,503.0,,solution,False,False
ondansetron,Cc1nccn1CC1CCc2c(c3ccccc3n2C)C1=O,8.0,0.0399393371401247,-2.3016891342383063,4,1.65,4.7,211.5,60.0,tablet,False,False
Imidafenacin,Cc1nccn1CCC(C(N)=O)(c1ccccc1)c1ccccc1,0.1,0.0004199999999999,-2.376750709602203,1,1.0,3.0,2.06,57.8,tablet,False,False
raltegravir,Cc1nnc(C(=O)NC(C)(C)c2nc(C(=O)NCc3ccc(F)cc3)c(O)c(=O)n2C)o1,100.0,1.22216,-1.9128719343811678,1,0.5,12.2,2719.87,,,False,False
maraviroc,Cc1nnc(C(C)C)n1[C@@H]1C[C@H]2CC[C@@H](C1)N2CC[C@H](NC(=O)C1CCC(F)(F)CC1)c1ccccc1,100.0,0.1448585516978545,-2.8390558612088515,2,3.09,11.2,562.5,23.1,solution,False,False
alprazolam,Cc1nnc2n1-c1ccc(Cl)cc1C(c1ccccc1)=NC2,1.0,0.0182867950963182,-1.7378624013549189,3,1.25,11.8,255.0,87.6,tablet,False,False
triazolam,Cc1nnc2n1-c1ccc(Cl)cc1C(c1ccccc1Cl)=NC2,0.5,0.0043027433109587,-2.065224566215206,2,1.365,2.89,19.8,,tablet,False,False
sulfisoxazole,Cc1noc(NS(=O)(=O)c2ccc(N)cc2)c1C,500.0,51.85,-0.9842212436109591,1,2.4,8.5,622700.0,,tablet,False,False
fezolinetant,Cc1nsc(-c2nnc3n2CCN(C(=O)c2ccc(F)cc2)[C@@H]3C)n1,90.0,0.545,-2.217846007162682,1,2.0,4.13,3280.0,,capsule,False,False
dicloxacillin,Cc1onc(-c2c(Cl)cccc2Cl)c1C(=O)N[C@@H]1C(=O)N2[C@@H]1SC(C)(C)[C@@H]2C(=O)O,250.0,13.62,-1.2637629010952713,1,1.25,1.38,32780.0,,capsule,False,False
flucloxacillin,Cc1onc(-c2c(F)cccc2Cl)c1C(=O)N[C@@H]1C(=O)N2[C@@H]1SC(C)(C)[C@@H]2C(=O)O,750.0,34.50000000000001,-1.337242168318426,1,0.75,1.27,67750.0,,tablet,False,False
valdecoxib,Cc1onc(-c2ccccc2)c1-c1ccc(S(N)(=O)=O)cc1,20.0,0.288971162059057,-1.8401754912587338,3,2.0,8.95,3306.0,83.0,,False,False
cloxacillin,Cc1onc(-c2ccccc2Cl)c1C(=O)N[C@@H]1C(=O)N2[C@@H]1SC(C)(C)[C@@H]2C(=O)O,250.0,4.8,-1.7166987712964505,1,1.0,,,,capsule,False,False
econazole,Clc1ccc(COC(Cn2ccnc2)c2ccc(Cl)cc2Cl)cc1,250.0,2.1,-2.0757207139381184,1,1.8,4.4,8400.0,,tablet,False,False
piperaquine,Clc1ccc2c(N3CCN(CCCN4CCN(c5ccnc6cc(Cl)ccc56)CC4)CC3)ccnc2c1,500.0,0.0351,-4.153662887870195,1,4.0,254.4,2818.0,,tablet,False,False
amoxapine,Clc1ccc2c(c1)C(N1CCNCC1)=Nc1ccccc1O2,150.0,0.0732199999999999,-3.3114615345101694,1,1.5,9.11,509.8,,tablet,False,False
estazolam,Clc1ccc2c(c1)C(c1ccccc1)=NCc1nncn1-2,4.0,0.1620296639507717,-1.3924654600521378,2,1.8,19.23,4916.0,,tablet,False,False
desloratadine,Clc1ccc2c(c1)CCc1cccnc1C2=C1CCNCC1,10.0,0.0050795669106726,-3.2941733145513443,2,3.925,21.630000000000003,109.75,,tablet,False,False
tizanidine,Clc1ccc2nsnc2c1NC1=NCCN1,8.0,0.0054147206760829,-3.1695139289788457,2,1.005,2.215,15.975,40.0,capsule,False,False
clotrimazole,Clc1ccccc1C(c1ccccc1)(c1ccccc1)n1ccnc1,1000.0,0.80349,-3.095019523968271,1,2.5,2.99,4341.6,,,False,False
ticlopidine,Clc1ccccc1CN1CCc2sccc2C1,250.0,0.3608545413320996,-2.8406078334346407,2,1.9,7.37,1152.7,,tablet,False,False
theophylline,Cn1c(=O)c2[nH]cnc2n(C)c1=O,250.0,6.5,-1.585026652029182,1,2.1,7.0,76200.0,,tablet,False,False
caffeine,Cn1c(=O)c2c(ncn2C)n(C)c1=O,100.0,1.5,-1.8239087409443189,1,1.0,5.5,15500.0,,tablet,False,False
dyphylline,Cn1c(=O)c2c(ncn2CC(O)CO)n(C)c1=O,1000.0,15.619999999999996,-1.8063189704587186,1,0.67,1.87,46143.67,96.5,tablet,False,False
alogliptin,Cn1c(=O)cc(N2CCC[C@@H](N)C2)n(Cc2ccccc2C#N)c1=O,100.0,0.483,-2.316052869248488,1,2.0,16.4,5040.0,100.0,capsule,False,False
Brensocatib,Cn1c(=O)oc2ccc(-c3ccc(C[C@@H](C#N)NC(=O)[C@@H]4CNCCCO4)cc3)cc21,40.0,0.2834195476674112,-2.1496301907541278,2,1.385,22.665,5257.0,,,False,False
Tanaproget,Cn1c(C#N)ccc1-c1ccc2c(c1)C(C)(C)OC(=S)N2,15.0,0.01621,-2.966308244207166,1,1.9,16.5,152.9,,capsule,False,False
doravirine,Cn1c(Cn2ccc(C(F)(F)F)c(Oc3cc(Cl)cc(C#N)c3)c2=O)n[nH]c1=O,100.0,0.72939,-2.1370401951963394,1,1.5,15.26,16314.89,64.0,tablet,False,False
avapritinib,Cn1cc(-c2cc3c(N4CCN(c5ncc([C@@](C)(N)c6ccc(F)cc6)cn5)CC4)ncnn3c2)cn1,300.0,0.492,-2.785156151952302,1,3.0,52.6,22600.0,,tablet,False,False
Enzastaurin,Cn1cc(C2=C(c3cn(C4CCN(Cc5ccccn5)CC4)c4ccccc34)C(=O)NC2=O)c2ccccc21,100.0,0.09384,-3.0276120008925274,1,3.0,9.68,917.8,,capsule,False,False
flosequinan,Cn1cc([S+](C)[O-])c(=O)c2ccc(F)cc21,100.0,1.294990347454374,-1.8877334686969571,2,1.1,1.79,4020.0,,tablet,False,False
methimazole,Cn1cc[nH]c1=S,34.6,1.169,-1.4712615876309365,1,0.75,4.79,7770.0,,tablet,False,False
selumetinib,Cn1cnc2c(F)c(Nc3ccc(Br)cc3Cl)c(C(=O)NOCCO)cc21,50.0,0.9331489698863734,-1.7290190233599587,2,1.3199999999999998,8.535,2812.0,62.0,capsule,False,False
talazoparib,Cn1ncnc1[C@H]1c2n[nH]c(=O)c3cc(F)cc(c23)N[C@@H]1c1ccc(F)cc1,1.0,0.0076999999999999,-2.113509274827524,1,0.5,76.1,115.8,,solution,False,False
pexidartinib,FC(F)(F)c1ccc(CNc2ccc(Cc3c[nH]c4ncc(Cl)cc34)cn2)cn1,200.0,2.487,-1.9053542103940453,1,2.5,25.5,44542.0,,,False,False
Sarizotan,Fc1ccc(-c2cncc(CNC[C@H]3CCc4ccccc4O3)c2)cc1,5.0,0.3495851827523586,-1.155416987654149,2,0.65,5.9,1256.0,,capsule,False,False
flunarizine,Fc1ccc(C(c2ccc(F)cc2)N2CCN(C/C=C/c3ccccc3)CC2)cc1,5.0,0.026041390131865,-2.283305840473511,2,2.475,19.165,329.33500000000004,,tablet,False,False
paroxetine,Fc1ccc([C@@H]2CCNC[C@H]2COc2ccc3c(c2)OCO3)cc1,40.0,0.0266,-3.1771783546968955,1,6.4,20.6,1127.0,,,False,False
quazepam,Fc1ccccc1C1=NCC(=S)N(CC(F)(F)F)c2ccc(Cl)cc21,20.0,0.0367626029936317,-2.735623741433364,4,2.8,17.75,404.05,,tablet,False,False
Zagociguat,Fc1ccccc1Cc1nc(-c2nc(C(F)(F)F)n[nH]2)cn2ccnc12,50.0,5.727439999999999,-0.9410094560695907,1,5.0,57.0,478098.0,,tablet,False,False
momelotinib,N#CCNC(=O)c1ccc(-c2ccnc(Nc3ccc(N4CCOCC4)cc3)n2)cc1,200.0,0.4837207061099389,-2.6164353175026953,4,4.0,7.5,4815.0,,tablet,False,False
ruxolitinib,N#CC[C@H](C1CCCC1)n1cc(-c2ncnc3[nH]ccc23)cn1,25.0,0.3968156914577661,-1.7993511713522443,3,0.5,2.7,1231.62,,tablet,False,False
vildagliptin,N#C[C@@H]1CCCN1C(=O)CNC12CC3CC(CC(O)(C3)C1)C2,100.0,0.5099150441597413,-2.292502174737413,3,1.75,2.17,2350.0,,tablet,False,False
saxagliptin,N#C[C@@H]1C[C@@H]2C[C@@H]2N1C(=O)[C@@H](N)C12CC3CC(CC(O)(C3)C1)C2,5.0,0.0253836089921467,-2.294416635042787,3,0.5,3.07,84.4,50.0,tablet,False,False
finafloxacin,N#Cc1c(N2C[C@@H]3NCCO[C@H]3C2)c(F)cc2c(=O)c(C(=O)O)cn(C3CC3)c12,100.0,1.32,-1.8794260687941502,1,0.5,7.2,2800.0,,tablet,False,False
letrozole,N#Cc1ccc(C(c2ccc(C#N)cc2)n2cncn2)cc1,2.5,0.0359993674785985,-1.8416451385427401,3,1.0,42.34,1470.19,99.0,tablet,False,False
perampanel,N#Cc1ccccc1-c1cc(-c2ccccn2)cn(-c2ccccc2)c1=O,12.0,0.3016504588560529,-1.5996772557669896,3,1.0,124.0,24900.0,110.0,tablet,False,False
ivosidenib,N#Cc1ccnc(N2C(=O)CC[C@H]2C(=O)N(c2cncc(F)c2)[C@H](C(=O)NC2CC(F)(F)C2)c2ccccc2Cl)c1,250.0,1.6098640626968073,-2.191150803021016,3,3.5,45.8,75500.0,,tablet,False,False
guanfacine,N=C(N)NC(=O)Cc1c(Cl)cccc1Cl,3.0,0.0054999999999999,-2.7367585652254265,1,2.6,13.8,100.6,81.1,tablet,False,False
amiloride,N=C(N)NC(=O)c1nc(Cl)c(N)nc1N,10.0,0.0191774346563871,-2.7172094883587268,2,3.0,17.08,258.535,50.0,tablet,False,False
darifenacin,NC(=O)C(c1ccccc1)(c1ccccc1)[C@@H]1CCN(CCc2ccc3c(c2)CCO3)C1,20.0,0.00381,-3.720105019988362,1,1.0,3.8,16.0,,tablet,False,False
piracetam,NC(=O)CN1CCCC1=O,800.0,14.529999999999998,-1.740824372693922,1,2.33,4.4,59190.0,100.0,tablet,False,False
modafinil,NC(=O)C[S+]([O-])C(c1ccccc1)c1ccccc1,200.0,4.675923959713605,-1.631162555651788,3,2.0,12.7,61300.0,,tablet,False,False
armodafinil,NC(=O)C[S@@+]([O-])C(c1ccccc1)c1ccccc1,100.0,2.4,-1.619788758288394,1,2.3,,40600.0,,tablet,False,False
lonafarnib,NC(=O)N1CCC(CC(=O)N2CCC([C@H]3c4ncc(Br)cc4CCc4cc(Cl)cc(Br)c43)CC2)CC1,100.0,0.323,-2.490797477668897,1,3.0,2.73,2077.0,,capsule,False,False
oxcarbazepine,NC(=O)N1c2ccccc2CC(=O)c2ccccc21,300.0,0.3956789923662868,-2.879778261672716,2,1.25,,1387.505,,tablet,False,False
carglumic acid,NC(=O)NC(CCC(=O)O)C(=O)O,100.0,8.613,-1.0648455527838316,1,,31.0,,10.0,tablet,False,False
hydroxyurea,NC(=O)NO,1107.0,28.32,-1.5920543718609914,1,0.5,3.14,82490.0,,capsule,False,False
felbamate,NC(=O)OCC(COC(N)=O)c1ccccc1,600.0,0.0089,-4.828761243738731,1,3.0,18.6,244.0,,,False,False
chlorphenesin carbamate,NC(=O)OCC(O)COc1ccc(Cl)cc1,250.0,3.4300000000000006,-1.862645888629267,1,1.67,6.33,28670.0,,tablet,False,False
solriamfetol,NC(=O)OC[C@H](N)Cc1ccccc1,300.0,1.7569177556163522,-2.232369822830509,2,2.0,5.6,17096.0,95.0,tablet,False,False
cenobamate,NC(=O)O[C@@H](Cn1ncnn1)c1ccccc1Cl,100.0,2.444381312316064,-1.6118310451899123,2,3.0,47.255,152845.0,,tablet,False,False
Avagacestat,NC(=O)[C@@H](CCC(F)(F)F)N(Cc1ccc(-c2ncon2)cc1F)S(=O)(=O)c1ccc(Cl)cc1,100.0,0.435,-2.3615107430453626,1,1.0,33.0,2362.0,,solution,False,False
Vixotrigine,NC(=O)[C@@H]1CC[C@H](c2ccc(OCc3ccccc3F)cc2)N1,125.0,0.8459,-2.1695909880484003,1,1.48,12.9,9731.7,,tablet,False,False
samidorphan,NC(=O)c1ccc2c(c1O)[C@]13CCN(CC4CC4)[C@H](C2)[C@]1(O)CCC(=O)C3,55.7,0.1365,-2.610722543796954,1,1.0,8.3,1340.0,,solution,False,False
niraparib,NC(=O)c1cccc2cn(-c3ccc([C@@H]4CCCNC4)cc3)nc12,300.0,1.010296491135152,-2.4726724100777484,2,3.755,73.05,38208.05,72.7,capsule,False,False
nicotinamide,NC(=O)c1cccnc1,187.5,3.3000000000000003,-1.75448733218585,1,0.3,0.6,3000.0,,powder,False,False
rufinamide,NC(=O)c1cn(Cc2c(F)cccc2F)nn1,200.0,1.8065,-2.04419202975994,1,4.2,11.2,35944.0,,tablet,False,False
Peficitinib,NC(=O)c1cnc2[nH]ccc2c1N[C@@H]1[C@@H]2CC3C[C@H]1C[C@](O)(C3)C2,120.0,0.232,-2.7136932611567253,1,1.5,10.3,1043.0,,,False,False
pyrazinamide,NC(=O)c1cnccn1,1890.0,38.7,-1.6887508391543327,1,1.0,9.6,520000.0,,tablet,False,False
favipiravir,NC(=O)c1nc(F)cnc1O,200.0,5.240712695529576,-1.5816396440450067,3,0.66,1.3,11235.31,,tablet,False,False
Mizoribine,NC(=O)c1ncn([C@@H]2O[C@H](CO)[C@@H](O)[C@H]2O)c1O,234.0,2.7,-1.9378520932511556,1,2.0,2.9,18100.0,,tablet,False,False
ribavirin,NC(=O)c1ncn([C@@H]2O[C@H](CO)[C@@H](O)[C@H]2O)n1,300.0,0.25,-3.0791812460476247,1,1.25,43.6,6756.0,,tablet,False,False
guanadrel,NC(N)=NCC1COC2(CCCCC2)O1,50.0,0.1042,-2.6811022853725133,1,1.75,3.49,396.2,,tablet,False,False
guanabenz,NC(N)=NN=Cc1c(Cl)cccc1Cl,16.0,0.0025455844122715,-3.7983324797206404,2,2.0,6.65,22.0,,tablet,False,False
capivasertib,NC1(C(=O)N[C@@H](CCO)c2ccc(Cl)cc2)CCN(c2ncnc3[nH]ccc23)CC1,80.0,0.121,-2.8203046166754935,1,1.5,7.39,598.0,,tablet,False,False
amantadine,NC12CC3CC(CC(C3)C1)C2,100.0,0.4018299999999999,-2.3959576426298583,1,2.48,11.69,5419.61,,,False,False
pemoline,NC1=NC(=O)C(c2ccccc2)O1,50.0,0.995,-1.7011469235902934,1,2.45,10.65,,,capsule,False,False
epinastine,NC1=NCC2c3ccccc3Cc3ccccc3N12,20.0,0.013024478085686,-3.1862696663064662,3,2.21,7.64,143.79,,tablet,False,False
Clinafloxacin,NC1CCN(c2c(F)cc3c(=O)c(C(=O)O)cn(C4CC4)c3c2Cl)C1,100.0,0.77,-2.113509274827518,1,1.2,6.3,4520.0,94.4,capsule,False,False
aminolevulinic acid,NCC(=O)CCC(=O)O,100.0,4.65,-1.332547047110046,1,0.88,0.74,7400.0,56.4,solution,False,False
baclofen,NCC(CC(=O)O)c1ccc(Cl)cc1,10.0,0.1462942240828393,-1.8347728201390012,2,1.065,3.785,860.5,108.0,tablet,False,False
gabapentin,NCC1(CC(=O)O)CCCCC1,300.0,3.0097456537056417,-1.9985914587468836,2,2.76,4.66,25782.015,,capsule,False,False
tranexamic acid,NCC1CCC(C(=O)O)CC1,650.0,13.83,-1.6720911765335449,1,,2.0,,,tablet,False,False
gamma-aminobutyric acid,NCCCC(=O)O,2000.0,0.68853,-3.4631071279764667,1,1.5,5.08,956.77,,tablet,False,False
alendronic acid (alendronate),NCCCC(O)(P(=O)(O)O)P(=O)(O)O,70.0,0.0384179697537493,-3.260563629723905,2,1.16,1.755,113.205,0.62,tablet,False,False
aminocaproic acid,NCCCCCC(=O)O,500.0,16.355000000000004,-1.4853194558750182,1,1.58,2.13,59523.0,,tablet,False,False
Mavorixafor,NCCCCN(Cc1nc2ccccc2[nH]1)[C@H]1CCCc2cccnc21,100.0,0.276,-2.5590909179347823,1,1.5,7.6,358.0,,,False,False
lisinopril,NCCCC[C@H](N[C@@H](CCc1ccccc1)C(=O)O)C(=O)N1CCC[C@H]1C(=O)O,20.0,0.09434,-2.326334123754298,1,6.58,7.16,1250.17,25.0,tablet,False,False
triethylenetetramine,NCCNCCNCCN,600.0,0.866,-2.840633358366297,1,2.08,2.5,3770.0,,capsule,False,False
cysteamine,NCCS,1200.0,4.87601,-2.3911166584244214,1,0.88,1.88,13316.44,,capsule,False,False
taurine,NCCS(=O)(=O)O,4000.0,84.17000000000002,-1.6769026641520637,1,1.25,1.01,196810.0,,capsule,False,False
Etamicastat,NCCc1c[nH]c(=S)n1[C@H]1COc2c(F)cc(F)cc2C1,100.0,0.1059999999999999,-2.97469413473523,1,1.5,19.7,1134.0,,capsule,False,False
Lesogaberan,NC[C@@H](F)C[PH](=O)O,100.0,0.3527,-2.4525945403325102,1,1.2,11.2,2920.4,67.0,solution,False,False
tranexamic acid,NC[C@H]1CC[C@H](C(=O)O)CC1,1000.0,7.0,-2.154901959985743,1,2.0,,,,tablet,False,False
isoniazid,NNC(=O)c1ccncc1,300.0,5.159651150998485,-1.7645009151695632,2,0.33,2.27,11325.0,100.1,tablet,False,False
phenelzine,NNCCc1ccccc1,30.0,0.0198,-3.1804560644581312,1,0.72,11.6,,,tablet,False,False
dihydralazine,NNc1nnc(NN)c2ccccc12,20.0,0.04662,-2.6324577264794233,1,1.0,4.8,190.2,,suspension,False,False
hydralazine,NNc1nncc2ccccc12,100.0,0.5715,-2.2429837652686992,1,0.5,1.78,1426.95,,tablet,False,False
Aprocitentan,NS(=O)(=O)Nc1ncnc(OCCOc2ncc(Br)cn2)c1-c1ccc(Br)cc1,25.0,1.4143125538578805,-1.2473946123541582,2,4.0,46.65,80852.5,,tablet,False,False
furosemide,NS(=O)(=O)c1cc(C(=O)O)c(NCc2ccco2)cc1Cl,40.0,1.7033075605577312,-1.3707669171803725,3,1.0,3.1,4166.67,71.0,tablet,False,False
piretanide,NS(=O)(=O)c1cc(C(=O)O)cc(N2CCCC2)c1Oc1ccccc1,6.0,0.3269174207655505,-1.263713186515529,2,0.77,1.095,557.335,,solution,False,False
chlorthalidone,NS(=O)(=O)c1cc(C2(O)NC(=O)c3ccccc32)ccc1Cl,100.0,5.55,-1.2557070168773237,1,12.0,50.0,566000.0,,tablet,False,False
diclofenamide,NS(=O)(=O)c1cc(Cl)c(Cl)c(S(N)(=O)=O)c1,100.0,1.512,-1.8204482088348124,1,2.0,31.9,28901.0,,tablet,False,False
bendroflumethiazide,NS(=O)(=O)c1cc2c(cc1C(F)(F)F)NC(Cc1ccccc1)NS2(=O)=O,10.0,0.0574496736283157,-2.240712434196308,2,1.92,8.0,404.8,,tablet,False,False
trichlormethiazide,NS(=O)(=O)c1cc2c(cc1Cl)NC(C(Cl)Cl)NS2(=O)=O,4.0,0.03879,-2.013340211727906,1,1.9,2.02,178.74,,,False,False
chlorothiazide,NS(=O)(=O)c1cc2c(cc1Cl)NC=NS2(=O)=O,500.0,0.513,-2.9888526392242025,1,2.0,2.2,3000.0,,tablet,False,False
hydrochlorothiazide,NS(=O)(=O)c1cc2c(cc1Cl)NCNS2(=O)=O,25.0,0.1468013283318648,-2.231210023360453,2,2.2,8.555,1094.935,,tablet,False,False
loracarbef,N[C@@H](C(=O)N[C@@H]1C(=O)N2C(C(=O)O)=C(Cl)CC[C@H]12)c1ccccc1,200.0,9.01,-1.3463052046849182,1,0.85,1.41,18580.0,,tablet,False,False
cefaclor,N[C@@H](C(=O)N[C@@H]1C(=O)N2C(C(=O)O)=C(Cl)CS[C@H]12)c1ccccc1,250.0,9.603124491539198,-1.4155274497303434,2,0.55,0.665,8650.0,,capsule,False,False
sitagliptin,N[C@@H](CC(=O)N1CCn2c(nnc2C(F)(F)F)C1)Cc1cc(F)c(F)cc1F,200.0,0.8344314532471622,-2.379639329542935,4,1.75,9.275,6659.65,87.0,tablet,False,False
carbocisteine,N[C@@H](CSCC(=O)O)C(=O)O,750.0,6.889999999999999,-2.0368420414840744,1,2.0,1.51,27910.0,,capsule,False,False
tryptophan,N[C@@H](Cc1c[nH]c2ccccc12)C(=O)O,700.0,25.000000000000007,-1.447158031342219,1,1.0,4.34,31000.0,,tablet,False,False
levothyroxine (l-t4),N[C@@H](Cc1cc(I)c(Oc2cc(I)c(O)c(I)c2)c(I)c1)C(=O)O,0.6,0.0751556252053031,-0.9021897584188743,2,2.045,,1737.0700000000002,,tablet,False,False
melphalan,N[C@@H](Cc1ccc(N(CCCl)CCCl)cc1)C(=O)O,20.0,0.20596,-1.987247112508784,1,1.07,1.21,558.0,71.0,tablet,False,False
levodopa,N[C@@H](Cc1ccc(O)c(O)c1)C(=O)O,250.0,1.077,-2.365724305374056,1,0.8,1.5,1056.0,41.0,tablet,False,False
Sitafloxacin,N[C@@H]1CN(c2c(F)cc3c(=O)c(C(=O)O)cn([C@@H]4C[C@@H]4F)c3c2Cl)CC12CC2,100.0,1.62,-1.790484985457369,1,0.62,5.8,8790.0,,tablet,False,False
cycloserine,N[C@@H]1CONC1=O,250.0,19.420000000000005,-1.1096907831000513,1,0.86,12.33,283490.0,,capsule,False,False
trovafloxacin,N[C@@H]1[C@H]2CN(c3nc4c(cc3F)c(=O)c(C(=O)O)cn4-c3ccc(F)cc3F)C[C@@H]12,200.0,2.054507240191672,-1.9883223195867772,2,1.275,9.85,21440.0,91.0,tablet,False,False
rimegepant,N[C@@H]1c2cccnc2[C@H](OC(=O)N2CCC(n3c(=O)[nH]c4ncccc43)CC2)CC[C@H]1c1cccc(F)c1F,75.0,0.6638696869140864,-2.052978424698835,4,2.0,11.7,3843.0,64.0,capsule,False,False
droxidopa,N[C@H](C(=O)O)[C@H](O)c1ccc(O)c(O)c1,200.0,0.965,-2.3165026823201886,1,2.2,2.1,3193.0,90.0,tablet,False,False
ambroxol,Nc1c(Br)cc(Br)cc1CN[C@H]1CC[C@H](O)CC1,30.0,0.0631117640787247,-2.6770109351224756,3,2.0,9.53,712.14,,tablet,False,False
bromfenac,Nc1c(CC(=O)O)cccc1C(=O)c1ccc(Br)cc1,50.0,4.137691745835627,-1.0822118713338034,4,1.125,1.525,6510.0,67.0,capsule,False,False
tacrine,Nc1c2c(nc3ccccc13)CCCC2,50.0,0.02217,-3.3532043112215306,1,1.5,2.14,83.2,,capsule,False,False
amrinone,Nc1cc(-c2ccncc2)c[nH]c1=O,75.0,0.9515513648773776,-1.8966290268582906,2,0.69,4.125,3600.0,93.0,capsule,False,False
minoxidil,Nc1cc(N2CCCCC2)nc(N)[n+]1[O-],5.0,0.0361861852092756,-2.140427202656005,2,0.46,1.335,55.650000000000006,95.0,tablet,False,False
phenazopyridine,Nc1ccc(/N=N/c2ccccc2)c(N)n1,200.0,0.065,-3.4881166390211256,1,2.48,9.41,431.77,,tablet,False,False
aminosalicylic acid (para-aminosalicylic acid),Nc1ccc(C(=O)O)c(O)c1,4000.0,46.52536942357364,-1.934370161099955,2,4.65,1.275,197030.0,,granule,False,False
mesalazine (5-asa),Nc1ccc(O)c(C(=O)O)c1,1200.0,0.857,-3.1462004241244266,1,9.0,8.56,9578.0,,enteric-coated tablet,False,False
sulfadiazine,Nc1ccc(S(=O)(=O)Nc2ncccn2)cc1,500.0,18.236205601242897,-1.4380355243933989,4,3.7,11.835,364800.0,,tablet,False,False
dapsone,Nc1ccc(S(=O)(=O)c2ccc(N)cc2)cc1,100.0,1.710263137648707,-1.7669370647909004,2,3.05,22.65,38500.0,93.0,tablet,False,False
lenalidomide,Nc1cccc2c1CN(C1CCC(=O)NC1=O)C2=O,100.0,1.735,-1.7607005208731075,1,1.5,4.71,5997.0,,capsule,False,False
lamivudine,Nc1ccn([C@@H]2CS[C@H](CO)O2)c(=O)n1,100.0,1.176,-1.9295926782598802,1,0.83,4.92,4162.0,,tablet,False,False
zalcitabine,Nc1ccn([C@H]2CC[C@@H](CO)O2)c(=O)n1,1.5,0.0225619148123558,-1.8227153039415973,2,0.95,1.7999999999999998,65.5,80.0,tablet,False,False
Apricitabine,Nc1ccn([C@H]2CO[C@@H](CO)S2)c(=O)n1,400.0,4.1,-1.989276134608227,1,1.7,2.8,23300.0,,capsule,False,False
dalfampridine,Nc1ccncc1,10.0,0.0426999999999999,-2.3695721249749773,1,1.3,,,,solution,False,False
amifampridine,Nc1ccncc1N,30.0,0.0254999999999999,-3.070581074285709,1,0.81,1.65,45.2,,tablet,False,False
delafloxacin,Nc1nc(-n2cc(C(=O)O)c(=O)c3cc(F)c(N4CC(O)C4)c(Cl)c32)c(F)cc1F,100.0,1.12,-1.9507819773298183,1,2.5,2.5,3780.0,,capsule,False,False
ceftibuten (7432-s),Nc1nc(/C(=C/CC(=O)O)C(=O)N[C@@H]2C(=O)N3C(C(=O)O)=CCS[C@H]23)cs1,200.0,10.689246933250256,-1.2720828858017161,2,2.175,1.955,45200.0,82.5,capsule,False,False
Peldesine,Nc1nc(=O)c2[nH]cc(Cc3cccnc3)c2[nH]1,121.3,0.4975,-2.387067715784829,1,1.8,3.6,2244.1,58.7,capsule,False,False
folic acid,Nc1nc(=O)c2nc(CNc3ccc(C(=O)N[C@@H](CCC(=O)O)C(=O)O)cc3)cnc2[nH]1,2.3,0.133,-1.237876195050507,1,1.0,2.28,433.11,,tablet,False,False
emtricitabine,Nc1nc(=O)n([C@@H]2CS[C@H](CO)O2)cc1F,200.0,2.26839,-1.9453122715952467,1,1.05,3.38,9372.31,93.0,capsule,False,False
tioguanine,Nc1nc(=S)c2[nH]cnc2[nH]1,40.0,0.0083599999999999,-3.679853713888951,1,1.22,,23.93,,tablet,False,False
mirabegron,Nc1nc(CC(=O)Nc2ccc(CCNC[C@H](O)c3ccccc3)cc2)cs1,100.0,0.0604578201848569,-3.2185475154240697,5,2.5,43.0,615.0,53.0,OCAS tablet,False,False
cladribine,Nc1nc(Cl)nc2c1ncn2[C@H]1C[C@H](O)[C@@H](CO)O1,19.6,0.0424,-2.6648902147637434,1,1.08,,146.0,37.2,solution,False,False
triamterene,Nc1nc(N)c2nc(-c3ccccc3)c(N)nc2n1,100.0,0.118,-2.9281179926938745,1,1.16,,473.2,,suspension,False,False
abacavir,Nc1nc(NC2CC2)c2ncn(C3C=CC(CO)C3)c2n1,600.0,3.67,-2.213485186131554,1,,14.0,,,tablet,False,False
abacavir,Nc1nc(NC2CC2)c2ncn([C@H]3C=C[C@@H](CO)C3)c2n1,300.0,2.983515991715344,-2.0023928847047485,3,0.75,1.2,6000.0,83.0,caplet,False,False
leucovorin,Nc1nc2c(c(=O)[nH]1)N(C=O)C(CNc1ccc(C(=O)N[C@@H](CCC(=O)O)C(=O)O)cc1)CN2,75.0,0.64,-2.068881289407813,1,2.4,9.0,7900.0,,tablet,False,False
riluzole,Nc1nc2ccc(OC(F)(F)F)cc2s1,100.0,0.369783720571904,-2.4320522122179904,2,1.1,7.65,1365.5,61.2,tablet,False,False
azacitidine,Nc1ncn([C@@H]2O[C@H](CO)[C@@H](O)[C@H]2O)c(=O)n1,300.0,0.145,-3.3157532524846878,1,1.0,0.5,242.0,,tablet,False,False
lamotrigine,Nc1nnc(-c2cccc(Cl)c2Cl)c(N)n1,200.0,2.675556016980396,-1.873615947619338,2,2.3,30.05,108800.0,98.0,tablet,False,False
Vafidemstat,Nc1nnc(CN[C@@H]2C[C@H]2c2ccc(OCc3ccccc3)cc2)o1,4.0,0.03805,-2.0217053302213706,1,1.71,20.0,550.01,,capsule,False,False
selinexor,O=C(/C=C\n1cnc(-c2cc(C(F)(F)F)cc(C(F)(F)F)c2)n1)NNc1cnccn1,100.0,0.693,-2.1592667653881934,1,,7.0,6998.0,,tablet,False,False
praziquantel,O=C(C1CCCCC1)N1CC(=O)N2CCc3ccccc3C2C1,1800.0,0.4508972445025584,-3.601194923824215,2,1.58,1.905,1135.065,,tablet,False,False
vorinostat,O=C(CCCCCCC(=O)Nc1ccccc1)NO,400.0,0.3171899999999999,-3.100740504401432,1,1.5,2.0,1110.16,42.5,capsule,False,False
bromperidol,O=C(CCCN1CCC(O)(c2ccc(Br)cc2)CC1)c1ccc(F)cc1,15.0,0.01122,-3.1260984021355385,1,5.0,18.46,199.93,,,False,False
haloperidol,O=C(CCCN1CCC(O)(c2ccc(Cl)cc2)CC1)c1ccc(F)cc1,5.0,0.0012899999999999,-3.5883802940368037,1,6.0,33.28,39.22,,tablet,False,False
benperidol,O=C(CCCN1CCC(n2c(O)nc3ccccc32)CC1)c1ccc(F)cc1,6.0,0.0073,-2.914828390263188,1,0.05,4.65,64.5,40.2,tablet,False,False
Lafutidine,O=C(C[S+]([O-])Cc1ccco1)NC/C=C\COc1cc(CN2CCCCC2)ccn1,40.0,0.7995399999999999,-1.6992197954849528,1,1.08,2.56,3808.41,,tablet,False,False
benznidazole,O=C(Cn1ccnc1[N+](=O)[O-])NCc1ccccc1,100.0,2.2,-1.6575773191777938,1,3.5,12.1,48400.0,,tablet,False,False
rebamipide,O=C(NC(Cc1cc(=O)[nH]c2ccccc12)C(=O)O)c1ccc(Cl)cc1,100.0,0.2183690186358861,-2.6608089776426938,2,2.25,1.935,930.285,,tablet,False,False
indoramin,O=C(NC1CCN(CCc2c[nH]c3ccccc23)CC1)c1ccccc1,50.0,0.02671,-3.2722961163146462,1,1.5,4.15,187.77,23.6,tablet,False,False
flecainide,O=C(NCC1CCCCN1)c1cc(OCC(F)(F)F)ccc1OCC(F)(F)F,200.0,0.351442573682196,-2.755175624972267,3,2.3,10.87,5610.0,69.6,tablet,False,False
moclobemide,O=C(NCCN1CCOCC1)c1ccc(Cl)cc1,100.0,1.556,-1.8079904073463298,1,0.84,1.8,3816.0,66.0,,False,False
xamoterol,O=C(NCCNCC(O)COc1ccc(O)cc1)N1CCOCC1,50.0,0.0276,-3.258060922270801,1,1.9,15.7,168.0,4.5,tablet,False,False
nicorandil,O=C(NCCO[N+](=O)[O-])c1cccnc1,5.0,0.0609261848469112,-1.914166020562607,2,0.505,,88.0,75.0,tablet,False,False
rivaroxaban,O=C(NC[C@H]1CN(c2ccc(N3CCOCC3=O)cc2)C(=O)O1)c1ccc(Cl)s1,20.0,0.1667285218551403,-2.079020095747535,2,1.75,7.040000000000001,1288.5,65.6,tablet,False,False
tecovirimat,O=C(NN1C(=O)[C@@H]2[C@@H]3C=C[C@@H]([C@H]4C[C@@H]34)[C@@H]2C1=O)c1ccc(C(F)(F)F)cc1,500.0,0.934,-2.7286231281059257,1,2.0,26.0,9808.0,,,False,False
Telcagepant,O=C(N[C@@H]1CC[C@@H](c2cccc(F)c2F)CN(CC(F)(F)F)C1=O)N1CCC(n2c(=O)[nH]c3ncccc32)CC1,400.0,3.69378,-2.034588965852128,1,1.5,5.7,14514.52,,capsule,False,False
Omapatrilat,O=C(N[C@H]1CCS[C@H]2CCC[C@@H](C(=O)O)N2C1=O)[C@@H](S)Cc1ccccc1,50.0,0.157551959683147,-2.501546194894652,2,0.875,12.8,193.3,31.0,solution,False,False
Encenicline,O=C(N[C@H]1CN2CCC1CC2)c1cc2cccc(Cl)c2s1,60.0,0.0355999999999999,-3.22670125241077,1,6.0,63.0,2800.0,,solution,False,False
roflumilast,O=C(Nc1c(Cl)cncc1Cl)c1ccc(OC(F)F)c(OCC2CC2)c1,0.5,0.010240849574132,-1.6886340174176413,2,0.975,20.75,62.95,,tablet,False,False
vibegron,O=C(Nc1ccc(C[C@@H]2CC[C@H]([C@H](O)c3ccccc3)N2)cc1)[C@@H]1CCc2nccc(=O)n21,75.0,0.1326999999999999,-2.7521903405272647,1,1.0,84.0,1621.0,,tablet,False,False
asciminib,O=C(Nc1ccc(OC(F)(F)Cl)cc1)c1cnc(N2CC[C@@H](O)C2)c(-c2ccn[nH]2)c1,40.0,0.5638841369562784,-1.8508701140285906,3,2.01,13.5,5550.0,,tablet,False,False
avatrombopag,O=C(Nc1nc(-c2cc(Cl)cs2)c(N2CCN(C3CCCCC3)CC2)s1)c1cnc(N2CCC(C(=O)O)CC2)c(Cl)c1,100.0,0.388,-2.4111682744057927,1,6.5,18.0,11077.5,,suspension,False,False
filgotinib,O=C(Nc1nc2cccc(-c3ccc(CN4CCS(=O)(=O)CC4)cc3)n2n1)C1CC1,200.0,1.737872694765452,-2.0610120359712703,4,1.0,7.41,5230.0,,tablet,False,False
fenbufen,O=C(O)CCC(=O)c1ccc(-c2ccccc2)cc1,600.0,3.83,-2.194952476415021,1,1.19,10.53,39360.0,,capsule,False,False
lipoic acid (r-lipoic acid),O=C(O)CCCC[C@@H]1CCSS1,200.0,3.7817,-1.7233429221100853,1,0.33,0.7,1774.2,,tablet,False,False
bepotastine,O=C(O)CCCN1CCC(OC(c2ccc(Cl)cc2)c2ccccn2)CC1,10.0,0.0886123016290627,-2.0525059828673053,2,1.04,3.26,351.65,,tablet,False,False
gamma-hydroxybutyric acid,O=C(O)CCCO,990.0,23.0,-1.633907358579957,1,0.42,0.33,15083.33,,syrup,False,False
chlorambucil,O=C(O)CCCc1ccc(N(CCCl)CCCl)cc1,70.0,1.89,-1.5686362358410126,1,1.22,1.02,3215.8,85.0,tablet,False,False
oxaprozin,O=C(O)CCc1nc(-c2ccccc2)c(-c2ccccc2)o1,1200.0,90.77444574328172,-1.121217640199067,2,4.35,50.75,7042000.0,,tablet,False,False
daprodustat,O=C(O)CNC(=O)C1C(=O)N(C2CCCCC2)C(=O)N(C2CCCCC2)C1=O,100.0,2.25984291489475,-1.645921748270928,2,1.25,2.45,5357.0,,,False,False
Vadadustat,O=C(O)CNC(=O)c1ncc(-c2cccc(Cl)c2)cc1O,450.0,49.69708240933264,-0.9568816206299491,2,2.75,5.505,334000.0,,tablet,False,False
aceclofenac,O=C(O)COC(=O)Cc1ccccc1Nc1c(Cl)cccc1Cl,100.0,9.572585857541316,-1.0189707297293784,2,1.7999999999999998,2.77,21825.0,,tablet,False,False
levocetirizine,O=C(O)COCCN1CCN([C@H](c2ccccc2)c2ccc(Cl)cc2)CC1,5.0,0.2235545121441301,-1.3495865643993752,2,0.79,7.775,1797.31,,tablet,False,False
Ralinepag,O=C(O)COC[C@H]1CC[C@H](COC(=O)N(c2ccccc2)c2ccc(Cl)cc2)CC1,0.2,0.0061699999999999,-1.5107448316307466,1,1.25,26.4,103.0,,capsule,False,False
bendazac,O=C(O)COc1nn(Cc2ccccc2)c2ccccc12,500.0,41.900000000000006,-1.0767559813697234,1,1.6,3.5,159000.0,,tablet,False,False
erdosteine,O=C(O)CSCC(=O)NC1CCSC1=O,600.0,2.506,-2.3791701837255124,1,1.35,5.5,5438.0,,tablet,False,False
lesinurad,O=C(O)CSc1nnc(Br)n1-c1ccc(C2CC2)c2ccccc12,400.0,17.942688083164718,-1.3481724839335738,3,2.0,18.4,67300.0,100.6,tablet,False,False
pitavastatin,O=C(O)C[C@H](O)C[C@H](O)/C=C/c1c(C2CC2)nc2ccccc2c1-c1ccc(F)cc1,4.0,0.23291,-1.2348718559423353,1,0.79,10.38,827.59,51.0,tablet,False,False
etrasimod,O=C(O)C[C@H]1CCc2c1[nH]c1ccc(OCc3ccc(C4CCCC4)c(C(F)(F)F)c3)cc21,5.0,0.102,-1.6903698325741012,1,4.0,33.8,4390.0,,capsule,False,False
Setipiprant,O=C(O)Cn1c2c(c3cc(F)ccc31)CN(C(=O)c1cccc3ccccc13)CC2,100.0,1.14,-1.9430951486635275,1,2.6,10.0,5444.0,,,False,False
diflunisal,O=C(O)c1cc(-c2ccc(F)cc2F)ccc1O,250.0,36.318590281011744,-0.8378110257904875,2,2.61,10.29,425805.0,,tablet,False,False
olsalazine,O=C(O)c1cc(/N=N/c2ccc(O)c(C(=O)O)c2)ccc1O,1000.0,1.08807,-2.963343163796098,1,1.0,,3929.15,2.3,capsule,False,False
sulfasalazine,O=C(O)c1cc(/N=N/c2ccc(S(=O)(=O)Nc3ccccn3)cc2)ccc1O,500.0,4.9490609210233005,-2.0044472044950767,2,4.0,7.75,41889.0,15.0,,False,False
deferasirox,O=C(O)c1ccc(-n2nc(-c3ccccc3O)nc2-c2ccccc2O)cc1,1400.0,31.39968084925861,-1.649202801812357,3,3.5,14.9,566200.0,,tablet,False,False
tafamidis,O=C(O)c1ccc2nc(-c3cc(Cl)cc(Cl)c3)oc2c1,400.0,20.360000000000007,-1.2932822176632413,1,2.0,,,,solution,False,False
ataluren,O=C(O)c1cccc(-c2noc(-c3ccccc3F)n2)c1,210.0,6.0,-1.5440680443502757,1,1.0,3.1,27000.0,,suspension,False,False
Cilofexor,O=C(O)c1ccnc(N2CC(O)(c3ccc(OCc4c(-c5c(Cl)cccc5Cl)noc4C4CC4)cc3Cl)C2)c1,100.0,2.59,-1.586700235918748,1,1.3,10.7,7740.0,,tablet,False,False
ciprofolxacin,O=C(O)c1cn(C2CC2)c2cc(N3CCC(NN4CCNCC4)C3)c(F)cc2c1=O,50.0,2.97,-1.2262135550188065,1,,4.0,,70.0,tablet,False,False
dolasetron,O=C(O[C@@H]1C[C@@H]2C[C@H]3C[C@H](C1)N2CC3=O)c1c[nH]c2ccccc12,100.0,0.23486,-2.6291909434545047,1,1.0,7.15,1040.16,76.2,tablet,False,False
solifenacin,O=C(O[C@H]1CN2CCC1CC2)N1CCc2ccccc2[C@@H]1c1ccccc1,10.0,0.0133925352342265,-2.8731372023745534,2,4.390000000000001,51.25,541.5,88.0,capsule,False,False
trospium,O=C(O[C@H]1C[C@H]2CC[C@@H](C1)[N+]21CCCC1)C(O)(c1ccccc1)c1ccccc1,60.0,0.0139999999999999,-3.632023214705409,1,5.3,12.0,134.4,12.0,,False,False
salsalate,O=C(Oc1ccccc1C(=O)O)c1ccccc1O,1500.0,30.800000000000008,-1.687540542555237,1,2.6,0.9,78100.0,,tablet,False,False
Etavopivat,O=C([C@H](CO)c1ccccc1)N1CC2=C(C1)CN(S(=O)(=O)c1cnc3c(c1)OCCO3)C2,200.0,0.447,-2.6507224725320446,1,0.5,11.4,1320.0,,tablet,False,False
olaparib,O=C(c1cc(Cc2n[nH]c(=O)c3ccccc23)ccc1F)N1CCN(C(=O)C2CC2)CC1,300.0,7.165576422098049,-1.621870122531002,3,1.5,20.3,43700.0,,tablet,False,False
cobimetinib,O=C(c1ccc(F)c(F)c1Nc1ccc(I)cc1F)N1CC(O)([C@@H]2CCCCN2)C1,20.0,0.0153783083511009,-3.1141214309520544,4,3.0,57.8,747.5,46.2,capsule,False,False
mitapivat,O=C(c1ccc(NS(=O)(=O)c2cccc3cccnc23)cc1)N1CCN(CC2CC2)CC1,120.0,2.372030775517046,-1.7040609266376403,2,1.38,31.950000000000003,10668.5,72.7,capsule,False,False
raloxifene,O=C(c1ccc(OCCN2CCCCC2)cc1)c1c(-c2ccc(O)cc2)sc2cc(O)ccc12,60.0,0.0003046309242345,-5.294377262274293,2,6.0,23.8,11.39,2.0,tablet,False,False
Soticlestat,O=C(c1cccnc1-c1ccncc1)N1CCC(O)(Cc2ccccc2)CC1,50.0,0.21,-2.3767507096020997,1,0.25,2.99,172.0,,solution,False,False
ezetimibe,O=C1C(CCC(O)c2ccc(F)cc2)C(c2ccc(O)cc2)N1c1ccc(F)cc1,10.0,0.0034,-3.468521082957745,1,,22.0,,,tablet,False,False
sulfinpyrazone,O=C1C(CC[S+]([O-])c2ccccc2)C(=O)N(c2ccccc2)N1c1ccccc1,200.0,12.97,-1.1880900195799011,1,2.4,4.87,,,capsule,False,False
atovaquone,O=C1C(O)=C([C@H]2CC[C@H](c3ccc(Cl)cc3)CC2)C(=O)c2ccccc21,500.0,1.6454419657297856,-2.4826874348783874,3,5.0,,121000.0,,tablet,False,False
buspirone,O=C1CC2(CCCC2)CC(=O)N1CCCCN1CCN(c2ncccn2)CC1,10.0,0.0012389511595793,-3.906945813513588,3,1.0,2.9,3.755,3.9,solution,False,False
thalidomide,O=C1CCC(N2C(=O)c3ccccc3C2=O)C(=O)N1,200.0,1.913368324282755,-2.0192314157013684,3,3.5,5.8,19800.0,,capsule,False,False
nitisinone (ntbc),O=C1CCCC(=O)C1C(=O)c1ccc(C(F)(F)F)cc1[N+](=O)[O-],70.0,7.809999999999999,-0.9524470061369565,1,2.75,54.5,602000.0,,capsule,False,False
naltrexone,O=C1CC[C@@]2(O)[C@H]3Cc4ccc(O)c5c4[C@@]2(CCN3CC2CC2)[C@H]1O5,100.0,0.0182699999999999,-3.7382614526474645,1,0.62,3.39,64.67,22.5,tablet,False,False
Iberdomide,O=C1CC[C@H](N2Cc3c(OCc4ccc(CN5CCOCC5)cc4)cccc3C2=O)C(=O)N1,6.0,0.0177,-2.530177984021837,1,2.5,11.5,255.1,,,False,False
cilostazol,O=C1CCc2cc(OCCCCc3nnnn3C3CCCCC3)ccc2N1,100.0,0.6446898479113814,-2.1906491686764102,2,3.5,15.3,9263.5,,tablet,False,False
aripiprazole,O=C1CCc2ccc(OCCCCN3CCN(c4cccc(Cl)c4Cl)CC3)cc2N1,15.0,0.0632961294235279,-2.3747141054585232,2,2.0,99.5,4287.5,,tablet,False,False
dantrolene,O=C1CN(/N=C/c2ccc(-c3ccc([N+](=O)[O-])cc3)o2)C(=O)N1,100.0,2.72,-1.5654310959658013,1,4.5,11.2,48400.0,,capsule,False,False
nitrofurantoin,O=C1CN(/N=C/c2ccc([N+](=O)[O-])o2)C(=O)N1,100.0,0.875,-2.057991946977687,1,2.15,0.78,2210.0,,capsule,False,False
anagrelide,O=C1CN2Cc3c(ccc(Cl)c3Cl)N=C2N1,2.0,0.0113176322612108,-2.247274417172778,2,1.255,1.4,28.97,,capsule,False,False
halazepam,O=C1CN=C(c2ccccc2)c2cc(Cl)ccc2N1CC(F)(F)F,20.0,0.03034,-2.8190144192132696,1,2.1,21.33,815.76,,tablet,False,False
nitrazepam,O=C1CN=C(c2ccccc2)c2cc([N+](=O)[O-])ccc2N1,5.0,0.0438159623644899,-2.057337649450286,3,2.0,30.5,1371.0,,tablet,False,False
clonazepam,O=C1CN=C(c2ccccc2Cl)c2cc([N+](=O)[O-])ccc2N1,2.0,0.014393117467165,-2.1428751258306904,3,2.0,39.0,526.69,90.0,tablet,False,False
bromazepam,O=C1CN=C(c2ccccn2)c2cc(Br)ccc2N1,6.0,0.0793061098993025,-1.8788446028726709,4,1.73,26.7,2756.375,60.0,tablet,False,False
ziprasidone,O=C1Cc2cc(CCN3CCN(c4nsc5ccccc45)CC3)c(Cl)cc2N1,80.0,0.0839999999999999,-2.9788107009300626,1,6.0,6.2,950.0,,capsule,False,False
sertindole,O=C1NCCN1CCN1CCC(c2cn(-c3ccc(F)cc3)c3ccc(Cl)cc23)CC1,4.0,0.0024722459424579,-3.2089683185441618,2,9.35,78.2,264.7,,tablet,False,False
efavirenz,O=C1Nc2ccc(Cl)cc2C(C#CC2CC2)(C(F)(F)F)O1,300.0,6.57,-1.6595558851598817,1,,52.0,,93.0,tablet,False,False
oxazepam,O=C1Nc2ccc(Cl)cc2C(c2ccccc2)=NC1O,15.0,0.3241978408317982,-1.6652811409489783,2,2.325,5.895,,92.8,tablet,False,False
lorazepam,O=C1Nc2ccc(Cl)cc2C(c2ccccc2Cl)=NC1O,2.0,0.0221269066975029,-1.9561092910952294,2,1.89,13.25,471.1,92.9,capsule,False,False
efavirenz,O=C1Nc2ccc(Cl)cc2[C@@](C#CC2CC2)(C(F)(F)F)O1,600.0,2.543433694368189,-2.3727308300381926,3,4.5,96.6,108576.57,,tablet,False,False
lurasidone,O=C1[C@@H]2[C@H]3CC[C@H](C3)[C@@H]2C(=O)N1C[C@@H]1CCCC[C@H]1CN1CCN(c2nsc3ccccc23)CC1,40.0,0.0523299149626673,-2.8833099623263894,2,1.835,22.25,179.0,,tablet,False,False
ezetimibe,O=C1[C@H](CC[C@H](O)c2ccc(F)cc2)[C@@H](c2ccc(O)cc2)N1c1ccc(F)cc1,10.0,0.0042350424137815,-3.3731422358695142,3,5.0,19.38,70.4,,tablet,False,False
palonosetron,O=C1c2cccc3c2[C@H](CCC3)CN1[C@@H]1CN2CCC1CC2,0.75,0.00199,-2.5762081869819933,1,3.75,42.3,98.0,97.0,capsule,False,False
risedronic acid (risedronate),O=P(O)(O)C(O)(Cc1cccnc1)P(=O)(O)O,30.0,0.0049477267507411,-3.782715547982909,2,0.92,221.0,24.3,0.64,tablet,False,False
tiludronic acid,O=P(O)(O)C(Sc1ccc(Cl)cc1)P(=O)(O)O,400.0,3.0,-2.1249387366083,1,2.0,,,6.0,tablet,False,False
ifosfamide,O=P1(NCCCl)OCCCN1CCCl,1730.0,44.90731,-1.585729062030575,1,0.5,5.3,250645.44,93.2,capsule,False,False
nitroglycerin,O=[N+]([O-])OCC(CO[N+](=O)[O-])O[N+](=O)[O-],13.0,0.0004199999999999,-4.49069406190904,1,0.083,,,,solution,False,False
isosorbide mononitrate,O=[N+]([O-])O[C@@H]1CO[C@H]2[C@@H]1OC[C@@H]2O,20.0,0.4159326868617084,-1.6820069440995835,2,0.75,4.04,2610.205,93.0,tablet,False,False
isosorbide dinitrate,O=[N+]([O-])O[C@H]1CO[C@H]2[C@@H]1OC[C@H]2O[N+](=O)[O-],120.0,0.0236999999999999,-3.704432900037523,1,2.0,,88.33,,tablet,False,False
pretomanid,O=[N+]([O-])c1cn2c(n1)OC[C@@H](OCc1ccc(OC(F)(F)F)cc1)C2,50.0,0.3364992577922629,-2.171985893687108,3,4.0,18.9,10351.0,,tablet,False,False
brivudine,O=c1[nH]c(=O)n([C@H]2C[C@H](O)[C@@H](CO)O2)cc1/C=C/Br,125.0,1.82,-1.8368386250229816,1,0.95,18.99,8422.07,,tablet,False,False
trifluridine,O=c1[nH]c(=O)n([C@H]2C[C@H](O)[C@@H](CO)O2)cc1C(F)(F)F,60.55,0.096,-2.7998429144395027,1,0.6,,248.0,,tablet,False,False
chlorzoxazone,O=c1[nH]c2cc(Cl)ccc2o1,250.0,3.4500000000000006,-1.8601209135987633,1,2.0,1.21,10100.0,,tablet,False,False
pimozide,O=c1[nH]c2ccccc2n1C1CCN(CCCC(c2ccc(F)cc2)c2ccc(F)cc2)CC1,6.0,0.0050079936102195,-3.07848748430431,2,3.9,21.85,164.5,,tablet,False,False
domperidone,O=c1[nH]c2ccccc2n1CCCN1CCC(n2c(=O)[nH]c3cc(Cl)ccc32)CC1,20.0,0.037183291143369,-2.7306821685350764,3,0.8,7.9,215.4,14.0,tablet,False,False
flibanserin,O=c1[nH]c2ccccc2n1CCN1CCN(c2cccc(C(F)(F)F)c2)CC1,100.0,0.4386397154841316,-2.3578920488218937,2,0.875,10.465,1914.02,33.0,tablet,False,False
Gepotidacin,O=c1ccc2ncc(=O)n3c2n1C[C@H]3CN1CCC(NCc2cc3c(cn2)OCCC3)CC1,100.0,0.1,-3.0,1,3.0,5.97,596.0,,capsule,False,False
didanosine,O=c1nc[nH]c2c1ncn2[C@H]1CC[C@@H](CO)O1,200.0,0.9914156545062216,-2.304774223507606,2,0.55,1.45,1509.75,42.0,tablet,False,False
dicoumarol,O=c1oc2ccccc2c(O)c1Cc1c(O)c2ccccc2oc1=O,250.0,14.699999999999998,-1.2306226739238615,1,7.0,41.7,590721.67,,tablet,False,False
procyclidine,OC(CCN1CCCC1)(c1ccccc1)C1CCCCC1,10.0,0.116,-1.9355420107730814,1,1.1,12.6,1844.0,75.0,tablet,False,False
biperiden,OC(CCN1CCCCC1)(c1ccccc1)C1CC2C=CC1C2,4.0,0.0039299999999999,-3.007667440952547,1,1.0,12.49,18.32,,tablet,False,False
trihexyphenidyl,OC(CCN1CCCCC1)(c1ccccc1)C1CCCCC1,4.0,0.00668,-2.7772835288524167,1,1.21,32.07,187.7,,tablet,False,False
nebivolol,OC(CNCC(O)C1CCc2cc(F)ccc2O1)C1CCc2cc(F)ccc2O1,5.0,0.0015194735930578,-3.517276847461311,2,0.93,12.145,8.055,,tablet,False,False
fluconazole,OC(Cn1cncn1)(Cn1cncn1)c1ccc(F)cc1F,200.0,4.692143203600026,-1.6296587374071443,3,2.06,30.69,194960.0,,tablet,False,False
mefloquine,OC(c1cc(C(F)(F)F)nc2c(C(F)(F)F)cccc12)C1CCCCN1,750.0,1.1207122735118056,-2.8255671352439355,2,28.35,401.6,464500.0,,tablet,False,False
mazindol,OC1(c2ccc(Cl)cc2)c2ccccc2C2=NCCN21,2.0,0.00507,-2.596022036330645,1,3.27,9.1,72.68,,tablet,False,False
dipyridamole,OCCN(CCO)c1nc(N2CCCCC2)c2nc(N(CCO)CCO)nc(N3CCCCC3)c2n1,100.0,2.388,-1.6219656775426685,1,1.13,20.6,6213.0,,tablet,False,False
zuclopenthixol,OCCN1CCN(CC/C=C2/c3ccccc3Sc3ccc(Cl)cc32)CC1,10.0,0.00441,-3.3555614105321614,1,3.0,17.6,58.14,49.0,tablet,False,False
fluphenazine,OCCN1CCN(CCCN2c3ccccc3Sc3ccc(C(F)(F)F)cc32)CC1,12.0,0.0023,-3.717453410030032,1,2.8,14.4,11.4,2.7,tablet,False,False
miglitol,OCCN1C[C@H](O)[C@@H](O)[C@H](O)[C@H]1CO,50.0,1.297,-1.5860300282519388,1,2.59,2.12,5998.0,59.0,tablet,False,False
quetiapine,OCCOCCN1CCN(C2=Nc3ccccc3Sc3ccccc32)CC1,100.0,0.3173048542541023,-2.4985232838414584,3,0.7,4.3,876.3,9.0,tablet,False,False
ospemifene,OCCOc1ccc(/C(=C(/CCCl)c2ccccc2)c2ccccc2)cc1,60.0,0.6468437214660123,-1.9673518833210533,2,2.75,24.65,4433.2,,tablet,False,False
migalastat,OC[C@H]1NC[C@H](O)[C@@H](O)[C@H]1O,75.0,0.6932,-2.0342027093498207,1,3.0,4.0,4744.0,,solution,False,False
empagliflozin,OC[C@H]1O[C@@H](c2ccc(Cl)c(Cc3ccc(O[C@H]4CCOC4)cc3)c2)[C@H](O)[C@@H](O)[C@@H]1O,50.0,0.5570775560151967,-1.9530543427265181,3,1.5,19.9,4779.7,,,False,False
vilanterol,OCc1cc([C@@H](O)CNCCCCCCOCCOCc2c(Cl)cccc2Cl)ccc1O,0.5,4.399999999999995e-05,-4.055517327849832,1,0.5,,0.063,,solution,False,False
triclosan,Oc1cc(Cl)ccc1Oc1ccc(Cl)cc1Cl,4.0,0.2100999999999999,-1.27963393892201,1,1.0,18.99,2.53,,solution,False,False
fenoldopam,Oc1ccc(C2CNCCc3c2cc(O)c(O)c3Cl)cc1,100.0,0.0632999999999999,-3.1985962899826457,1,0.82,,49.88,,capsule,False,False
lasofoxifene,Oc1ccc2c(c1)CC[C@H](c1ccccc1)[C@@H]2c1ccc(OCCN2CCCC2)cc1,0.25,0.0001933907960581,-3.111504207571881,2,13.7,194.5,45.400000000000006,,tablet,False,False
nalbuphine,Oc1ccc2c3c1O[C@H]1[C@@H](O)CC[C@@]4(O)[C@@H](C2)N(CC2CCC2)CC[C@]314,45.0,0.0128203549092839,-3.545312465736845,2,1.0,6.36,62.22,17.41,tablet,False,False
allopurinol,Oc1ncnc2[nH]ncc12,200.0,2.064663943599539,-1.986180622149673,2,1.41,0.8,4583.3,,tablet,False,False
deucravacitinib,[2H]C([2H])([2H])NC(=O)c1nnc(NC(=O)C2CC2)cc1Nc1cccc(-c2ncn(C)n2)c1OC,40.0,0.41,-1.989276134608227,1,1.25,15.0,3473.0,99.0,tablet,False,False
deutetrabenazine,[2H]C([2H])([2H])Oc1cc2c(cc1OC([2H])([2H])[2H])[C@@H]1CC(=O)[C@@H](CC(C)C)CN1CC2,25.0,0.00027,-4.966576244513051,1,0.67,,0.2,,capsule,False,False
Seletalisib,[O-][n+]1cccc(-c2nc3c(Cl)cccc3cc2[C@@H](Nc2ncnc3cccnc23)C(F)(F)F)c1,30.0,0.587,-1.708483153472048,1,3.96,23.1,15932.0,97.0,capsule,False,False
Eltoprazine,c1cc2c(c(N3CCNCC3)c1)OCCO2,30.0,0.0629,-2.6784706092743935,1,3.5,5.9,746.0,,capsule,False,False
Dotarizine,c1ccc(C(c2ccccc2)N2CCN(CCCC3(c4ccccc4)OCCO3)CC2)cc1,100.0,0.0563999999999999,-3.2487208960166587,1,1.5,4.8,352.7,,capsule,False,False
levamisole,c1ccc([C@H]2CN3CCSC3=N2)cc1,150.0,0.7166699999999999,-2.3207720338901017,1,1.52,5.56,3070.45,,tablet,False,False
Entospletinib,c1cn2cc(-c3ccc4cn[nH]c4c3)nc(Nc3ccc(N4CCOCC4)cc3)c2n1,75.0,0.0678,-3.0438315695246367,1,2.75,5.31,413.1,,tablet,False,False
varenicline,c1cnc2cc3c(cc2n1)C1CNCC3C1,1.0,0.0055342569510278,-2.256940680789053,2,3.0,16.0,103.0,,tablet,False,False
