smiles,log_clint,source,canon_smiles
Cc1c(C(=O)NC2C3CC4CC(C3)CC2C4)cnn1-c1ccc(C(=O)O)cc1,0.47712125471966244,tdc_hepatocyte,Cc1c(C(=O)NC2C3CC4CC(C3)CC2C4)cnn1-c1ccc(C(=O)O)cc1
C[C@@](CCc1ccc(-c2ccc(Cl)cc2)cc1)(C(=O)NO)S(C)(=O)=O,0.47712125471966244,tdc_hepatocyte,C[C@@](CCc1ccc(-c2ccc(Cl)cc2)cc1)(C(=O)NO)S(C)(=O)=O
Cc1ccc(-c2nc3ccccc3[nH]2)cc1NC(=O)c1ccc(OCc2ccccn2)cc1,1.0098756337121602,tdc_hepatocyte,Cc1ccc(-c2nc3ccccc3[nH]2)cc1NC(=O)c1ccc(OCc2ccccn2)cc1
O=C(O)c1cc(-c2ccc(F)cc2F)ccc1O,1.0098756337121602,tdc_hepatocyte,O=C(O)c1cc(-c2ccc(F)cc2F)ccc1O
O=CNc1cc([C@@H](O)CNCCc2ccc(NC[C@H](O)c3ccccc3)cc2)ccc1O,0.47712125471966244,tdc_hepatocyte,O=CNc1cc([C@@H](O)CNCCc2ccc(NC[C@H](O)c3ccccc3)cc2)ccc1O
Cc1cc(CCCOc2c(C)cc(-c3noc(C(F)(F)F)n3)cc2C)on1,1.1300119496719043,tdc_hepatocyte,Cc1cc(CCCOc2c(C)cc(-c3noc(C(F)(F)F)n3)cc2C)on1
O=C(C1CCN(c2nnc(-n3cccc3)s2)CC1)N1CCN(Cc2ccc3c(c2)OCO3)CC1,1.7000110623221123,tdc_hepatocyte,O=C(C1CCN(c2nnc(-n3cccc3)s2)CC1)N1CCN(Cc2ccc3c(c2)OCO3)CC1
C[C@@H](c1ccc(-c2ccc(F)cc2F)cc1)N1CC[C@@](CCO)(c2ccc(F)cc2)OC1=O,1.8100307864058396,tdc_hepatocyte,C[C@@H](c1ccc(-c2ccc(F)cc2F)cc1)N1CC[C@@](CCO)(c2ccc(F)cc2)OC1=O
C[C@H]1Cc2c([nH]c3cc(Cl)c(F)cc23)[C@@]2(N1)C(=O)Nc1ccc(Cl)cc12,0.9400181550076633,tdc_hepatocyte,C[C@H]1Cc2c([nH]c3cc(Cl)c(F)cc23)[C@@]2(N1)C(=O)Nc1ccc(Cl)cc12
O=C(O)COc1ccc(Cl)cc1CN1CCN(S(=O)(=O)c2ccccc2)CC1,0.47712125471966244,tdc_hepatocyte,O=C(O)COc1ccc(Cl)cc1CN1CCN(S(=O)(=O)c2ccccc2)CC1
O=C(NCC12CC3CC(CC(C3)C1)C2)c1cc(CN2CCNCC2)ccc1Cl,0.6493348587121419,tdc_hepatocyte,O=C(NCC12CC3CC(CC(C3)C1)C2)c1cc(CN2CCNCC2)ccc1Cl
CC(CO)(CO)Nc1nc(SCc2cccc(F)c2F)nc2nc(N)sc12,0.8450980400142568,tdc_hepatocyte,CC(CO)(CO)Nc1nc(SCc2cccc(F)c2F)nc2nc(N)sc12
O=C(O)c1cncc(-c2ccc(Cl)c(C(=O)NCC34CC5CC(CC(C5)C3)C4)c2)c1,0.8450980400142568,tdc_hepatocyte,O=C(O)c1cncc(-c2ccc(Cl)c(C(=O)NCC34CC5CC(CC(C5)C3)C4)c2)c1
Cc1ccc(S(=O)(=O)Nc2c(C(=O)N[C@@H](C)C(C)(C)C)c(C)nn2C2CCCC2)cc1,0.9030899869919435,tdc_hepatocyte,Cc1ccc(S(=O)(=O)Nc2c(C(=O)N[C@@H](C)C(C)(C)C)c(C)nn2C2CCCC2)cc1
COc1ccc(Cc2c(N)n[nH]c2N)cc1,0.5599066250361125,tdc_hepatocyte,COc1ccc(Cc2c(N)n[nH]c2N)cc1
CCS(=O)(=O)c1ccc(-c2cc(Cl)ccc2OCC(=O)O)c(F)c1,0.6273658565927327,tdc_hepatocyte,CCS(=O)(=O)c1ccc(-c2cc(Cl)ccc2OCC(=O)O)c(F)c1
N#Cc1ccc(-c2ccc(NC(=O)Nc3ccc(-c4ccnc5[nH]cnc45)cc3)cc2)cc1,1.8300109359361179,tdc_hepatocyte,N#Cc1ccc(-c2ccc(NC(=O)Nc3ccc(-c4ccnc5[nH]cnc45)cc3)cc2)cc1
CCN(C(=O)c1cnn(-c2ccccc2)c1NS(=O)(=O)c1ccc(-c2cnco2)cc1)C1CCCCC1,1.5440680443502757,tdc_hepatocyte,CCN(C(=O)c1cnn(-c2ccccc2)c1NS(=O)(=O)c1ccc(-c2cnco2)cc1)C1CCCCC1
C(=C/c1nn[nH]n1)\c1ccccc1,0.47712125471966244,tdc_hepatocyte,C(=C/c1nn[nH]n1)\c1ccccc1
O=C(O)COc1ccc(C(F)(F)F)cc1CN1CCN(S(=O)(=O)c2ccccc2)CC1,0.47712125471966244,tdc_hepatocyte,O=C(O)COc1ccc(C(F)(F)F)cc1CN1CCN(S(=O)(=O)c2ccccc2)CC1
Cc1cnc(Nc2ccc(F)cc2Cl)nc1-c1c[nH]c(C(=O)N[C@H](CO)c2cccc(Cl)c2)c1,0.9299295600845878,tdc_hepatocyte,Cc1cnc(Nc2ccc(F)cc2Cl)nc1-c1c[nH]c(C(=O)N[C@H](CO)c2cccc(Cl)c2)c1
O=C1Nc2ccc(Cl)cc2C(c2ccccc2)=NC1O,0.9299295600845878,tdc_hepatocyte,O=C1Nc2ccc(Cl)cc2C(c2ccccc2)=NC1O
O=C(O)COc1ccc(Cl)cc1CN1CCN(S(=O)(=O)Cc2ccccc2)CC1,0.9542425094393249,tdc_hepatocyte,O=C(O)COc1ccc(Cl)cc1CN1CCN(S(=O)(=O)Cc2ccccc2)CC1
Cc1ccc(C(=O)c2ccc(CC(=O)O)n2C)cc1,0.9599948383284161,tdc_hepatocyte,Cc1ccc(C(=O)c2ccc(CC(=O)O)n2C)cc1
O=C(O)c1ccc(-n2nc(C(F)(F)F)cc2-c2ccc(C(F)(F)F)cc2)cc1,0.9698816437465,tdc_hepatocyte,O=C(O)c1ccc(-n2nc(C(F)(F)F)cc2-c2ccc(C(F)(F)F)cc2)cc1
Cc1ccc(/C(=C\CN2CCCC2)c2ccccn2)cc1,1.9242792860618816,tdc_hepatocyte,Cc1ccc(/C(=C\CN2CCCC2)c2ccccn2)cc1
CCN1CCN(c2ccc(Nc3cc(N(C)C(=O)Nc4c(Cl)c(OC)cc(OC)c4Cl)ncn3)cc2)CC1,1.9400181550076632,tdc_hepatocyte,CCN1CCN(c2ccc(Nc3cc(N(C)C(=O)Nc4c(Cl)c(OC)cc(OC)c4Cl)ncn3)cc2)CC1
O=C(O)Cc1ccccc1Nc1c(Cl)cccc1Cl,1.9400181550076632,tdc_hepatocyte,O=C(O)Cc1ccccc1Nc1c(Cl)cccc1Cl
O=C(NCCCCCCNCCc1ccc(O)c2nc(O)sc12)Nc1ccccc1,1.9912260756924949,tdc_hepatocyte,O=C(NCCCCCCNCCc1ccc(O)c2nc(O)sc12)Nc1ccccc1
CCc1nc2cc(O)ccc2c(Oc2ccc(/C=C/C(=O)O)cc2)c1-c1ccccc1,2.0100029741270595,tdc_hepatocyte,CCc1nc2cc(O)ccc2c(Oc2ccc(/C=C/C(=O)O)cc2)c1-c1ccccc1
CS(=O)(=O)Nc1ccc(CCOCCCS(=O)(=O)CCNCCc2ccc(O)c3nc(O)sc23)cc1,2.0211892990699383,tdc_hepatocyte,CS(=O)(=O)Nc1ccc(CCOCCCS(=O)(=O)CCNCCc2ccc(O)c3nc(O)sc23)cc1
CSc1ccc2c(c1)N(CCC1CCCCN1C)c1ccccc1S2,2.0569048513364727,tdc_hepatocyte,CSc1ccc2c(c1)N(CCC1CCCCN1C)c1ccccc1S2
Cc1ccccc1-c1c(C(=O)O)n(CCCOc2cccc3ccccc23)c2ccccc12,2.090011024007147,tdc_hepatocyte,Cc1ccccc1-c1c(C(=O)O)n(CCCOc2cccc3ccccc23)c2ccccc12
COCCOc1nc(N)c2[nH]c(=O)n(Cc3cccc(CC(=O)OC)c3)c2n1,2.0969100130080562,tdc_hepatocyte,COCCOc1nc(N)c2[nH]c(=O)n(Cc3cccc(CC(=O)OC)c3)c2n1
O=C(Nc1ccc(N2CCNCC2)cc1)c1ccc(-c2ccc(Cl)cc2)o1,0.47712125471966244,tdc_hepatocyte,O=C(Nc1ccc(N2CCNCC2)cc1)c1ccc(-c2ccc(Cl)cc2)o1
Cc1cc(OC2CCN(CC3CCN([C@@](C)(Cc4ccc(F)cc4)C(=O)O)CC3)CC2)ccc1Cl,0.47712125471966244,tdc_hepatocyte,Cc1cc(OC2CCN(CC3CCN([C@@](C)(Cc4ccc(F)cc4)C(=O)O)CC3)CC2)ccc1Cl
O=C(O)CCc1ccc(OCc2cc(Cl)ccc2-c2ccccc2)cc1,1.1398790864012365,tdc_hepatocyte,O=C(O)CCc1ccc(OCc2cc(Cl)ccc2-c2ccccc2)cc1
CCC(CC)n1nc(C)c(C(=O)N[C@@H](C)C(C)(C)C)c1NS(=O)(=O)c1ccc(C)cc1,1.1760912590556813,tdc_hepatocyte,CCC(CC)n1nc(C)c(C(=O)N[C@@H](C)C(C)(C)C)c1NS(=O)(=O)c1ccc(C)cc1
O=S(=O)(Nc1ccc(C(F)(F)F)cc1)c1ccc2sc(CO)nc2c1,1.190051417759206,tdc_hepatocyte,O=S(=O)(Nc1ccc(C(F)(F)F)cc1)c1ccc2sc(CO)nc2c1
C=CC(=O)Nc1cccc(Oc2nc(Nc3ccc(N4CCN(C)CC4)cc3OC)ncc2Cl)c1,0.5198279937757188,tdc_hepatocyte,C=CC(=O)Nc1cccc(Oc2nc(Nc3ccc(N4CCN(C)CC4)cc3OC)ncc2Cl)c1
CCCc1nc2c(C)cc(-c3nc4ccccc4n3C)cc2n1Cc1ccc(-c2ccccc2C(=O)O)cc1,0.5998830720736879,tdc_hepatocyte,CCCc1nc2c(C)cc(-c3nc4ccccc4n3C)cc2n1Cc1ccc(-c2ccccc2C(=O)O)cc1
N#Cc1cccc(-c2cc(C(F)(F)F)ccc2OCC(=O)O)c1,0.47712125471966244,tdc_hepatocyte,N#Cc1cccc(-c2cc(C(F)(F)F)ccc2OCC(=O)O)c1
CCOc1ccc2ccc(=O)oc2c1,1.5499836111596887,tdc_hepatocyte,CCOc1ccc2ccc(=O)oc2c1
COc1ccccc1OCCNCC(O)COc1cccc2[nH]c3ccccc3c12,1.4199557484897578,tdc_hepatocyte,COc1ccccc1OCCNCC(O)COc1cccc2[nH]c3ccccc3c12
O=C(NC1CC1)c1cn(-c2cccc(C#Cc3cccnc3)c2)c2ncccc2c1=O,1.462397997898956,tdc_hepatocyte,O=C(NC1CC1)c1cn(-c2cccc(C#Cc3cccnc3)c2)c2ncccc2c1=O
Nc1nc2ccc(-c3ccncc3)cc2s1,1.4699692094999595,tdc_hepatocyte,Nc1nc2ccc(-c3ccncc3)cc2s1
C[C@H](CO)Nc1nc(SCc2ccccc2F)nc2[nH]c(=O)sc12,1.478854967528663,tdc_hepatocyte,C[C@H](CO)Nc1nc(SCc2ccccc2F)nc2[nH]c(=O)sc12
CCNC(=O)OC1CCN(c2nncc3cc(OC)c(OC)cc23)CC1,1.5299434016586693,tdc_hepatocyte,CCNC(=O)OC1CCN(c2nncc3cc(OC)c(OC)cc23)CC1
COc1cc2c(ccc(=O)n2CCN2CCC(NCc3cc4c(cn3)OCCO4)CC2)cn1,1.5499836111596887,tdc_hepatocyte,COc1cc2c(ccc(=O)n2CCN2CCC(NCc3cc4c(cn3)OCCO4)CC2)cn1
CN(C)CCCN1c2ccccc2Sc2ccc(Cl)cc21,1.1598678470925667,tdc_hepatocyte,CN(C)CCCN1c2ccccc2Sc2ccc(Cl)cc21
COc1c(C)c2c(c(O)c1C/C=C(\C)CCC(=O)O)C(=O)OC2,1.1699681739968923,tdc_hepatocyte,COc1c(C)c2c(c(O)c1C/C=C(\C)CCC(=O)O)C(=O)OC2
COc1cc(-n2cnc3cc(-c4ccc(Cl)cc4)sc3c2=O)ccc1OC[C@H](O)C1CC1,1.3600250891893975,tdc_hepatocyte,COc1cc(-n2cnc3cc(-c4ccc(Cl)cc4)sc3c2=O)ccc1OC[C@H](O)C1CC1
O=C(Nc1ccccc1Cl)c1cc[nH]n1,2.1760912590556813,tdc_hepatocyte,O=C(Nc1ccccc1Cl)c1cc[nH]n1
Cc1ccc(CCNC(=O)c2ccc3sc(CO)nc3c2)cc1,2.1760912590556813,tdc_hepatocyte,Cc1ccc(CCNC(=O)c2ccc3sc(CO)nc3c2)cc1
O=C1[C@H]2[C@H]3CC[C@H](C3)[C@H]2C(=O)N1[C@H]1CC[C@H](C(=O)Nc2cccc3cccnc23)CC1,2.1760912590556813,tdc_hepatocyte,O=C1[C@@H]2[C@@H]3CC[C@@H](C3)[C@@H]2C(=O)N1[C@H]1CC[C@H](C(=O)Nc2cccc3cccnc23)CC1
COc1cccc(Nc2nc(NCC3CCCO3)c3ccccc3n2)c1,2.1760912590556813,tdc_hepatocyte,COc1cccc(Nc2nc(NCC3CCCO3)c3ccccc3n2)c1
CC(=O)[C@@]1(O)CC[C@H]2[C@@H]3CCC4=CC(=O)CCC4=C3[C@@H](c3ccc(N(C)C)cc3)C[C@@]21C,2.1760912590556813,tdc_hepatocyte,CC(=O)[C@@]1(O)CC[C@H]2[C@@H]3CCC4=CC(=O)CCC4=C3[C@@H](c3ccc(N(C)C)cc3)C[C@@]21C
Cc1c(C)c2c(c(C)c1O)CCC(C)(COc1ccc(CC3SC(=O)NC3=O)cc1)O2,2.1760912590556813,tdc_hepatocyte,Cc1c(C)c2c(c(C)c1O)CCC(C)(COc1ccc(CC3SC(=O)NC3=O)cc1)O2
CCOC(=O)c1ccc(OCCC2CCN(c3ccc(C)nn3)CC2)cc1,2.1760912590556813,tdc_hepatocyte,CCOC(=O)c1ccc(OCCC2CCN(c3ccc(C)nn3)CC2)cc1
Cn1sc(=O)c2cc(S(=O)(=O)NC3CC3)ccc21,2.1760912590556813,tdc_hepatocyte,Cn1sc(=O)c2cc(S(=O)(=O)NC3CC3)ccc21
CCn1c(SCC(=O)Nc2cc(C)on2)nnc1-c1ccccc1,2.1760912590556813,tdc_hepatocyte,CCn1c(SCC(=O)Nc2cc(C)on2)nnc1-c1ccccc1
CN(C)N(C)C(=O)[C@@]1(Cc2ccccc2)CCCN(C(=O)[C@@H](Cc2c[nH]c3ccccc23)NC(=O)C(C)(C)N)C1,0.9498777040368748,tdc_hepatocyte,CN(C)N(C)C(=O)[C@@]1(Cc2ccccc2)CCCN(C(=O)[C@@H](Cc2c[nH]c3ccccc23)NC(=O)C(C)(C)N)C1
Cc1ccc(S(=O)(=O)Nc2c(C(=O)N[C@@H](C)C(C)(C)C)c(C)nn2C(C)C)cc1,1.0,tdc_hepatocyte,Cc1ccc(S(=O)(=O)Nc2c(C(=O)N[C@@H](C)C(C)(C)C)c(C)nn2C(C)C)cc1
COCc1c(C(C)C)nc(C(C)C)c(/C=C/[C@@H](O)C[C@@H](O)CC(=O)O)c1-c1ccc(F)cc1,1.0,tdc_hepatocyte,COCc1c(C(C)C)nc(C(C)C)c(/C=C/[C@@H](O)C[C@@H](O)CC(=O)O)c1-c1ccc(F)cc1
C[C@H]1COCCN1c1nc(N2CCOC[C@@H]2C)c2ccc(-c3cccc(C(=O)NCCO)c3)nc2n1,1.0,tdc_hepatocyte,C[C@H]1COCCN1c1nc(N2CCOC[C@@H]2C)c2ccc(-c3cccc(C(=O)NCCO)c3)nc2n1
CN1CCN(C2=Nc3cc(Cl)ccc3Nc3ccccc32)CC1,2.1760912590556813,tdc_hepatocyte,CN1CCN(C2=Nc3cc(Cl)ccc3Nc3ccccc32)CC1
O=C(Nc1cccc(Cl)c1)c1ccccn1,2.1760912590556813,tdc_hepatocyte,O=C(Nc1cccc(Cl)c1)c1ccccn1
O=C(c1csc2c1CCCC2)N1CCCCC1,2.1760912590556813,tdc_hepatocyte,O=C(c1csc2c1CCCC2)N1CCCCC1
CCN(CC)c1ccc2cc(C(C)=O)c(=O)oc2c1,2.1760912590556813,tdc_hepatocyte,CCN(CC)c1ccc2cc(C(C)=O)c(=O)oc2c1
Cc1ccc(NC(=O)[C@H]2CCCN2S(=O)(=O)c2cccc3cccnc23)c(C)c1,2.1760912590556813,tdc_hepatocyte,Cc1ccc(NC(=O)[C@H]2CCCN2S(=O)(=O)c2cccc3cccnc23)c(C)c1
CNc1nc(C)c(-c2nc(Nc3cccc(N4CCCN(C(C)=O)CC4)c3)ncc2C#N)s1,2.1760912590556813,tdc_hepatocyte,CNc1nc(C)c(-c2nc(Nc3cccc(N4CCCN(C(C)=O)CC4)c3)ncc2C#N)s1
Cc1c(C(=O)Nc2ccccc2)sc2ncnc(O)c12,2.1760912590556813,tdc_hepatocyte,Cc1c(C(=O)Nc2ccccc2)sc2ncnc(O)c12
Cc1ccc(CCOCCNS(=O)(=O)CCCNCCc2ccc(O)c3nc(O)sc23)cc1,2.1760912590556813,tdc_hepatocyte,Cc1ccc(CCOCCNS(=O)(=O)CCCNCCc2ccc(O)c3nc(O)sc23)cc1
CCc1cccc2c1N(C)Cc1cc3c(cc1-2)OCO3,2.1760912590556813,tdc_hepatocyte,CCc1cccc2c1N(C)Cc1cc3c(cc1-2)OCO3
COC(=O)C1=C(C)NC(C)=C(C(=O)OCCN(C)Cc2ccccc2)C1c1cccc([N+](=O)[O-])c1,2.1760912590556813,tdc_hepatocyte,COC(=O)C1=C(C)NC(C)=C(C(=O)OCCN(C)Cc2ccccc2)C1c1cccc([N+](=O)[O-])c1
N#Cc1ccc2c(c1)N(CCN1CCC(NCc3ccc4c(n3)NC(=O)CO4)CC1)C(=O)CO2,0.9299295600845878,tdc_hepatocyte,N#Cc1ccc2c(c1)N(CCN1CCC(NCc3ccc4c(n3)NC(=O)CO4)CC1)C(=O)CO2
O=C(NCC12CC3CC(CC(C3)C1)C2)c1cc(CN2CC3CNCC(C2)O3)ccc1Cl,0.9542425094393249,tdc_hepatocyte,O=C(NCC12CC3CC(CC(C3)C1)C2)c1cc(CN2CC3CNCC(C2)O3)ccc1Cl
Cc1ccc2[nH]c(C(=O)O)nc2c1,0.989894563718773,tdc_hepatocyte,Cc1ccc2[nH]c(C(=O)O)nc2c1
O=C1COc2c(CCNCCN(C(=O)CCNCCc3ccc(Cl)c(Cl)c3)C3CCCCC3)ccc(O)c2N1,1.3424226808222062,tdc_hepatocyte,O=C1COc2c(CCNCCN(C(=O)CCNCCc3ccc(Cl)c(Cl)c3)C3CCCCC3)ccc(O)c2N1
Cc1ccc(C)c(OCCCC(C)(C)C(=O)O)c1,1.8200043068083178,tdc_hepatocyte,Cc1ccc(C)c(OCCCC(C)(C)C(=O)O)c1
O=C(O)COc1ccc(C(F)(F)F)cc1CN1CCN(C(=O)c2ccccc2)CC1,0.47712125471966244,tdc_hepatocyte,O=C(O)COc1ccc(C(F)(F)F)cc1CN1CCN(C(=O)c2ccccc2)CC1
CC1(C)S[C@@H]2[C@H](NC(=O)[C@H](N)c3ccc(O)cc3)C(=O)N2[C@H]1C(=O)O,0.47712125471966244,tdc_hepatocyte,CC1(C)S[C@@H]2[C@H](NC(=O)[C@H](N)c3ccc(O)cc3)C(=O)N2[C@H]1C(=O)O
Cc1nn(-c2ccc(F)cc2)c(NS(=O)(=O)c2cccnc2)c1C(=O)N[C@@H](C)C(C)(C)C,1.0791812460476249,tdc_hepatocyte,Cc1nn(-c2ccc(F)cc2)c(NS(=O)(=O)c2cccnc2)c1C(=O)N[C@@H](C)C(C)(C)C
O=c1[nH]c2c(O)ccc([C@@H](O)CNCCc3cccc(CNCCc4ccccc4F)c3)c2s1,0.47712125471966244,tdc_hepatocyte,O=c1[nH]c2c(O)ccc([C@@H](O)CNCCc3cccc(CNCCc4ccccc4F)c3)c2s1
CCOc1ccc2nc(N)sc2c1,1.0799044676667207,tdc_hepatocyte,CCOc1ccc2nc(N)sc2c1
CC[C@H](C)C(=O)O[C@H]1C[C@H](O)C=C2C=C[C@H](C)[C@H](CC[C@@H](O)C[C@@H](O)CC(=O)O)[C@H]21,0.47712125471966244,tdc_hepatocyte,CC[C@H](C)C(=O)O[C@H]1C[C@H](O)C=C2C=C[C@H](C)[C@H](CC[C@@H](O)C[C@@H](O)CC(=O)O)[C@H]21
COc1ccc(CC(=O)Nc2nc3ccccc3[nH]2)cc1,1.1099158630237933,tdc_hepatocyte,COc1ccc(CC(=O)Nc2nc3ccccc3[nH]2)cc1
CC1Cc2ccccc2N1NC(=O)c1ccc(Cl)c(S(N)(=O)=O)c1,1.1199154102579911,tdc_hepatocyte,CC1Cc2ccccc2N1NC(=O)c1ccc(Cl)c(S(N)(=O)=O)c1
CS(=O)(=O)C1(c2cc(N3CCOCC3)nc(-c3cccc4[nH]ncc34)n2)CC1,0.47712125471966244,tdc_hepatocyte,CS(=O)(=O)C1(c2cc(N3CCOCC3)nc(-c3cccc4[nH]ncc34)n2)CC1
Cc1c(Cl)ccc(OC2CCN(CC3CCN([C@@H](Cc4ccc(F)cc4)C(=O)O)CC3)CC2)c1Cl,1.139249217571607,tdc_hepatocyte,Cc1c(Cl)ccc(OC2CCN(CC3CCN([C@@H](Cc4ccc(F)cc4)C(=O)O)CC3)CC2)c1Cl
Nc1c2c(nc3ccccc13)CCCC2,1.1398790864012365,tdc_hepatocyte,Nc1c2c(nc3ccccc13)CCCC2
COc1ccc(CC(C)(C)NC[C@H](O)c2cc(O)cc3c2OCC(=O)N3)cc1,1.146128035678238,tdc_hepatocyte,COc1ccc(CC(C)(C)NC[C@H](O)c2cc(O)cc3c2OCC(=O)N3)cc1
CC(=O)Nc1ccc2ccn(-c3cc(Nc4ccn(C)n4)n4ncc(C#N)c4n3)c2c1,1.63002085111341,tdc_hepatocyte,CC(=O)Nc1ccc2ccn(-c3cc(Nc4ccn(C)n4)n4ncc(C#N)c4n3)c2c1
CC(C)(O)c1ccccc1CC[C@@H](SCC1(CC(=O)O)CC1)c1cccc(/C=C/c2ccc3ccc(Cl)cc3n2)c1,1.6399842480415885,tdc_hepatocyte,CC(C)(O)c1ccccc1CC[C@@H](SCC1(CC(=O)O)CC1)c1cccc(/C=C/c2ccc3ccc(Cl)cc3n2)c1
Cc1ccc(S(=O)(=O)Nc2c(C(=O)N[C@@H](C)C(C)(C)C)c(C)nn2C(C)(C)C)cc1,1.7242758696007892,tdc_hepatocyte,Cc1ccc(S(=O)(=O)Nc2c(C(=O)N[C@@H](C)C(C)(C)C)c(C)nn2C(C)(C)C)cc1
CCc1[nH]c2nc(Sc3cnc4ccc[n+]([O-])c4c3)nc(N3C[C@H]4[C@H](N)[C@H]4C3)c2c1Cl,1.7699678013294424,tdc_hepatocyte,CCc1[nH]c2nc(Sc3cnc4ccc[n+]([O-])c4c3)nc(N3C[C@@H]4[C@@H](N)[C@@H]4C3)c2c1Cl
CNC(=O)c1ccccc1Nc1nc(Nc2ccc(N3CCOCC3)cc2OC)ncc1Cl,1.2100508498751372,tdc_hepatocyte,CNC(=O)c1ccccc1Nc1nc(Nc2ccc(N3CCOCC3)cc2OC)ncc1Cl
COc1ccc(-c2cc3c(C)nc(N)nc3n([C@H]3CC[C@H](OCCO)CC3)c2=O)cn1,1.0301947853567512,tdc_hepatocyte,COc1ccc(-c2cc3c(C)nc(N)nc3n([C@H]3CC[C@H](OCCO)CC3)c2=O)cn1
CN(C)CCNc1cc(-c2ccc(N3CCN(C)CC3)cc2)nc2ccccc12,0.47712125471966244,tdc_hepatocyte,CN(C)CCNc1cc(-c2ccc(N3CCN(C)CC3)cc2)nc2ccccc12
Cc1oncc1C(=O)Nc1ccc(C(F)(F)F)cc1,0.47712125471966244,tdc_hepatocyte,Cc1oncc1C(=O)Nc1ccc(C(F)(F)F)cc1
COc1cc(N2CCN(C(=O)CO)CC2)ccc1Nc1ncc(Cl)c(-c2cnc3ccccn23)n1,1.089905111439398,tdc_hepatocyte,COc1cc(N2CCN(C(=O)CO)CC2)ccc1Nc1ncc(Cl)c(-c2cnc3ccccn23)n1
Cc1c(S(=O)(=O)c2ccc(Cl)cc2)c2c(NS(C)(=O)=O)cccc2n1CC(=O)O,0.47712125471966244,tdc_hepatocyte,Cc1c(S(=O)(=O)c2ccc(Cl)cc2)c2c(NS(C)(=O)=O)cccc2n1CC(=O)O
N#Cc1ccc(C[C@@H](C(=O)O)N2CCC(CN3CCC(Oc4ccc(Cl)c(Cl)c4)CC3)CC2)cc1,0.47712125471966244,tdc_hepatocyte,N#Cc1ccc(C[C@@H](C(=O)O)N2CCC(CN3CCC(Oc4ccc(Cl)c(Cl)c4)CC3)CC2)cc1
CCS(=O)(=O)c1ccc(Oc2c(C)n(CC(=O)O)c3ccc(C(F)(F)F)cc23)cc1,0.47712125471966244,tdc_hepatocyte,CCS(=O)(=O)c1ccc(Oc2c(C)n(CC(=O)O)c3ccc(C(F)(F)F)cc23)cc1
Cc1cc(CN(CC(=O)Nc2ccc(Cl)cc2Cl)C2CCCCC2)ccc1OCC(=O)O,1.637789829362229,tdc_hepatocyte,Cc1cc(CN(CC(=O)Nc2ccc(Cl)cc2Cl)C2CCCCC2)ccc1OCC(=O)O
CCc1c(C(=O)C(N)=O)c2c(OCC(=O)OC)cccc2n1Cc1ccccc1,1.7000110623221123,tdc_hepatocyte,CCc1c(C(=O)C(N)=O)c2c(OCC(=O)OC)cccc2n1Cc1ccccc1
C[C@@H]1CN(c2ccc3c(n2)NC(=O)CO3)[C@H](c2ccccc2)CO1,1.7199938263676038,tdc_hepatocyte,C[C@@H]1CN(c2ccc3c(n2)NC(=O)CO3)[C@H](c2ccccc2)CO1
CCC(=C(c1ccc(O)cc1)c1ccc(OCCN(C)C)cc1)c1ccccc1,1.749968083509403,tdc_hepatocyte,CCC(=C(c1ccc(O)cc1)c1ccc(OCCN(C)C)cc1)c1ccccc1
CCC(=O)N[C@H]1CC[C@@H](C(=O)N(C)c2ccc(-c3nc4ccccc4o3)cc2)C1,0.6599162000698503,tdc_hepatocyte,CCC(=O)N[C@H]1CC[C@@H](C(=O)N(C)c2ccc(-c3nc4ccccc4o3)cc2)C1
CS(=O)(=O)c1ccc(-c2cnc(N)c(-c3ccc(C(F)(F)F)nc3)c2)cc1,0.6803355134145632,tdc_hepatocyte,CS(=O)(=O)c1ccc(-c2cnc(N)c(-c3ccc(C(F)(F)F)nc3)c2)cc1
Cc1ccc(S(=O)(=O)Nc2c(C(=O)N[C@@H](C)C(C)(C)C)c(C)nn2C2CCSCC2)cc1,0.6989700043360189,tdc_hepatocyte,Cc1ccc(S(=O)(=O)Nc2c(C(=O)N[C@@H](C)C(C)(C)C)c(C)nn2C2CCSCC2)cc1
CC[C@H](CO)Nc1nc(SCc2cccc(F)c2F)nc2nc(N)sc12,0.7126497016272114,tdc_hepatocyte,CC[C@H](CO)Nc1nc(SCc2cccc(F)c2F)nc2nc(N)sc12
CCn1nc(C)c(C(=O)N[C@@H](C)C(C)(C)C)c1NS(=O)(=O)c1ccc(C)cc1,0.7403626894942439,tdc_hepatocyte,CCn1nc(C)c(C(=O)N[C@@H](C)C(C)(C)C)c1NS(=O)(=O)c1ccc(C)cc1
Cn1cc(C2=C(c3cn(C4CCN(Cc5ccccn5)CC4)c4ccccc34)C(=O)NC2=O)c2ccccc21,0.7781512503836436,tdc_hepatocyte,Cn1cc(C2=C(c3cn(C4CCN(Cc5ccccn5)CC4)c4ccccc34)C(=O)NC2=O)c2ccccc21
CCCCNC(=O)NS(=O)(=O)c1ccc(C)cc1,0.8000293592441343,tdc_hepatocyte,CCCCNC(=O)NS(=O)(=O)c1ccc(C)cc1
C[C@]12CC[C@H]3[C@@H](C=CC4=CC(=O)CC[C@@]43C)[C@@H]1CC[C@@]21CCC(=O)O1,0.8202014594856403,tdc_hepatocyte,C[C@]12CCC(=O)C=C1C=C[C@@H]1[C@@H]2CC[C@@]2(C)[C@H]1CC[C@@]21CCC(=O)O1
CCCS(=O)(=O)Nc1ccc(F)c(C(=O)c2c[nH]c3ncc(-c4ccc(Cl)cc4)cc23)c1F,0.8202014594856403,tdc_hepatocyte,CCCS(=O)(=O)Nc1ccc(F)c(C(=O)c2c[nH]c3ncc(-c4ccc(Cl)cc4)cc23)c1F
COc1cc2nccc(Oc3ccc(NC(=O)C4(C(=O)Nc5ccc(F)cc5)CC4)cc3)c2cc1OC,0.49968708261840383,tdc_hepatocyte,COc1cc2nccc(Oc3ccc(NC(=O)C4(C(=O)Nc5ccc(F)cc5)CC4)cc3)c2cc1OC
COc1ccnc(CCc2nc3cc(Br)cnc3[nH]2)c1,0.505149978319906,tdc_hepatocyte,COc1ccnc(CCc2nc3cc(Br)cnc3[nH]2)c1
CC(C)(C)NC(=O)NCCN1CC(NC(=O)c2cc(Cl)cc(Cl)c2)C1,0.5198279937757188,tdc_hepatocyte,CC(C)(C)NC(=O)NCCN1CC(NC(=O)c2cc(Cl)cc(Cl)c2)C1
Cn1cnc2c(-c3ccc(C4(N)CCC4)cc3)c(-c3ccccc3)ccc21,0.5198279937757188,tdc_hepatocyte,Cn1cnc2c(-c3ccc(C4(N)CCC4)cc3)c(-c3ccccc3)ccc21
C#Cc1cccc(Nc2ncnc3cc4c(cc23)OCCOCCOCCO4)c1,0.5502283530550941,tdc_hepatocyte,C#Cc1cccc(Nc2ncnc3cc4c(cc23)OCCOCCOCCO4)c1
COc1ccc(C[C@@H](C)NC[C@H](O)c2ccc(O)c(NC=O)c2)cc1,0.5921767573958668,tdc_hepatocyte,COc1ccc(C[C@@H](C)NC[C@H](O)c2ccc(O)c(NC=O)c2)cc1
CCCCN(CCNCCc1ccc(O)c2[nH]c(=O)sc12)C(=O)CCOCCc1ccccc1,1.4136349971985558,tdc_hepatocyte,CCCCN(CCNCCc1ccc(O)c2[nH]c(=O)sc12)C(=O)CCOCCc1ccccc1
CCC(CC)NC(=O)c1cnn(C)c1NS(=O)(=O)c1ccc(C)cc1,1.4313637641589874,tdc_hepatocyte,CCC(CC)NC(=O)c1cnn(C)c1NS(=O)(=O)c1ccc(C)cc1
O=C(Nc1cccc(-c2nnn[nH]2)c1)c1cc(F)cc2[nH]cnc12,1.8300109359361179,tdc_hepatocyte,O=C(Nc1cccc(-c2nnn[nH]2)c1)c1cc(F)cc2[nH]cnc12
CCCSc1ccc2nc(NC(=O)OC)[nH]c2c1,1.920018916028915,tdc_hepatocyte,CCCSc1ccc2nc(NC(=O)OC)[nH]c2c1
O=c1[nH]c2c(O)ccc([C@@H](O)CNCCCSCCOCCc3cccc4ccccc34)c2s1,1.9294189257142929,tdc_hepatocyte,O=c1[nH]c2c(O)ccc([C@@H](O)CNCCCSCCOCCc3cccc4ccccc34)c2s1
Cc1ccc2cc(C)c3nnc(SCC(=O)N4CCN(C(=O)c5ccco5)CC4)n3c2c1,1.9400181550076632,tdc_hepatocyte,Cc1ccc2cc(C)c3nnc(SCC(=O)N4CCN(C(=O)c5ccco5)CC4)n3c2c1
COc1ccccc1CN1C(=O)c2ccccc2C1C(=O)NC1CCC(C)CC1,2.1760912590556813,tdc_hepatocyte,COc1ccccc1CN1C(=O)c2ccccc2C1C(=O)NC1CCC(C)CC1
Cc1ccc(S(=O)(=O)Nc2c(C(=O)NC3CCCCC3C)c(C)nn2-c2ccccc2)cc1,1.2304489213782739,tdc_hepatocyte,Cc1ccc(S(=O)(=O)Nc2c(C(=O)NC3CCCCC3C)c(C)nn2-c2ccccc2)cc1
CC(C)c1ccccc1Cc1cc(C(=O)Nc2ccc(S(=O)(=O)c3ccccc3C(C)(C)C)cc2)c(O)c(O)c1O,0.47712125471966244,tdc_hepatocyte,CC(C)c1ccccc1Cc1cc(C(=O)Nc2ccc(S(=O)(=O)c3ccccc3C(C)(C)C)cc2)c(O)c(O)c1O
C[C@H](C#Cc1ccc(Cc2ccc(F)cc2)s1)N(O)C(N)=O,0.47712125471966244,tdc_hepatocyte,C[C@H](C#Cc1ccc(Cc2ccc(F)cc2)s1)N(O)C(N)=O
CC(C)NC[C@@H](C(=O)N1CCN(c2ncnc3c2[C@H](C)C[C@H]3O)CC1)c1ccc(Cl)cc1,0.47712125471966244,tdc_hepatocyte,CC(C)NC[C@@H](C(=O)N1CCN(c2ncnc3c2[C@H](C)C[C@H]3O)CC1)c1ccc(Cl)cc1
CN1CCN(CCOc2n[nH]c3ncnc(Nc4ccc(OCc5ccccn5)c(Cl)c4)c23)CC1,1.1300119496719043,tdc_hepatocyte,CN1CCN(CCOc2n[nH]c3ncnc(Nc4ccc(OCc5ccccn5)c(Cl)c4)c23)CC1
CCC(CC)NC(=O)c1cnn(-c2ccccc2)c1NS(=O)(=O)c1ccc(-c2cnco2)cc1,1.7160033436347992,tdc_hepatocyte,CCC(CC)NC(=O)c1cnn(-c2ccccc2)c1NS(=O)(=O)c1ccc(-c2cnco2)cc1
O=c1[nH]c2c(O)ccc([C@@H](O)CNCCSCCCNCCc3ccccc3)c2s1,0.9542425094393249,tdc_hepatocyte,O=c1[nH]c2c(O)ccc([C@@H](O)CNCCSCCCNCCc3ccccc3)c2s1
CCCCNC(=O)c1ccc(Oc2ccc(CC(=O)O)cc2OC)c(NS(=O)(=O)c2ccc(Cl)cc2Cl)c1,0.47712125471966244,tdc_hepatocyte,CCCCNC(=O)c1ccc(Oc2ccc(CC(=O)O)cc2OC)c(NS(=O)(=O)c2ccc(Cl)cc2Cl)c1
O=c1[nH]c2c(O)ccc([C@@H](O)CNCCCOCCNCCc3cccc(Cl)c3)c2s1,0.47712125471966244,tdc_hepatocyte,O=c1[nH]c2c(O)ccc([C@@H](O)CNCCCOCCNCCc3cccc(Cl)c3)c2s1
C[C@H](CO)Nc1nc(SCc2ccccc2)nc2[nH]c(=O)sc12,0.47712125471966244,tdc_hepatocyte,C[C@H](CO)Nc1nc(SCc2ccccc2)nc2[nH]c(=O)sc12
Nc1nc2ccc(C(=O)c3ccccc3)cc2[nH]1,0.47712125471966244,tdc_hepatocyte,Nc1nc2ccc(C(=O)c3ccccc3)cc2[nH]1
NC(=O)c1ccc(N(C(N)=O)c2c(F)cccc2F)nc1-c1ccc(F)cc1F,0.47712125471966244,tdc_hepatocyte,NC(=O)c1ccc(N(C(N)=O)c2c(F)cccc2F)nc1-c1ccc(F)cc1F
Cc1nn(C2CCCCC2)c(N)c1-c1ccccc1,1.1398790864012365,tdc_hepatocyte,Cc1nn(C2CCCCC2)c(N)c1-c1ccccc1
O=C1COC2(CCN(S(=O)(=O)c3ccc(-c4ccc5cccnc5c4)cc3)CC2)CN1C1CC1,1.9500239065233265,tdc_hepatocyte,O=C1COC2(CCN(S(=O)(=O)c3ccc(-c4ccc5cccnc5c4)cc3)CC2)CN1C1CC1
CC(C(=O)O[C@@H]1CC[N+](C)(C)C1)(c1ccccc1)C1CCCC1,2.0755469613925306,tdc_hepatocyte,CC(C(=O)O[C@@H]1CC[N+](C)(C)C1)(c1ccccc1)C1CCCC1
N[C@@H]1CCCN(c2c(/C=C3\SC(=O)NC3=O)cccc2-c2ccncc2)C1,0.9498777040368748,tdc_hepatocyte,N[C@@H]1CCCN(c2c(/C=C3\SC(=O)NC3=O)cccc2-c2ccncc2)C1
COc1ccc([C@@H]2Sc3ccccc3N(CCN(C)C)C(=O)[C@@H]2OC(C)=O)cc1,0.9698816437465,tdc_hepatocyte,COc1ccc([C@@H]2Sc3ccccc3N(CCN(C)C)C(=O)[C@@H]2OC(C)=O)cc1
C#Cc1cccc(Nc2ncnc3cc(OCCOC)c(OCCOC)cc23)c1,0.989894563718773,tdc_hepatocyte,C#Cc1cccc(Nc2ncnc3cc(OCCOC)c(OCCOC)cc23)c1
N#Cc1ccc2[nH]c(-c3ccc(F)cc3)c(CCCC(=O)NS(=O)(=O)C(F)(F)F)c2c1,0.9912260756924949,tdc_hepatocyte,N#Cc1ccc2[nH]c(-c3ccc(F)cc3)c(CCCC(=O)NS(=O)(=O)C(F)(F)F)c2c1
Cc1ccc(-n2nc(C(C)(C)C)cc2NC(=O)Nc2ccc(OCCN3CCOCC3)c3ccccc23)cc1,1.8399805576783428,tdc_hepatocyte,Cc1ccc(-n2nc(C(C)(C)C)cc2NC(=O)Nc2ccc(OCCN3CCOCC3)c3ccccc23)cc1
CC/C(=C(/c1ccc(O)cc1)c1ccc(/C=C/C(=O)O)cc1)c1ccccc1,1.8399805576783428,tdc_hepatocyte,CC/C(=C(/c1ccc(O)cc1)c1ccc(/C=C/C(=O)O)cc1)c1ccccc1
CC(C)c1nnc2ccc(-c3ocnc3-c3cc(F)ccc3F)cn12,0.47712125471966244,tdc_hepatocyte,CC(C)c1nnc2ccc(-c3ocnc3-c3cc(F)ccc3F)cn12
Cc1ccc(NC(=O)c2ccoc2)cc1-n1cnc2ccc(N3CCN(C)CC3)cc2c1=O,0.47712125471966244,tdc_hepatocyte,Cc1ccc(NC(=O)c2ccoc2)cc1-n1cnc2ccc(N3CCN(C)CC3)cc2c1=O
Cc1ncc([N+](=O)[O-])n1CCO,0.47712125471966244,tdc_hepatocyte,Cc1ncc([N+](=O)[O-])n1CCO
CC1(C)C(=O)Nc2ccccc21,0.47712125471966244,tdc_hepatocyte,CC1(C)C(=O)Nc2ccccc21
Cc1[nH]c2nc(NCc3cccc(Br)c3)nn2c(=O)c1Cc1ccccc1,0.47712125471966244,tdc_hepatocyte,Cc1[nH]c2nc(NCc3cccc(Br)c3)nn2c(=O)c1Cc1ccccc1
COc1cc2ncnc(Nc3ccc(F)c(Cl)c3)c2cc1NC(=O)/C=C/CN1CCCCC1,0.47712125471966244,tdc_hepatocyte,COc1cc2ncnc(Nc3ccc(F)c(Cl)c3)c2cc1NC(=O)/C=C/CN1CCCCC1
O=c1[nH]c2c(O)ccc([C@@H](O)CNCCSCCCNCCc3cccc(Cl)c3Cl)c2s1,0.47712125471966244,tdc_hepatocyte,O=c1[nH]c2c(O)ccc([C@@H](O)CNCCSCCCNCCc3cccc(Cl)c3Cl)c2s1
Cc1nccn1CC1CCc2c(c3ccccc3n2C)C1=O,0.47712125471966244,tdc_hepatocyte,Cc1nccn1CC1CCc2c(c3ccccc3n2C)C1=O
N#CC1(NC(=O)[C@@H]2CCCC[C@H]2C(=O)N2CCN(c3nc4c(s3)COCC4)CC2)CC1,0.47712125471966244,tdc_hepatocyte,N#CC1(NC(=O)[C@@H]2CCCC[C@H]2C(=O)N2CCN(c3nc4c(s3)COCC4)CC2)CC1
Cc1c(OC2CCN(CC3CCN([C@@H](Cc4ccc(F)cc4)C(=O)O)CC3)CC2)ccc(C#N)c1Cl,0.47712125471966244,tdc_hepatocyte,Cc1c(OC2CCN(CC3CCN([C@@H](Cc4ccc(F)cc4)C(=O)O)CC3)CC2)ccc(C#N)c1Cl
O=C(Nc1c[nH]nc1-c1nc2ccc(CN3CCOCC3)cc2[nH]1)NC1CC1,0.47712125471966244,tdc_hepatocyte,O=C(Nc1c[nH]nc1-c1nc2ccc(CN3CCOCC3)cc2[nH]1)NC1CC1
Nc1c(C(=O)c2cccc(OC[C@@H](O)CO)c2)cnn1-c1ccc(F)cc1,0.47712125471966244,tdc_hepatocyte,Nc1c(C(=O)c2cccc(OC[C@@H](O)CO)c2)cnn1-c1ccc(F)cc1
CC1=C(C(=O)O)N2C(=O)[C@@H](NC(=O)[C@H](N)c3ccc(O)cc3)[C@H]2SC1,0.47712125471966244,tdc_hepatocyte,CC1=C(C(=O)O)N2C(=O)[C@@H](NC(=O)[C@H](N)c3ccc(O)cc3)[C@H]2SC1
CCNC(=O)c1ccc(C)c(-n2cnc3ccc(N4CCN(C)CC4)cc3c2=O)c1,0.47712125471966244,tdc_hepatocyte,CCNC(=O)c1ccc(C)c(-n2cnc3ccc(N4CCN(C)CC4)cc3c2=O)c1
Cn1c(=O)c(Oc2ccc(F)cc2F)cc2cnc(NC(CCO)CCO)nc21,0.47712125471966244,tdc_hepatocyte,Cn1c(=O)c(Oc2ccc(F)cc2F)cc2cnc(NC(CCO)CCO)nc21
C[N+]1(C)[C@H]2C[C@H](OC(=O)C(O)(c3cccs3)c3cccs3)C[C@@H]1[C@H]1O[C@@H]21,0.47712125471966244,tdc_hepatocyte,C[N+]1(C)[C@@H]2C[C@@H](OC(=O)C(O)(c3cccs3)c3cccs3)C[C@H]1[C@@H]1O[C@@H]12
CCN(C(=O)c1ccc(-c2ccc(Cl)cc2)o1)c1ccc(N2CCNCC2)cc1,0.47712125471966244,tdc_hepatocyte,CCN(C(=O)c1ccc(-c2ccc(Cl)cc2)o1)c1ccc(N2CCNCC2)cc1
CS(=O)(=O)c1ccc2nc(N3CCN(C(=O)[C@@H]4CCCC[C@H]4C(=O)NC4(C#N)CC4)CC3)sc2c1,0.47712125471966244,tdc_hepatocyte,CS(=O)(=O)c1ccc2nc(N3CCN(C(=O)[C@@H]4CCCC[C@H]4C(=O)NC4(C#N)CC4)CC3)sc2c1
Cc1cc(-c2ccc(Cl)c(C(=O)NCC3(O)CCCCCC3)c2)nn1C[C@H](O)CN,0.47712125471966244,tdc_hepatocyte,Cc1cc(-c2ccc(Cl)c(C(=O)NCC3(O)CCCCCC3)c2)nn1C[C@H](O)CN
CCS(=O)(=O)CCCC12CCC(c3nnc(-c4ccccc4C(F)(F)F)n3C)(CC1)CC2,0.47712125471966244,tdc_hepatocyte,CCS(=O)(=O)CCCC12CCC(c3nnc(-c4ccccc4C(F)(F)F)n3C)(CC1)CC2
CCN1CCN(C(=O)N[C@@H](C(=O)N[C@@H]2C(=O)N3C(C(=O)O)=C(CSc4nnnn4C)CS[C@H]23)c2ccc(O)cc2)C(=O)C1=O,0.47712125471966244,tdc_hepatocyte,CCN1CCN(C(=O)N[C@@H](C(=O)N[C@@H]2C(=O)N3C(C(=O)O)=C(CSc4nnnn4C)CS[C@H]23)c2ccc(O)cc2)C(=O)C1=O
CC(C)(C(=O)O)c1ccc(C(O)CCCN2CCC(C(O)(c3ccccc3)c3ccccc3)CC2)cc1,0.47712125471966244,tdc_hepatocyte,CC(C)(C(=O)O)c1ccc(C(O)CCCN2CCC(C(O)(c3ccccc3)c3ccccc3)CC2)cc1
CC(C)(C)NS(=O)(=O)c1cncc(-c2ccc3nc(NC(=O)NCC(=O)N4CCCC4)nn3c2)c1,0.47712125471966244,tdc_hepatocyte,CC(C)(C)NS(=O)(=O)c1cncc(-c2ccc3nc(NC(=O)NCC(=O)N4CCCC4)nn3c2)c1
Clc1ccc2c(c1)CCc1cccnc1C2=C1CCNCC1,1.4300750555519393,tdc_hepatocyte,Clc1ccc2c(c1)CCc1cccnc1C2=C1CCNCC1
O=c1[nH]c2c(O)ccc([C@@H](O)CNCCc3cccc(CNCCc4c(Cl)cccc4Cl)c3)c2s1,1.8920946026904804,tdc_hepatocyte,O=c1[nH]c2c(O)ccc([C@@H](O)CNCCc3cccc(CNCCc4c(Cl)cccc4Cl)c3)c2s1
CC(C)(N)C(=O)N[C@H](COCc1ccc(F)cc1F)C(=O)N1CCC2=NN(CC(F)(F)F)C(=O)[C@]2(Cc2ccccn2)C1,1.190051417759206,tdc_hepatocyte,CC(C)(N)C(=O)N[C@H](COCc1ccc(F)cc1F)C(=O)N1CCC2=NN(CC(F)(F)F)C(=O)[C@]2(Cc2ccccn2)C1
COc1cc2nnc(C(N)=O)c(Nc3ccc(F)cc3F)c2cc1N1CCN(C)CC1,1.2041199826559248,tdc_hepatocyte,COc1cc2nnc(C(N)=O)c(Nc3ccc(F)cc3F)c2cc1N1CCN(C)CC1
CC(NC(C)(C)C)C(=O)c1cccc(Cl)c1,1.2299376859079338,tdc_hepatocyte,CC(NC(C)(C)C)C(=O)c1cccc(Cl)c1
Cn1sc(=O)c2cc(S(N)(=O)=O)ccc21,1.2400497721126476,tdc_hepatocyte,Cn1sc(=O)c2cc(S(N)(=O)=O)ccc21
CNC(=O)c1nc(-c2ccc(Cl)c(S(=O)(=O)Nc3cccc(F)c3F)c2)cnc1N,1.2999429000227671,tdc_hepatocyte,CNC(=O)c1nc(-c2ccc(Cl)c(S(=O)(=O)Nc3cccc(F)c3F)c2)cnc1N
C[C@H](Oc1ccc(Cl)cc1CN1CCN(C(=O)Cc2ccc(Cl)cc2)[C@@H](C)C1)C(=O)O,0.6720978579357175,tdc_hepatocyte,C[C@H](Oc1ccc(Cl)cc1CN1CCN(C(=O)Cc2ccc(Cl)cc2)[C@@H](C)C1)C(=O)O
N#CCNC(=O)c1ccc(-c2ccnc(Nc3ccc(N4CCOCC4)cc3)n2)cc1,0.7101173651118162,tdc_hepatocyte,N#CCNC(=O)c1ccc(-c2ccnc(Nc3ccc(N4CCOCC4)cc3)n2)cc1
Cc1ccc(NC(=O)c2cccc(N(C)S(C)(=O)=O)c2)cc1NC(=O)c1ccc2ncccc2c1,1.8599784416420209,tdc_hepatocyte,Cc1ccc(NC(=O)c2cccc(N(C)S(C)(=O)=O)c2)cc1NC(=O)c1ccc2ncccc2c1
O=S(=O)(Nc1ccc2sc(CO)nc2c1)c1ccc(Br)cc1,1.3900514964589874,tdc_hepatocyte,O=S(=O)(Nc1ccc2sc(CO)nc2c1)c1ccc(Br)cc1
NCCCCCc1c[nH]c2ccc(F)cc12,1.8699940001217419,tdc_hepatocyte,NCCCCCc1c[nH]c2ccc(F)cc12
CCn1c(SCC(=O)Nc2cc(C)on2)nnc1-c1cccnc1,1.8800128383667718,tdc_hepatocyte,CCn1c(SCC(=O)Nc2cc(C)on2)nnc1-c1cccnc1
COCC(C)n1nc(C)c(C(=O)N[C@@H](C)C(C)(C)C)c1NS(=O)(=O)c1ccc(C)cc1,0.47712125471966244,tdc_hepatocyte,COCC(C)n1nc(C)c(C(=O)N[C@@H](C)C(C)(C)C)c1NS(=O)(=O)c1ccc(C)cc1
C[C@H]1CN(Cc2cc(Cl)ccc2OCC(=O)O)CCN1C(=O)Cc1ccc(F)cc1,0.47712125471966244,tdc_hepatocyte,C[C@H]1CN(Cc2cc(Cl)ccc2OCC(=O)O)CCN1C(=O)Cc1ccc(F)cc1
CN(CC(=O)O)NC(=O)C[C@H](N)C[C@@H](O)CN,0.47712125471966244,tdc_hepatocyte,CN(CC(=O)O)NC(=O)C[C@H](N)C[C@@H](O)CN
CC1N=C(N)N=C(N)N1c1ccc(Cl)cc1,0.47712125471966244,tdc_hepatocyte,CC1N=C(N)N=C(N)N1c1ccc(Cl)cc1
O=C(NC[C@@H](O)CN1CCC(Oc2ccc(Cl)c(Cl)c2)CC1)c1c[nH]c(=O)c2cc(S(=O)(=O)N3CCC3)ccc12,0.47712125471966244,tdc_hepatocyte,O=C(NC[C@@H](O)CN1CCC(Oc2ccc(Cl)c(Cl)c2)CC1)c1c[nH]c(=O)c2cc(S(=O)(=O)N3CCC3)ccc12
O=C(O)Cc1cccc(N2CCC(CN3CCC(Oc4ccc(Cl)c(Cl)c4)CC3)CC2)c1,0.47712125471966244,tdc_hepatocyte,O=C(O)Cc1cccc(N2CCC(CN3CCC(Oc4ccc(Cl)c(Cl)c4)CC3)CC2)c1
C[C@@H](c1ccc(-c2ccc(F)cc2F)cc1)N1CC[C@](CCO)(c2ccc(F)cc2)OC1=O,0.47712125471966244,tdc_hepatocyte,C[C@@H](c1ccc(-c2ccc(F)cc2F)cc1)N1CC[C@](CCO)(c2ccc(F)cc2)OC1=O
Cc1c(CN2CCN(C(=O)[C@H](C)O)CC2)sc2c(N3CCOCC3)nc(-c3cnc(N)nc3)nc12,0.47712125471966244,tdc_hepatocyte,Cc1c(CN2CCN(C(=O)[C@H](C)O)CC2)sc2c(N3CCOCC3)nc(-c3cnc(N)nc3)nc12
CC1Sc2c(C(=O)O)c(=O)c3cc(F)c(N4CCNCC4)cc3n21,0.47712125471966244,tdc_hepatocyte,CC1Sc2c(C(=O)O)c(=O)c3cc(F)c(N4CCNCC4)cc3n21
Cc1c2c(=O)n(-c3ccccc3Cl)[nH]c2cc(=O)n1Cc1ccccn1,0.47712125471966244,tdc_hepatocyte,Cc1c2c(=O)n(-c3ccccc3Cl)[nH]c2cc(=O)n1Cc1ccccn1
C[C@H]1CN(Cc2cc(Cl)ccc2CC(=O)O)CCN1C(=O)Cc1ccc(Cl)cc1,0.47712125471966244,tdc_hepatocyte,C[C@H]1CN(Cc2cc(Cl)ccc2CC(=O)O)CCN1C(=O)Cc1ccc(Cl)cc1
Cc1cc(F)ccc1OC1CCN(CC2CCN([C@@H](Cc3ccc(F)cc3)C(=O)O)CC2)CC1,0.47712125471966244,tdc_hepatocyte,Cc1cc(F)ccc1OC1CCN(CC2CCN([C@@H](Cc3ccc(F)cc3)C(=O)O)CC2)CC1
Cc1cc(Cl)ccc1OC1CCN(CC2CCN([C@@H](Cc3ccc(F)cc3)C(=O)O)CC2)CC1,0.47712125471966244,tdc_hepatocyte,Cc1cc(Cl)ccc1OC1CCN(CC2CCN([C@@H](Cc3ccc(F)cc3)C(=O)O)CC2)CC1
Cc1cccc(C[C@@H](C(=O)O)N2CCC(CN3CCC(Oc4ccc(Cl)c(Cl)c4)CC3)CC2)c1,0.47712125471966244,tdc_hepatocyte,Cc1cccc(C[C@@H](C(=O)O)N2CCC(CN3CCC(Oc4ccc(Cl)c(Cl)c4)CC3)CC2)c1
C[C@H]1CN(Cc2cc(Cl)ccc2OCC(=O)O)CCN1C(=O)Cc1ccccc1,0.47712125471966244,tdc_hepatocyte,C[C@H]1CN(Cc2cc(Cl)ccc2OCC(=O)O)CCN1C(=O)Cc1ccccc1
Cc1nn(-c2ccc(F)cc2)c(NS(=O)(=O)c2ccc(C#N)cc2)c1C(=O)N[C@@H](C)C(C)(C)C,0.47712125471966244,tdc_hepatocyte,Cc1nn(-c2ccc(F)cc2)c(NS(=O)(=O)c2ccc(C#N)cc2)c1C(=O)N[C@@H](C)C(C)(C)C
Cc1c(Oc2ccc(Cl)cc2)c2c(NS(C)(=O)=O)cccc2n1CC(=O)O,0.47712125471966244,tdc_hepatocyte,Cc1c(Oc2ccc(Cl)cc2)c2c(NS(C)(=O)=O)cccc2n1CC(=O)O
CC(=O)C[C@@H](c1ccccc1)c1c(O)c2ccccc2oc1=O,0.47712125471966244,tdc_hepatocyte,CC(=O)C[C@@H](c1ccccc1)c1c(O)c2ccccc2oc1=O
CC[C@H](Nc1ncnc2[nH]cnc12)c1nc2cccc(F)c2c(=O)n1-c1ccccc1,0.7201593034059569,tdc_hepatocyte,CC[C@H](Nc1ncnc2[nH]cnc12)c1nc2cccc(F)c2c(=O)n1-c1ccccc1
CCN(CC)CCN1C(=O)[C@@](O)(c2ccccc2Cl)c2c1cc(C(N)=O)cc2C(F)(F)F,1.0599418880619547,tdc_hepatocyte,CCN(CC)CCN1C(=O)[C@@](O)(c2ccccc2Cl)c2c1cc(C(N)=O)cc2C(F)(F)F
CNc1nc(C)c(-c2nc(Nc3cccc(N4CCNCC4)c3)ncc2C#N)s1,1.089905111439398,tdc_hepatocyte,CNc1nc(C)c(-c2nc(Nc3cccc(N4CCNCC4)c3)ncc2C#N)s1
CC(C)N1CCC(N(C(=O)Cc2ccccc2)c2ccc(Cl)cc2)CC1,1.4499409887733377,tdc_hepatocyte,CC(C)N1CCC(N(C(=O)Cc2ccccc2)c2ccc(Cl)cc2)CC1
Cc1nc(CSc2nc(N[C@H](C)CO)c3sc(=O)[nH]c3n2)cs1,0.5185139398778875,tdc_hepatocyte,Cc1nc(CSc2nc(N[C@H](C)CO)c3sc(=O)[nH]c3n2)cs1
C=CC(=O)Nc1cccc(CN2C(=O)N(c3c(Cl)c(OC)cc(OC)c3Cl)Cc3cnc(NCCCCN(CC)CC)nc32)c1,1.599992177584098,tdc_hepatocyte,C=CC(=O)Nc1cccc(CN2C(=O)N(c3c(Cl)c(OC)cc(OC)c3Cl)Cc3cnc(NCCCCN(CC)CC)nc32)c1
CN1CCC[C@H]1CCN1CCCc2cc(NC(=N)c3cccs3)ccc21,1.6100210246641453,tdc_hepatocyte,CN1CCC[C@H]1CCN1CCCc2cc(NC(=N)c3cccs3)ccc21
N#CC1(NC(=O)[C@@H]2CCCC[C@H]2C(=O)N2CCc3[nH]c4ccc(F)cc4c3C2)CC1,1.617105230502378,tdc_hepatocyte,N#CC1(NC(=O)[C@@H]2CCCC[C@H]2C(=O)N2CCc3[nH]c4ccc(F)cc4c3C2)CC1
C=CC(=O)Nc1ccc(OC)cc1,1.63002085111341,tdc_hepatocyte,C=CC(=O)Nc1ccc(OC)cc1
CN(CCNC[C@H](O)c1ccc(O)c2[nH]c(=O)sc12)C(=O)CCOCCc1ccccc1,1.6334684555795866,tdc_hepatocyte,CN(CCNC[C@H](O)c1ccc(O)c2[nH]c(=O)sc12)C(=O)CCOCCc1ccccc1
O=C(Nc1cccc(-c2nnn[nH]2)c1)c1cccc2[nH]cnc12,1.6500159524718385,tdc_hepatocyte,O=C(Nc1cccc(-c2nnn[nH]2)c1)c1cccc2[nH]cnc12
CCC(C)(C)C(=O)O[C@H]1C[C@@H](C)C=C2C=C[C@H](C)[C@H](CC[C@@H](O)C[C@@H](O)CC(=O)O)[C@H]21,1.665393350279712,tdc_hepatocyte,CCC(C)(C)C(=O)O[C@H]1C[C@@H](C)C=C2C=C[C@H](C)[C@H](CC[C@@H](O)C[C@@H](O)CC(=O)O)[C@H]21
Nc1c(-c2ccccc2)nc(Cl)nc1-c1ccccc1,1.6699673699085043,tdc_hepatocyte,Nc1c(-c2ccccc2)nc(Cl)nc1-c1ccccc1
CCCC(C)(C)C[C@H](c1ccc(C(=O)O)c(Oc2cccc(Cl)c2)c1)N1CCC[C@H](n2cc(C)c(=O)[nH]c2=O)C1,1.7199938263676038,tdc_hepatocyte,CCCC(C)(C)C[C@H](c1ccc(C(=O)O)c(Oc2cccc(Cl)c2)c1)N1CCC[C@H](n2cc(C)c(=O)[nH]c2=O)C1
CC(C(=O)O)c1cccc(C(=O)c2ccccc2)c1,1.7299742856995557,tdc_hepatocyte,CC(C(=O)O)c1cccc(C(=O)c2ccccc2)c1
NC(=O)NC(=O)C(Nc1ccc2c(c1)CCC2)c1ccccc1,1.7399676967595095,tdc_hepatocyte,NC(=O)NC(=O)C(Nc1ccc2c(c1)CCC2)c1ccccc1
Clc1ccc(COc2ccc(Br)cc2CN2CCOCC2)cc1,1.7399676967595095,tdc_hepatocyte,Clc1ccc(COc2ccc(Br)cc2CN2CCOCC2)cc1
CNC(=O)c1cnn(-c2ccccc2)c1NS(=O)(=O)c1ccc(C)cc1,1.806179973983887,tdc_hepatocyte,CNC(=O)c1cnn(-c2ccccc2)c1NS(=O)(=O)c1ccc(C)cc1
O=S(=O)(c1ccccc1)N(CC(F)(F)F)c1ccc(C(O)(C(F)(F)F)C(F)(F)F)cc1,1.1501421618485586,tdc_hepatocyte,O=S(=O)(c1ccccc1)N(CC(F)(F)F)c1ccc(C(O)(C(F)(F)F)C(F)(F)F)cc1
N#Cc1ccc(NC(=O)Nc2ccccc2Br)c2nn[nH]c12,1.8388490907372552,tdc_hepatocyte,N#Cc1ccc(NC(=O)Nc2ccccc2Br)c2nn[nH]c12
CCN(Cc1cc(C(F)(F)F)ccc1-c1cc(CC(=O)O)ccc1OC)C(=O)NCc1ccccc1,1.4000196350651586,tdc_hepatocyte,CCN(Cc1cc(C(F)(F)F)ccc1-c1cc(CC(=O)O)ccc1OC)C(=O)NCc1ccccc1
CN(C)c1nc(Cc2ccc(NC(=O)c3ccc(C(F)(F)F)cc3)cc2)nc(N(C)C)c1CC(=O)O,0.6503075231319364,tdc_hepatocyte,CN(C)c1nc(Cc2ccc(NC(=O)c3ccc(C(F)(F)F)cc3)cc2)nc(N(C)C)c1CC(=O)O
CN(CCOc1ccc(NS(C)(=O)=O)cc1)CCc1ccc(NS(C)(=O)=O)cc1,0.670245853074124,tdc_hepatocyte,CN(CCOc1ccc(NS(C)(=O)=O)cc1)CCc1ccc(NS(C)(=O)=O)cc1
C[C@@H](O)[C@H]1C(=O)N2C(C(=O)O)=C(SC3CN(C4=NCCS4)C3)[C@H](C)[C@H]12,0.6803355134145632,tdc_hepatocyte,C[C@@H](O)[C@H]1C(=O)N2C(C(=O)O)=C(SC3CN(C4=NCCS4)C3)[C@H](C)[C@H]12
C[C@H](c1nc2ncccc2c(=O)n1-c1ccc(Cl)cc1)N(CC1CCS(=O)(=O)CC1)C(=O)Cc1ccc(C(F)(F)F)c(F)c1,0.7101173651118162,tdc_hepatocyte,C[C@H](c1nc2ncccc2c(=O)n1-c1ccc(Cl)cc1)N(CC1CCS(=O)(=O)CC1)C(=O)Cc1ccc(C(F)(F)F)c(F)c1
COc1cc2nc(N3CCN(C(=O)c4ccco4)CC3)nc(N)c2cc1OC,0.7299742856995556,tdc_hepatocyte,COc1cc2nc(N3CCN(C(=O)c4ccco4)CC3)nc(N)c2cc1OC
Cc1c(F)cc(C(=O)NC2CC2)cc1-c1ccc(C(=O)NCC(C)(C)C)cn1,0.8000293592441343,tdc_hepatocyte,Cc1c(F)cc(C(=O)NC2CC2)cc1-c1ccc(C(=O)NCC(C)(C)C)cn1
Cc1ccc(-c2ccc3c(ccc4sc5c(c43)NC[C@@H](C)NC5=O)n2)cn1,0.8401060944567578,tdc_hepatocyte,Cc1ccc(-c2ccc3c(ccc4sc5c(c43)NC[C@@H](C)NC5=O)n2)cn1
CC(C)(C)NC(=O)[C@@H]1CN(Cc2cccnc2)CCN1C[C@@H](O)C[C@@H](Cc1ccccc1)C(=O)N[C@H]1c2ccccc2C[C@H]1O,1.0098756337121602,tdc_hepatocyte,CC(C)(C)NC(=O)[C@@H]1CN(Cc2cccnc2)CCN1C[C@@H](O)C[C@@H](Cc1ccccc1)C(=O)N[C@H]1c2ccccc2C[C@H]1O
O=C(O)C[C@H]1CC[C@H](c2ccc(-c3ccc(Nc4ccc(C(F)(F)F)nc4)cn3)cc2)CC1,1.0599418880619547,tdc_hepatocyte,O=C(O)C[C@H]1CC[C@H](c2ccc(-c3ccc(Nc4ccc(C(F)(F)F)nc4)cn3)cc2)CC1
CC(C)[C@H](C(=O)Nc1nccs1)c1ccc(Cl)cc1,1.0799044676667207,tdc_hepatocyte,CC(C)[C@H](C(=O)Nc1nccs1)c1ccc(Cl)cc1
Cc1ccc(S(=O)(=O)Nc2c(C(=O)N[C@@H](C)C(C)(C)C)c(C)nn2C2CCS(=O)(=O)CC2)cc1,0.6020599913279624,tdc_hepatocyte,Cc1ccc(S(=O)(=O)Nc2c(C(=O)N[C@@H](C)C(C)(C)C)c(C)nn2C2CCS(=O)(=O)CC2)cc1
O=C1Nc2ccc(Cl)cc2C(c2ccccc2Cl)=NC1O,0.6599162000698503,tdc_hepatocyte,O=C1Nc2ccc(Cl)cc2C(c2ccccc2Cl)=NC1O
CCOc1ncc(C)c2c1[C@H](c1ccc(C#N)cc1OC)C(C(N)=O)=C(C)N2,0.670245853074124,tdc_hepatocyte,CCOc1ncc(C)c2c1[C@H](c1ccc(C#N)cc1OC)C(C(N)=O)=C(C)N2
COc1cc(N2CC3CNCC(C2)O3)ccc1Nc1ncc(Cl)c(-c2cnc3ccccn23)n1,1.1398790864012365,tdc_hepatocyte,COc1cc(N2CC3CNCC(C2)O3)ccc1Nc1ncc(Cl)c(-c2cnc3ccccn23)n1
Nc1ncnc2c1ncn2[C@@H]1O[C@H](CSCCCNC(=O)NCc2ccccc2)[C@@H](O)[C@H]1O,1.1598678470925667,tdc_hepatocyte,Nc1ncnc2c1ncn2[C@@H]1O[C@H](CSCCCNC(=O)NCc2ccccc2)[C@@H](O)[C@H]1O
O=C(CN1CCOCC1)Nc1ccc(-c2cccc3c(=O)cc(N4CCOCC4)oc23)cc1OCCN1CCCC1,0.7403626894942439,tdc_hepatocyte,O=C(CN1CCOCC1)Nc1ccc(-c2cccc3c(=O)cc(N4CCOCC4)oc23)cc1OCCN1CCCC1
O=C(NCc1ccccc1)c1ccc2cccnc2c1O,1.3573630306151427,tdc_hepatocyte,O=C(NCc1ccccc1)c1ccc2cccnc2c1O
CCN(CC)S(=O)(=O)c1ccc(-c2nnc(SCC(=O)N3CCc4ccccc43)o2)cc1,2.1760912590556813,tdc_hepatocyte,CCN(CC)S(=O)(=O)c1ccc(-c2nnc(SCC(=O)N3CCc4ccccc43)o2)cc1
Cc1ccccc1C(OCCN(C)C)c1ccccc1,2.1760912590556813,tdc_hepatocyte,Cc1ccccc1C(OCCN(C)C)c1ccccc1
CC1(C)[C@@H]2CC[C@@]1(CS(=O)(=O)N1CCN(c3ccc(C#N)cn3)CC1)C(=O)C2,2.1760912590556813,tdc_hepatocyte,CC1(C)[C@@H]2CC[C@@]1(CS(=O)(=O)N1CCN(c3ccc(C#N)cn3)CC1)C(=O)C2
Cc1ccccc1NC(=O)CCS(=O)(=O)c1ccc(Br)s1,2.1760912590556813,tdc_hepatocyte,Cc1ccccc1NC(=O)CCS(=O)(=O)c1ccc(Br)s1
O=c1[nH]c2c(O)ccc([C@@H](O)CN[C@H]3CCC[C@@H]3OCc3ccccc3)c2s1,2.03342375548695,tdc_hepatocyte,O=c1[nH]c2c(O)ccc([C@@H](O)CN[C@H]3CCC[C@@H]3OCc3ccccc3)c2s1
C[C@@](C(=O)O[C@H]1C[N+]2(Cc3cc(-c4ccccc4)on3)CCC1CC2)(c1ccccc1)N1CCCCC1,2.041392685158225,tdc_hepatocyte,C[C@@](C(=O)O[C@H]1C[N+]2(Cc3cc(-c4ccccc4)on3)CCC1CC2)(c1ccccc1)N1CCCCC1
CCC(C)(C)C[C@H](c1ccc(C(=O)O)c(Oc2cccc(Cl)c2)c1)N1CCC[C@H](n2cc(C)c(=O)[nH]c2=O)C1,2.070000903802345,tdc_hepatocyte,CCC(C)(C)C[C@H](c1ccc(C(=O)O)c(Oc2cccc(Cl)c2)c1)N1CCC[C@H](n2cc(C)c(=O)[nH]c2=O)C1
CCS(=O)(=O)c1ccc(-c2cc(C(F)(F)F)ccc2OCC(=O)O)c(C)c1,0.47712125471966244,tdc_hepatocyte,CCS(=O)(=O)c1ccc(-c2cc(C(F)(F)F)ccc2OCC(=O)O)c(C)c1
C=CC(=O)Nc1ccc(F)cc1,0.47712125471966244,tdc_hepatocyte,C=CC(=O)Nc1ccc(F)cc1
O=C(Nc1ccc(Cl)c(S(=O)(=O)N2CCNCC2)c1O)Nc1cccc(F)c1Cl,0.47712125471966244,tdc_hepatocyte,O=C(Nc1ccc(Cl)c(S(=O)(=O)N2CCNCC2)c1O)Nc1cccc(F)c1Cl
O=c1[nH]c2c(O)ccc([C@@H](O)CNCCCOCCOCCc3ccccc3)c2s1,0.47712125471966244,tdc_hepatocyte,O=c1[nH]c2c(O)ccc([C@@H](O)CNCCCOCCOCCc3ccccc3)c2s1
CNC(=C[N+](=O)[O-])NCCSCc1ccc(CN(C)C)o1,0.47712125471966244,tdc_hepatocyte,CNC(=C[N+](=O)[O-])NCCSCc1ccc(CN(C)C)o1
COc1nc(C)nc(Cl)c1NC1=NCCN1,0.47712125471966244,tdc_hepatocyte,COc1nc(C)nc(Cl)c1NC1=NCCN1
COc1ccc(OC)c(C(O)CNC(=O)CN)c1,0.47712125471966244,tdc_hepatocyte,COc1ccc(OC)c(C(O)CNC(=O)CN)c1
N#CC1(NC(=O)[C@@H]2CCCC[C@H]2C(=O)N2CCN(c3nc4cnccc4s3)CC2)CC1,0.47712125471966244,tdc_hepatocyte,N#CC1(NC(=O)[C@@H]2CCCC[C@H]2C(=O)N2CCN(c3nc4cnccc4s3)CC2)CC1
CC1(C)[C@H](C(=O)O)N2C(=O)C[C@H]2S1(=O)=O,0.47712125471966244,tdc_hepatocyte,CC1(C)[C@H](C(=O)O)N2C(=O)C[C@H]2S1(=O)=O
COc1cccc2c1c(NS(=O)(=O)c1ccc(Cl)s1)nn2Cc1cccc(CNC(C)=O)c1,2.1760912590556813,tdc_hepatocyte,COc1cccc2c1c(NS(=O)(=O)c1ccc(Cl)s1)nn2Cc1cccc(CNC(C)=O)c1
CCOc1ccc2nc3ccc(=O)cc-3oc2c1,2.1760912590556813,tdc_hepatocyte,CCOc1ccc2nc3ccc(=O)cc-3oc2c1
Cc1ccccc1-n1c(Cn2nc(-c3ccc(O)c(F)c3)c3c(N)ncnc32)nc2cccc(C)c2c1=O,1.599992177584098,tdc_hepatocyte,Cc1ccccc1-n1c(Cn2nc(-c3ccc(O)c(F)c3)c3c(N)ncnc32)nc2cccc(C)c2c1=O
Cn1cc(C2=C(c3cccc(NCC(O)CO)c3)C(=O)NC2=O)c2cc(F)ccc21,1.6127838567197355,tdc_hepatocyte,Cn1cc(C2=C(c3cccc(NCC(O)CO)c3)C(=O)NC2=O)c2cc(F)ccc21
Cc1nccn1CCC(C(N)=O)(c1ccccc1)c1ccccc1,1.662757831681574,tdc_hepatocyte,Cc1nccn1CCC(C(N)=O)(c1ccccc1)c1ccccc1
COc1c2occc2cc2ccc(=O)oc12,1.7160033436347992,tdc_hepatocyte,COc1c2occc2cc2ccc(=O)oc12
CCC(CC)NC(=O)c1c(C)nn(C(C)C)c1NS(=O)(=O)c1ccc(C)cc1,1.7772092581456849,tdc_hepatocyte,CCC(CC)NC(=O)c1c(C)nn(C(C)C)c1NS(=O)(=O)c1ccc(C)cc1
C[C@H](CO)Nc1nc(SCc2ccco2)nc2[nH]c(=O)sc12,1.7853298350107671,tdc_hepatocyte,C[C@H](CO)Nc1nc(SCc2ccco2)nc2[nH]c(=O)sc12
CC1=C(C)C(=O)C(C(CCCCCC(=O)O)c2ccccc2)=C(C)C1=O,1.9294189257142929,tdc_hepatocyte,CC1=C(C)C(=O)C(C(CCCCCC(=O)O)c2ccccc2)=C(C)C1=O
C[C@H]1CN(Cc2cc(Cl)ccc2CC(=O)O)CCN1S(=O)(=O)Cc1ccccc1,0.9542425094393249,tdc_hepatocyte,C[C@H]1CN(Cc2cc(Cl)ccc2CC(=O)O)CCN1S(=O)(=O)Cc1ccccc1
O=C(Nc1ccccc1F)N[C@H]1N=C(c2ccccc2)c2ccccc2NC1=O,0.9599948383284161,tdc_hepatocyte,O=C(Nc1ccccc1F)N[C@H]1N=C(c2ccccc2)c2ccccc2NC1=O
C=CC(=O)Nc1ccc(C)cc1,1.9400181550076632,tdc_hepatocyte,C=CC(=O)Nc1ccc(C)cc1
C=CC(=O)Nc1ccccc1,1.5100085129402347,tdc_hepatocyte,C=CC(=O)Nc1ccccc1
C[N+]1(C)CCC(OC(=O)C(O)(c2ccccc2)C2CCCC2)C1,1.9590413923210936,tdc_hepatocyte,C[N+]1(C)CCC(OC(=O)C(O)(c2ccccc2)C2CCCC2)C1
COc1cc2c(cc1-c1c(C)noc1C)ncc1[nH]c(=O)n([C@H](C)c3ccccn3)c12,0.5105450102066121,tdc_hepatocyte,COc1cc2c(cc1-c1c(C)noc1C)ncc1[nH]c(=O)n([C@H](C)c3ccccn3)c12
Cc1ccc(-c2cc(C(F)(F)F)nn2-c2ccc(CC(=O)O)cc2)cc1,0.6803355134145632,tdc_hepatocyte,Cc1ccc(-c2cc(C(F)(F)F)nn2-c2ccc(CC(=O)O)cc2)cc1
Cc1nn(-c2ccc(F)cc2)c(NS(=O)(=O)c2ccc(C(F)(F)F)cc2)c1C(=O)N[C@@H](C)C(C)(C)C,0.6998377258672457,tdc_hepatocyte,Cc1nn(-c2ccc(F)cc2)c(NS(=O)(=O)c2ccc(C(F)(F)F)cc2)c1C(=O)N[C@@H](C)C(C)(C)C
CC(NC(=O)c1cc(O)nc2ccccc12)c1ccccc1,0.7201593034059569,tdc_hepatocyte,CC(NC(=O)c1cc(O)nc2ccccc12)c1ccccc1
CCC(CC)NC(=O)c1cnn(-c2ccccc2)c1NS(=O)(=O)C1CCCC1,0.7234556720351858,tdc_hepatocyte,CCC(CC)NC(=O)c1cnn(-c2ccccc2)c1NS(=O)(=O)C1CCCC1
C[C@H](CO)Nc1nc(SCc2ccccc2F)nc2nc(N)sc12,0.7596678446896306,tdc_hepatocyte,C[C@H](CO)Nc1nc(SCc2ccccc2F)nc2nc(N)sc12
CC(C)NCC(O)COc1cccc2[nH]ccc12,2.1760912590556813,tdc_hepatocyte,CC(C)NCC(O)COc1cccc2[nH]ccc12
Cc1[nH]c2ccc(-c3nnc(SCC(=O)N4CCCc5ccccc54)o3)cc2c1C,2.1760912590556813,tdc_hepatocyte,Cc1[nH]c2ccc(-c3nnc(SCC(=O)N4CCCc5ccccc54)o3)cc2c1C
NC1(c2ccc(-c3c(-c4ccccc4)ccn4ccnc34)cc2)CCC1,2.1760912590556813,tdc_hepatocyte,NC1(c2ccc(-c3c(-c4ccccc4)ccn4ccnc34)cc2)CCC1
CCC(=O)NC(c1cccs1)c1cc(Cl)c2cccnc2c1O,2.1760912590556813,tdc_hepatocyte,CCC(=O)NC(c1cccs1)c1cc(Cl)c2cccnc2c1O
Cc1cn([C@H]2CCCN([C@H](CC3CCCCC3)c3ccc(C(=O)O)c(Oc4cccc(Cl)c4)c3)C2)c(=O)[nH]c1=O,1.63002085111341,tdc_hepatocyte,Cc1cn([C@H]2CCCN([C@H](CC3CCCCC3)c3ccc(C(=O)O)c(Oc4cccc(Cl)c4)c3)C2)c(=O)[nH]c1=O
CN(C)c1nc(NC[C@H]2CC[C@H](CNS(=O)(=O)c3ccc(Br)cc3OC(F)(F)F)CC2)nc2ccccc12,1.7000110623221123,tdc_hepatocyte,CN(C)c1nc(NC[C@H]2CC[C@H](CNS(=O)(=O)c3ccc(Br)cc3OC(F)(F)F)CC2)nc2ccccc12
Cc1ccccc1/N=N/c1ccc(NC(=O)c2ccnn2C)c(C)c1,1.7075701760979363,tdc_hepatocyte,Cc1ccccc1/N=N/c1ccc(NC(=O)c2ccnn2C)c(C)c1
Cc1cc(OCC(=O)NCc2ccccc2)c2cc(Br)ccc2n1,1.7100326990657535,tdc_hepatocyte,Cc1cc(OCC(=O)NCc2ccccc2)c2cc(Br)ccc2n1
Cc1cn([C@H]2CCCN(S(=O)(=O)c3ccc(O)c(Oc4cccc(Br)c4)c3)C2)c(=O)[nH]c1=O,1.5800121125294244,tdc_hepatocyte,Cc1cn([C@H]2CCCN(S(=O)(=O)c3ccc(O)c(Oc4cccc(Br)c4)c3)C2)c(=O)[nH]c1=O
C#CC[C@@H](C(=O)N[C@H](/C=C/C(=O)OCC)C[C@@H]1CCNC1=O)n1cccc(NC(=O)c2cc(C)on2)c1=O,1.5800121125294244,tdc_hepatocyte,C#CC[C@@H](C(=O)N[C@H](/C=C/C(=O)OCC)C[C@@H]1CCNC1=O)n1cccc(NC(=O)c2cc(C)on2)c1=O
N#C[C@]1(NC(=O)[C@@H](N)Cc2cccs2)C[C@H]1c1ccccc1,2.1335389083702174,tdc_hepatocyte,N#C[C@]1(NC(=O)[C@@H](N)Cc2cccs2)C[C@H]1c1ccccc1
COc1ccc(-c2nc3c(NCCCN(C)C(=O)C4CCC4)c(Br)cnc3[nH]2)cc1,2.140004950619449,tdc_hepatocyte,COc1ccc(-c2nc3c(NCCCN(C)C(=O)C4CCC4)c(Br)cnc3[nH]2)cc1
O=C(Nc1ccccc1)c1ccc2cccc(O)c2n1,2.143014800254095,tdc_hepatocyte,O=C(Nc1ccccc1)c1ccc2cccc(O)c2n1
CNCC[C@@H](Oc1cc(OC)ccc1C#N)c1ccccc1,2.1522883443830567,tdc_hepatocyte,CNCC[C@@H](Oc1cc(OC)ccc1C#N)c1ccccc1
CN(C)CCC(c1ccc(Cl)cc1)c1ccccn1,1.3617278360175928,tdc_hepatocyte,CN(C)CCC(c1ccc(Cl)cc1)c1ccccn1
CCCCCCCC(=O)N[C@@H](CCN)C(=O)N[C@H](C(=O)N[C@@H](C)C(=O)N[C@H]1CCNC(=O)[C@H]([C@@H](C)O)NC(=O)[C@H](CCN)NC(=O)[C@H](CCN)NC(=O)[C@H](CC(C)C)NC(=O)[C@@H](Cc2ccccc2)NC(=O)[C@H](CCN)NC1=O)[C@@H](C)O,0.47712125471966244,tdc_hepatocyte,CCCCCCCC(=O)N[C@@H](CCN)C(=O)N[C@H](C(=O)N[C@@H](C)C(=O)N[C@H]1CCNC(=O)[C@H]([C@@H](C)O)NC(=O)[C@H](CCN)NC(=O)[C@H](CCN)NC(=O)[C@H](CC(C)C)NC(=O)[C@@H](Cc2ccccc2)NC(=O)[C@H](CCN)NC1=O)[C@@H](C)O
CCCCCCCC(=O)N[C@@H](CCN)C(=O)N[C@H](C(=O)N[C@@H](CCN)C(=O)N[C@H]1CCNC(=O)[C@H](C)NC(=O)[C@H](CCN)NC(=O)[C@H](CCN)NC(=O)[C@H](CC(C)C)NC(=O)[C@@H](Cc2ccccc2)NC(=O)[C@H](CCN)NC1=O)[C@@H](C)O,0.47712125471966244,tdc_hepatocyte,CCCCCCCC(=O)N[C@@H](CCN)C(=O)N[C@H](C(=O)N[C@@H](CCN)C(=O)N[C@H]1CCNC(=O)[C@H](C)NC(=O)[C@H](CCN)NC(=O)[C@H](CCN)NC(=O)[C@H](CC(C)C)NC(=O)[C@@H](Cc2ccccc2)NC(=O)[C@H](CCN)NC1=O)[C@@H](C)O
C[C@H]1CN(Cc2cc(Cl)ccc2OCC(=O)O)CCN1S(=O)(=O)c1ccccc1,0.47712125471966244,tdc_hepatocyte,C[C@H]1CN(Cc2cc(Cl)ccc2OCC(=O)O)CCN1S(=O)(=O)c1ccccc1
Cc1cc(NS(=O)(=O)c2ccc(N)cc2)no1,0.47712125471966244,tdc_hepatocyte,Cc1cc(NS(=O)(=O)c2ccc(N)cc2)no1
CCOc1nc2cccc(C(=O)O)c2n1Cc1ccc(-c2ccccc2-c2nnn[nH]2)cc1,0.47712125471966244,tdc_hepatocyte,CCOc1nc2cccc(C(=O)O)c2n1Cc1ccc(-c2ccccc2-c2nnn[nH]2)cc1
O=c1[nH]c2c(O)ccc([C@@H](O)CNCCSCCCNCCc3cccc(Cl)c3)c2s1,0.47712125471966244,tdc_hepatocyte,O=c1[nH]c2c(O)ccc([C@@H](O)CNCCSCCCNCCc3cccc(Cl)c3)c2s1
O=c1[nH]c2c(O)ccc([C@@H](O)CNCCc3cccc(CNCCc4ccccn4)c3)c2s1,0.47712125471966244,tdc_hepatocyte,O=c1[nH]c2c(O)ccc([C@@H](O)CNCCc3cccc(CNCCc4ccccn4)c3)c2s1
CC1(C)[C@H](NC(=O)/C(=N\OCc2cc(=O)c(O)cn2O)c2csc(N)n2)C(=O)N1OS(=O)(=O)O,0.47712125471966244,tdc_hepatocyte,CC1(C)[C@H](NC(=O)/C(=N\OCc2cc(=O)c(O)cn2O)c2csc(N)n2)C(=O)N1OS(=O)(=O)O
CC(C)N1CCN(Cc2cnc(-c3cc(-c4cccc5[nH]ccc45)cc4[nH]ncc34)o2)CC1,0.47712125471966244,tdc_hepatocyte,CC(C)N1CCN(Cc2cnc(-c3cc(-c4cccc5[nH]ccc45)cc4[nH]ncc34)o2)CC1
NC1(c2ccc(-c3ncc4nccn4c3-c3ccccc3)cc2)CCC1,0.47712125471966244,tdc_hepatocyte,NC1(c2ccc(-c3ncc4nccn4c3-c3ccccc3)cc2)CCC1
Oc1nc2ccccc2n1C1CCN(Cc2ccc(-c3nc4ccccc4cc3-c3ccccc3)cc2)CC1,0.47712125471966244,tdc_hepatocyte,Oc1nc2ccccc2n1C1CCN(Cc2ccc(-c3nc4ccccc4cc3-c3ccccc3)cc2)CC1
O=C(O)c1cn(C2CC2)c2cc(N3CCNCC3)c(F)cc2c1=O,0.6201360549737576,tdc_hepatocyte,O=C(O)c1cn(C2CC2)c2cc(N3CCNCC3)c(F)cc2c1=O
Cc1cnc(C(=O)NCCc2ccc(S(=O)(=O)NC(=O)NC3CCCCC3)cc2)cn1,0.6304278750250238,tdc_hepatocyte,Cc1cnc(C(=O)NCCc2ccc(S(=O)(=O)NC(=O)NC3CCCCC3)cc2)cn1
C=CCc1ccccc1OCC(O)CNC(C)C,2.1760912590556813,tdc_hepatocyte,C=CCc1ccccc1OCC(O)CNC(C)C
C[C@@H](O)[C@H]1C(=O)N2C(C(=O)OCOC(=O)C(C)(C)C)=C(SC3CN(C4=NCCS4)C3)[C@H](C)[C@H]12,2.1760912590556813,tdc_hepatocyte,C[C@@H](O)[C@H]1C(=O)N2C(C(=O)OCOC(=O)C(C)(C)C)=C(SC3CN(C4=NCCS4)C3)[C@H](C)[C@H]12
NC1(c2ccc(-c3nc4ccccn4c3-c3ccccc3)cc2)CCC1,2.1760912590556813,tdc_hepatocyte,NC1(c2ccc(-c3nc4ccccn4c3-c3ccccc3)cc2)CCC1
C[C@@](C(=O)O[C@H]1C[N+]2(CC(=O)Nc3ccccc3)CCC1CC2)(c1ccccc1)N1CCCCC1,1.806179973983887,tdc_hepatocyte,C[C@@](C(=O)O[C@H]1C[N+]2(CC(=O)Nc3ccccc3)CCC1CC2)(c1ccccc1)N1CCCCC1
CC(=O)N[C@@H](CCN)C(=O)N[C@H](C(=O)N[C@@H](CCN)C(=O)N[C@H]1CCNC(=O)[C@H]([C@@H](C)O)NC(=O)[C@H](CCN)NC(=O)[C@H](CCN)NC(=O)[C@H](CC(C)C)NC(=O)[C@@H](Cc2ccccc2)NC(=O)[C@H](CCN)NC1=O)[C@@H](C)O,0.47712125471966244,tdc_hepatocyte,CC(=O)N[C@@H](CCN)C(=O)N[C@H](C(=O)N[C@@H](CCN)C(=O)N[C@H]1CCNC(=O)[C@H]([C@@H](C)O)NC(=O)[C@H](CCN)NC(=O)[C@H](CCN)NC(=O)[C@H](CC(C)C)NC(=O)[C@@H](Cc2ccccc2)NC(=O)[C@H](CCN)NC1=O)[C@@H](C)O
COc1cccc2c1c(NS(=O)(=O)c1ccc(Cl)s1)nn2Cc1cccc(CNC(=O)C(C)(C)O)c1,1.6020599913279625,tdc_hepatocyte,COc1cccc2c1c(NS(=O)(=O)c1ccc(Cl)s1)nn2Cc1cccc(CNC(=O)C(C)(C)O)c1
CCC(CC)NC(=O)c1cnn(-c2ccccc2)c1NS(=O)(=O)c1ccc(C)cc1,1.6804261708581454,tdc_hepatocyte,CCC(CC)NC(=O)c1cnn(-c2ccccc2)c1NS(=O)(=O)c1ccc(C)cc1
C[C@]12Cc3cnn(-c4ccc(F)cc4)c3C=C1CC[C@@]2(O)CCc1ccc(F)cc1C(N)=O,1.7199938263676038,tdc_hepatocyte,C[C@]12Cc3cnn(-c4ccc(F)cc4)c3C=C1CC[C@@]2(O)CCc1ccc(F)cc1C(N)=O
CCCCOc1nc(N)c2[nH]c(=O)n(Cc3cccc(CC(=O)O)c3)c2n1,0.47712125471966244,tdc_hepatocyte,CCCCOc1nc(N)c2[nH]c(=O)n(Cc3cccc(CC(=O)O)c3)c2n1
O=C(NCC12CC3CC(CC(C3)C1)C2)c1cc(-n2ncc(=O)[nH]c2=O)ccc1Cl,1.1846914308175989,tdc_hepatocyte,O=C(NCC12CC3CC(CC(C3)C1)C2)c1cc(-n2ncc(=O)[nH]c2=O)ccc1Cl
O=C(O)COc1ccc(Cl)cc1CN1CCCN(S(=O)(=O)Cc2ccccc2)CC1,1.255272505103306,tdc_hepatocyte,O=C(O)COc1ccc(Cl)cc1CN1CCCN(S(=O)(=O)Cc2ccccc2)CC1
CS(=O)(=O)c1ccc([C@@H](CC2CCCC2)C(=O)Nc2nccs2)cc1,1.3199384399803087,tdc_hepatocyte,CS(=O)(=O)c1ccc([C@@H](CC2CCCC2)C(=O)Nc2nccs2)cc1
CC(=O)Nc1ccc2c(c1)c(-c1cc(NC3CC3)n3ncc(C#N)c3n1)cn2CCCO,1.089905111439398,tdc_hepatocyte,CC(=O)Nc1ccc2c(c1)c(-c1cc(NC3CC3)n3ncc(C#N)c3n1)cn2CCCO
C[C@H]1CN(Cc2cc(Cl)ccc2OCC(=O)O)CCN1C(=O)Cc1ccccc1Cl,1.1139433523068367,tdc_hepatocyte,C[C@H]1CN(Cc2cc(Cl)ccc2OCC(=O)O)CCN1C(=O)Cc1ccccc1Cl
CC1(COc2cc(-c3cccc4c(=O)cc(N5CCOCC5)oc34)ccc2NC(=O)CN2CCOCC2)COC1,1.9800033715837464,tdc_hepatocyte,CC1(COc2cc(-c3cccc4c(=O)cc(N5CCOCC5)oc34)ccc2NC(=O)CN2CCOCC2)COC1
CC(C)(C)NC(=O)NCCN1CCN(CC(=O)NC23CC4CC(CC(C4)C2)C3)CC1,1.5299434016586693,tdc_hepatocyte,CC(C)(C)NC(=O)NCCN1CCN(CC(=O)NC23CC4CC(CC(C4)C2)C3)CC1
COCc1ccoc1C(=O)N(c1ccc(OC)cc1OC)C(C(=O)NC[C@@H](C)O)c1ccccc1F,1.5378190950732742,tdc_hepatocyte,COCc1ccoc1C(=O)N(c1ccc(OC)cc1OC)C(C(=O)NC[C@@H](C)O)c1ccccc1F
N#CC1(NC(=O)[C@@H]2CCCC[C@H]2C(=O)N2CCN(c3nccs3)CC2)CC1,1.5600262489128924,tdc_hepatocyte,N#CC1(NC(=O)[C@@H]2CCCC[C@H]2C(=O)N2CCN(c3nccs3)CC2)CC1
CCCCNc1cc(C(=O)O)cc(S(N)(=O)=O)c1Oc1ccccc1,2.159988050381987,tdc_hepatocyte,CCCCNc1cc(C(=O)O)cc(S(N)(=O)=O)c1Oc1ccccc1
COc1ccc2c(Oc3ccc(CC(=O)Nc4cn(C)nc4C)c(OC)c3)ccnc2c1,1.369957607346053,tdc_hepatocyte,COc1ccc2c(Oc3ccc(CC(=O)Nc4cn(C)nc4C)c(OC)c3)ccnc2c1
COc1ccc(C)c(Nc2ncc3ccn(-c4ccccn4)c3n2)c1,1.920018916028915,tdc_hepatocyte,COc1ccc(C)c(Nc2ncc3ccn(-c4ccccn4)c3n2)c1
O=C(Nc1cccc(-c2nnn[nH]2)c1)c1cc(O)cc(C(F)(F)F)c1,1.4699692094999595,tdc_hepatocyte,O=C(Nc1cccc(-c2nnn[nH]2)c1)c1cc(O)cc(C(F)(F)F)c1
Cc1ccc(S(=O)(=O)Nc2c(C(=O)N[C@@H](C)C(C)(C)C)c(C)nn2C2CCC2)cc1,1.2304489213782739,tdc_hepatocyte,Cc1ccc(S(=O)(=O)Nc2c(C(=O)N[C@@H](C)C(C)(C)C)c(C)nn2C2CCC2)cc1
COc1ccc(C#Cc2ccc([C@@H]3[C@H](CO)N4CCCCN(C(=O)Nc5cccc(F)c5)C[C@@H]34)cc2)cc1,1.2600713879850747,tdc_hepatocyte,COc1ccc(C#Cc2ccc([C@@H]3[C@H](CO)N4CCCCN(C(=O)Nc5cccc(F)c5)C[C@@H]34)cc2)cc1
COc1ccnc(CCc2nc3cccnc3[nH]2)c1,1.2762319579218335,tdc_hepatocyte,COc1ccnc(CCc2nc3cccnc3[nH]2)c1
Nc1nc(-c2ccc(Cl)c(Cl)c2)c(-c2ccncc2)s1,1.2798949800116382,tdc_hepatocyte,Nc1nc(-c2ccc(Cl)c(Cl)c2)c(-c2ccncc2)s1
N#Cc1ccc2[nH]c(-c3ccc(F)cc3)c(CCCC(=O)NS(N)(=O)=O)c2c1,1.2922560713564761,tdc_hepatocyte,N#Cc1ccc2[nH]c(-c3ccc(F)cc3)c(CCCC(=O)NS(N)(=O)=O)c2c1
COc1cccc(Nc2c(C(N)=O)cnc3c(C)cc(S(=O)(=O)c4cccc(C(=O)N(C)C)c4)cc23)c1,1.3021143769562011,tdc_hepatocyte,COc1cccc(Nc2c(C(N)=O)cnc3c(C)cc(S(=O)(=O)c4cccc(C(=O)N(C)C)c4)cc23)c1
Cc1nn(-c2ccccc2)c(NC(=O)NS(=O)(=O)c2ccc(Cl)cc2)c1C#N,0.47712125471966244,tdc_hepatocyte,Cc1nn(-c2ccccc2)c(NC(=O)NS(=O)(=O)c2ccc(Cl)cc2)c1C#N
C[C@H]1CN(Cc2cc(Cl)ccc2OCC(=O)O)CCN1C(=O)Cc1ccc(Cl)cc1,0.47712125471966244,tdc_hepatocyte,C[C@H]1CN(Cc2cc(Cl)ccc2OCC(=O)O)CCN1C(=O)Cc1ccc(Cl)cc1
CN1C(=O)CN=C(c2ccccc2)c2cc(Cl)ccc21,0.7902851640332417,tdc_hepatocyte,CN1C(=O)CN=C(c2ccccc2)c2cc(Cl)ccc21
Cc1cccc(CN2CCC3(CC2)CCN(C(=O)c2ccccc2)CC3)c1,1.0086001717619175,tdc_hepatocyte,Cc1cccc(CN2CCC3(CC2)CCN(C(=O)c2ccccc2)CC3)c1
Cc1cc(F)ccc1OC1CCN(CC2CCN([C@@](C)(Cc3ccc(F)cc3)C(=O)O)CC2)CC1,1.0265332645232967,tdc_hepatocyte,Cc1cc(F)ccc1OC1CCN(CC2CCN([C@@](C)(Cc3ccc(F)cc3)C(=O)O)CC2)CC1
CCCCc1oc2ccccc2c1C(=O)c1cc(I)c(OCCN(CC)CC)c(I)c1,1.0413926851582251,tdc_hepatocyte,CCCCc1oc2ccccc2c1C(=O)c1cc(I)c(OCCN(CC)CC)c(I)c1
O=C(Nc1ccccc1-c1ccccc1)OC1CCN(CCCCCCCCCNC[C@H](O)c2ccc(O)c3[nH]c(=O)ccc23)CC1,1.403635189790548,tdc_hepatocyte,O=C(Nc1ccccc1-c1ccccc1)OC1CCN(CCCCCCCCCNC[C@H](O)c2ccc(O)c3[nH]c(=O)ccc23)CC1
O=C(CN1CCOCC1)Nc1ccc(-c2cccc3c(=O)cc(N4CCOCC4)oc23)cc1OCC1CC1,1.9800033715837464,tdc_hepatocyte,O=C(CN1CCOCC1)Nc1ccc(-c2cccc3c(=O)cc(N4CCOCC4)oc23)cc1OCC1CC1
Cc1c(Sc2ccc(Cl)cc2)c2cc(F)ccc2n1CC(=O)O,1.5314789170422551,tdc_hepatocyte,Cc1c(Sc2ccc(Cl)cc2)c2cc(F)ccc2n1CC(=O)O
CC[C@H](CO)Nc1nc(NCc2ccccc2)c2ncn(C(C)C)c2n1,2.0299921753778474,tdc_hepatocyte,CC[C@H](CO)Nc1nc(NCc2ccccc2)c2ncn(C(C)C)c2n1
CC(C)[C@H]1C(=O)N[C@H](CO)Cc2ccccc2N1C,2.159988050381987,tdc_hepatocyte,CC(C)[C@H]1C(=O)N[C@H](CO)Cc2ccccc2N1C
Cc1c(N(C)C)c(=O)n(-c2ccccc2)n1C,0.5403294747908738,tdc_hepatocyte,Cc1c(N(C)C)c(=O)n(-c2ccccc2)n1C
Cc1nc2ccc(-c3ccc(Cl)cc3)cc2c(=O)n1C[C@H]1CCCN(C(C)C)C1,0.5797835966168101,tdc_hepatocyte,Cc1nc2ccc(-c3ccc(Cl)cc3)cc2c(=O)n1C[C@H]1CCCN(C(C)C)C1
CSCCC(NC(=O)c1ccccc1)c1nc2ccccc2n1Cc1ccc(C#N)cc1,2.1760912590556813,tdc_hepatocyte,CSCCC(NC(=O)c1ccccc1)c1nc2ccccc2n1Cc1ccc(C#N)cc1
C=CC(=O)Nc1ccc2ncnc(Nc3cccc(C)c3)c2c1,2.1760912590556813,tdc_hepatocyte,C=CC(=O)Nc1ccc2ncnc(Nc3cccc(C)c3)c2c1
NCCc1ccc(O)c2nc(O)sc12,2.1760912590556813,tdc_hepatocyte,NCCc1ccc(O)c2nc(O)sc12
CN(CCc1ccc(O)c2nc(O)sc12)CCN(C)C(=O)CCOCCc1ccccc1,2.1760912590556813,tdc_hepatocyte,CN(CCc1ccc(O)c2nc(O)sc12)CCN(C)C(=O)CCOCCc1ccccc1
CCOC(=O)c1c(C)n(Cc2ccco2)c2ccc(O)cc12,2.1760912590556813,tdc_hepatocyte,CCOC(=O)c1c(C)n(Cc2ccco2)c2ccc(O)cc12
c1csc(Cn2nnnc2CN2CCN(c3nc4ccccc4s3)CC2)c1,2.1760912590556813,tdc_hepatocyte,c1csc(Cn2nnnc2CN2CCN(c3nc4ccccc4s3)CC2)c1
O=S(=O)(c1ccccc1)N1CCN(Cc2ccccc2)CC1,2.1760912590556813,tdc_hepatocyte,O=S(=O)(c1ccccc1)N1CCN(Cc2ccccc2)CC1
CN(CC(=O)N(Cc1ccc(C2CCCCC2)cc1)c1ccc(C(=O)O)c(O)c1)S(=O)(=O)c1c(F)c(F)c(F)c(F)c1F,1.8699940001217419,tdc_hepatocyte,CN(CC(=O)N(Cc1ccc(C2CCCCC2)cc1)c1ccc(C(=O)O)c(O)c1)S(=O)(=O)c1c(F)c(F)c(F)c(F)c1F
O=C(Nc1nc2ccccc2s1)c1ccccc1,1.8899736384039962,tdc_hepatocyte,O=C(Nc1nc2ccccc2s1)c1ccccc1
Cc1ccc(S(=O)(=O)Nc2c(C(=O)NCc3ccccc3)cnn2-c2ccccc2)cc1,1.6020599913279625,tdc_hepatocyte,Cc1ccc(S(=O)(=O)Nc2c(C(=O)NCc3ccccc3)cnn2-c2ccccc2)cc1
O=C(N[C@H](Cc1ccc(Cl)cc1)C(=O)N1CCC(Cn2cncn2)(C2CCCCC2)CC1)[C@H]1Cc2ccccc2CN1,1.6100210246641453,tdc_hepatocyte,O=C(N[C@H](Cc1ccc(Cl)cc1)C(=O)N1CCC(Cn2cncn2)(C2CCCCC2)CC1)[C@H]1Cc2ccccc2CN1
CCOc1ccc(-n2c([C@@H](C)N(Cc3cccnc3)C(=O)Cc3ccc(C(F)(F)F)cc3)nc3ccccc3c2=O)cc1,1.6370892735303304,tdc_hepatocyte,CCOc1ccc(-n2c([C@@H](C)N(Cc3cccnc3)C(=O)Cc3ccc(C(F)(F)F)cc3)nc3ccccc3c2=O)cc1
Cc1nn(C2CCOCC2)c(NS(=O)(=O)c2ccc(C3CC3)cc2)c1C(=O)N[C@@H](C)C(C)(C)C,0.47712125471966244,tdc_hepatocyte,Cc1nn(C2CCOCC2)c(NS(=O)(=O)c2ccc(C3CC3)cc2)c1C(=O)N[C@@H](C)C(C)(C)C
O=C(CO)N1CCC(c2[nH]nc(-c3ccc(Cl)cc3F)c2-c2ccncn2)CC1,0.47712125471966244,tdc_hepatocyte,O=C(CO)N1CCC(c2[nH]nc(-c3ccc(Cl)cc3F)c2-c2ccncn2)CC1
Cc1oc(-c2ccccc2)cc1C(=O)Nc1cccc(C(=O)O)c1,1.8200043068083178,tdc_hepatocyte,Cc1oc(-c2ccccc2)cc1C(=O)Nc1cccc(C(=O)O)c1
CS(=O)(=O)NC(=O)CCCc1c(-c2ccc(F)cc2)[nH]c2ccc(C#N)cc12,1.1553360374650619,tdc_hepatocyte,CS(=O)(=O)NC(=O)CCCc1c(-c2ccc(F)cc2)[nH]c2ccc(C#N)cc12
COC1=CC(c2cc3ccccc3[nH]2)=N/C1=C\c1[nH]c(C)cc1C,1.3500540935790304,tdc_hepatocyte,COC1=CC(c2cc3ccccc3[nH]2)=N/C1=C\c1[nH]c(C)cc1C
COc1ccc(C2CC(c3ccc(Br)cc3)=NN2C(C)=O)cc1,1.2201080880400552,tdc_hepatocyte,COc1ccc(C2CC(c3ccc(Br)cc3)=NN2C(C)=O)cc1
Cc1ccc(-c2cc(C(F)(F)F)nn2-c2ccc(S(C)(=O)=O)cc2)cc1,1.2400497721126476,tdc_hepatocyte,Cc1ccc(-c2cc(C(F)(F)F)nn2-c2ccc(S(C)(=O)=O)cc2)cc1
Cc1ccc(S(=O)(=O)Nc2c(C(=O)N[C@@H](C)C(C)(C)C)c(C)nn2CC(F)(F)F)cc1,1.255272505103306,tdc_hepatocyte,Cc1ccc(S(=O)(=O)Nc2c(C(=O)N[C@@H](C)C(C)(C)C)c(C)nn2CC(F)(F)F)cc1
Cc1ccccc1CN1CCC(N2CCC(n3c(=O)[nH]c4ccccc43)CC2)CC1,1.2787536009528289,tdc_hepatocyte,Cc1ccccc1CN1CCC(N2CCC(n3c(=O)[nH]c4ccccc43)CC2)CC1
CCOc1ccc2oc(C(=O)NC(CCSC)c3nc4cnccc4[nH]3)c(C)c2c1,1.3222192947339193,tdc_hepatocyte,CCOc1ccc2oc(C(=O)NC(CCSC)c3nc4cnccc4[nH]3)c(C)c2c1
C[C@H](C(=O)O)c1cccc(C(=O)c2ccccc2)c1,1.3222192947339193,tdc_hepatocyte,C[C@H](C(=O)O)c1cccc(C(=O)c2ccccc2)c1
C[C@@H](C(=O)O)c1cccc(C(=O)c2ccccc2)c1,1.3283796034387378,tdc_hepatocyte,C[C@@H](C(=O)O)c1cccc(C(=O)c2ccccc2)c1
O=C(NCC1CCCCCC1)c1cc(-c2cccnc2N2CCC(C(=O)O)CC2)ccc1Cl,1.1760912590556813,tdc_hepatocyte,O=C(NCC1CCCCCC1)c1cc(-c2cccnc2N2CCC(C(=O)O)CC2)ccc1Cl
NC1(c2ccc(-c3c(-c4ccccc4)ccc4ccnn34)cc2)CCC1,1.0098756337121602,tdc_hepatocyte,NC1(c2ccc(-c3c(-c4ccccc4)ccc4ccnn34)cc2)CCC1
CC(C)CNc1nc(N2CCN(CC3CCCOC3)CC2)ncc1C(=O)NCc1ccccc1,1.9500239065233265,tdc_hepatocyte,CC(C)CNc1nc(N2CCN(CC3CCCOC3)CC2)ncc1C(=O)NCc1ccccc1
CS(=O)(=O)CCNCc1ccc(-c2ccc3ncnc(Nc4ccc(OCc5cccc(F)c5)c(Cl)c4)c3c2)o1,1.9599948383284163,tdc_hepatocyte,CS(=O)(=O)CCNCc1ccc(-c2ccc3ncnc(Nc4ccc(OCc5cccc(F)c5)c(Cl)c4)c3c2)o1
c1ccc([C@H]([C@@H](c2ccccc2)N2CCCCC2)N2CCCCC2)cc1,1.0799044676667207,tdc_hepatocyte,c1ccc([C@H]([C@@H](c2ccccc2)N2CCCCC2)N2CCCCC2)cc1
NC1=Nc2ccccc2Sc2cccc(F)c21,1.1199154102579911,tdc_hepatocyte,NC1=Nc2ccccc2Sc2cccc(F)c21
CCCNCC(O)COc1ccccc1C(=O)CCc1ccccc1,1.5800121125294244,tdc_hepatocyte,CCCNCC(O)COc1ccccc1C(=O)CCc1ccccc1
CCC(C)(CC)C[C@H](c1ccc(C(=O)O)c(Oc2cccc(Br)c2)c1)N1CCC[C@H](n2cc(C)c(=O)[nH]c2=O)C1,1.8399805576783428,tdc_hepatocyte,CCC(C)(CC)C[C@H](c1ccc(C(=O)O)c(Oc2cccc(Br)c2)c1)N1CCC[C@H](n2cc(C)c(=O)[nH]c2=O)C1
O=C(Nc1nc2ccccc2n1CCCO)c1cccc([N+](=O)[O-])c1,1.9299805905155147,tdc_hepatocyte,O=C(Nc1nc2ccccc2n1CCCO)c1cccc([N+](=O)[O-])c1
Cc1cccc(NC(=O)Nc2cccc3ccccc23)c1,1.9599948383284163,tdc_hepatocyte,Cc1cccc(NC(=O)Nc2cccc3ccccc23)c1
Nc1ncnc2c1ncn2[C@@H]1O[C@H](CSCCCNC(=O)Nc2ccc(Cl)cc2)[C@@H](O)[C@H]1O,1.9700212658283658,tdc_hepatocyte,Nc1ncnc2c1ncn2[C@@H]1O[C@H](CSCCCNC(=O)Nc2ccc(Cl)cc2)[C@@H](O)[C@H]1O
CCOC(=O)C1=C(C)NC(C)=C(C(C)=O)[C@H]1c1cccc2c(=O)cc(C)oc12,2.019988159591285,tdc_hepatocyte,CCOC(=O)C1=C(C)NC(C)=C(C(C)=O)[C@H]1c1cccc2c(=O)cc(C)oc12
CCOc1cc(Nc2nc3c(cc2F)ncn3[C@@H](CO)c2ccc(F)cn2)n[nH]1,1.4800069429571507,tdc_hepatocyte,CCOc1cc(Nc2nc3c(cc2F)ncn3[C@@H](CO)c2ccc(F)cn2)n[nH]1
C[C@@H]1CN(c2ccc(F)cc2C(F)(F)F)CCN1S(=O)(=O)c1ccc(C(N)=O)cc1Cl,1.8000293592441343,tdc_hepatocyte,C[C@@H]1CN(c2ccc(F)cc2C(F)(F)F)CCN1S(=O)(=O)c1ccc(C(N)=O)cc1Cl
O=C(O)[C@H](Cc1ccc(F)cc1)N1CCC(CN2CCC(Oc3ccc(Cl)cc3)CC2)CC1,0.47712125471966244,tdc_hepatocyte,O=C(O)[C@H](Cc1ccc(F)cc1)N1CCC(CN2CCC(Oc3ccc(Cl)cc3)CC2)CC1
N#CC1(NC(=O)[C@@H]2CCCC[C@H]2C(=O)N2CCN(c3nc4ccncc4s3)CC2)CC1,0.8202014594856403,tdc_hepatocyte,N#CC1(NC(=O)[C@@H]2CCCC[C@H]2C(=O)N2CCN(c3nc4ccncc4s3)CC2)CC1
CCOc1cc(CC(=O)N[C@@H](CC(C)C)c2ccccc2N2CCCCC2)ccc1C(=O)O,1.4699692094999595,tdc_hepatocyte,CCOc1cc(CC(=O)N[C@@H](CC(C)C)c2ccccc2N2CCCCC2)ccc1C(=O)O
CC(C)(C)c1ccc2c(c1)CC[C@H]2NC(=O)Nc1cccc2[nH]ncc12,1.3100557377508915,tdc_hepatocyte,CC(C)(C)c1ccc2c(c1)CC[C@H]2NC(=O)Nc1cccc2[nH]ncc12
Cc1noc2cc(N3CCN(C(=O)[C@@H]4CCCC[C@H]4C(=O)NC4(C#N)CC4)[C@H](C)C3)ccc12,1.4800069429571507,tdc_hepatocyte,Cc1noc2cc(N3CCN(C(=O)[C@@H]4CCCC[C@H]4C(=O)NC4(C#N)CC4)[C@H](C)C3)ccc12
CN[C@@H](C)C(=O)N[C@H](C(=O)N1CC[C@H]2CC[C@H](NC(=O)c3cccc4ccccc34)[C@H]21)C(C)(C)C,1.0799044676667207,tdc_hepatocyte,CN[C@@H](C)C(=O)N[C@H](C(=O)N1CC[C@H]2CC[C@H](NC(=O)c3cccc4ccccc34)[C@H]21)C(C)(C)C
CN(C)CCOc1cc(NS(=O)(=O)c2c(Cl)cc(C(F)(F)F)cc2Cl)ccc1Cl,1.1099158630237933,tdc_hepatocyte,CN(C)CCOc1cc(NS(=O)(=O)c2c(Cl)cc(C(F)(F)F)cc2Cl)ccc1Cl
CC(C)c1ccc(NC(=O)Cn2cnc3c2c(=O)n(C)c(=O)n3C)cc1,1.2201080880400552,tdc_hepatocyte,CC(C)c1ccc(NC(=O)Cn2cnc3c2c(=O)n(C)c(=O)n3C)cc1
CN[C@@H](C)C(=O)N[C@H]1CN(C(=O)CC(C)C)CC[C@H]2CC[C@@H](C(=O)NC(c3ccccc3)c3ccccc3)N2C1=O,1.2299376859079338,tdc_hepatocyte,CN[C@@H](C)C(=O)N[C@H]1CN(C(=O)CC(C)C)CC[C@H]2CC[C@@H](C(=O)NC(c3ccccc3)c3ccccc3)N2C1=O
C[C@]1(O)C[C@@H](c2nc(-c3ccc4ccc(-c5ccccc5)nc4c3)c3c(N)nccn32)C1,1.2299376859079338,tdc_hepatocyte,C[C@]1(O)C[C@@H](c2nc(-c3ccc4ccc(-c5ccccc5)nc4c3)c3c(N)nccn32)C1
CCCSc1c(C(=O)NC2CCCCC2)cnn1-c1cccc(C(=O)O)c1,1.2299376859079338,tdc_hepatocyte,CCCSc1c(C(=O)NC2CCCCC2)cnn1-c1cccc(C(=O)O)c1
NS(=O)(=O)c1ccc(-n2nc(C(F)(F)F)cc2-c2ccc(C(F)(F)F)cc2)cc1,1.2600713879850747,tdc_hepatocyte,NS(=O)(=O)c1ccc(-n2nc(C(F)(F)F)cc2-c2ccc(C(F)(F)F)cc2)cc1
COc1ccc2ncc(F)c(CCN3CCC(NCc4ccc5c(n4)NC(=O)CO5)CC3)c2n1,1.599992177584098,tdc_hepatocyte,COc1ccc2ncc(F)c(CCN3CCC(NCc4ccc5c(n4)NC(=O)CO5)CC3)c2n1
C[C@H](Cc1cccc(CC(=O)NC23CC4CC(CC(C4)C2)C3)c1)NC[C@H](O)c1ccc(O)c(CO)c1,1.6334684555795866,tdc_hepatocyte,C[C@H](Cc1cccc(CC(=O)NC23CC4CC(CC(C4)C2)C3)c1)NC[C@H](O)c1ccc(O)c(CO)c1
CC(C)OC(=O)C(C)(C)Oc1ccc(C(=O)c2ccc(Cl)cc2)cc1,1.7323937598229686,tdc_hepatocyte,CC(C)OC(=O)C(C)(C)Oc1ccc(C(=O)c2ccc(Cl)cc2)cc1
C[C@H](CS)C(=O)N1CCC[C@H]1C(=O)O,1.7567121601647717,tdc_hepatocyte,C[C@H](CS)C(=O)N1CCC[C@H]1C(=O)O
Cc1cccc(-c2ccc(CNC(=O)CCCc3ccc4cccnc4n3)cc2)c1,1.7800291273373383,tdc_hepatocyte,Cc1cccc(-c2ccc(CNC(=O)CCCc3ccc4cccnc4n3)cc2)c1
C[C@@](C(=O)O[C@H]1C[N+]2(CC(=O)Nc3ccccn3)CCC1CC2)(c1ccccc1)N1CCCCC1,1.806179973983887,tdc_hepatocyte,C[C@@](C(=O)O[C@H]1C[N+]2(CC(=O)Nc3ccccn3)CCC1CC2)(c1ccccc1)N1CCCCC1
Cc1ccc(S(=O)(=O)Nc2c(C(=O)N[C@@H](C)C(C)(C)C)c(C)nn2C2CCCCC2)cc1,0.9030899869919435,tdc_hepatocyte,Cc1ccc(S(=O)(=O)Nc2c(C(=O)N[C@@H](C)C(C)(C)C)c(C)nn2C2CCCCC2)cc1
Cc1c(Sc2ccc(Cl)cc2)c2c(NS(C)(=O)=O)cccc2n1CC(=O)O,0.6776069527204931,tdc_hepatocyte,Cc1c(Sc2ccc(Cl)cc2)c2c(NS(C)(=O)=O)cccc2n1CC(=O)O
Cc1cc(OCCCS(C)(=O)=O)cc(C)c1-c1cccc(COc2ccc3c(c2)OC[C@H]3CC(=O)O)c1,0.7201593034059569,tdc_hepatocyte,Cc1cc(OCCCS(C)(=O)=O)cc(C)c1-c1cccc(COc2ccc3c(c2)OC[C@H]3CC(=O)O)c1
CS(=O)(=O)N1CCc2c(-c3cnc(N)nc3)nc(N3CCOCC3)nc21,0.7299742856995556,tdc_hepatocyte,CS(=O)(=O)N1CCc2c(-c3cnc(N)nc3)nc(N3CCOCC3)nc21
Nc1[nH]ncc1-c1cc(Cl)ccc1Oc1cc(F)c(S(=O)(=O)Nc2cscn2)cc1Cl,0.7497363155690611,tdc_hepatocyte,Nc1[nH]ncc1-c1cc(Cl)ccc1Oc1cc(F)c(S(=O)(=O)Nc2cscn2)cc1Cl
COc1ccc(N(C(=O)c2occc2C)C(C(=O)NC[C@@H](C)O)c2ccccc2F)c(OC)c1,1.9395192526186185,tdc_hepatocyte,COc1ccc(N(C(=O)c2occc2C)C(C(=O)NC[C@@H](C)O)c2ccccc2F)c(OC)c1
O=C(NCC12CC3CC(CC(C3)C1)C2)c1c(Cl)ccc2nc(N3CCC[C@H](NCCc4nnn[nH]4)C3)ccc12,1.1139433523068367,tdc_hepatocyte,O=C(NCC12CC3CC(CC(C3)C1)C2)c1c(Cl)ccc2nc(N3CCC[C@H](NCCc4nnn[nH]4)C3)ccc12
CS(=O)(=O)c1ccc(-c2cnc(N)c(C(=O)Nc3ccccc3)n2)cc1,1.2798949800116382,tdc_hepatocyte,CS(=O)(=O)c1ccc(-c2cnc(N)c(C(=O)Nc3ccccc3)n2)cc1
N#Cc1ccc(C(=O)Nc2ccc(-n3ccnc3)nc2)cc1,1.3100557377508915,tdc_hepatocyte,N#Cc1ccc(C(=O)Nc2ccc(-n3ccnc3)nc2)cc1
CCC(CC)NC(=O)c1c(C)nn(-c2ccccc2)c1NS(=O)(=O)c1ccc(C)cc1,1.1300119496719043,tdc_hepatocyte,CCC(CC)NC(=O)c1c(C)nn(-c2ccccc2)c1NS(=O)(=O)c1ccc(C)cc1
CNC(=O)c1c(F)cccc1Nc1nc(Nc2cc3c(cc2OC)CCN3C(=O)CN(C)C)nc2[nH]ccc12,1.3400473176613932,tdc_hepatocyte,CNC(=O)c1c(F)cccc1Nc1nc(Nc2cc3c(cc2OC)CCN3C(=O)CN(C)C)nc2[nH]ccc12
CC(C)n1c(/C=C/C(O)CC(O)CC(=O)O)c(-c2ccc(F)cc2)c2ccccc21,0.47712125471966244,tdc_hepatocyte,CC(C)n1c(/C=C/C(O)CC(O)CC(=O)O)c(-c2ccc(F)cc2)c2ccccc21
Cc1nc(Nc2ncc(C(=O)Nc3c(C)cccc3Cl)s2)cc(N2CCN(CCO)CC2)n1,1.4499409887733377,tdc_hepatocyte,Cc1nc(Nc2ncc(C(=O)Nc3c(C)cccc3Cl)s2)cc(N2CCN(CCO)CC2)n1
CC(=O)N1N=C(c2ccc(Br)cc2)CC1c1ccc(C)cc1,1.4899584794248346,tdc_hepatocyte,CC(=O)N1N=C(c2ccc(Br)cc2)CC1c1ccc(C)cc1
Cc1ccc(CO)cc1N(C)c1ccnc(Nc2cc(N3CCOCC3)cc(N3CCOCC3)c2)n1,1.4999618655961902,tdc_hepatocyte,Cc1ccc(CO)cc1N(C)c1ccnc(Nc2cc(N3CCOCC3)cc(N3CCOCC3)c2)n1
Cc1ncc2n1-c1ccc(Cl)cc1C(c1ccccc1F)=NC2,1.5100085129402347,tdc_hepatocyte,Cc1ncc2n1-c1ccc(Cl)cc1C(c1ccccc1F)=NC2
Cc1nn(-c2ccccc2)c(N)c1-c1ccccc1,1.5100085129402347,tdc_hepatocyte,Cc1nn(-c2ccccc2)c(N)c1-c1ccccc1
COCCNc1nc(NCc2ccccc2F)c2sccc2n1,2.1699975370665703,tdc_hepatocyte,COCCNc1nc(NCc2ccccc2F)c2sccc2n1
O=c1cc(-c2cccnc2)[nH]c2cc(C(O)c3ccccc3)ccc12,1.662757831681574,tdc_hepatocyte,O=c1cc(-c2cccnc2)[nH]c2cc(C(O)c3ccccc3)ccc12
Nc1nnc(CCSCCc2nnc(NC(=O)Cc3ccccc3)s2)s1,1.8599784416420209,tdc_hepatocyte,Nc1nnc(CCSCCc2nnc(NC(=O)Cc3ccccc3)s2)s1
C[C@@](C(=O)O[C@H]1C[N+]2(CCOCCc3ccccc3)CCC1CC2)(c1ccccc1)N1CCCCC1,1.8864907251724818,tdc_hepatocyte,C[C@@](C(=O)O[C@H]1C[N+]2(CCOCCc3ccccc3)CCC1CC2)(c1ccccc1)N1CCCCC1
O=c1[nH]c2cc(Cl)ccc2o1,1.0398105541483504,tdc_hepatocyte,O=c1[nH]c2cc(Cl)ccc2o1
O=C(O)CC[C@@H](Cc1ccc(OCc2ccccc2)cc1)NC(=O)CCCCCCc1ccccc1,1.2400497721126476,tdc_hepatocyte,O=C(O)CC[C@@H](Cc1ccc(OCc2ccccc2)cc1)NC(=O)CCCCCCc1ccccc1
CC1(C)CCC(c2ccc(Cl)cc2)=C(CN2CCN(c3ccc(C(=O)NS(=O)(=O)c4ccc(N[C@H](CCN5CCOCC5)CSc5ccccc5)c(S(=O)(=O)C(F)(F)F)c4)cc3)CC2)C1,0.989894563718773,tdc_hepatocyte,CC1(C)CCC(c2ccc(Cl)cc2)=C(CN2CCN(c3ccc(C(=O)NS(=O)(=O)c4ccc(N[C@H](CCN5CCOCC5)CSc5ccccc5)c(S(=O)(=O)C(F)(F)F)c4)cc3)CC2)C1
COCCC(C)n1nc(C)c(C(=O)N[C@@H](C)C(C)(C)C)c1NS(=O)(=O)c1ccc(C)cc1,0.9956351945975499,tdc_hepatocyte,COCCC(C)n1nc(C)c(C(=O)N[C@@H](C)C(C)(C)C)c1NS(=O)(=O)c1ccc(C)cc1
CC(C)c1nc2ccccc2n1-c1nc(N2CCOCC2)c2nc(OC3CN(C4CCS(=O)(=O)CC4)C3)n(C)c2n1,1.0,tdc_hepatocyte,CC(C)c1nc2ccccc2n1-c1nc(N2CCOCC2)c2nc(OC3CN(C4CCS(=O)(=O)CC4)C3)n(C)c2n1
CCC[C@H]1CN(Cc2cc(Cl)ccc2OCC(=O)O)CCN1S(=O)(=O)c1ccccc1,1.0,tdc_hepatocyte,CCC[C@H]1CN(Cc2cc(Cl)ccc2OCC(=O)O)CCN1S(=O)(=O)c1ccccc1
Cc1oc(=O)oc1CN1CCN(c2cc3c(cc2F)c(=O)c(C(=O)O)c2n3C(C)S2)CC1,1.8399805576783428,tdc_hepatocyte,Cc1oc(=O)oc1CN1CCN(c2cc3c(cc2F)c(=O)c(C(=O)O)c2n3C(C)S2)CC1
C=C[C@H]1CN2CC[C@H]1C[C@@H]2[C@@H](O)c1ccnc2ccc(OC)cc12,1.8599784416420209,tdc_hepatocyte,C=C[C@H]1CN2CC[C@H]1C[C@@H]2[C@@H](O)c1ccnc2ccc(OC)cc12
CCc1nn(C2CCCC2)c2c1CCn1c(-c3cccs3)nnc1-2,1.863322860120456,tdc_hepatocyte,CCc1nn(C2CCCC2)c2c1CCn1c(-c3cccs3)nnc1-2
C[C@@](C(=O)O[C@H]1C[N+]2(CCCc3ccncc3)CCC1CC2)(c1ccccc1)N1CCCCC1,1.9138138523837167,tdc_hepatocyte,C[C@@](C(=O)O[C@H]1C[N+]2(CCCc3ccncc3)CCC1CC2)(c1ccccc1)N1CCCCC1
Cc1cc(C)cc(-c2nnc(SCC(=O)N3CCN(C(=O)c4ccco4)CC3)o2)c1,1.9500239065233265,tdc_hepatocyte,Cc1cc(C)cc(-c2nnc(SCC(=O)N3CCN(C(=O)c4ccco4)CC3)o2)c1
CC[C@H](N)C(=O)N[C@H](C#N)Cc1ccc(-c2ccccc2)cc1,1.9590413923210936,tdc_hepatocyte,CC[C@H](N)C(=O)N[C@H](C#N)Cc1ccc(-c2ccccc2)cc1
O=c1[nH]c2c(O)ccc([C@@H](O)CNCCc3ccccc3CNCCc3ccccc3F)c2s1,2.0293837776852097,tdc_hepatocyte,O=c1[nH]c2c(O)ccc([C@@H](O)CNCCc3ccccc3CNCCc3ccccc3F)c2s1
CC/C(=C(\c1ccccc1)c1ccc(/C=C/C(=O)O)cc1)c1ccccc1,2.0299921753778474,tdc_hepatocyte,CC/C(=C(\c1ccccc1)c1ccc(/C=C/C(=O)O)cc1)c1ccccc1
COCC1=C(C(=O)OC(C)OC(=O)OC(C)C)N2C(=O)[C@@H](NC(=O)/C(=N\OC)c3csc(N)n3)[C@H]2SC1,2.0600175425316003,tdc_hepatocyte,COCC1=C(C(=O)OC(C)OC(=O)OC(C)C)N2C(=O)[C@@H](NC(=O)/C(=N\OC)c3csc(N)n3)[C@H]2SC1
O=c1ccc2ccc(O)cc2o1,2.090011024007147,tdc_hepatocyte,O=c1ccc2ccc(O)cc2o1
COC(=O)C1=C(C)NC(C)=C(C(=O)OC(C)C)[C@@H]1c1cccc2nonc12,2.0999912335446846,tdc_hepatocyte,COC(=O)C1=C(C)NC(C)=C(C(=O)OC(C)C)[C@@H]1c1cccc2nonc12
O=C(O)CCc1ccc(OCc2cccc(Br)c2)cc1,2.109983294819892,tdc_hepatocyte,O=C(O)CCc1ccc(OCc2cccc(Br)c2)cc1
Cc1nc2ncnn2c(O)c1CCOC(=O)c1ccccc1F,2.110589710299249,tdc_hepatocyte,Cc1nc2ncnn2c(O)c1CCOC(=O)c1ccccc1F
CCN(CCNCCc1ccc(O)c2[nH]c(=O)sc12)C(=O)CCOCCc1ccccc1,2.130333768495006,tdc_hepatocyte,CCN(CCNCCc1ccc(O)c2[nH]c(=O)sc12)C(=O)CCOCCc1ccccc1
O=C(Nc1ccc(F)cc1)c1ccc(Cl)[n+]([O-])c1,2.173186268412274,tdc_hepatocyte,O=C(Nc1ccc(F)cc1)c1ccc(Cl)[n+]([O-])c1
COc1cc(C2CCN(C(C)=O)CC2)ccc1Nc1ncc(Cl)c(-c2cnc3ccccn23)n1,1.3800302479678306,tdc_hepatocyte,COc1cc(C2CCN(C(C)=O)CC2)ccc1Nc1ncc(Cl)c(-c2cnc3ccccn23)n1
COc1cccc2c1c(NS(=O)(=O)c1ccc(Cl)s1)nn2Cc1cccc(CNC(=O)[C@@H]2COCCN2)c1,1.414973347970818,tdc_hepatocyte,COc1cccc2c1c(NS(=O)(=O)c1ccc(Cl)s1)nn2Cc1cccc(CNC(=O)[C@@H]2COCCN2)c1
COc1ccccc1CCNCc1ccc(CCNC[C@H](O)c2ccc(O)c3[nH]c(=O)sc23)cc1,1.462397997898956,tdc_hepatocyte,COc1ccccc1CCNCc1ccc(CCNC[C@H](O)c2ccc(O)c3[nH]c(=O)sc23)cc1
O=C(CN1CCOCC1)Nc1ccc(-c2cccc3c(=O)cc(N4CCOCC4)oc23)cc1O,1.269979676645324,tdc_hepatocyte,O=C(CN1CCOCC1)Nc1ccc(-c2cccc3c(=O)cc(N4CCOCC4)oc23)cc1O
Cc1ccc(-c2cccc([S@]3(=O)=NC(=O)[C@H](C)N3)c2)cc1,1.290034611362518,tdc_hepatocyte,Cc1ccc(-c2cccc([S@]3(=O)=NC(=O)[C@H](C)N3)c2)cc1
Cc1ccc(S(=O)(=O)Nc2c(C(=O)NC(C)C)c(C)nn2-c2ccccc2)cc1,1.7075701760979363,tdc_hepatocyte,Cc1ccc(S(=O)(=O)Nc2c(C(=O)NC(C)C)c(C)nn2-c2ccccc2)cc1
COc1ccc(N(C(=O)c2occc2Cl)C(C(=O)NC[C@@H](C)O)c2ccccc2F)c(OC)c1,1.7708520116421442,tdc_hepatocyte,COc1ccc(N(C(=O)c2occc2Cl)C(C(=O)NC[C@@H](C)O)c2ccccc2F)c(OC)c1
C[C@@](C(=O)O[C@H]1C[N+]2(CCCc3cncnc3)CCC1CC2)(c1ccccc1)N1CCCCC1,1.8195439355418688,tdc_hepatocyte,C[C@@](C(=O)O[C@H]1C[N+]2(CCCc3cncnc3)CCC1CC2)(c1ccccc1)N1CCCCC1
CN1CCN(CC(=O)N2c3ccccc3C(=O)Nc3cccnc32)CC1,0.829946695941636,tdc_hepatocyte,CN1CCN(CC(=O)N2c3ccccc3C(=O)Nc3cccnc32)CC1
C[C@H]1COc2c(N3CCN(C)CC3)c(F)cc3c(=O)c(C(=O)O)cn1c23,0.47712125471966244,tdc_hepatocyte,C[C@H]1COc2c(N3CCN(C)CC3)c(F)cc3c(=O)c(C(=O)O)cn1c23
O=c1[nH]c2c(O)ccc([C@@H](O)CNCCSCCCNCCc3cccc(C(F)(F)F)c3)c2s1,0.7781512503836436,tdc_hepatocyte,O=c1[nH]c2c(O)ccc([C@@H](O)CNCCSCCCNCCc3cccc(C(F)(F)F)c3)c2s1
C[C@H](NC(=O)c1cccc2c1N(Cc1ccc(Cl)cc1)CC2)c1ccc(C(=O)O)cc1,1.1199154102579911,tdc_hepatocyte,C[C@H](NC(=O)c1cccc2c1N(Cc1ccc(Cl)cc1)CC2)c1ccc(C(=O)O)cc1
Cn1c(-c2ccccc2C(F)(F)F)nnc1C12CCC(c3noc(-c4ccc(F)cc4)n3)(CC1)CC2,0.8998205024270963,tdc_hepatocyte,Cn1c(-c2ccccc2C(F)(F)F)nnc1C12CCC(c3noc(-c4ccc(F)cc4)n3)(CC1)CC2
NC(=O)N1c2ccccc2C=Cc2ccccc21,1.2999429000227671,tdc_hepatocyte,NC(=O)N1c2ccccc2C=Cc2ccccc21
COc1cc(C(CO)CO)ccc1Nc1ncc(Cl)c(-c2cnc3ccccn23)n1,1.2999429000227671,tdc_hepatocyte,COc1cc(C(CO)CO)ccc1Nc1ncc(Cl)c(-c2cnc3ccccn23)n1
Cc1ccc(S(=O)(=O)N2N=Cc3ccccc3B2O)cc1,0.7902851640332417,tdc_hepatocyte,Cc1ccc(S(=O)(=O)N2N=Cc3ccccc3B2O)cc1
CCNC(=O)C[C@H]1N=C(c2ccc(Cl)cc2)c2cc(OC)ccc2-n2c(C)nnc21,0.8000293592441343,tdc_hepatocyte,CCNC(=O)C[C@H]1N=C(c2ccc(Cl)cc2)c2cc(OC)ccc2-n2c(C)nnc21
CCCC(=O)Nc1ccc(OCC(O)CNC(C)C)c(C(C)=O)c1,0.8401060944567578,tdc_hepatocyte,CCCC(=O)Nc1ccc(OCC(O)CNC(C)C)c(C(C)=O)c1
CC1CN(S(=O)(=O)c2ccccc2)CCN1Cc1cc(Cl)ccc1OCC(=O)O,0.8450980400142568,tdc_hepatocyte,CC1CN(S(=O)(=O)c2ccccc2)CCN1Cc1cc(Cl)ccc1OCC(=O)O
COC[C@@H](O)Cn1c(=O)cnn(-c2ccc(Cl)c(C(=O)NCC3(O)CCCCCC3)c2)c1=O,0.9030899869919435,tdc_hepatocyte,COC[C@@H](O)Cn1c(=O)cnn(-c2ccc(Cl)c(C(=O)NCC3(O)CCCCCC3)c2)c1=O
CN(C)S(=O)(=O)NC(=O)CCCc1c(-c2ccc(F)cc2)[nH]c2ccc(C#N)cc12,1.6434526764861874,tdc_hepatocyte,CN(C)S(=O)(=O)NC(=O)CCCc1c(-c2ccc(F)cc2)[nH]c2ccc(C#N)cc12
CO[C@H]1C[C@@H]2CC[C@@H](C)[C@@](O)(O2)C(=O)C(=O)N2CCCC[C@H]2C(=O)O[C@H]([C@H](C)C[C@@H]2CC[C@@H](O)[C@H](OC)C2)CC(=O)[C@H](C)/C=C(\C)[C@@H](O)[C@@H](OC)C(=O)[C@H](C)C[C@H](C)/C=C/C=C/C=C/1C,1.7000110623221123,tdc_hepatocyte,CO[C@H]1C[C@@H]2CC[C@@H](C)[C@@](O)(O2)C(=O)C(=O)N2CCCC[C@H]2C(=O)O[C@H]([C@H](C)C[C@@H]2CC[C@@H](O)[C@H](OC)C2)CC(=O)[C@H](C)/C=C(\C)[C@@H](O)[C@@H](OC)C(=O)[C@H](C)C[C@H](C)/C=C/C=C/C=C/1C
Cc1ccc(CO)cc1N(c1ccnc(Nc2cc(N3CCOCC3)cc(S(C)(=O)=O)c2)n1)C(C)C,1.7299742856995557,tdc_hepatocyte,Cc1ccc(CO)cc1N(c1ccnc(Nc2cc(N3CCOCC3)cc(S(C)(=O)=O)c2)n1)C(C)C
CCC(CC)NC(=O)c1nnn(-c2ccccc2)c1NS(=O)(=O)c1ccc(C)cc1,1.7481880270062005,tdc_hepatocyte,CCC(CC)NC(=O)c1nnn(-c2ccccc2)c1NS(=O)(=O)c1ccc(C)cc1
Clc1ccccc1CN1CCc2sccc2C1,1.749968083509403,tdc_hepatocyte,Clc1ccccc1CN1CCc2sccc2C1
C[C@@](C(=O)O[C@H]1C[N+]2(CCOc3ccc(Cl)cc3)CCC1CC2)(c1ccccc1)N1CCCCC1,1.7781512503836436,tdc_hepatocyte,C[C@@](C(=O)O[C@H]1C[N+]2(CCOc3ccc(Cl)cc3)CCC1CC2)(c1ccccc1)N1CCCCC1
Nc1ccc2c(c1)Cc1cc(N)ccc1-2,1.7900035203904894,tdc_hepatocyte,Nc1ccc2c(c1)Cc1cc(N)ccc1-2
COc1cccc2c1c(NS(=O)(=O)c1ccc(Cl)s1)nn2Cc1cccc(CNC(=O)[C@H]2COCCN2)c1,1.2041199826559248,tdc_hepatocyte,COc1cccc2c1c(NS(=O)(=O)c1ccc(Cl)s1)nn2Cc1cccc(CNC(=O)[C@H]2COCCN2)c1
COc1ccc2nc(C)cc(N3CC(CNC(=O)C4CC4)OC3=O)c2c1,1.290034611362518,tdc_hepatocyte,COc1ccc2nc(C)cc(N3CC(CNC(=O)C4CC4)OC3=O)c2c1
O=c1[nH]c2c(O)ccc([C@@H](O)CNCCc3cccc(CNCCCc4ccccc4)c3)c2s1,1.2787536009528289,tdc_hepatocyte,O=c1[nH]c2c(O)ccc([C@@H](O)CNCCc3cccc(CNCCCc4ccccc4)c3)c2s1
CNc1nc(C)c(-c2nc(Nc3cccc(N4CCCNCC4)c3)ncc2C#N)s1,1.290034611362518,tdc_hepatocyte,CNc1nc(C)c(-c2nc(Nc3cccc(N4CCCNCC4)c3)ncc2C#N)s1
CCOc1ccc(-n2c([C@@H](C)N(CC3CCN(C)CC3)C(=O)Cc3ccc(F)c(C(F)(F)F)c3)nc3ncccc3c2=O)cc1,1.2999429000227671,tdc_hepatocyte,CCOc1ccc(-n2c([C@@H](C)N(CC3CCN(C)CC3)C(=O)Cc3ccc(F)c(C(F)(F)F)c3)nc3ncccc3c2=O)cc1
CN[C@@H](C)C(=O)N[C@H](C(=O)N[C@H]1C[C@@H]2CC[C@H]1N(CCc1ccccc1)C2)C1CCCCC1,1.2999429000227671,tdc_hepatocyte,CN[C@@H](C)C(=O)N[C@H](C(=O)N[C@H]1C[C@@H]2CC[C@H]1N(CCc1ccccc1)C2)C1CCCCC1
C[C@H](CO)Nc1nc(SCc2cccc(F)c2F)nc2[nH]ncc12,1.249931756634195,tdc_hepatocyte,C[C@H](CO)Nc1nc(SCc2cccc(F)c2F)nc2[nH]ncc12
O=C(Nc1cc(-c2ccnc(Nc3ccc(F)cc3)c2)ccn1)C1CCOCC1,1.1699681739968923,tdc_hepatocyte,O=C(Nc1cc(-c2ccnc(Nc3ccc(F)cc3)c2)ccn1)C1CCOCC1
O=c1nc(NCc2ccccc2)sn1Cc1ccccc1,1.2999429000227671,tdc_hepatocyte,O=c1nc(NCc2ccccc2)sn1Cc1ccccc1
Cc1nc(-c2ccc(OCC(C)C)c(C#N)c2)sc1C(=O)O,1.1048284036536553,tdc_hepatocyte,Cc1nc(-c2ccc(OCC(C)C)c(C#N)c2)sc1C(=O)O
C[C@@H]1Cc2c([nH]c3cc(Cl)c(F)cc23)[C@]2(N1)C(=O)Nc1ccc(Cl)cc12,0.859738566197147,tdc_hepatocyte,C[C@@H]1Cc2c([nH]c3cc(Cl)c(F)cc23)[C@]2(N1)C(=O)Nc1ccc(Cl)cc12
CNS(=O)(=O)Cc1ccc2[nH]cc(CCN(C)C)c2c1,0.9030899869919435,tdc_hepatocyte,CNS(=O)(=O)Cc1ccc2[nH]cc(CCN(C)C)c2c1
COc1ccc(N(C(=O)c2occc2CO)C(C(=O)NC[C@@H](C)O)c2ccccc2F)c(OC)c1,0.9030899869919435,tdc_hepatocyte,COc1ccc(N(C(=O)c2occc2CO)C(C(=O)NC[C@@H](C)O)c2ccccc2F)c(OC)c1
C[C@@](C(=O)O[C@H]1C[N+]2(Cc3nc(-c4ccccc4)no3)CCC1CC2)(c1ccccc1)N1CCCCC1,1.7403626894942439,tdc_hepatocyte,C[C@@](C(=O)O[C@H]1C[N+]2(Cc3nc(-c4ccccc4)no3)CCC1CC2)(c1ccccc1)N1CCCCC1
O=C(O)COc1ccc(C(=O)c2cccs2)c(Cl)c1Cl,1.7853298350107671,tdc_hepatocyte,O=C(O)COc1ccc(C(=O)c2cccs2)c(Cl)c1Cl
O=C(Nc1ccc(CCO)cc1)c1cc2cc(Cl)ccc2[nH]1,1.8000293592441343,tdc_hepatocyte,O=C(Nc1ccc(CCO)cc1)c1cc2cc(Cl)ccc2[nH]1
C[C@@](C(=O)O[C@H]1C[N+]2(CCCc3cc4ccccc4s3)CCC1CC2)(c1ccccc1)N1CCCCC1,1.8129133566428557,tdc_hepatocyte,C[C@@](C(=O)O[C@H]1C[N+]2(CCCc3cc4ccccc4s3)CCC1CC2)(c1ccccc1)N1CCCCC1
CC[C@@H](Nc1c(Nc2cccc(C(=O)N(C)C)c2O)c(=O)c1=O)c1ccccc1,1.8129133566428557,tdc_hepatocyte,CC[C@@H](Nc1c(Nc2cccc(C(=O)N(C)C)c2O)c(=O)c1=O)c1ccccc1
C[C@@](C(=O)O[C@H]1C[N+]2(CCCc3ccc4ncsc4c3)CCC1CC2)(c1ccccc1)N1CCCCC1,1.8195439355418688,tdc_hepatocyte,C[C@@](C(=O)O[C@H]1C[N+]2(CCCc3ccc4ncsc4c3)CCC1CC2)(c1ccccc1)N1CCCCC1
O=c1c2sccc2n(CC2COc3ccccc3O2)c(=O)n1O,1.1699681739968923,tdc_hepatocyte,O=c1c2sccc2n(CC2COc3ccccc3O2)c(=O)n1O
CCOC(=O)c1c(-c2ccccc2)nc2ccc(C)cn12,2.0999912335446846,tdc_hepatocyte,CCOC(=O)c1c(-c2ccccc2)nc2ccc(C)cn12
CC(C)N(CCNCCc1ccc(O)c2[nH]c(=O)sc12)C(=O)CCOCCc1ccccc1,1.99563519459755,tdc_hepatocyte,CC(C)N(CCNCCc1ccc(O)c2[nH]c(=O)sc12)C(=O)CCOCCc1ccccc1
Cc1sc2ncnc(SCC(=O)N3CCN(C(=O)c4ccco4)CC3)c2c1C,2.0100029741270595,tdc_hepatocyte,Cc1sc2ncnc(SCC(=O)N3CCN(C(=O)c4ccco4)CC3)c2c1C
CCc1[nH]c2nc(Sc3cnc4ccc[n+]([O-])c4c3)nc(N3CC[C@@H](N)C3)c2c1Cl,2.0499928569201424,tdc_hepatocyte,CCc1[nH]c2nc(Sc3cnc4ccc[n+]([O-])c4c3)nc(N3CC[C@@H](N)C3)c2c1Cl
COc1ccc2ncc(F)c(CCN3CCC(NCc4cc5c(cn4)OCCO5)CC3)c2n1,2.140004950619449,tdc_hepatocyte,COc1ccc2ncc(F)c(CCN3CCC(NCc4cc5c(cn4)OCCO5)CC3)c2n1
CS(=O)(=O)N1CC[C@H](N(Cc2ccccc2Cl)c2ccc(C#N)c(Cl)c2)C1,1.8599784416420209,tdc_hepatocyte,CS(=O)(=O)N1CC[C@H](N(Cc2ccccc2Cl)c2ccc(C#N)c(Cl)c2)C1
O=S(=O)(CCCOCCc1ccccc1)CCNCCc1ccc(O)c2nc(O)sc12,1.9590413923210936,tdc_hepatocyte,O=S(=O)(CCCOCCc1ccccc1)CCNCCc1ccc(O)c2nc(O)sc12
CSc1ccc(N2C(N)=NC(N)=NC2(C)C)cc1,1.8499719123288503,tdc_hepatocyte,CSc1ccc(N2C(N)=NC(N)=NC2(C)C)cc1
CCCC(=O)Nc1ccc(Cl)c(-c2nc3ncccc3o2)c1,1.9084850188786497,tdc_hepatocyte,CCCC(=O)Nc1ccc(Cl)c(-c2nc3ncccc3o2)c1
Nc1ncc2cc(-c3c(Br)cccc3Br)c(N)nc2n1,2.0800128471079278,tdc_hepatocyte,Nc1ncc2cc(-c3c(Br)cccc3Br)c(N)nc2n1
CC(C)(C)c1cc(NC(=O)NCc2ccccc2Sc2ccc3nnc(-c4ccccc4SCCO)n3c2)n(-c2ccc(O)c(Cl)c2)n1,1.8499719123288503,tdc_hepatocyte,CC(C)(C)c1cc(NC(=O)NCc2ccccc2Sc2ccc3nnc(-c4ccccc4SCCO)n3c2)n(-c2ccc(O)c(Cl)c2)n1
O=C(O)CCc1ccc(OCc2cccc(Oc3ccccc3)c2)cc1,1.989983458301399,tdc_hepatocyte,O=C(O)CCc1ccc(OCc2cccc(Oc3ccccc3)c2)cc1
CN(CCNCCc1ccc(O)c2nc(O)sc12)C(=O)CCOCCc1ccccc1,2.146128035678238,tdc_hepatocyte,CN(CCNCCc1ccc(O)c2nc(O)sc12)C(=O)CCOCCc1ccccc1
NC1(c2ccc(-c3nc4ccccc4cc3-c3ccccc3)cc2)CCC1,2.1699975370665703,tdc_hepatocyte,NC1(c2ccc(-c3nc4ccccc4cc3-c3ccccc3)cc2)CCC1
CC(CCc1cccc(OCc2ccc3ccccc3n2)c1)CC(=O)O,2.019988159591285,tdc_hepatocyte,CC(CCc1cccc(OCc2ccc3ccccc3n2)c1)CC(=O)O
O=C(CN1CCOCC1)Nc1ccc(-c2cccc3c(=O)cc(N4CCOCC4)oc23)cc1-c1ccccc1,2.090011024007147,tdc_hepatocyte,O=C(CN1CCOCC1)Nc1ccc(-c2cccc3c(=O)cc(N4CCOCC4)oc23)cc1-c1ccccc1
Cc1ccc(C(=O)Nc2ccc(CN3CCN(C)CC3)c(C(F)(F)F)c2)cc1C#Cc1cnc2cccnn12,0.47712125471966244,tdc_hepatocyte,Cc1ccc(C(=O)Nc2ccc(CN3CCN(C)CC3)c(C(F)(F)F)c2)cc1C#Cc1cnc2cccnn12
N#Cc1cc(-c2n[nH]c(-c3ccncc3)n2)ccn1,0.47712125471966244,tdc_hepatocyte,N#Cc1cc(-c2n[nH]c(-c3ccncc3)n2)ccn1
CCCCCCCC(=O)N[C@@H](CCN)C(=O)N[C@@H](C)C(=O)N[C@@H](CCN)C(=O)N[C@H]1CCNC(=O)[C@H]([C@@H](C)O)NC(=O)[C@H](CCN)NC(=O)[C@H](CCN)NC(=O)[C@H](CC(C)C)NC(=O)[C@@H](Cc2ccccc2)NC(=O)[C@H](CCN)NC1=O,0.47712125471966244,tdc_hepatocyte,CCCCCCCC(=O)N[C@@H](CCN)C(=O)N[C@@H](C)C(=O)N[C@@H](CCN)C(=O)N[C@H]1CCNC(=O)[C@H]([C@@H](C)O)NC(=O)[C@H](CCN)NC(=O)[C@H](CCN)NC(=O)[C@H](CC(C)C)NC(=O)[C@@H](Cc2ccccc2)NC(=O)[C@H](CCN)NC1=O
O=C(CC1CCCCCC1)Nc1cccc2c(=O)n([C@H]3CCNC3)ccc12,0.47712125471966244,tdc_hepatocyte,O=C(CC1CCCCCC1)Nc1cccc2c(=O)n([C@H]3CCNC3)ccc12
O=C(O)c1ccc(-c2ccc(Cl)c(C(=O)NCC34CC5CC(CC(C5)C3)C4)c2)cc1,0.47712125471966244,tdc_hepatocyte,O=C(O)c1ccc(-c2ccc(Cl)c(C(=O)NCC34CC5CC(CC(C5)C3)C4)c2)cc1
O=c1[nH]c2c(O)ccc([C@@H](O)CNCCOc3cccc(CNCCc4ccccc4F)c3)c2s1,1.3617278360175928,tdc_hepatocyte,O=c1[nH]c2c(O)ccc([C@@H](O)CNCCOc3cccc(CNCCc4ccccc4F)c3)c2s1
Cc1c(OC2CCN(CC3CCN([C@@](C)(Cc4ccc(F)cc4)C(=O)O)CC3)CC2)ccc(Cl)c1Cl,0.47712125471966244,tdc_hepatocyte,Cc1c(OC2CCN(CC3CCN([C@@](C)(Cc4ccc(F)cc4)C(=O)O)CC3)CC2)ccc(Cl)c1Cl
COCC1=C(C(=O)O)N2C(=O)[C@@H](NC(=O)/C(=N\OC)c3csc(N)n3)[C@H]2SC1,0.47712125471966244,tdc_hepatocyte,COCC1=C(C(=O)O)N2C(=O)[C@@H](NC(=O)/C(=N\OC)c3csc(N)n3)[C@H]2SC1
C[C@H](Nc1nc(Nc2cc(C3CC3)[nH]n2)cnc1C#N)c1ccc(F)cn1,0.47712125471966244,tdc_hepatocyte,C[C@H](Nc1nc(Nc2cc(C3CC3)[nH]n2)cnc1C#N)c1ccc(F)cn1
Cc1cc(C)nc(SCC(N)=O)n1,0.47712125471966244,tdc_hepatocyte,Cc1cc(C)nc(SCC(N)=O)n1
COC[C@H](O)Cn1c(=O)cnn(-c2ccc(Cl)c(C(=O)NCC3(O)CCCCCC3)c2)c1=O,0.6989700043360189,tdc_hepatocyte,COC[C@H](O)Cn1c(=O)cnn(-c2ccc(Cl)c(C(=O)NCC3(O)CCCCCC3)c2)c1=O
Cc1cc(Nc2nc(N[C@@H](C)c3ccc(F)cn3)c(C#N)cc2Cl)n[nH]1,0.7902851640332417,tdc_hepatocyte,Cc1cc(Nc2nc(N[C@@H](C)c3ccc(F)cn3)c(C#N)cc2Cl)n[nH]1
CC(C(=O)O)c1ccc(C(=O)c2cccs2)cc1,0.989894563718773,tdc_hepatocyte,CC(C(=O)O)c1ccc(C(=O)c2cccs2)cc1
Cc1cc(OCC(=O)Nc2ccccc2)c2cc(Br)ccc2n1,2.1760912590556813,tdc_hepatocyte,Cc1cc(OCC(=O)Nc2ccccc2)c2cc(Br)ccc2n1
Cc1cc(CCCOc2c(Cl)cc(C3=NCCO3)cc2Cl)on1,2.1760912590556813,tdc_hepatocyte,Cc1cc(CCCOc2c(Cl)cc(C3=NCCO3)cc2Cl)on1
CCn1cc(C(=O)O)c(=O)c2ccc(C)nc21,0.5390760987927766,tdc_hepatocyte,CCn1cc(C(=O)O)c(=O)c2ccc(C)nc21
CNC1=Nc2ccc(Cl)cc2C(c2ccccc2)=[N+]([O-])C1,0.5899496013257077,tdc_hepatocyte,CNC1=Nc2ccc(Cl)cc2C(c2ccccc2)=[N+]([O-])C1
CN1CCN(c2ccc(-c3cnc4cccc(-c5cc(F)c(CN6CCOCC6)c(F)c5)c4n3)cc2)CC1,1.1598678470925667,tdc_hepatocyte,CN1CCN(c2ccc(-c3cnc4cccc(-c5cc(F)c(CN6CCOCC6)c(F)c5)c4n3)cc2)CC1
Nc1nc2ccc(F)cc2s1,0.7596678446896306,tdc_hepatocyte,Nc1nc2ccc(F)cc2s1
CC(C)(C)NC(=O)c1ccc(Oc2cc(F)c(CC(=O)O)cc2Cl)c(NS(=O)(=O)c2ccc(C3CC3)cc2Cl)c1,0.7781512503836436,tdc_hepatocyte,CC(C)(C)NC(=O)c1ccc(Oc2cc(F)c(CC(=O)O)cc2Cl)c(NS(=O)(=O)c2ccc(C3CC3)cc2Cl)c1
C[C@@H](C(=O)NCCN1CCCC1)c1ccc(OS(=O)(=O)C(F)(F)F)cc1,0.7781512503836436,tdc_hepatocyte,C[C@@H](C(=O)NCCN1CCCC1)c1ccc(OS(=O)(=O)C(F)(F)F)cc1
Cc1ccccc1Nc1nc(N)nc(C)c1Br,2.1760912590556813,tdc_hepatocyte,Cc1ccccc1Nc1nc(N)nc(C)c1Br
CCOC(=O)CN(c1ccccc1C)S(=O)(=O)c1ccc(Cl)cc1,2.1760912590556813,tdc_hepatocyte,CCOC(=O)CN(c1ccccc1C)S(=O)(=O)c1ccc(Cl)cc1
CN1CCN(c2nc3ccccc3cc2Cn2nc(-c3ccc4nc(N)sc4c3)c3c(N)ncnc32)CC1,1.9084850188786497,tdc_hepatocyte,CN1CCN(c2nc3ccccc3cc2Cn2nc(-c3ccc4nc(N)sc4c3)c3c(N)ncnc32)CC1
O=C(Cc1ccc(Cl)c(C(F)(F)F)c1)Nc1cccc2c(=O)n(CCO)ccc12,1.0413926851582251,tdc_hepatocyte,O=C(Cc1ccc(Cl)c(C(F)(F)F)c1)Nc1cccc2c(=O)n(CCO)ccc12
CC(C)C[C@H](CO)Nc1nc(SCc2ccccc2)nc2nc(N)sc12,1.3100557377508915,tdc_hepatocyte,CC(C)C[C@H](CO)Nc1nc(SCc2ccccc2)nc2nc(N)sc12
CCOc1ccc2oc(C(=O)NC(CCSC)c3nc4ncccc4[nH]3)c(C)c2c1,1.662757831681574,tdc_hepatocyte,CCOc1ccc2oc(C(=O)NC(CCSC)c3nc4ncccc4[nH]3)c(C)c2c1
NC(=O)C(c1ccccc1)(c1ccccc1)[C@@H]1CCN(CCc2ccc3c(c2)CCO3)C1,1.707229419327294,tdc_hepatocyte,NC(=O)C(c1ccccc1)(c1ccccc1)[C@@H]1CCN(CCc2ccc3c(c2)CCO3)C1
N#Cc1c(O)c2c(-c3ccc(-c4ccccc4O)cc3)csc2[nH]c1=O,1.7199938263676038,tdc_hepatocyte,N#Cc1c(O)c2c(-c3ccc(-c4ccccc4O)cc3)csc2[nH]c1=O
Nc1ccc(OCCc2ccccc2)cc1,2.1760912590556813,tdc_hepatocyte,Nc1ccc(OCCc2ccccc2)cc1
COc1cc(O)c(C(CC(=O)N2CC(C)CC(C)C2)c2ccc3c(c2)OCO3)c(OC)c1,2.1760912590556813,tdc_hepatocyte,COc1cc(O)c(C(CC(=O)N2CC(C)CC(C)C2)c2ccc3c(c2)OCO3)c(OC)c1
Cn1c(=O)c2nc[nH]c2n(C)c1=O,0.7596678446896306,tdc_hepatocyte,Cn1c(=O)c2nc[nH]c2n(C)c1=O
CSc1c(C(=O)NC2C3CC4CC(C3)CC2C4)cnn1-c1ccc(C(=O)O)cc1,1.089905111439398,tdc_hepatocyte,CSc1c(C(=O)NC2C3CC4CC(C3)CC2C4)cnn1-c1ccc(C(=O)O)cc1
COc1cc(NC(=O)Nc2cccc(CNC(=O)O[C@H]3CCOC3)c2)ccc1-c1cnco1,1.1139433523068367,tdc_hepatocyte,COc1cc(NC(=O)Nc2cccc(CNC(=O)O[C@H]3CCOC3)c2)ccc1-c1cnco1
CC(C)C[C@H](CO)Nc1nc(SCc2ccccc2)nc2[nH]c(=O)sc12,1.1300119496719043,tdc_hepatocyte,CC(C)C[C@H](CO)Nc1nc(SCc2ccccc2)nc2[nH]c(=O)sc12
O=c1[nH]c2c(O)ccc([C@@H](O)CNCCc3cccc(CNCCc4ccccc4Cl)c3)c2s1,1.6232492903979006,tdc_hepatocyte,O=c1[nH]c2c(O)ccc([C@@H](O)CNCCc3cccc(CNCCc4ccccc4Cl)c3)c2s1
CCCCCCCC(=O)N[C@@H](CCN)C(=O)N[C@H](C(=O)N[C@@H](CCN)C(=O)N[C@H]1CCNC(=O)[C@H]([C@@H](C)O)NC(=O)[C@H](C)NC(=O)[C@H](CCN)NC(=O)[C@H](CC(C)C)NC(=O)[C@@H](Cc2ccccc2)NC(=O)[C@H](CCN)NC1=O)[C@@H](C)O,0.47712125471966244,tdc_hepatocyte,CCCCCCCC(=O)N[C@@H](CCN)C(=O)N[C@H](C(=O)N[C@@H](CCN)C(=O)N[C@H]1CCNC(=O)[C@H]([C@@H](C)O)NC(=O)[C@H](C)NC(=O)[C@H](CCN)NC(=O)[C@H](CC(C)C)NC(=O)[C@@H](Cc2ccccc2)NC(=O)[C@H](CCN)NC1=O)[C@@H](C)O
N#CC1(NC(=O)[C@@H]2CCCC[C@H]2C(=O)N2CCc3[nH]c4ncccc4c3C2)CC1,0.47712125471966244,tdc_hepatocyte,N#CC1(NC(=O)[C@@H]2CCCC[C@H]2C(=O)N2CCc3[nH]c4ncccc4c3C2)CC1
CC(C)C[C@H](N)C(=O)NC[C@H](O)C[C@@H](N)CC(=O)NN(C)CC(=O)O,0.47712125471966244,tdc_hepatocyte,CC(C)C[C@H](N)C(=O)NC[C@H](O)C[C@@H](N)CC(=O)NN(C)CC(=O)O
CCNC(=O)C[C@@H]1N=C(c2ccc(Cl)cc2)c2cc(OC)ccc2-n2c(C)nnc21,0.47712125471966244,tdc_hepatocyte,CCNC(=O)C[C@@H]1N=C(c2ccc(Cl)cc2)c2cc(OC)ccc2-n2c(C)nnc21
CCC1(C2=NCCN2)Cc2ccccc2O1,0.47712125471966244,tdc_hepatocyte,CCC1(C2=NCCN2)Cc2ccccc2O1
NC1(c2ccc(-c3c(-c4ccccc4)ccn4ncnc34)cc2)CCC1,0.47712125471966244,tdc_hepatocyte,NC1(c2ccc(-c3c(-c4ccccc4)ccn4ncnc34)cc2)CCC1
Cc1cc(CC(=O)O)n(C)c1C(=O)c1ccc(Cl)cc1,0.47712125471966244,tdc_hepatocyte,Cc1cc(CC(=O)O)n(C)c1C(=O)c1ccc(Cl)cc1
N#Cc1ccccc1CSc1nc(O)cc(O)n1,0.47712125471966244,tdc_hepatocyte,N#Cc1ccccc1CSc1nc(O)cc(O)n1
Cn1c(=O)c2c(ncn2C)n(C)c1=O,0.47712125471966244,tdc_hepatocyte,Cn1c(=O)c2c(ncn2C)n(C)c1=O
CC(C)(C)NCC(O)COc1nsnc1N1CCOCC1,2.1760912590556813,tdc_hepatocyte,CC(C)(C)NCC(O)COc1nsnc1N1CCOCC1
CC(=O)c1ncccc1NC(=O)[C@H]1CC[C@H](N2C(=O)[C@H]3[C@H]4CC[C@H](C4)[C@H]3C2=O)CC1,2.1760912590556813,tdc_hepatocyte,CC(=O)c1ncccc1NC(=O)[C@H]1CC[C@H](N2C(=O)[C@@H]3[C@@H]4CC[C@@H](C4)[C@@H]3C2=O)CC1
CNCC[C@@H](Oc1cc(Cl)ccc1C#N)c1ccccc1,2.1760912590556813,tdc_hepatocyte,CNCC[C@@H](Oc1cc(Cl)ccc1C#N)c1ccccc1
NC1(c2ccc(-c3nn4ccnc4cc3-c3ccccc3)cc2)CCC1,2.1760912590556813,tdc_hepatocyte,NC1(c2ccc(-c3nn4ccnc4cc3-c3ccccc3)cc2)CCC1
CC[C@@]1(O)C(=O)OCc2c1cc1n(c2=O)Cc2cc3c(CN(C)C)c(O)ccc3nc2-1,0.5105450102066121,tdc_hepatocyte,CC[C@@]1(O)C(=O)OCc2c1cc1n(c2=O)Cc2cc3c(CN(C)C)c(O)ccc3nc2-1
CCc1cccc2cc(C(O)CNC(C)(C)C)oc12,2.1760912590556813,tdc_hepatocyte,CCc1cccc2cc(C(O)CNC(C)(C)C)oc12
COc1ccc(C(=O)NCc2cn(-c3cc(C)nc4ccc(OC)cc34)nn2)cc1,1.1398790864012365,tdc_hepatocyte,COc1ccc(C(=O)NCc2cn(-c3cc(C)nc4ccc(OC)cc34)nn2)cc1
O=C([C@@H]1CCCN1)N1CCN(c2nc(NCc3ccc(Cl)cc3Cl)c3cccnc3n2)CC1,0.7781512503836436,tdc_hepatocyte,O=C([C@@H]1CCCN1)N1CCN(c2nc(NCc3ccc(Cl)cc3Cl)c3cccnc3n2)CC1
CCC(CC)NC(=O)c1cn(-c2ccccc2)nc1NS(=O)(=O)c1ccc(C)cc1,0.8450980400142568,tdc_hepatocyte,CCC(CC)NC(=O)c1cn(-c2ccccc2)nc1NS(=O)(=O)c1ccc(C)cc1
Cc1c(CC(=O)O)c2cc(F)ccc2n1S(=O)(=O)c1ccc(S(C)(=O)=O)cc1,0.8976270912904415,tdc_hepatocyte,Cc1c(CC(=O)O)c2cc(F)ccc2n1S(=O)(=O)c1ccc(S(C)(=O)=O)cc1
N#Cc1cccc(-c2cc(Cl)ccc2OCC(=O)O)c1,0.6989700043360189,tdc_hepatocyte,N#Cc1cccc(-c2cc(Cl)ccc2OCC(=O)O)c1
COc1ccc(CCO[C@@H]2CCCC[C@H]2N2CC[C@@H](O)C2)cc1OC,0.8102325179950841,tdc_hepatocyte,COc1ccc(CCO[C@@H]2CCCC[C@H]2N2CC[C@@H](O)C2)cc1OC
CCc1c2c(nc3ccc(OC(=O)N4CCC(N5CCCCC5)CC4)cc13)-c1cc3c(c(=O)n1C2)COC(=O)[C@]3(O)CC,0.47712125471966244,tdc_hepatocyte,CCc1c2c(nc3ccc(OC(=O)N4CCC(N5CCCCC5)CC4)cc13)-c1cc3c(c(=O)n1C2)COC(=O)[C@]3(O)CC
O=C1NC(=O)/C(=C/c2ccc3c(c2)OC(F)(F)O3)S1,0.6201360549737576,tdc_hepatocyte,O=C1NC(=O)/C(=C/c2ccc3c(c2)OC(F)(F)O3)S1
NC(=O)c1ccn2c(-c3ccccc3)c(-c3ccc(C4(N)CCC4)cc3)nc2c1,0.5705429398818975,tdc_hepatocyte,NC(=O)c1ccn2c(-c3ccccc3)c(-c3ccc(C4(N)CCC4)cc3)nc2c1
CCOc1nc2ccc(OCCC3CCN(c4ccc(C)nn4)CC3)cc2o1,0.6020599913279624,tdc_hepatocyte,CCOc1nc2ccc(OCCC3CCN(c4ccc(C)nn4)CC3)cc2o1
O=C(O)CCn1c2c(c3ccccc31)C[C@H](NS(=O)(=O)c1ccc(F)cc1)CC2,0.5809249756756193,tdc_hepatocyte,O=C(O)CCn1c2c(c3ccccc31)C[C@H](NS(=O)(=O)c1ccc(F)cc1)CC2
N=C(N)N1CCc2ccccc2C1,0.5998830720736879,tdc_hepatocyte,N=C(N)N1CCc2ccccc2C1
CCOc1ccc(NC(=O)CCc2c(C)nc3nc(C)nn3c2C)cc1,0.6201360549737576,tdc_hepatocyte,CCOc1ccc(NC(=O)CCc2c(C)nc3nc(C)nn3c2C)cc1
Clc1ccc(Cn2c(-c3nn[nH]n3)cc3ccccc32)cc1Cl,1.1099158630237933,tdc_hepatocyte,Clc1ccc(Cn2c(-c3nn[nH]n3)cc3ccccc32)cc1Cl
Oc1ncnc2c1c(-c1ccccc1)cn2-c1ccc(Br)cc1,1.7199938263676038,tdc_hepatocyte,Oc1ncnc2c1c(-c1ccccc1)cn2-c1ccc(Br)cc1
CCc1c(C)nc(SCC(=O)Nc2nc(-c3ccc(OC)cc3)cs2)nc1O,1.8200043068083178,tdc_hepatocyte,CCc1c(C)nc(SCC(=O)Nc2nc(-c3ccc(OC)cc3)cs2)nc1O
Cc1ccc(S(=O)(=O)Nc2c(C(=O)N(C)C3CCCCC3)cnn2-c2ccccc2)cc1,1.6852041344710147,tdc_hepatocyte,Cc1ccc(S(=O)(=O)Nc2c(C(=O)N(C)C3CCCCC3)cnn2-c2ccccc2)cc1
Cc1nc2ncnn2c(O)c1CCOC(=O)c1c(F)cccc1F,1.808481056565951,tdc_hepatocyte,Cc1nc2ncnn2c(O)c1CCOC(=O)c1c(F)cccc1F
CC(=O)Nc1nc(CCc2ccc(NC(=N)N)cc2)cs1,1.1099158630237933,tdc_hepatocyte,CC(=O)Nc1nc(CCc2ccc(NC(=N)N)cc2)cs1
Cc1ccc(-c2cc(-c3ccccc3)nn2-c2ccc(S(N)(=O)=O)cc2)cc1,1.1300119496719043,tdc_hepatocyte,Cc1ccc(-c2cc(-c3ccccc3)nn2-c2ccc(S(N)(=O)=O)cc2)cc1
COc1ccc(CNC(=O)CSc2nc3cccnc3s2)cc1,1.7800291273373383,tdc_hepatocyte,COc1ccc(CNC(=O)CSc2nc3cccnc3s2)cc1
CC(C)C(=O)Nc1nc(-c2ccccn2)cc2ccccc12,1.7900035203904894,tdc_hepatocyte,CC(C)C(=O)Nc1nc(-c2ccccn2)cc2ccccc12
OC(c1ccc(-c2ccc(CN3CCN(Cc4ccncc4)CC3)cc2)c(F)c1)(C(F)(F)F)C(F)(F)F,1.089905111439398,tdc_hepatocyte,OC(c1ccc(-c2ccc(CN3CCN(Cc4ccncc4)CC3)cc2)c(F)c1)(C(F)(F)F)C(F)(F)F
COCCOc1cc(-c2cccc3c(=O)cc(N4CCOCC4)oc23)ccc1NC(=O)CN1CCOCC1,1.6399842480415885,tdc_hepatocyte,COCCOc1cc(-c2cccc3c(=O)cc(N4CCOCC4)oc23)ccc1NC(=O)CN1CCOCC1
C[C@]12CC[C@H]3[C@@H](CC=C4C[C@@H](O)CC[C@@]43C)[C@@H]1CC=C2c1cccnc1,1.7399676967595095,tdc_hepatocyte,C[C@]12CC[C@H](O)CC1=CC[C@@H]1[C@@H]2CC[C@]2(C)C(c3cccnc3)=CC[C@@H]12
CCC(CC)NC(=O)c1cnn(-c2ccccc2Cl)c1NS(=O)(=O)c1ccc(C)cc1,1.7481880270062005,tdc_hepatocyte,CCC(CC)NC(=O)c1cnn(-c2ccccc2Cl)c1NS(=O)(=O)c1ccc(C)cc1
O=C(CSc1ccccc1)N1CCN(C(=O)c2ccco2)CC1,1.8100307864058396,tdc_hepatocyte,O=C(CSc1ccccc1)N1CCN(C(=O)c2ccco2)CC1
C[C@]12CCC3C(CC=C4C[C@@H](O)CC[C@@]43C)C1CC=C2n1cnc2ccccc21,1.5399538416563967,tdc_hepatocyte,C[C@]12CC[C@H](O)CC1=CCC1C2CC[C@]2(C)C(n3cnc4ccccc43)=CCC12
COc1ccc(/C=C2\NC(=O)NC2=O)cc1,1.599992177584098,tdc_hepatocyte,COc1ccc(/C=C2\NC(=O)NC2=O)cc1
Cc1cc(=O)n(-c2ccccc2)n1C,0.47712125471966244,tdc_hepatocyte,Cc1cc(=O)n(-c2ccccc2)n1C
CCCS(=O)(=O)N1N=Cc2cc(Cl)ccc2B1O,0.47712125471966244,tdc_hepatocyte,CCCS(=O)(=O)N1N=Cc2cc(Cl)ccc2B1O
CC(C)c1ccc(Sc2cnc(O)c(C(=O)NCc3ccccc3)c2)cc1,1.4899584794248346,tdc_hepatocyte,CC(C)c1ccc(Sc2cnc(O)c(C(=O)NCc3ccccc3)c2)cc1
CCCCCCCC(=O)N[C@@H](C)C(=O)N[C@H](C(=O)N[C@@H](CCN)C(=O)N[C@H]1CCNC(=O)[C@H]([C@@H](C)O)NC(=O)[C@H](CCN)NC(=O)[C@H](CCN)NC(=O)[C@H](CC(C)C)NC(=O)[C@@H](Cc2ccccc2)NC(=O)[C@H](CCN)NC1=O)[C@@H](C)O,0.47712125471966244,tdc_hepatocyte,CCCCCCCC(=O)N[C@@H](C)C(=O)N[C@H](C(=O)N[C@@H](CCN)C(=O)N[C@H]1CCNC(=O)[C@H]([C@@H](C)O)NC(=O)[C@H](CCN)NC(=O)[C@H](CCN)NC(=O)[C@H](CC(C)C)NC(=O)[C@@H](Cc2ccccc2)NC(=O)[C@H](CCN)NC1=O)[C@@H](C)O
COc1ccc(OC)c(C(O)CN)c1,0.47712125471966244,tdc_hepatocyte,COc1ccc(OC)c(C(O)CN)c1
Cc1cccc2c(CCNCc3cccc(CCNC[C@H](O)c4ccc(O)c5[nH]c(=O)sc45)c3)c[nH]c12,1.3802112417116061,tdc_hepatocyte,Cc1cccc2c(CCNCc3cccc(CCNC[C@H](O)c4ccc(O)c5[nH]c(=O)sc45)c3)c[nH]c12
CNCc1ccc(-c2[nH]c3cc(F)cc4c3c2CCNC4=O)cc1,1.0799044676667207,tdc_hepatocyte,CNCc1ccc(-c2[nH]c3cc(F)cc4c3c2CCNC4=O)cc1
O=C(O)C1(c2ccc(-c3ccc(Cl)c(Cl)c3)c(F)c2)CC1,1.5899496013257077,tdc_hepatocyte,O=C(O)C1(c2ccc(-c3ccc(Cl)c(Cl)c3)c(F)c2)CC1
Fc1cccc(COc2ccc(Nc3ncnc4ccc(-c5cccc(N6CCOCC6)c5)cc34)cc2Cl)c1,1.6500159524718385,tdc_hepatocyte,Fc1cccc(COc2ccc(Nc3ncnc4ccc(-c5cccc(N6CCOCC6)c5)cc34)cc2Cl)c1
CCOc1cc(-c2cccc3c(=O)cc(N4CCOCC4)oc23)ccc1NC(=O)CN1CCOCC1,1.7100326990657535,tdc_hepatocyte,CCOc1cc(-c2cccc3c(=O)cc(N4CCOCC4)oc23)ccc1NC(=O)CN1CCOCC1
Cc1cc2cc(C)c3nnc(SCC(=O)N4CCN(C(=O)c5ccco5)CC4)n3c2cc1C,1.7599698575543072,tdc_hepatocyte,Cc1cc2cc(C)c3nnc(SCC(=O)N4CCN(C(=O)c5ccco5)CC4)n3c2cc1C
O=C(NCC12CC3CC(CC(C3)C1)C2)c1ccnc(N2CCNCC2)c1Cl,0.8573324964312685,tdc_hepatocyte,O=C(NCC12CC3CC(CC(C3)C1)C2)c1ccnc(N2CCNCC2)c1Cl
CCn1c(SCC(=O)Nc2cccc(C)c2)nnc1-c1ccccc1,2.1760912590556813,tdc_hepatocyte,CCn1c(SCC(=O)Nc2cccc(C)c2)nnc1-c1ccccc1
O=c1[nH]c2c(O)ccc([C@@H](O)CNCCc3cccc(CNCc4ccccc4Cl)c3)c2s1,1.7781512503836436,tdc_hepatocyte,O=c1[nH]c2c(O)ccc([C@@H](O)CNCCc3cccc(CNCc4ccccc4Cl)c3)c2s1
C[C@@](C(=O)O[C@H]1C[N+]2(CCCOc3ccc(F)cc3)CCC1CC2)(c1ccccc1)N1CCCCC1,1.8195439355418688,tdc_hepatocyte,C[C@@](C(=O)O[C@H]1C[N+]2(CCCOc3ccc(F)cc3)CCC1CC2)(c1ccccc1)N1CCCCC1
Cc1ccc(S(=O)(=O)Nc2c(C(=O)NC3CCCCC3C)cnn2-c2ccccc2)cc1,0.6989700043360189,tdc_hepatocyte,Cc1ccc(S(=O)(=O)Nc2c(C(=O)NC3CCCCC3C)cnn2-c2ccccc2)cc1
N#Cc1cnc(N2CCN(C(=O)[C@@H]3CCCC[C@H]3C(=O)NC3(C#N)CC3)CC2)s1,0.7201593034059569,tdc_hepatocyte,N#Cc1cnc(N2CCN(C(=O)[C@@H]3CCCC[C@H]3C(=O)NC3(C#N)CC3)CC2)s1
CNCCCN1c2ccccc2CCc2ccccc21,0.8401060944567578,tdc_hepatocyte,CNCCCN1c2ccccc2CCc2ccccc21
Cc1ccc(F)cc1S(=O)(=O)N[C@@H]1CCN(Cc2ccc(-c3ccccc3)cc2)C1,2.1760912590556813,tdc_hepatocyte,Cc1ccc(F)cc1S(=O)(=O)N[C@@H]1CCN(Cc2ccc(-c3ccccc3)cc2)C1
Cc1nocc1C(=O)Nc1ccc(-c2ccccc2OC(F)(F)F)c(N)n1,1.8699940001217419,tdc_hepatocyte,Cc1nocc1C(=O)Nc1ccc(-c2ccccc2OC(F)(F)F)c(N)n1
COc1ccc2nc(C)cc(-n3cc(CNC(C)=O)nn3)c2c1,0.829946695941636,tdc_hepatocyte,COc1ccc2nc(C)cc(-n3cc(CNC(C)=O)nn3)c2c1
O=C(O[C@H]1C[N+]2(CCCOc3ccccc3)CCC1CC2)C(O)(c1cccs1)c1cccs1,1.806179973983887,tdc_hepatocyte,O=C(O[C@H]1C[N+]2(CCCOc3ccccc3)CCC1CC2)C(O)(c1cccs1)c1cccs1
O=C(Nc1c(Cl)cncc1Cl)c1ccc(OC(F)F)c(OCC2CC2)c1,2.1760912590556813,tdc_hepatocyte,O=C(Nc1c(Cl)cncc1Cl)c1ccc(OC(F)F)c(OCC2CC2)c1
COCCN(C)c1ccc(Nc2ncc3cc(-c4ccncc4)ccc3n2)cc1,1.6100210246641453,tdc_hepatocyte,COCCN(C)c1ccc(Nc2ncc3cc(-c4ccncc4)ccc3n2)cc1
Cc1ccc2nc(C[N+]34CCC(CC3)[C@@H](OC(=O)[C@](C)(c3ccccc3)N3CCCCC3)C4)oc2c1,2.1760912590556813,tdc_hepatocyte,Cc1ccc2nc(C[N+]34CCC(CC3)[C@@H](OC(=O)[C@](C)(c3ccccc3)N3CCCCC3)C4)oc2c1
Cc1ccc(-c2nnc(SCC(=O)N3CCN(c4ccccc4)CC3)o2)cc1,2.1760912590556813,tdc_hepatocyte,Cc1ccc(-c2nnc(SCC(=O)N3CCN(c4ccccc4)CC3)o2)cc1
COc1ccc2nc(NC(=O)CCc3ccc(OC)c(OC)c3)sc2c1,2.1760912590556813,tdc_hepatocyte,COc1ccc2nc(NC(=O)CCc3ccc(OC)c(OC)c3)sc2c1
COc1ccc2ncc(=O)n(CCN3CCC(NCc4cc5c(cn4)OCCO5)CC3)c2c1,2.1760912590556813,tdc_hepatocyte,COc1ccc2ncc(=O)n(CCN3CCC(NCc4cc5c(cn4)OCCO5)CC3)c2c1
COC(=O)c1ccc(C)c(NS(=O)(=O)c2ccc3c(c2)c(=O)sn3C)c1,2.1760912590556813,tdc_hepatocyte,COC(=O)c1ccc(C)c(NS(=O)(=O)c2ccc3c(c2)c(=O)sn3C)c1
C[C@H]1C[C@H]2[C@@H]3CC[C@](O)(C(=O)CO)[C@@]3(C)C[C@H](O)[C@@H]2[C@@]2(C)C=CC(=O)C=C12,0.9599948383284161,tdc_hepatocyte,C[C@H]1C[C@@H]2[C@H]([C@@H](O)C[C@@]3(C)[C@H]2CC[C@]3(O)C(=O)CO)[C@@]2(C)C=CC(=O)C=C12
O=C(Nc1cc(-c2ccnc(Nc3ccccc3)c2)ccn1)C1CCOCC1,2.1760912590556813,tdc_hepatocyte,O=C(Nc1cc(-c2ccnc(Nc3ccccc3)c2)ccn1)C1CCOCC1
N#CCC(CNc1ncc(C(F)(F)F)cc1Cl)OC(=O)c1c(F)cccc1F,2.1760912590556813,tdc_hepatocyte,N#CCC(CNc1ncc(C(F)(F)F)cc1Cl)OC(=O)c1c(F)cccc1F
CC(C)COc1cc(-c2cccc3c(=O)cc(N4CCOCC4)oc23)ccc1NC(=O)CN1CCOCC1,2.1760912590556813,tdc_hepatocyte,CC(C)COc1cc(-c2cccc3c(=O)cc(N4CCOCC4)oc23)ccc1NC(=O)CN1CCOCC1
COc1ccc(NC(=O)CCc2c(C)nc3nc(C)nn3c2C)cc1,0.4899584794248346,tdc_hepatocyte,COc1ccc(NC(=O)CCc2c(C)nc3nc(C)nn3c2C)cc1
O=C(O)COc1ccccc1N1CCC(CN2CCC(Oc3ccc(Cl)c(Cl)c3)CC2)CC1,0.47712125471966244,tdc_hepatocyte,O=C(O)COc1ccccc1N1CCC(CN2CCC(Oc3ccc(Cl)c(Cl)c3)CC2)CC1
COc1cc2ncnc(Nc3cc4ccccc4cn3)c2cc1OC,0.47712125471966244,tdc_hepatocyte,COc1cc2ncnc(Nc3cc4ccccc4cn3)c2cc1OC
CCS(=O)(=O)Nc1cccc2c1c(Oc1ccc(Cl)cc1)c(C)n2CC(=O)O,0.47712125471966244,tdc_hepatocyte,CCS(=O)(=O)Nc1cccc2c1c(Oc1ccc(Cl)cc1)c(C)n2CC(=O)O
C[C@H]1CN(C(=O)[C@@H]2CN(C(C)(C)C)C[C@H]2c2ccc(F)cc2F)C[C@@H](C)[C@]1(O)c1ccccc1,1.4000196350651586,tdc_hepatocyte,C[C@@H]1CN(C(=O)[C@@H]2CN(C(C)(C)C)C[C@H]2c2ccc(F)cc2F)C[C@H](C)[C@@]1(O)c1ccccc1
O=C(O)c1cc2cc(OCc3ccccc3)ccc2[nH]1,1.4099331233312946,tdc_hepatocyte,O=C(O)c1cc2cc(OCc3ccccc3)ccc2[nH]1
Clc1ccc2ncc(-c3cccc(NC4CNC4)n3)n2c1,1.2798949800116382,tdc_hepatocyte,Clc1ccc2ncc(-c3cccc(NC4CNC4)n3)n2c1
NC1(c2ccc(-c3ncc4cccnc4c3-c3ccccc3)cc2)CCC1,1.290034611362518,tdc_hepatocyte,NC1(c2ccc(-c3ncc4cccnc4c3-c3ccccc3)cc2)CCC1
Cc1cc(CN2CCc3ccccc3C2C(=O)Nc2ccc(Cl)cc2Cl)ccc1OCC(=O)O,1.3010299956639813,tdc_hepatocyte,Cc1cc(CN2CCc3ccccc3C2C(=O)Nc2ccc(Cl)cc2Cl)ccc1OCC(=O)O
CC(=O)Nc1ccc2ccn(-c3cc(NC4COC4)n4ncc(C#N)c4n3)c2c1,1.3400473176613932,tdc_hepatocyte,CC(=O)Nc1ccc2ccn(-c3cc(NC4COC4)n4ncc(C#N)c4n3)c2c1
Cc1cc(NS(=O)(=O)c2ccc(Cl)cc2)no1,0.9299295600845878,tdc_hepatocyte,Cc1cc(NS(=O)(=O)c2ccc(Cl)cc2)no1
CCCCC1C(=O)N(c2ccccc2)N(c2ccccc2)C1=O,0.9400181550076633,tdc_hepatocyte,CCCCC1C(=O)N(c2ccccc2)N(c2ccccc2)C1=O
O=C(c1cccc(Cc2n[nH]c(=O)c3ccccc23)c1)N1CCN(c2ncccn2)CC1,2.0,tdc_hepatocyte,O=C(c1cccc(Cc2n[nH]c(=O)c3ccccc23)c1)N1CCN(c2ncccn2)CC1
CCC(=O)O[C@]1(C(=O)SCF)[C@H](C)C[C@H]2[C@@H]3C[C@H](F)C4=CC(=O)C=C[C@]4(C)[C@@]3(F)[C@@H](O)C[C@@]21C,2.0299921753778474,tdc_hepatocyte,CCC(=O)O[C@]1(C(=O)SCF)[C@H](C)C[C@H]2[C@@H]3C[C@H](F)C4=CC(=O)C=C[C@]4(C)[C@@]3(F)[C@@H](O)C[C@@]21C
O=C(NCc1ccccc1)c1cc(-c2ccco2)on1,2.140004950619449,tdc_hepatocyte,O=C(NCc1ccccc1)c1cc(-c2ccco2)on1
O=C(NS(=O)(=O)c1ccccc1Cl)c1ccc[nH]1,0.5198279937757188,tdc_hepatocyte,O=C(NS(=O)(=O)c1ccccc1Cl)c1ccc[nH]1
CC1(C)S[C@@H]2[C@H](NC(=O)C(C(=O)O)c3ccccc3)C(=O)N2[C@H]1C(=O)O,0.5301996982030822,tdc_hepatocyte,CC1(C)S[C@@H]2[C@H](NC(=O)C(C(=O)O)c3ccccc3)C(=O)N2[C@H]1C(=O)O
CC(C)(C)NS(=O)(=O)c1cncc(-c2ccc3nc(NC(=O)NCC(=O)N4CCOCC4)nn3c2)c1,0.5301996982030822,tdc_hepatocyte,CC(C)(C)NS(=O)(=O)c1cncc(-c2ccc3nc(NC(=O)NCC(=O)N4CCOCC4)nn3c2)c1
CC(=O)C[C@H](c1ccccc1)c1c(O)c2ccccc2oc1=O,0.5403294747908738,tdc_hepatocyte,CC(=O)C[C@H](c1ccccc1)c1c(O)c2ccccc2oc1=O
COc1ccc(-c2ccc3c(N4CCOC[C@@H]4C)nc(N4CCOC[C@@H]4C)nc3n2)cc1C(=O)N(C)C,0.6304278750250238,tdc_hepatocyte,COc1ccc(-c2ccc3c(N4CCOC[C@@H]4C)nc(N4CCOC[C@@H]4C)nc3n2)cc1C(=O)N(C)C
N[C@@H](C(=O)N[C@@H]1C(=O)N2C(C(=O)O)=C(Cl)CC[C@H]12)c1ccccc1,0.47712125471966244,tdc_hepatocyte,N[C@@H](C(=O)N[C@@H]1C(=O)N2C(C(=O)O)=C(Cl)CC[C@H]12)c1ccccc1
O=c1cc(-c2ccc(Br)cc2)oc2ccccc12,0.47712125471966244,tdc_hepatocyte,O=c1cc(-c2ccc(Br)cc2)oc2ccccc12
CC1CNC(Nc2c(Cl)cccc2Cl)=N1,0.47712125471966244,tdc_hepatocyte,CC1CNC(Nc2c(Cl)cccc2Cl)=N1
Cc1ccc(S(=O)(=O)Nc2c(C(=O)N[C@@H](C)C(C)(C)C)c(C)nn2C2CCOCC2)cc1,0.47712125471966244,tdc_hepatocyte,Cc1ccc(S(=O)(=O)Nc2c(C(=O)N[C@@H](C)C(C)(C)C)c(C)nn2C2CCOCC2)cc1
CCOc1noc2cc(OCCC3CCN(c4ccc(C)nn4)CC3)ccc12,0.9100905455940682,tdc_hepatocyte,CCOc1noc2cc(OCCC3CCN(c4ccc(C)nn4)CC3)ccc12
Cc1nn(C)c2cc(N3CCN(C(=O)[C@@H]4CCCC[C@H]4C(=O)NC4(C#N)CC4)[C@H](C)C3)ccc12,0.9100905455940682,tdc_hepatocyte,Cc1nn(C)c2cc(N3CCN(C(=O)[C@@H]4CCCC[C@H]4C(=O)NC4(C#N)CC4)[C@H](C)C3)ccc12
CC(C)(C)c1ccc(C(O)CCCN2CCC(C(O)(c3ccccc3)c3ccccc3)CC2)cc1,1.9400181550076632,tdc_hepatocyte,CC(C)(C)c1ccc(C(O)CCCN2CCC(C(O)(c3ccccc3)c3ccccc3)CC2)cc1
Cc1cn([C@H]2CCCN(S(=O)(=O)c3ccc(O)c(Oc4ccc(Cl)cc4)c3)C2)c(=O)[nH]c1=O,1.9500239065233265,tdc_hepatocyte,Cc1cn([C@H]2CCCN(S(=O)(=O)c3ccc(O)c(Oc4ccc(Cl)cc4)c3)C2)c(=O)[nH]c1=O
O=C(NCC12CC3CC(CC(C3)C1)C2)c1ccnc(NCC2CCNCC2)c1Cl,0.6020599913279624,tdc_hepatocyte,O=C(NCC12CC3CC(CC(C3)C1)C2)c1ccnc(NCC2CCNCC2)c1Cl
O=C(O)COc1ccc(Cl)cc1CN1CCC(S(=O)(=O)c2ccccc2)CC1,0.47712125471966244,tdc_hepatocyte,O=C(O)COc1ccc(Cl)cc1CN1CCC(S(=O)(=O)c2ccccc2)CC1
CCCCC(=O)N(Cc1ccc(-c2ccccc2-c2nnn[nH]2)cc1)[C@H](C(=O)O)C(C)C,0.47712125471966244,tdc_hepatocyte,CCCCC(=O)N(Cc1ccc(-c2ccccc2-c2nnn[nH]2)cc1)[C@H](C(=O)O)C(C)C
CCC1=C(C)CN(C(=O)NCCc2ccc(S(=O)(=O)NC(=O)N[C@H]3CC[C@H](C)CC3)cc2)C1=O,1.3654879848908996,tdc_hepatocyte,CCC1=C(C)CN(C(=O)NCCc2ccc(S(=O)(=O)NC(=O)N[C@H]3CC[C@H](C)CC3)cc2)C1=O
N#Cc1cccc(NCC(=O)Nc2c(Cl)ccc3nc(N4CC[C@@H](O)C4)ccc23)c1,0.9030899869919435,tdc_hepatocyte,N#Cc1cccc(NCC(=O)Nc2c(Cl)ccc3nc(N4CC[C@@H](O)C4)ccc23)c1
CCOc1ccc2oc(C(=O)NC(CCSC)c3nc4ccccc4[nH]3)c(C)c2c1,1.4313637641589874,tdc_hepatocyte,CCOc1ccc2oc(C(=O)NC(CCSC)c3nc4ccccc4[nH]3)c(C)c2c1
C[C@H](CO)n1ccc2c(NC(=O)Cc3ccc(Cl)c(C(F)(F)F)c3)cccc2c1=O,1.462397997898956,tdc_hepatocyte,C[C@H](CO)n1ccc2c(NC(=O)Cc3ccc(Cl)c(C(F)(F)F)c3)cccc2c1=O
Cc1nnc2n1-c1ccc(Cl)cc1C(c1ccccc1)=NC2,1.63002085111341,tdc_hepatocyte,Cc1nnc2n1-c1ccc(Cl)cc1C(c1ccccc1)=NC2
C[C@@H](C(N)=O)c1ccc(OS(=O)(=O)C(F)(F)F)cc1,0.47712125471966244,tdc_hepatocyte,C[C@@H](C(N)=O)c1ccc(OS(=O)(=O)C(F)(F)F)cc1
CC(C)c1cc(C(=O)N2Cc3ccc(CN4CCN(C)CC4)cc3C2)c(O)cc1O,1.369957607346053,tdc_hepatocyte,CC(C)c1cc(C(=O)N2Cc3ccc(CN4CCN(C)CC4)cc3C2)c(O)cc1O
CN(C)CCNc1cc(-c2ccccc2)nc2cc(-c3ccc(F)cc3)nn12,1.3800302479678306,tdc_hepatocyte,CN(C)CCNc1cc(-c2ccccc2)nc2cc(-c3ccc(F)cc3)nn12
CCS(=O)(=O)c1ccc2[nH]c(-c3cccc(-c4ccccc4)c3)nc2c1,1.3900514964589874,tdc_hepatocyte,CCS(=O)(=O)c1ccc2[nH]c(-c3cccc(-c4ccccc4)c3)nc2c1
O=c1cc(N2CCOCC2)nc2n(Cc3cccc(Cl)c3Cl)ccn12,1.3900514964589874,tdc_hepatocyte,O=c1cc(N2CCOCC2)nc2n(Cc3cccc(Cl)c3Cl)ccn12
CCOc1ccc(-n2c([C@@H](C)N(Cc3cccnc3)C(=O)Cc3ccc(OC(F)(F)F)cc3)nc3ncccc3c2=O)cc1,1.3010299956639813,tdc_hepatocyte,CCOc1ccc(-n2c([C@@H](C)N(Cc3cccnc3)C(=O)Cc3ccc(OC(F)(F)F)cc3)nc3ncccc3c2=O)cc1
COc1ccncc1-c1ccccc1CN(C(=O)c1ccc(-c2ccc(C#N)cc2)o1)c1ccc(N2CCNCC2)cc1,1.4099331233312946,tdc_hepatocyte,COc1ccncc1-c1ccccc1CN(C(=O)c1ccc(-c2ccc(C#N)cc2)o1)c1ccc(N2CCNCC2)cc1
Cc1ccc(-c2cc(C(F)(F)F)nn2-c2ccc(S(N)(=O)=O)cc2)cc1,1.4099331233312946,tdc_hepatocyte,Cc1ccc(-c2cc(C(F)(F)F)nn2-c2ccc(S(N)(=O)=O)cc2)cc1
CCN(CC)CCNc1ncnc2c1sc1nc(N3CCOCC3)c3c(c12)CCCC3,1.4199557484897578,tdc_hepatocyte,CCN(CC)CCNc1ncnc2c1sc1nc(N3CCOCC3)c3c(c12)CCCC3
COc1ccc(CCN(C)CCCC(C#N)(c2ccc(OC)c(OC)c2)C(C)C)cc1OC,1.4199557484897578,tdc_hepatocyte,COc1ccc(CCN(C)CCCC(C#N)(c2ccc(OC)c(OC)c2)C(C)C)cc1OC
CC#C[C@]1(O)CC[C@H]2[C@@H]3CCC4=CC(=O)CCC4=C3[C@@H](c3ccc(N(C)C)cc3)C[C@@]21C,1.4300750555519393,tdc_hepatocyte,CC#C[C@]1(O)CC[C@H]2[C@@H]3CCC4=CC(=O)CCC4=C3[C@@H](c3ccc(N(C)C)cc3)C[C@@]21C
Cc1ccc(S(=O)(=O)Nc2c(C(=O)NC3CCOCC3)c(C)nn2-c2ccccc2)cc1,1.146128035678238,tdc_hepatocyte,Cc1ccc(S(=O)(=O)Nc2c(C(=O)NC3CCOCC3)c(C)nn2-c2ccccc2)cc1
O=c1[nH]c2c(O)ccc([C@@H](O)CNCCc3ccc(CNCCc4ccccc4F)cc3)c2s1,1.146128035678238,tdc_hepatocyte,O=c1[nH]c2c(O)ccc([C@@H](O)CNCCc3ccc(CNCCc4ccccc4F)cc3)c2s1
O=C(CC12CC3CC(CC(C3)C1)C2)Nc1cccc2c(=O)n(C(CO)CO)ccc12,1.2787536009528289,tdc_hepatocyte,O=C(CC12CC3CC(CC(C3)C1)C2)Nc1cccc2c(=O)n(C(CO)CO)ccc12
NC(=O)c1cnc(-c2ccc(C3(N)CCC3)cc2)c(-c2ccccc2)c1,0.7101173651118162,tdc_hepatocyte,NC(=O)c1cnc(-c2ccc(C3(N)CCC3)cc2)c(-c2ccccc2)c1
Cc1ccc(NC(=O)c2cccc(N3CCOCC3)c2)cc1-n1cnc2ccc(N3CCN(C)CC3)cc2c1=O,0.7781512503836436,tdc_hepatocyte,Cc1ccc(NC(=O)c2cccc(N3CCOCC3)c2)cc1-n1cnc2ccc(N3CCN(C)CC3)cc2c1=O
COc1cc(Nc2nc3c(cc2F)ncn3[C@@H](CO)c2ccc(F)cn2)n[nH]1,1.4399639359209049,tdc_hepatocyte,COc1cc(Nc2nc3c(cc2F)ncn3[C@@H](CO)c2ccc(F)cn2)n[nH]1
NCCCCN(Cc1nc2ccccc2[nH]1)[C@H]1CCCc2cccnc21,1.484442207642407,tdc_hepatocyte,NCCCCN(Cc1nc2ccccc2[nH]1)[C@H]1CCCc2cccnc21
O=C(CCCc1ccc2cccnc2n1)NCc1cc(-c2ccc(F)c(C(F)(F)F)c2)no1,1.2999429000227671,tdc_hepatocyte,O=C(CCCc1ccc2cccnc2n1)NCc1cc(-c2ccc(F)c(C(F)(F)F)c2)no1
Cc1ccc(S(=O)(=O)Nc2c(C(=O)N(C)C3CCCCC3)c(C)nn2-c2ccccc2)cc1,1.3222192947339193,tdc_hepatocyte,Cc1ccc(S(=O)(=O)Nc2c(C(=O)N(C)C3CCCCC3)c(C)nn2-c2ccccc2)cc1
CC(C)C[C@H](CO)Nc1nc(S[C@@H](C)c2ccccc2F)nc2nc(N)sc12,1.4899584794248346,tdc_hepatocyte,CC(C)C[C@H](CO)Nc1nc(S[C@@H](C)c2ccccc2F)nc2nc(N)sc12
CCC[C@H](CO)Nc1nc(S[C@@H](C)c2cccc(C#N)c2)nc2[nH]c(=O)sc12,1.3500540935790304,tdc_hepatocyte,CCC[C@H](CO)Nc1nc(S[C@@H](C)c2cccc(C#N)c2)nc2[nH]c(=O)sc12
C[C@H](CO)Nc1nc(SCc2cccc(F)c2F)nc2[nH]c(=O)cnc12,1.365862215402555,tdc_hepatocyte,C[C@H](CO)Nc1nc(SCc2cccc(F)c2F)nc2[nH]c(=O)cnc12
CC(C)c1ccc(NC(=O)NCCCSC[C@H]2O[C@@H](n3cnc4c(N)ncnc43)[C@H](O)[C@@H]2O)cc1,2.0400086360135417,tdc_hepatocyte,CC(C)c1ccc(NC(=O)NCCCSC[C@H]2O[C@@H](n3cnc4c(N)ncnc43)[C@H](O)[C@@H]2O)cc1
Cn1c(=O)c(-c2c(Cl)cccc2Cl)cc2cnc(Nc3ccc(F)cc3)nc21,0.7902851640332417,tdc_hepatocyte,Cn1c(=O)c(-c2c(Cl)cccc2Cl)cc2cnc(Nc3ccc(F)cc3)nc21
O=C1Nc2ccccc2B(O)N1c1ccccc1,0.8998205024270963,tdc_hepatocyte,O=C1Nc2ccccc2B(O)N1c1ccccc1
NC1=Nc2ccccc2Sc2ccccc21,0.8998205024270963,tdc_hepatocyte,NC1=Nc2ccccc2Sc2ccccc21
Nc1cc(C(=O)Nc2cccc(-c3nnn[nH]3)c2)cc(C(F)(F)F)c1,1.369957607346053,tdc_hepatocyte,Nc1cc(C(=O)Nc2cccc(-c3nnn[nH]3)c2)cc(C(F)(F)F)c1
O=C1Nc2ccc(Cl)cc2[C@@](C#CC2CC2)(C(F)(F)F)O1,0.9299295600845878,tdc_hepatocyte,O=C1Nc2ccc(Cl)cc2[C@@](C#CC2CC2)(C(F)(F)F)O1
CC1(CCCc2cc(=O)oc3[nH]c(=O)[nH]c(=O)c23)CC1,0.47712125471966244,tdc_hepatocyte,CC1(CCCc2cc(=O)oc3[nH]c(=O)[nH]c(=O)c23)CC1
NC1(c2ccc(-c3ncc4cccn4c3-c3ccccc3)cc2)CCC1,0.47712125471966244,tdc_hepatocyte,NC1(c2ccc(-c3ncc4cccn4c3-c3ccccc3)cc2)CCC1
Cc1nn(C)c2ccc(N3CCN(C(=O)[C@@H]4CCCC[C@H]4C(=O)NC4(C#N)CC4)[C@H](C)C3)cc12,0.47712125471966244,tdc_hepatocyte,Cc1nn(C)c2ccc(N3CCN(C(=O)[C@@H]4CCCC[C@H]4C(=O)NC4(C#N)CC4)[C@H](C)C3)cc12
CC(C)Oc1ccc2c(=O)c(-c3ccccc3)coc2c1,2.0400086360135417,tdc_hepatocyte,CC(C)Oc1ccc2c(=O)c(-c3ccccc3)coc2c1
C[C@@](C(=O)O[C@H]1C[N+]2(CCc3ccccc3F)CCC1CC2)(c1ccccc1)N1CCCCC1,2.113943352306837,tdc_hepatocyte,C[C@@](C(=O)O[C@H]1C[N+]2(CCc3ccccc3F)CCC1CC2)(c1ccccc1)N1CCCCC1
COC(=O)[C@H](c1ccccc1Cl)N1CCc2sccc2C1,2.1367205671564067,tdc_hepatocyte,COC(=O)[C@H](c1ccccc1Cl)N1CCc2sccc2C1
Oc1nc2c(O)ccc(CCNCCCOCCOCCc3ccccc3)c2s1,2.1583624920952498,tdc_hepatocyte,Oc1nc2c(O)ccc(CCNCCCOCCOCCc3ccccc3)c2s1
Cc1c(Cc2ccc3ccccc3n2)c2cc(F)ccc2n1CC(=O)O,0.6063813651106049,tdc_hepatocyte,Cc1c(Cc2ccc3ccccc3n2)c2cc(F)ccc2n1CC(=O)O
O=C(O)COc1cccc(N2CCC(CN3CCC(Oc4ccc(Cl)c(Cl)c4)CC3)CC2)c1,0.47712125471966244,tdc_hepatocyte,O=C(O)COc1cccc(N2CCC(CN3CCC(Oc4ccc(Cl)c(Cl)c4)CC3)CC2)c1
Cc1cn([C@H]2CCCN([C@@H](CC(C)(C)C)c3ccc(C(=O)O)c(Oc4cccc(Br)c4)c3)C2)c(=O)[nH]c1=O,0.47712125471966244,tdc_hepatocyte,Cc1cn([C@H]2CCCN([C@@H](CC(C)(C)C)c3ccc(C(=O)O)c(Oc4cccc(Br)c4)c3)C2)c(=O)[nH]c1=O
C[C@@H](C(=O)NS(C)(=O)=O)c1ccc(OS(=O)(=O)C(F)(F)F)cc1,0.47712125471966244,tdc_hepatocyte,C[C@@H](C(=O)NS(C)(=O)=O)c1ccc(OS(=O)(=O)C(F)(F)F)cc1
Cc1nnc(C)c2cc(N3CCN(C(=O)[C@@H]4CCCC[C@H]4C(=O)NC4(C#N)CC4)[C@H](C)C3)ccc12,0.47712125471966244,tdc_hepatocyte,Cc1nnc(C)c2cc(N3CCN(C(=O)[C@@H]4CCCC[C@H]4C(=O)NC4(C#N)CC4)[C@H](C)C3)ccc12
O=C(O)[C@H](Cc1ccccc1F)N1CCC(CN2CCC(Oc3ccc(Cl)c(Cl)c3)CC2)CC1,0.47712125471966244,tdc_hepatocyte,O=C(O)[C@H](Cc1ccccc1F)N1CCC(CN2CCC(Oc3ccc(Cl)c(Cl)c3)CC2)CC1
O=c1[nH]c2c(O)ccc([C@@H](O)CNCCCSCCOCCc3ccccc3)c2s1,2.05307844348342,tdc_hepatocyte,O=c1[nH]c2c(O)ccc([C@@H](O)CNCCCSCCOCCc3ccccc3)c2s1
O=C(Nc1nc2ccccc2n1CCN1CCOCC1)c1cccc([N+](=O)[O-])c1,2.1760912590556813,tdc_hepatocyte,O=C(Nc1nc2ccccc2n1CCN1CCOCC1)c1cccc([N+](=O)[O-])c1
O=C(N[C@H](CO)[C@H](O)c1ccc([N+](=O)[O-])cc1)C(Cl)Cl,1.8399805576783428,tdc_hepatocyte,O=C(N[C@H](CO)[C@H](O)c1ccc([N+](=O)[O-])cc1)C(Cl)Cl
CCN(CC)CCn1c2ccccc2c2cnc(N)c(C#N)c21,1.8864907251724818,tdc_hepatocyte,CCN(CC)CCn1c2ccccc2c2cnc(N)c(C#N)c21
CCCN(CCNCCc1ccc(O)c2[nH]c(=O)sc12)C(=O)CCOCCc1ccccc1,2.0293837776852097,tdc_hepatocyte,CCCN(CCNCCc1ccc(O)c2[nH]c(=O)sc12)C(=O)CCOCCc1ccccc1
COc1cc(NC(=O)c2ccccn2)ccc1Cl,2.1760912590556813,tdc_hepatocyte,COc1cc(NC(=O)c2ccccn2)ccc1Cl
CC(C)(C)NC(=O)[C@@H]1C[C@@H]2CCCC[C@@H]2CN1C[C@@H](O)[C@H](Cc1ccccc1)NC(=O)[C@H](CC(N)=O)NC(=O)c1ccc2ccccc2n1,2.1760912590556813,tdc_hepatocyte,CC(C)(C)NC(=O)[C@@H]1C[C@@H]2CCCC[C@@H]2CN1C[C@@H](O)[C@H](Cc1ccccc1)NC(=O)[C@H](CC(N)=O)NC(=O)c1ccc2ccccc2n1
O=C(O)C[C@H](O)C[C@H](O)/C=C/c1c(C2CC2)nc2ccccc2c1-c1ccc(F)cc1,0.8518696007297664,tdc_hepatocyte,O=C(O)C[C@H](O)C[C@H](O)/C=C/c1c(C2CC2)nc2ccccc2c1-c1ccc(F)cc1
CC(C)NCC(O)COc1ccc(COCCOC(C)C)cc1,1.4000196350651586,tdc_hepatocyte,CC(C)NCC(O)COc1ccc(COCCOC(C)C)cc1
O=C(c1ccc(F)cc1)C1CCN(CCn2c(=O)[nH]c3ccccc3c2=O)CC1,1.4800069429571507,tdc_hepatocyte,O=C(c1ccc(F)cc1)C1CCN(CCn2c(=O)[nH]c3ccccc3c2=O)CC1
Cc1ccccc1-n1c(Cn2cnc3c(N)ncnc32)nc2cccc(C)c2c1=O,1.0398105541483504,tdc_hepatocyte,Cc1ccccc1-n1c(Cn2cnc3c(N)ncnc32)nc2cccc(C)c2c1=O
O=c1[nH]c2c(O)ccc([C@@H](O)CNCCCSCCNCCc3ccccc3Cl)c2s1,1.0791812460476249,tdc_hepatocyte,O=c1[nH]c2c(O)ccc([C@@H](O)CNCCCSCCNCCc3ccccc3Cl)c2s1
CNC(=O)Cc1ccc2c(=O)cc(-c3cccnc3)[nH]c2c1,0.47712125471966244,tdc_hepatocyte,CNC(=O)Cc1ccc2c(=O)cc(-c3cccnc3)[nH]c2c1
O=CN(O)CCCP(=O)(O)O,0.47712125471966244,tdc_hepatocyte,O=CN(O)CCCP(=O)(O)O
CCC(NC(=O)Nc1cc(Cl)ccc1Cl)(C(F)(F)F)C(F)(F)F,1.3600250891893975,tdc_hepatocyte,CCC(NC(=O)Nc1cc(Cl)ccc1Cl)(C(F)(F)F)C(F)(F)F
OB1c2ccccc2N=C(S)N1c1cccnc1,0.47712125471966244,tdc_hepatocyte,OB1c2ccccc2N=C(S)N1c1cccnc1
Cc1ccc(S(=O)(=O)Nc2c(C(=O)N[C@@H](C)C(C)(C)C)c(C)nn2C2CCN(CC(F)(F)F)CC2)cc1,0.47712125471966244,tdc_hepatocyte,Cc1ccc(S(=O)(=O)Nc2c(C(=O)N[C@@H](C)C(C)(C)C)c(C)nn2C2CCN(CC(F)(F)F)CC2)cc1
Cc1ccc(S(=O)(=O)Nc2c(C(=O)N[C@@H](C)C(C)(C)C)c(C)nn2C2CCOC2)cc1,0.47712125471966244,tdc_hepatocyte,Cc1ccc(S(=O)(=O)Nc2c(C(=O)N[C@@H](C)C(C)(C)C)c(C)nn2C2CCOC2)cc1
O=C(O)[C@H](Cc1ccc(F)cc1)N1CCC(CN2CCC(Oc3ccc(Cl)cc3Cl)CC2)CC1,0.47712125471966244,tdc_hepatocyte,O=C(O)[C@H](Cc1ccc(F)cc1)N1CCC(CN2CCC(Oc3ccc(Cl)cc3Cl)CC2)CC1
COc1ccc(N(C(C)=O)C(C(=O)NC2CCCC2)c2ccccc2F)c(OC)c1,2.1760912590556813,tdc_hepatocyte,COc1ccc(N(C(C)=O)C(C(=O)NC2CCCC2)c2ccccc2F)c(OC)c1
CCCNC(=O)CSc1ccc(S(=O)(=O)N2CCCC2)cn1,1.7399676967595095,tdc_hepatocyte,CCCNC(=O)CSc1ccc(S(=O)(=O)N2CCCC2)cn1
O=C1CC2(CCCC2)CC(=O)N1CCCCN1CCN(c2ncccn2)CC1,1.5899496013257077,tdc_hepatocyte,O=C1CC2(CCCC2)CC(=O)N1CCCCN1CCN(c2ncccn2)CC1
Cc1cn([C@H]2CCCN([C@H](CC(C)(C)C)c3ccc(C(=O)O)c(Oc4cccc(Br)c4)c3)C2)c(=O)[nH]c1=O,1.6900187807886953,tdc_hepatocyte,Cc1cn([C@H]2CCCN([C@H](CC(C)(C)C)c3ccc(C(=O)O)c(Oc4cccc(Br)c4)c3)C2)c(=O)[nH]c1=O
N#Cc1ccc(OC2CCN(C[C@H](O)CNC(=O)c3c[nH]c(=O)c4ccccc34)CC2)cc1Cl,0.47712125471966244,tdc_hepatocyte,N#Cc1ccc(OC2CCN(C[C@H](O)CNC(=O)c3c[nH]c(=O)c4ccccc34)CC2)cc1Cl
COc1ccccc1-c1csc(-n2ncc(C#N)c2N)n1,1.7399676967595095,tdc_hepatocyte,COc1ccccc1-c1csc(-n2ncc(C#N)c2N)n1
C[C@@](C(=O)O[C@H]1C[N+]2(CCc3c[nH]c4ccccc34)CCC1CC2)(c1ccccc1)N1CCCCC1,1.7242758696007892,tdc_hepatocyte,C[C@@](C(=O)O[C@H]1C[N+]2(CCc3c[nH]c4ccccc34)CCC1CC2)(c1ccccc1)N1CCCCC1
O=C(CC12CC3CC(CC(C3)C1)C2)Nc1cccc2c(=O)n(C[C@H]3CCCN3)ccc12,1.6334684555795866,tdc_hepatocyte,O=C(CC12CC3CC(CC(C3)C1)C2)Nc1cccc2c(=O)n(C[C@H]3CCCN3)ccc12
O=C(NCCc1ccccc1Cl)c1cc(-n2ncc(=O)[nH]c2=O)ccc1Cl,0.9030899869919435,tdc_hepatocyte,O=C(NCCc1ccccc1Cl)c1cc(-n2ncc(=O)[nH]c2=O)ccc1Cl
O=C(O)CCc1nc(-c2ccccc2)c(-c2ccccc2)o1,0.8102325179950841,tdc_hepatocyte,O=C(O)CCc1nc(-c2ccccc2)c(-c2ccccc2)o1
O=c1c2c3n(c(=O)cc2[nH]n1-c1ccccc1Cl)CCCN(Cc1ccccc1)C3,0.47712125471966244,tdc_hepatocyte,O=c1c2c3n(c(=O)cc2[nH]n1-c1ccccc1Cl)CCCN(Cc1ccccc1)C3
Nc1ncnc2c1ncn2[C@@H]1O[C@H](CO)[C@@H](O)[C@H]1O,0.47712125471966244,tdc_hepatocyte,Nc1ncnc2c1ncn2[C@@H]1O[C@H](CO)[C@@H](O)[C@H]1O
NC(=O)COc1cc(-c2cccc3c(=O)cc(N4CCOCC4)oc23)ccc1NC(=O)CN1CCOCC1,0.47712125471966244,tdc_hepatocyte,NC(=O)COc1cc(-c2cccc3c(=O)cc(N4CCOCC4)oc23)ccc1NC(=O)CN1CCOCC1
Cc1cccc2c(O)nc(-c3ccc(C(F)(F)F)cc3)nc12,1.6600112212893308,tdc_hepatocyte,Cc1cccc2c(O)nc(-c3ccc(C(F)(F)F)cc3)nc12
CN(c1ccnc(Nc2cc(N3CCOCC3)cc(N3CCOCC3)c2)n1)c1cccc2[nH]ncc12,1.7100326990657535,tdc_hepatocyte,CN(c1ccnc(Nc2cc(N3CCOCC3)cc(N3CCOCC3)c2)n1)c1cccc2[nH]ncc12
COc1ccccc1SC[C@@H](C)CN[C@@H]1COc2ccccc2SC1,1.7100326990657535,tdc_hepatocyte,COc1ccccc1SC[C@@H](C)CN[C@@H]1COc2ccccc2SC1
CN1C(=O)CN=C(c2ccccc2F)c2cc([N+](=O)[O-])ccc21,0.6998377258672457,tdc_hepatocyte,CN1C(=O)CN=C(c2ccccc2F)c2cc([N+](=O)[O-])ccc21
CCN(C(=O)Cc1ccc(S(C)(=O)=O)cc1)C1CCN(CC[C@H](c2ccc(S(C)(=O)=O)cc2)c2cc(F)cc(F)c2)CC1,0.7626785637274363,tdc_hepatocyte,CCN(C(=O)Cc1ccc(S(C)(=O)=O)cc1)C1CCN(CC[C@H](c2ccc(S(C)(=O)=O)cc2)c2cc(F)cc(F)c2)CC1
Cc1ccc(N2CC(COc3ccc(-c4noc(C)n4)cc3)C2)nn1,1.421768401206924,tdc_hepatocyte,Cc1ccc(N2CC(COc3ccc(-c4noc(C)n4)cc3)C2)nn1
COc1ccccc1CCNCc1cccc(CCNC[C@H](O)c2ccc(O)c3[nH]c(=O)sc23)c1,1.462397997898956,tdc_hepatocyte,COc1ccccc1CCNCc1cccc(CCNC[C@H](O)c2ccc(O)c3[nH]c(=O)sc23)c1
O=c1[nH]c2c(O)ccc([C@@H](O)CNCCc3cccc(CN4CCC(c5ccccc5)CC4)c3)c2s1,1.462397997898956,tdc_hepatocyte,O=c1[nH]c2c(O)ccc([C@@H](O)CNCCc3cccc(CN4CCC(c5ccccc5)CC4)c3)c2s1
COc1ccc(N(C(=O)Oc2c(C)cccc2C)c2ccnc(Nc3ccc(N4CCN(C)CC4)cc3)n2)c(OC)c1,1.5499836111596887,tdc_hepatocyte,COc1ccc(N(C(=O)Oc2c(C)cccc2C)c2ccnc(Nc3ccc(N4CCN(C)CC4)cc3)n2)c(OC)c1
N=c1c(S(=O)(=O)c2ccc(Cl)cc2)cc2c(=O)n3ccccc3nc2n1C1CCCC1,1.5499836111596887,tdc_hepatocyte,N=c1c(S(=O)(=O)c2ccc(Cl)cc2)cc2c(=O)n3ccccc3nc2n1C1CCCC1
c1ccc(Nc2nc3c(s2)CCCc2n[nH]cc2-3)nc1,1.5600262489128924,tdc_hepatocyte,c1ccc(Nc2nc3c(s2)CCCc2n[nH]cc2-3)nc1
CCC(CC)NC(=O)c1cnn(Cc2ccccc2)c1NS(=O)(=O)c1ccc(C)cc1,1.0791812460476249,tdc_hepatocyte,CCC(CC)NC(=O)c1cnn(Cc2ccccc2)c1NS(=O)(=O)c1ccc(C)cc1
O=C(NCC1(O)CCCCCC1)c1cc(-c2ccccc2C(=O)O)ccc1Cl,1.0969100130080565,tdc_hepatocyte,O=C(NCC1(O)CCCCCC1)c1cc(-c2ccccc2C(=O)O)ccc1Cl
CN(C)CC[C@H](CSc1ccccc1)Nc1ccc(S(=O)(=O)NC(=O)c2ccc(N3CCN(Cc4ccccc4-c4ccc(Cl)cc4)CC3)cc2)cc1[N+](=O)[O-],0.9800033715837464,tdc_hepatocyte,CN(C)CC[C@H](CSc1ccccc1)Nc1ccc(S(=O)(=O)NC(=O)c2ccc(N3CCN(Cc4ccccc4-c4ccc(Cl)cc4)CC3)cc2)cc1[N+](=O)[O-]
O=C(O)c1cc2ccccc2[nH]1,1.0398105541483504,tdc_hepatocyte,O=C(O)c1cc2ccccc2[nH]1
Cc1ccc(S(=O)(=O)Nc2c(C(=O)NC3CCCCC3)c(C)nn2-c2ccccc2)cc1,1.0791812460476249,tdc_hepatocyte,Cc1ccc(S(=O)(=O)Nc2c(C(=O)NC3CCCCC3)c(C)nn2-c2ccccc2)cc1
COC(=O)C1=C(C)NC2=C(C(=O)CC(C)(C)C2)C1c1ccc(-c2ccc(C(F)(F)F)cc2)cc1,1.089905111439398,tdc_hepatocyte,COC(=O)C1=C(C)NC2=C(C(=O)CC(C)(C)C2)C1c1ccc(-c2ccc(C(F)(F)F)cc2)cc1
COc1cc(-n2cnc3cc(-c4ccc(Cl)cc4)sc3c2=O)ccc1OC[C@H](OP(=O)(O)O)C1CC1,1.089905111439398,tdc_hepatocyte,COc1cc(-n2cnc3cc(-c4ccc(Cl)cc4)sc3c2=O)ccc1OC[C@H](OP(=O)(O)O)C1CC1
COc1ccc(CNCc2cccc(CCNC[C@H](O)c3ccc(O)c4[nH]c(=O)sc34)c2)cc1,1.1139433523068367,tdc_hepatocyte,COc1ccc(CNCc2cccc(CCNC[C@H](O)c3ccc(O)c4[nH]c(=O)sc34)c2)cc1
COc1ccc([C@]2(C#N)CC[C@@H](C(=O)O)CC2)cc1OC1CCCC1,1.4471580313422192,tdc_hepatocyte,COc1ccc([C@]2(C#N)CC[C@@H](C(=O)O)CC2)cc1OC1CCCC1
CCCCC[C@H](c1ccc(C(=O)O)c(Oc2cccc(Br)c2)c1)N1CCC[C@H](n2cc(C)c(=O)[nH]c2=O)C1,1.4800069429571507,tdc_hepatocyte,CCCCC[C@H](c1ccc(C(=O)O)c(Oc2cccc(Br)c2)c1)N1CCC[C@H](n2cc(C)c(=O)[nH]c2=O)C1
O=C1NC(=O)C(=CC=Cc2ccccc2)S1,1.0199466816788423,tdc_hepatocyte,O=C1NC(=O)C(=CC=Cc2ccccc2)S1
C[C@H]1CN(Cc2cc(Cl)ccc2OCC(=O)O)CCN1C(=O)Cc1cccc(Cl)c1,1.0791812460476249,tdc_hepatocyte,C[C@H]1CN(Cc2cc(Cl)ccc2OCC(=O)O)CCN1C(=O)Cc1cccc(Cl)c1
O=C(C1CCN(c2nnc(-n3cccc3)s2)CC1)N1CCc2ccccc2C1,1.6699673699085043,tdc_hepatocyte,O=C(C1CCN(c2nnc(-n3cccc3)s2)CC1)N1CCc2ccccc2C1
Cc1ccc2c(NC[C@](O)(CC(C)(C)c3cc(F)cc4c3OCC4)C(F)(F)F)cccc2n1,1.7000110623221123,tdc_hepatocyte,Cc1ccc2c(NC[C@](O)(CC(C)(C)c3cc(F)cc4c3OCC4)C(F)(F)F)cccc2n1
CCC1(CCC(C)C)C(=O)N=C(O)NC1=O,1.070037866607755,tdc_hepatocyte,CCC1(CCC(C)C)C(=O)N=C(O)NC1=O
CCN(CC)CCN1C(=O)C(O)(c2ccccc2Cl)c2c1cc(C(N)=O)cc2C(F)(F)F,1.180125875164054,tdc_hepatocyte,CCN(CC)CCN1C(=O)C(O)(c2ccccc2Cl)c2c1cc(C(N)=O)cc2C(F)(F)F
O=C(C1CCCCC1)N1CC(=O)N2CCc3ccccc3C2C1,1.2400497721126476,tdc_hepatocyte,O=C(C1CCCCC1)N1CC(=O)N2CCc3ccccc3C2C1
Cc1ccc(S(=O)(=O)Nc2c(C(=O)NCC(C)(C)C)c(C)nn2-c2ccccc2)cc1,1.255272505103306,tdc_hepatocyte,Cc1ccc(S(=O)(=O)Nc2c(C(=O)NCC(C)(C)C)c(C)nn2-c2ccccc2)cc1
COc1ccc(CCN2C(=O)N(NS(C)(=O)=O)C[C@@H]2c2ccc(OC)cc2)cc1,1.2798949800116382,tdc_hepatocyte,COc1ccc(CCN2C(=O)N(NS(C)(=O)=O)C[C@@H]2c2ccc(OC)cc2)cc1
Cc1cc(Oc2cc(S(=O)(=O)N3CCC[C@H](n4cc(C)c(=O)[nH]c4=O)C3)ccc2O)ccc1Cl,1.3100557377508915,tdc_hepatocyte,Cc1cc(Oc2cc(S(=O)(=O)N3CCC[C@H](n4cc(C)c(=O)[nH]c4=O)C3)ccc2O)ccc1Cl
O=C(O)Cc1ccc(N2CCC(CN3CCC(Oc4ccc(Cl)c(Cl)c4)CC3)CC2)cc1,0.9542425094393249,tdc_hepatocyte,O=C(O)Cc1ccc(N2CCC(CN3CCC(Oc4ccc(Cl)c(Cl)c4)CC3)CC2)cc1
COc1nc(N)nc2c1ncn2[C@@H]1O[C@H](CO)[C@@H](O)[C@H]1O,1.0199466816788423,tdc_hepatocyte,COc1nc(N)nc2c1ncn2[C@@H]1O[C@H](CO)[C@@H](O)[C@H]1O
CC(=O)Nc1ccc(O)cc1,1.0334237554869496,tdc_hepatocyte,CC(=O)Nc1ccc(O)cc1
NS(=O)(=O)c1cc(C(=O)O)c(NCc2ccco2)cc1Cl,0.47712125471966244,tdc_hepatocyte,NS(=O)(=O)c1cc(C(=O)O)c(NCc2ccco2)cc1Cl
N#Cc1ccc(C(c2ccc(C#N)cc2)n2cncn2)cc1,0.47712125471966244,tdc_hepatocyte,N#Cc1ccc(C(c2ccc(C#N)cc2)n2cncn2)cc1
CC(C)S(=O)(=O)c1ccc(-c2cnc(N)c(C(=O)Nc3ccccc3)n2)cc1,1.3199384399803087,tdc_hepatocyte,CC(C)S(=O)(=O)c1ccc(-c2cnc(N)c(C(=O)Nc3ccccc3)n2)cc1
COc1nc(Br)cnc1NS(=O)(=O)c1ccc(Cl)s1,0.47712125471966244,tdc_hepatocyte,COc1nc(Br)cnc1NS(=O)(=O)c1ccc(Cl)s1
N=C(N)NC(=O)c1nc(Cl)c(N)nc1N,0.47712125471966244,tdc_hepatocyte,N=C(N)NC(=O)c1nc(Cl)c(N)nc1N
Cc1ccc(S(=O)(=O)Nc2c(C(=O)N[C@@H](C)C(C)(C)C)c(C)nn2C2CCN(C)CC2)cc1,0.47712125471966244,tdc_hepatocyte,Cc1ccc(S(=O)(=O)Nc2c(C(=O)N[C@@H](C)C(C)(C)C)c(C)nn2C2CCN(C)CC2)cc1
COc1ccccc1Oc1c(NS(=O)(=O)c2ccc(C(C)(C)C)cc2)nc(-c2ncccn2)nc1OCCO,0.6803355134145632,tdc_hepatocyte,COc1ccccc1Oc1c(NS(=O)(=O)c2ccc(C(C)(C)C)cc2)nc(-c2ncccn2)nc1OCCO
COc1ccc2nc(C)cc(-n3cc(CN4CCN(C(C)=O)CC4)nn3)c2c1,0.7101173651118162,tdc_hepatocyte,COc1ccc2nc(C)cc(-n3cc(CN4CCN(C(C)=O)CC4)nn3)c2c1
Cn1ncc(Cl)c1-c1cc(C(=O)N[C@H](CN)Cc2cccc(F)c2)sc1Cl,0.850033257689769,tdc_hepatocyte,Cn1ncc(Cl)c1-c1cc(C(=O)N[C@H](CN)Cc2cccc(F)c2)sc1Cl
O=C(O)C1CSC(c2ccccc2Cl)N1C(=O)c1ccc(Cl)cc1,1.190051417759206,tdc_hepatocyte,O=C(O)C1CSC(c2ccccc2Cl)N1C(=O)c1ccc(Cl)cc1
Nc1cc(C(F)(F)F)c(-c2cc(N3CCOCC3)nc(N3CCOCC3)n2)cn1,1.2000292665537704,tdc_hepatocyte,Nc1cc(C(F)(F)F)c(-c2cc(N3CCOCC3)nc(N3CCOCC3)n2)cn1
C[C@H]1CN(Cc2cc(Cl)ccc2OC(C)(C)C(=O)O)CCN1S(=O)(=O)c1ccccc1,1.2304489213782739,tdc_hepatocyte,C[C@H]1CN(Cc2cc(Cl)ccc2OC(C)(C)C(=O)O)CCN1S(=O)(=O)c1ccccc1
C[C@H](CO)Nc1nc(SCc2cccc(F)c2F)nc2nc(N)sc12,1.2345172835126867,tdc_hepatocyte,C[C@H](CO)Nc1nc(SCc2cccc(F)c2F)nc2nc(N)sc12
CCC(C)NC(=O)c1c(C)nn(-c2ccccc2)c1NS(=O)(=O)c1ccc(C)cc1,1.2385478876813278,tdc_hepatocyte,CCC(C)NC(=O)c1c(C)nn(-c2ccccc2)c1NS(=O)(=O)c1ccc(C)cc1
Cc1cc(C)nc(Nc2cccc(C(F)(F)F)c2)n1,1.5600262489128924,tdc_hepatocyte,Cc1cc(C)nc(Nc2cccc(C(F)(F)F)c2)n1
CC(=O)CC(c1ccccc1)c1c(O)c2ccccc2oc1=O,0.47712125471966244,tdc_hepatocyte,CC(=O)CC(c1ccccc1)c1c(O)c2ccccc2oc1=O
Nc1ncc(-c2ccc(S(=O)(=O)N3CCCC3)cc2)nc1C(=O)Nc1cccnc1,0.47712125471966244,tdc_hepatocyte,Nc1ncc(-c2ccc(S(=O)(=O)N3CCCC3)cc2)nc1C(=O)Nc1cccnc1
CCc1c2c(nc3ccc(O)cc13)-c1cc3c(c(=O)n1C2)COC(=O)[C@]3(O)CC,1.3800302479678306,tdc_hepatocyte,CCc1c2c(nc3ccc(O)cc13)-c1cc3c(c(=O)n1C2)COC(=O)[C@]3(O)CC
O=C(O)CN1C(=O)C(=O)c2ccccc21,1.4300750555519393,tdc_hepatocyte,O=C(O)CN1C(=O)C(=O)c2ccccc21
O=c1[nH]c2c(O)ccc([C@@H](O)CNCCc3ccc(CNCCc4ccccn4)cc3)c2s1,0.47712125471966244,tdc_hepatocyte,O=c1[nH]c2c(O)ccc([C@@H](O)CNCCc3ccc(CNCCc4ccccn4)cc3)c2s1
CNC(=O)c1ccc(C)c(-n2c(C)cc(OCc3ccc(F)cc3F)c(Br)c2=O)c1,0.47712125471966244,tdc_hepatocyte,CNC(=O)c1ccc(C)c(-n2c(C)cc(OCc3ccc(F)cc3F)c(Br)c2=O)c1
COc1ccnc(CCc2nc3c(C)ccnc3[nH]2)c1,0.47712125471966244,tdc_hepatocyte,COc1ccnc(CCc2nc3c(C)ccnc3[nH]2)c1
O=C(O)COc1ccc(Cl)cc1CN1CCN(S(=O)(=O)c2ccc(F)cc2)CC1,0.47712125471966244,tdc_hepatocyte,O=C(O)COc1ccc(Cl)cc1CN1CCN(S(=O)(=O)c2ccc(F)cc2)CC1
Nc1ncnc2c1ncn2[C@@H]1O[C@H](CSCCCNC(=O)Nc2ccccc2)[C@@H](O)[C@H]1O,1.4499409887733377,tdc_hepatocyte,Nc1ncnc2c1ncn2[C@@H]1O[C@H](CSCCCNC(=O)Nc2ccccc2)[C@@H](O)[C@H]1O
O=C(CCOCCc1ccccc1)NCCNCCc1ccc(O)c2nc(O)sc12,1.8572721735640414,tdc_hepatocyte,O=C(CCOCCc1ccccc1)NCCNCCc1ccc(O)c2nc(O)sc12
COc1ccccc1C(=O)Nc1ccc(Cc2ccncc2)cc1,2.0136796972911926,tdc_hepatocyte,COc1ccccc1C(=O)Nc1ccc(Cc2ccncc2)cc1
CNCCC=C1c2ccccc2CCc2ccccc21,2.1583624920952498,tdc_hepatocyte,CNCCC=C1c2ccccc2CCc2ccccc21
C[C@@H]1CN(Cc2cc(Cl)ccc2OCC(=O)O)CCN1S(=O)(=O)c1ccccc1,0.8739015978644614,tdc_hepatocyte,C[C@@H]1CN(Cc2cc(Cl)ccc2OCC(=O)O)CCN1S(=O)(=O)c1ccccc1
C[C@@H](NCc1ccccc1-c1ccc(CCNC[C@H](O)c2ccc(O)c3[nH]c(=O)sc23)cc1)c1ccccc1,2.03342375548695,tdc_hepatocyte,C[C@@H](NCc1ccccc1-c1ccc(CCNC[C@H](O)c2ccc(O)c3[nH]c(=O)sc23)cc1)c1ccccc1
c1ccc(Nc2[nH]nnc2-c2ccccc2)cc1,2.0453229787866576,tdc_hepatocyte,c1ccc(Nc2[nH]nnc2-c2ccccc2)cc1
Cc1cccc([C@H](C)c2c[nH]c(=S)[nH]2)c1C,1.4099331233312946,tdc_hepatocyte,Cc1cccc([C@H](C)c2c[nH]c(=S)[nH]2)c1C
Cc1cc(CCC[N+]23CCC(CC2)[C@@H](OC(=O)[C@](C)(c2ccccc2)N2CCCCC2)C3)ccn1,1.5572665288699041,tdc_hepatocyte,Cc1cc(CCC[N+]23CCC(CC2)[C@@H](OC(=O)[C@](C)(c2ccccc2)N2CCCCC2)C3)ccn1
Cc1ccc(-c2cc(C(F)(F)F)nn2-c2ccc([S+](C)[O-])cc2)cc1,1.1699681739968923,tdc_hepatocyte,Cc1ccc(-c2cc(C(F)(F)F)nn2-c2ccc([S+](C)[O-])cc2)cc1
COc1nc2ccc(Br)cc2cc1[C@@H](c1ccccc1)[C@@](O)(CCN(C)C)c1cccc2ccccc12,1.1501421618485586,tdc_hepatocyte,COc1nc2ccc(Br)cc2cc1[C@@H](c1ccccc1)[C@@](O)(CCN(C)C)c1cccc2ccccc12
CS(=O)(=O)c1ccc([C@@H](O)[C@@H](CF)NC(=O)C(Cl)Cl)cc1,1.8399805576783428,tdc_hepatocyte,CS(=O)(=O)c1ccc([C@@H](O)[C@@H](CF)NC(=O)C(Cl)Cl)cc1
Cc1ccc(C(NC(=O)c2ccccc2O)C(=O)Nc2c(C)cccc2C)s1,1.845098040014257,tdc_hepatocyte,Cc1ccc(C(NC(=O)c2ccccc2O)C(=O)Nc2c(C)cccc2C)s1
CCn1c(C)c(C(=O)O)c(-c2cccc(N3CCN(c4ccc(NS(=O)(=O)c5ccc(N[C@H](CCN6CCC(O)CC6)CSc6ccccc6)c(S(=O)(=O)C(F)(F)F)c5)cc4)CC3)c2)c1-c1ccc(Cl)cc1,1.2400497721126476,tdc_hepatocyte,CCn1c(C)c(C(=O)O)c(-c2cccc(N3CCN(c4ccc(NS(=O)(=O)c5ccc(N[C@H](CCN6CCC(O)CC6)CSc6ccccc6)c(S(=O)(=O)C(F)(F)F)c5)cc4)CC3)c2)c1-c1ccc(Cl)cc1
C[C@]12CC(=O)[C@H]3[C@@H](CCC4=CC(=O)CC[C@@]43C)[C@@H]1CC[C@]2(O)C(=O)CO,1.2400497721126476,tdc_hepatocyte,C[C@]12CCC(=O)C=C1CC[C@@H]1[C@@H]2C(=O)C[C@@]2(C)[C@H]1CC[C@]2(O)C(=O)CO
Nc1ccc2c(-c3ccncc3)c(-c3ccc(F)cc3)[nH]c2n1,2.070000903802345,tdc_hepatocyte,Nc1ccc2c(-c3ccncc3)c(-c3ccc(F)cc3)[nH]c2n1
Cc1ccc(NC(=O)c2cccc(N3CCOCC3)c2)cc1NC(=O)c1ccc(OCc2cscn2)cc1,1.3010299956639813,tdc_hepatocyte,Cc1ccc(NC(=O)c2cccc(N3CCOCC3)c2)cc1NC(=O)c1ccc(OCc2cscn2)cc1
CCOc1ccc(CCNCCCSCCNC[C@H](O)c2ccc(O)c3[nH]c(=O)sc23)cc1,0.9030899869919435,tdc_hepatocyte,CCOc1ccc(CCNCCCSCCNC[C@H](O)c2ccc(O)c3[nH]c(=O)sc23)cc1
COc1cc2cc(-c3ccc(O)cc3O)nc(C)c2cc1OC,2.1760912590556813,tdc_hepatocyte,COc1cc2cc(-c3ccc(O)cc3O)nc(C)c2cc1OC
O=C(O)CCCCCCc1ccc(Cc2ccc3ccccc3n2)cc1,2.1760912590556813,tdc_hepatocyte,O=C(O)CCCCCCc1ccc(Cc2ccc3ccccc3n2)cc1
CCCCn1c(SCC(=O)Nc2cc(C)on2)nnc1-c1ccco1,2.1760912590556813,tdc_hepatocyte,CCCCn1c(SCC(=O)Nc2cc(C)on2)nnc1-c1ccco1
CO[C@H]1CC[C@]2(CC1)Cc1ccc(OCC(C)C)cc1C21N=C(C)C(N)=N1,0.859738566197147,tdc_hepatocyte,CO[C@H]1CC[C@]2(CC1)Cc1ccc(OCC(C)C)cc1C21N=C(C)C(N)=N1
Cc1ccc(-c2cc(C(F)(F)F)nn2-c2ccc(C(=O)O)cc2)cc1,1.0301947853567512,tdc_hepatocyte,Cc1ccc(-c2cc(C(F)(F)F)nn2-c2ccc(C(=O)O)cc2)cc1
CN(C)CCCN1c2ccccc2CCc2ccccc21,0.7497363155690611,tdc_hepatocyte,CN(C)CCCN1c2ccccc2CCc2ccccc21
CC(C)CCOc1ccc(N)cc1,2.1760912590556813,tdc_hepatocyte,CC(C)CCOc1ccc(N)cc1
Cc1noc(NS(=O)(=O)c2ccc(N)cc2)c1C,0.47712125471966244,tdc_hepatocyte,Cc1noc(NS(=O)(=O)c2ccc(N)cc2)c1C
O=C(c1ccccc1)N1CCC2(CCN(Cc3cccc(Cl)c3)CC2)CC1,0.47712125471966244,tdc_hepatocyte,O=C(c1ccccc1)N1CCC2(CCN(Cc3cccc(Cl)c3)CC2)CC1
O=C(NCC1(O)CCCCCC1)c1cc(-n2ncc(=O)[nH]c2=O)ccc1Cl,0.47712125471966244,tdc_hepatocyte,O=C(NCC1(O)CCCCCC1)c1cc(-n2ncc(=O)[nH]c2=O)ccc1Cl
O=C(Cc1ccc(F)c(C(F)(F)F)c1)Nc1cccc2c(=O)n([C@@H]3CNC[C@H]3O)ccc12,0.47712125471966244,tdc_hepatocyte,O=C(Cc1ccc(F)c(C(F)(F)F)c1)Nc1cccc2c(=O)n([C@@H]3CNC[C@H]3O)ccc12
CNc1ncnc2c(CNc3cc(NC(=O)c4ccc5c(c4)OCCO5)ccc3C)cccc12,1.6200318951262973,tdc_hepatocyte,CNc1ncnc2c(CNc3cc(NC(=O)c4ccc5c(c4)OCCO5)ccc3C)cccc12
Cc1sc2c(c1C)C(c1ccc(Cl)cc1)=N[C@@H](CC(=O)OC(C)(C)C)c1nnc(C)n1-2,1.2201080880400552,tdc_hepatocyte,Cc1sc2c(c1C)C(c1ccc(Cl)cc1)=N[C@@H](CC(=O)OC(C)(C)C)c1nnc(C)n1-2
CC(C)(C)NS(=O)(=O)c1cncc(-c2ccc3nc(N)nn3c2)c1,1.3010299956639813,tdc_hepatocyte,CC(C)(C)NS(=O)(=O)c1cncc(-c2ccc3nc(N)nn3c2)c1
Cc1ccc(C(=O)NC2CC2)cc1-c1ccc(C(=O)NCC2CC2)nc1,1.3222192947339193,tdc_hepatocyte,Cc1ccc(C(=O)NC2CC2)cc1-c1ccc(C(=O)NCC2CC2)nc1
Clc1cccc(-n2nnnc2NCc2ccccc2Oc2ccccn2)c1Cl,2.1760912590556813,tdc_hepatocyte,Clc1cccc(-n2nnnc2NCc2ccccc2Oc2ccccn2)c1Cl
O=C(c1ccccc1)N1CCN(Cc2ccccc2)CC1,2.1760912590556813,tdc_hepatocyte,O=C(c1ccccc1)N1CCN(Cc2ccccc2)CC1
NC1(c2ccc(-c3ncc4cnccc4c3-c3ccccc3)cc2)CCC1,2.1760912590556813,tdc_hepatocyte,NC1(c2ccc(-c3ncc4cnccc4c3-c3ccccc3)cc2)CCC1
Oc1nc2c(O)ccc(CCNCCCCCCOCCc3ccccc3)c2s1,1.9444826721501687,tdc_hepatocyte,Oc1nc2c(O)ccc(CCNCCCCCCOCCc3ccccc3)c2s1
CN(C)C(=O)C(CCN1CCC(O)(c2ccc(Cl)cc2)CC1)(c1ccccc1)c1ccccc1,1.9599948383284163,tdc_hepatocyte,CN(C)C(=O)C(CCN1CCC(O)(c2ccc(Cl)cc2)CC1)(c1ccccc1)c1ccccc1
Cc1ccc(S(=O)(=O)Nc2c(C(=O)N[C@@H](C)C(C)(C)C)c(C(F)(F)F)nn2-c2ccccc2)cc1,1.2750808984568587,tdc_hepatocyte,Cc1ccc(S(=O)(=O)Nc2c(C(=O)N[C@@H](C)C(C)(C)C)c(C(F)(F)F)nn2-c2ccccc2)cc1
C[C@H]1CN(Cc2cc(Cl)ccc2OCC(=O)O)C[C@@H](C)N1C(=O)Cc1ccccc1,1.3010299956639813,tdc_hepatocyte,C[C@@H]1CN(Cc2cc(Cl)ccc2OCC(=O)O)C[C@H](C)N1C(=O)Cc1ccccc1
C[C@@](C(=O)O[C@H]1C[N+]2(CC(=O)Nc3cccc(F)c3)CCC1CC2)(c1ccccc1)N1CCCCC1,1.8260748027008264,tdc_hepatocyte,C[C@@](C(=O)O[C@H]1C[N+]2(CC(=O)Nc3cccc(F)c3)CCC1CC2)(c1ccccc1)N1CCCCC1
Oc1nc2c(O)ccc(CCNCCOCCCOCCc3ccccc3)c2s1,2.1760912590556813,tdc_hepatocyte,Oc1nc2c(O)ccc(CCNCCOCCCOCCc3ccccc3)c2s1
O=C(c1ccc(O)cc1O)N1CCCC1,2.1760912590556813,tdc_hepatocyte,O=C(c1ccc(O)cc1O)N1CCCC1
c1ccc(Oc2nccc3ccccc23)cc1,2.1760912590556813,tdc_hepatocyte,c1ccc(Oc2nccc3ccccc23)cc1
Cc1ccc(-c2cccc(-c3nn[nH]n3)c2)cc1,1.7199938263676038,tdc_hepatocyte,Cc1ccc(-c2cccc(-c3nn[nH]n3)c2)cc1
C[C@H]1CN(Cc2nnc(-c3cc(-c4cccc5[nH]ccc45)cc4[nH]ncc34)o2)C[C@@H](C)O1,1.7399676967595095,tdc_hepatocyte,C[C@@H]1CN(Cc2nnc(-c3cc(-c4cccc5[nH]ccc45)cc4[nH]ncc34)o2)C[C@H](C)O1
Cc1cc(-c2ccc(Cl)c(C(=O)NCC3(O)CCCCCC3)c2)n[nH]1,1.7558748556724915,tdc_hepatocyte,Cc1cc(-c2ccc(Cl)c(C(=O)NCC3(O)CCCCCC3)c2)n[nH]1
Cc1nn(C)c(C)c1-c1cccc2c(CCCOc3cccc4ccccc34)c(C(=O)O)[nH]c12,1.7900035203904894,tdc_hepatocyte,Cc1nn(C)c(C)c1-c1cccc2c(CCCOc3cccc4ccccc34)c(C(=O)O)[nH]c12
Cc1ccc(S(=O)(=O)Nc2c(C(=O)N[C@H](C)C(C)(C)C)c(C)nn2-c2ccccc2)cc1,0.9030899869919435,tdc_hepatocyte,Cc1ccc(S(=O)(=O)Nc2c(C(=O)N[C@H](C)C(C)(C)C)c(C)nn2-c2ccccc2)cc1
CC(C)(CO)Nc1nc(SCc2cccc(F)c2F)nc2nc(N)sc12,0.7693773260761385,tdc_hepatocyte,CC(C)(CO)Nc1nc(SCc2cccc(F)c2F)nc2nc(N)sc12
COc1ccc2ncc(C#N)c(CCN3CCC(NCc4cc5c(cn4)OCS5)CC3)c2c1,1.8599784416420209,tdc_hepatocyte,COc1ccc2ncc(C#N)c(CCN3CCC(NCc4cc5c(cn4)OCS5)CC3)c2c1
COc1ccc2nc(C)cc(OCC(=O)Nc3ccccc3OC)c2c1,2.1760912590556813,tdc_hepatocyte,COc1ccc2nc(C)cc(OCC(=O)Nc3ccccc3OC)c2c1
N[C@@H]1CCCN(c2ccccc2/C=C2\SC(=O)NC2=O)C1,0.7101173651118162,tdc_hepatocyte,N[C@@H]1CCCN(c2ccccc2/C=C2\SC(=O)NC2=O)C1
Cc1cn([C@H]2CCCN([C@H](CC(C)C)c3ccc(C(=O)O)c(Oc4cccc(Cl)c4)c3)C2)c(=O)[nH]c1=O,0.9599948383284161,tdc_hepatocyte,Cc1cn([C@H]2CCCN([C@H](CC(C)C)c3ccc(C(=O)O)c(Oc4cccc(Cl)c4)c3)C2)c(=O)[nH]c1=O
CC(=O)c1cn(Cc2ccccc2)c(=O)n(Cc2ccc(F)cc2)c1=O,2.1760912590556813,tdc_hepatocyte,CC(=O)c1cn(Cc2ccccc2)c(=O)n(Cc2ccc(F)cc2)c1=O
CNc1nc(C)c(-c2nc(Nc3cccc(N4CCCCC4)c3)ncc2C#N)s1,2.1760912590556813,tdc_hepatocyte,CNc1nc(C)c(-c2nc(Nc3cccc(N4CCCCC4)c3)ncc2C#N)s1
O=C(CSc1nc2c(c(=O)n1-c1ccccc1)SCC2)Nc1ccc(-c2ccccc2)cn1,2.1760912590556813,tdc_hepatocyte,O=C(CSc1nc2c(c(=O)n1-c1ccccc1)SCC2)Nc1ccc(-c2ccccc2)cn1
CN(C)CCCOc1nn(Cc2ccccc2)c2ccccc12,2.1760912590556813,tdc_hepatocyte,CN(C)CCCOc1nn(Cc2ccccc2)c2ccccc12
COc1ccc(N(C(=O)c2ccccc2)C(C(=O)NC[C@@H](C)O)c2ccccc2F)c(OC)c1,2.1760912590556813,tdc_hepatocyte,COc1ccc(N(C(=O)c2ccccc2)C(C(=O)NC[C@@H](C)O)c2ccccc2F)c(OC)c1
COc1ccc(CCN2C(=O)N(NS(C)(=O)=O)C[C@H]2c2ccc(OC)cc2)cc1,1.3400473176613932,tdc_hepatocyte,COc1ccc(CCN2C(=O)N(NS(C)(=O)=O)C[C@H]2c2ccc(OC)cc2)cc1
N#Cc1cccc(-c2cccc(C(=O)O)c2)c1,0.9100905455940682,tdc_hepatocyte,N#Cc1cccc(-c2cccc(C(=O)O)c2)c1
CCOc1ccc(-c2ccc(Cn3c(CC(C)(C)C(=O)O)c(SC(C)(C)C)c4cc(OCc5ccc(C)cn5)ccc43)cc2)cn1,0.8401060944567578,tdc_hepatocyte,CCOc1ccc(-c2ccc(Cn3c(CC(C)(C)C(=O)O)c(SC(C)(C)C)c4cc(OCc5ccc(C)cn5)ccc43)cc2)cn1
O=C(Nc1cc(-c2ccncc2)c[nH]c1=O)[C@H](Cc1ccccc1)NC1(c2ccccn2)CC1,2.1760912590556813,tdc_hepatocyte,O=C(Nc1cc(-c2ccncc2)c[nH]c1=O)[C@H](Cc1ccccc1)NC1(c2ccccn2)CC1
COc1ccccc1C(=O)/C=C/c1ccccc1C(F)(F)F,2.1760912590556813,tdc_hepatocyte,COc1ccccc1C(=O)/C=C/c1ccccc1C(F)(F)F
COc1ccc(N(C(=O)c2ccco2)C(C(=O)NC2CCCC2)c2ccccc2F)c(OC)c1,2.1760912590556813,tdc_hepatocyte,COc1ccc(N(C(=O)c2ccco2)C(C(=O)NC2CCCC2)c2ccccc2F)c(OC)c1
Cc1c(-c2ccc(O)cc2)n(Cc2ccc(OCCN3CCCCCC3)cc2)c2ccc(O)cc12,1.5499836111596887,tdc_hepatocyte,Cc1c(-c2ccc(O)cc2)n(Cc2ccc(OCCN3CCCCCC3)cc2)c2ccc(O)cc12
C[C@H]1C[C@@H](NS(=O)(=O)c2cc(Br)ccc2Br)CN1C#N,1.5910646070264993,tdc_hepatocyte,C[C@H]1C[C@@H](NS(=O)(=O)c2cc(Br)ccc2Br)CN1C#N
COc1ccc(N2CCN(C(=O)[C@@H]3CCCC[C@H]3C(=O)NC3(C#N)CC3)[C@H](C)C2)cc1OC,0.47712125471966244,tdc_hepatocyte,COc1ccc(N2CCN(C(=O)[C@@H]3CCCC[C@H]3C(=O)NC3(C#N)CC3)[C@H](C)C2)cc1OC
Cc1cc(OC2CCN(CC3CCN([C@@H](Cc4ccc(F)cc4)C(=O)O)CC3)CC2)ccc1Cl,0.5877109650189114,tdc_hepatocyte,Cc1cc(OC2CCN(CC3CCN([C@@H](Cc4ccc(F)cc4)C(=O)O)CC3)CC2)ccc1Cl
CC[C@H]1CN(Cc2cc(Cl)ccc2OCC(=O)O)CCN1S(=O)(=O)c1ccccc1,0.6020599913279624,tdc_hepatocyte,CC[C@H]1CN(Cc2cc(Cl)ccc2OCC(=O)O)CCN1S(=O)(=O)c1ccccc1
O=c1c2ccccc2[nH]n1Cc1c[nH]c2ccccc12,0.6404814369704218,tdc_hepatocyte,O=c1c2ccccc2[nH]n1Cc1c[nH]c2ccccc12
Cc1cn([C@H]2CCCN([C@H](C)c3ccc(C(=O)O)c(Oc4cccc(Cl)c4)c3)C2)c(=O)[nH]c1=O,0.5301996982030822,tdc_hepatocyte,Cc1cn([C@H]2CCCN([C@H](C)c3ccc(C(=O)O)c(Oc4cccc(Cl)c4)c3)C2)c(=O)[nH]c1=O
O=C1CN=C(c2ccccc2Cl)c2cc([N+](=O)[O-])ccc2N1,0.5705429398818975,tdc_hepatocyte,O=C1CN=C(c2ccccc2Cl)c2cc([N+](=O)[O-])ccc2N1
O=C(Nc1ccncc1)c1cccc2ccccc12,1.4000196350651586,tdc_hepatocyte,O=C(Nc1ccncc1)c1cccc2ccccc12
CCO/N=C/c1ccc(OCCC2CCN(c3ccc(C)nn3)CC2)cc1,1.414973347970818,tdc_hepatocyte,CCO/N=C/c1ccc(OCCC2CCN(c3ccc(C)nn3)CC2)cc1
O=C(c1ccc(OCCN2CCCCC2)cc1)c1c(-c2ccc(O)cc2)sc2cc(O)ccc12,1.4771212547196624,tdc_hepatocyte,O=C(c1ccc(OCCN2CCCCC2)cc1)c1c(-c2ccc(O)cc2)sc2cc(O)ccc12
C[C@@H]1C[C@H]2[C@@H]3CCC4=CC(=O)C=C[C@]4(C)[C@@]3(F)[C@@H](O)C[C@]2(C)[C@@]1(O)C(=O)CO,1.4913616938342726,tdc_hepatocyte,C[C@@H]1C[C@H]2[C@@H]3CCC4=CC(=O)C=C[C@]4(C)[C@@]3(F)[C@@H](O)C[C@]2(C)[C@@]1(O)C(=O)CO
COc1cc(-c2ccc(Nc3ccccc3C(=O)O)c(OC)c2)ccc1Nc1ccccc1C(=O)O,1.4999618655961902,tdc_hepatocyte,COc1cc(-c2ccc(Nc3ccccc3C(=O)O)c(OC)c2)ccc1Nc1ccccc1C(=O)O
CS(=O)(=O)c1ccc([C@H](CC2CCCC2)C(=O)Nc2nccs2)cc1,1.5499836111596887,tdc_hepatocyte,CS(=O)(=O)c1ccc([C@H](CC2CCCC2)C(=O)Nc2nccs2)cc1
Cc1c(Cl)cccc1S(=O)(=O)N1CCC[C@H](C(=O)NC2CCCCC2)C1,1.269979676645324,tdc_hepatocyte,Cc1c(Cl)cccc1S(=O)(=O)N1CCC[C@H](C(=O)NC2CCCCC2)C1
Cc1cn([C@H]2CCCN([C@H](CC3CCOCC3)c3ccc(C(=O)O)c(Oc4cccc(Cl)c4)c3)C2)c(=O)[nH]c1=O,1.2798949800116382,tdc_hepatocyte,Cc1cn([C@H]2CCCN([C@H](CC3CCOCC3)c3ccc(C(=O)O)c(Oc4cccc(Cl)c4)c3)C2)c(=O)[nH]c1=O
Cc1nc2ccc(Oc3ccc(F)cc3)cc2c(=O)n1C[C@H]1CCCN(C(C)C)C1,1.0199466816788423,tdc_hepatocyte,Cc1nc2ccc(Oc3ccc(F)cc3)cc2c(=O)n1C[C@H]1CCCN(C(C)C)C1
COc1cc(-c2cccc3c(=O)cc(N4CCOCC4)oc23)ccc1NC(=O)CN1CCOCC1,1.4399639359209049,tdc_hepatocyte,COc1cc(-c2cccc3c(=O)cc(N4CCOCC4)oc23)ccc1NC(=O)CN1CCOCC1
COc1ccccc1CN(C)Cc1cccc(CCNC[C@H](O)c2ccc(O)c3[nH]c(=O)sc23)c1,1.5185139398778875,tdc_hepatocyte,COc1ccccc1CN(C)Cc1cccc(CCNC[C@H](O)c2ccc(O)c3[nH]c(=O)sc23)c1
COc1ccc(N(C(=O)c2ccoc2Cl)C(C(=O)NC[C@@H](C)O)c2ccccc2F)c(OC)c1,1.5185139398778875,tdc_hepatocyte,COc1ccc(N(C(=O)c2ccoc2Cl)C(C(=O)NC[C@@H](C)O)c2ccccc2F)c(OC)c1
CC(C)N(CCCNC(=O)Nc1ccc(C(C)(C)C)cc1)C[C@H]1O[C@@H](n2ccc3c(N)ncnc32)[C@H](O)[C@@H]1O,1.5299434016586693,tdc_hepatocyte,CC(C)N(CCCNC(=O)Nc1ccc(C(C)(C)C)cc1)C[C@H]1O[C@@H](n2ccc3c(N)ncnc32)[C@H](O)[C@@H]1O
COc1cc2c(Nc3ccc(F)c(Cl)c3)c(C(N)=O)cnc2cc1OCCN(C)CCO,1.1000257301078626,tdc_hepatocyte,COc1cc2c(Nc3ccc(F)c(Cl)c3)c(C(N)=O)cnc2cc1OCCN(C)CCO
COc1cc(N2CCN(C(=O)[C@@H](C)O)CC2)ccc1Nc1ncc(Cl)c(-c2cnc3ccccn23)n1,1.1000257301078626,tdc_hepatocyte,COc1cc(N2CCN(C(=O)[C@@H](C)O)CC2)ccc1Nc1ncc(Cl)c(-c2cnc3ccccn23)n1
C[C@@](C(=O)O[C@H]1C[N+]2(CC(=O)Nc3ccncn3)CCC1CC2)(c1ccccc1)N1CCCCC1,1.5910646070264993,tdc_hepatocyte,C[C@@](C(=O)O[C@H]1C[N+]2(CC(=O)Nc3ccncn3)CCC1CC2)(c1ccccc1)N1CCCCC1
CCOC(=O)/C=C/[C@H](C[C@@H]1CCNC1=O)NC(=O)[C@@H](CC(=O)[C@@H](NC(=O)c1cc(C)on1)C(C)C)Cc1ccc(F)cc1,1.6100210246641453,tdc_hepatocyte,CCOC(=O)/C=C/[C@H](C[C@@H]1CCNC1=O)NC(=O)[C@@H](CC(=O)[C@@H](NC(=O)c1cc(C)on1)C(C)C)Cc1ccc(F)cc1
Cc1nc(C(=O)N2CCOC3(CCN(Cc4ccc(Cl)cc4)CC3)C2)cs1,1.6720978579357175,tdc_hepatocyte,Cc1nc(C(=O)N2CCOC3(CCN(Cc4ccc(Cl)cc4)CC3)C2)cs1
O=c1cc(-c2cccnc2)[nH]c2cc(Cc3ccccc3)ccc12,1.6989700043360187,tdc_hepatocyte,O=c1cc(-c2cccnc2)[nH]c2cc(Cc3ccccc3)ccc12
O=C1CN(/N=C/c2ccc([N+](=O)[O-])o2)C(=O)N1,0.47712125471966244,tdc_hepatocyte,O=C1CN(/N=C/c2ccc([N+](=O)[O-])o2)C(=O)N1
CCCCC1=NC2(CCCC2)C(=O)N1Cc1ccc(-c2ccccc2-c2nn[nH]n2)cc1,0.9547247909790629,tdc_hepatocyte,CCCCC1=NC2(CCCC2)C(=O)N1Cc1ccc(-c2ccccc2-c2nn[nH]n2)cc1
CCCc1nn(C)c2c(=O)[nH]c(-c3cc(S(=O)(=O)N4CCN(C)CC4)ccc3OCC)nc12,1.2201080880400552,tdc_hepatocyte,CCCc1nn(C)c2c(=O)[nH]c(-c3cc(S(=O)(=O)N4CCN(C)CC4)ccc3OCC)nc12
Cc1noc(C)c1-c1ccc(CNS(=O)(=O)c2c(C)noc2C)cc1,1.2798949800116382,tdc_hepatocyte,Cc1noc(C)c1-c1ccc(CNS(=O)(=O)c2c(C)noc2C)cc1
Cc1nn(-c2ccccc2)c(NS(=O)(=O)C2CCCCC2)c1C(=O)N[C@@H](C)C(C)(C)C,1.1760912590556813,tdc_hepatocyte,Cc1nn(-c2ccccc2)c(NS(=O)(=O)C2CCCCC2)c1C(=O)N[C@@H](C)C(C)(C)C
CC#C[C@@H](CC(=O)O)c1ccc(OCc2cccc(-c3ccc(C(F)(F)F)cc3)c2)cc1,1.190051417759206,tdc_hepatocyte,CC#C[C@@H](CC(=O)O)c1ccc(OCc2cccc(-c3ccc(C(F)(F)F)cc3)c2)cc1
CN(C)C(C)(C(=O)OC1CC[N+](C)(C)CC1)c1ccccc1,1.2041199826559248,tdc_hepatocyte,CN(C)C(C)(C(=O)OC1CC[N+](C)(C)CC1)c1ccccc1
O=C(Nc1ccccc1F)NC1N=C(c2ccccc2)c2ccccc2NC1=O,1.2100508498751372,tdc_hepatocyte,O=C(Nc1ccccc1F)NC1N=C(c2ccccc2)c2ccccc2NC1=O
CCNC(=O)c1cnc(N2CCN(C3CCN(Cc4ccc(Cl)cc4F)CC3)[C@@H](CC)C2)c(Cl)c1,1.5797835966168101,tdc_hepatocyte,CCNC(=O)c1cnc(N2CCN(C3CCN(Cc4ccc(Cl)cc4F)CC3)[C@@H](CC)C2)c(Cl)c1
C[C@H](CO)Nc1nc(SCc2cccc(Cl)c2F)nc2[nH]c(=O)sc12,1.2304489213782739,tdc_hepatocyte,C[C@H](CO)Nc1nc(SCc2cccc(Cl)c2F)nc2[nH]c(=O)sc12
O=C(Nc1cccc(-c2nnn[nH]2)c1)c1cc(C(F)(F)F)cc2[nH]cnc12,1.2400497721126476,tdc_hepatocyte,O=C(Nc1cccc(-c2nnn[nH]2)c1)c1cc(C(F)(F)F)cc2[nH]cnc12
CN[C@@H](C)C(=O)N[C@H](C(=O)N1CC[C@H]2CCN(CCc3ccccc3)C[C@H]21)C1CCCCC1,1.0199466816788423,tdc_hepatocyte,CN[C@@H](C)C(=O)N[C@H](C(=O)N1CC[C@H]2CCN(CCc3ccccc3)C[C@H]21)C1CCCCC1
C[C@H]1CN(C(=O)N[C@H](Cc2ccc(F)cc2)C(=O)N2CCC(C(=O)NC(C)(C)C)(C3CCCCC3)CC2)C[C@@H](C)N1,1.0301947853567512,tdc_hepatocyte,C[C@@H]1CN(C(=O)N[C@H](Cc2ccc(F)cc2)C(=O)N2CCC(C(=O)NC(C)(C)C)(C3CCCCC3)CC2)C[C@H](C)N1
CN1CCC(Oc2cccc3ncnc(Nc4ccc(OCc5ccccn5)c(Cl)c4)c23)CC1,1.0413926851582251,tdc_hepatocyte,CN1CCC(Oc2cccc3ncnc(Nc4ccc(OCc5ccccn5)c(Cl)c4)c23)CC1
CC(c1cc2ccccc2s1)N(O)C(N)=O,0.8898617212581884,tdc_hepatocyte,CC(c1cc2ccccc2s1)N(O)C(N)=O
CCOC(=O)C1=C(C)NC2=C(C(=O)CC(C)(C)C2)C1c1ccc(-c2ccccc2)cc1,2.070000903802345,tdc_hepatocyte,CCOC(=O)C1=C(C)NC2=C(C(=O)CC(C)(C)C2)C1c1ccc(-c2ccccc2)cc1
Nc1ccc(-c2ccccc2Cl)cc1,2.090011024007147,tdc_hepatocyte,Nc1ccc(-c2ccccc2Cl)cc1
C[C@@](C(=O)OC1CC[N+](C)(C)CC1)(c1ccccc1)C1CCCC1,2.1072099696478683,tdc_hepatocyte,C[C@@](C(=O)OC1CC[N+](C)(C)CC1)(c1ccccc1)C1CCCC1
C[C@@H](NC(=O)C1CCNCC1)c1ccc(Nc2ncc3cc(-c4ccncc4)ccc3n2)cc1,0.47712125471966244,tdc_hepatocyte,C[C@@H](NC(=O)C1CCNCC1)c1ccc(Nc2ncc3cc(-c4ccncc4)ccc3n2)cc1
O=C([C@H]1CCCCN1)N1CCN(c2nc(NCc3ccc(Cl)cc3Cl)c3cccnc3n2)CC1,0.9947569445876282,tdc_hepatocyte,O=C([C@H]1CCCCN1)N1CCN(c2nc(NCc3ccc(Cl)cc3Cl)c3cccnc3n2)CC1
CCC(CC)NC(=O)c1cnn(-c2ccccn2)c1NS(=O)(=O)c1ccc(C)cc1,0.9978230807457255,tdc_hepatocyte,CCC(CC)NC(=O)c1cnn(-c2ccccn2)c1NS(=O)(=O)c1ccc(C)cc1
CC[C@H](CO)Nc1nc(SCc2ccccc2)nc2[nH]c(=O)sc12,1.0,tdc_hepatocyte,CC[C@H](CO)Nc1nc(SCc2ccccc2)nc2[nH]c(=O)sc12
O=C(NCc1ccc(OC(F)(F)F)cc1)C1c2ccccc2C(=O)N1CC1CC(F)(F)C1,1.0,tdc_hepatocyte,O=C(NCc1ccc(OC(F)(F)F)cc1)C1c2ccccc2C(=O)N1CC1CC(F)(F)C1
O=C(Nc1nc2ccccc2[nH]1)c1ccccc1,2.1760912590556813,tdc_hepatocyte,O=C(Nc1nc2ccccc2[nH]1)c1ccccc1
Cc1ccc(NC(=O)[C@@H]2CCCN2S(=O)(=O)c2cccc3cccnc23)c(C)c1,2.1760912590556813,tdc_hepatocyte,Cc1ccc(NC(=O)[C@@H]2CCCN2S(=O)(=O)c2cccc3cccnc23)c(C)c1
Cc1cc(C(=O)Cn2cc(C(F)(F)F)ccc2=O)c(C)n1Cc1ccccc1,2.1760912590556813,tdc_hepatocyte,Cc1cc(C(=O)Cn2cc(C(F)(F)F)ccc2=O)c(C)n1Cc1ccccc1
CC(=O)c1cc2ccc(O)cc2oc1=O,2.1760912590556813,tdc_hepatocyte,CC(=O)c1cc2ccc(O)cc2oc1=O
CCc1nc2ccc(C(=O)NCc3ccc4c(c3)OCO4)cn2c1N(C)Cc1cccs1,2.1760912590556813,tdc_hepatocyte,CCc1nc2ccc(C(=O)NCc3ccc4c(c3)OCO4)cn2c1N(C)Cc1cccs1
COc1ccc(N(C(=O)c2ccccc2)C(C(=O)NC2CCCC2)c2ccccc2F)c(OC)c1,2.1760912590556813,tdc_hepatocyte,COc1ccc(N(C(=O)c2ccccc2)C(C(=O)NC2CCCC2)c2ccccc2F)c(OC)c1
CC,2.1760912590556813,tdc_hepatocyte,CC
C[C@@]1(C(=O)Nc2ccc(F)nc2)CCCN1c1nc(Nc2cc(C3CC3)n[nH]2)c2cccn2n1,1.8499719123288503,tdc_hepatocyte,C[C@@]1(C(=O)Nc2ccc(F)nc2)CCCN1c1nc(Nc2cc(C3CC3)n[nH]2)c2cccn2n1
CC(C)Oc1cc(-c2cccc3c(=O)cc(N4CCOCC4)oc23)ccc1NC(=O)CN1CCOCC1,1.9400181550076632,tdc_hepatocyte,CC(C)Oc1cc(-c2cccc3c(=O)cc(N4CCOCC4)oc23)ccc1NC(=O)CN1CCOCC1
CC(C)(CCCCCOCCc1ccccc1)NCCc1ccc(O)c2nc(O)sc12,1.9686230209569888,tdc_hepatocyte,CC(C)(CCCCCOCCc1ccccc1)NCCc1ccc(O)c2nc(O)sc12
CNC(=O)Nc1nc2ccc(-c3cncc(S(=O)(=O)NC(C)(C)C)c3)cn2n1,0.47712125471966244,tdc_hepatocyte,CNC(=O)Nc1nc2ccc(-c3cncc(S(=O)(=O)NC(C)(C)C)c3)cn2n1
O=C(O)Cc1ccccc1N1CCC(CN2CCC(Oc3ccc(Cl)c(Cl)c3)CC2)CC1,0.47712125471966244,tdc_hepatocyte,O=C(O)Cc1ccccc1N1CCC(CN2CCC(Oc3ccc(Cl)c(Cl)c3)CC2)CC1
O=c1[nH]c2c(O)ccc([C@@H](O)CNCCCOCCOCCc3cccc4ccccc34)c2s1,2.0718820073061255,tdc_hepatocyte,O=c1[nH]c2c(O)ccc([C@@H](O)CNCCCOCCOCCc3cccc4ccccc34)c2s1
CC1(C)[C@@H]2CC[C@@]1(CS(=O)(=O)N1CCN(c3ccc(C(F)(F)F)cn3)CC1)C(=O)C2,2.14921911265538,tdc_hepatocyte,CC1(C)[C@@H]2CC[C@@]1(CS(=O)(=O)N1CCN(c3ccc(C(F)(F)F)cn3)CC1)C(=O)C2
Cc1cn([C@H]2CCCN([C@@H](CC(C)C)c3ccc(C(=O)O)c(Oc4cccc(Cl)c4)c3)C2)c(=O)[nH]c1=O,0.9800033715837464,tdc_hepatocyte,Cc1cn([C@H]2CCCN([C@@H](CC(C)C)c3ccc(C(=O)O)c(Oc4cccc(Cl)c4)c3)C2)c(=O)[nH]c1=O
COC(=O)C1=C(C)NC(C)=C(C(=O)OC)C1c1ccccc1[N+](=O)[O-],2.1760912590556813,tdc_hepatocyte,COC(=O)C1=C(C)NC(C)=C(C(=O)OC)C1c1ccccc1[N+](=O)[O-]
CN(CCCOCCOCCc1ccccc1)CCc1ccc(O)c2nc(O)sc12,2.1760912590556813,tdc_hepatocyte,CN(CCCOCCOCCc1ccccc1)CCc1ccc(O)c2nc(O)sc12
CCc1cnn2c(NCc3ccc[n+]([O-])c3)cc(N3CCCC[C@H]3CCO)nc12,2.1760912590556813,tdc_hepatocyte,CCc1cnn2c(NCc3ccc[n+]([O-])c3)cc(N3CCCC[C@H]3CCO)nc12
O=C(Nc1nc2c(=O)[nH]cnc2s1)c1ccccc1,2.1760912590556813,tdc_hepatocyte,O=C(Nc1nc2c(=O)[nH]cnc2s1)c1ccccc1
CSCCC(NC(=O)c1sccc1Cl)c1nc2ccccc2[nH]1,2.1760912590556813,tdc_hepatocyte,CSCCC(NC(=O)c1sccc1Cl)c1nc2ccccc2[nH]1
[O-][S+](c1ccccc1)c1ccc2nnnn2n1,2.1760912590556813,tdc_hepatocyte,[O-][S+](c1ccccc1)c1ccc2nnnn2n1
O=c1[nH]c2c(O)ccc([C@@H](O)CNCCSCCCOCCc3ccccc3)c2s1,2.1760912590556813,tdc_hepatocyte,O=c1[nH]c2c(O)ccc([C@@H](O)CNCCSCCCOCCc3ccccc3)c2s1
COc1ccnc(CSc2nc3ccccc3[nH]2)c1,2.1760912590556813,tdc_hepatocyte,COc1ccnc(CSc2nc3ccccc3[nH]2)c1
O=C(NCc1cccnc1)c1cc(-c2ccco2)on1,2.1760912590556813,tdc_hepatocyte,O=C(NCc1cccnc1)c1cc(-c2ccco2)on1
COc1ccc(-c2nc(O)c3ccccc3n2)cc1,2.1760912590556813,tdc_hepatocyte,COc1ccc(-c2nc(O)c3ccccc3n2)cc1
CO[C@H]1/C=C/O[C@@]2(C)Oc3c(C)c(O)c4c(O)c(cc(O)c4c3C2=O)NC(=O)/C(C)=C\C=C\[C@H](C)[C@H](O)[C@@H](C)[C@@H](O)[C@@H](C)[C@H](OC(C)=O)[C@@H]1C,0.47712125471966244,tdc_hepatocyte,CO[C@H]1/C=C/O[C@@]2(C)Oc3c(C)c(O)c4c(O)c(cc(O)c4c3C2=O)NC(=O)/C(C)=C\C=C\[C@H](C)[C@H](O)[C@@H](C)[C@@H](O)[C@@H](C)[C@H](OC(C)=O)[C@@H]1C
C[C@H]1CN(Cc2cc(Cl)ccc2CCC(=O)O)CCN1C(=O)Cc1ccccc1,0.47712125471966244,tdc_hepatocyte,C[C@H]1CN(Cc2cc(Cl)ccc2CCC(=O)O)CCN1C(=O)Cc1ccccc1
Cc1ccc(C[C@@H](C(=O)O)N2CCC(CN3CCC(Oc4ccc(Cl)c(Cl)c4)CC3)CC2)cc1,0.47712125471966244,tdc_hepatocyte,Cc1ccc(C[C@@H](C(=O)O)N2CCC(CN3CCC(Oc4ccc(Cl)c(Cl)c4)CC3)CC2)cc1
C=CCOc1cc(-c2cccc3c(=O)cc(N4CCOCC4)oc23)ccc1NC(=O)CN1CCOCC1,1.920018916028915,tdc_hepatocyte,C=CCOc1cc(-c2cccc3c(=O)cc(N4CCOCC4)oc23)ccc1NC(=O)CN1CCOCC1
CSCCC(NC(=O)c1cnccn1)c1nc2ccccc2[nH]1,1.8692317197309762,tdc_hepatocyte,CSCCC(NC(=O)c1cnccn1)c1nc2ccccc2[nH]1
Cc1cn([C@H]2CCCN(S(=O)(=O)c3ccc(O)c(Oc4cc(F)cc(Cl)c4)c3)C2)c(=O)[nH]c1=O,1.8699940001217419,tdc_hepatocyte,Cc1cn([C@H]2CCCN(S(=O)(=O)c3ccc(O)c(Oc4cc(F)cc(Cl)c4)c3)C2)c(=O)[nH]c1=O
CC[C@@H](Nc1c(Nc2cccc(C(=O)N(C)C)c2O)c(=O)c1=O)c1ccc(C)o1,1.8804133998779167,tdc_hepatocyte,CC[C@@H](Nc1c(Nc2cccc(C(=O)N(C)C)c2O)c(=O)c1=O)c1ccc(C)o1
C[C@@](C(=O)O[C@H]1C[N+]2(CCc3ccccc3)CCC1CC2)(c1ccccc1)N1CCCCC1,1.8808135922807914,tdc_hepatocyte,C[C@@](C(=O)O[C@H]1C[N+]2(CCc3ccccc3)CCC1CC2)(c1ccccc1)N1CCCCC1
O=C(NCC1CCCCN1)c1cc(OCC(F)(F)F)ccc1OCC(F)(F)F,0.47712125471966244,tdc_hepatocyte,O=C(NCC1CCCCN1)c1cc(OCC(F)(F)F)ccc1OCC(F)(F)F
CC(C)NCC(O)COc1ccc(CCOCC2CC2)cc1,0.47712125471966244,tdc_hepatocyte,CC(C)NCC(O)COc1ccc(CCOCC2CC2)cc1
Cc1ccc2c(c1)c(Sc1ccc(S(C)(=O)=O)cc1)c(C)n2CC(=O)O,0.47712125471966244,tdc_hepatocyte,Cc1ccc2c(c1)c(Sc1ccc(S(C)(=O)=O)cc1)c(C)n2CC(=O)O
Cc1cc(NC(=O)Nc2cccc3ccccc23)no1,1.9800033715837464,tdc_hepatocyte,Cc1cc(NC(=O)Nc2cccc3ccccc23)no1
Cc1ccc(-n2c(C)cc(/C=C3\SC(=O)NC3=O)c2C)cc1,1.249931756634195,tdc_hepatocyte,Cc1ccc(-n2c(C)cc(/C=C3\SC(=O)NC3=O)c2C)cc1
CC1CCC2C(C)C(=O)OC3OC4(C)CCC1C32OO4,1.2600713879850747,tdc_hepatocyte,CC1CCC2C(C)C(=O)OC3OC4(C)CCC1C32OO4
CCc1cc2c(cc1N1CCC(N3CCOCC3)CC1)C(C)(C)c1[nH]c3cc(C#N)ccc3c1C2=O,0.6998377258672457,tdc_hepatocyte,CCc1cc2c(cc1N1CCC(N3CCOCC3)CC1)C(C)(C)c1[nH]c3cc(C#N)ccc3c1C2=O
Cc1ccc(S(=O)(=O)Nc2c(C(=O)NC(C)C(C)(C)C)c(C)nn2-c2ccccc2)cc1,0.8450980400142568,tdc_hepatocyte,Cc1ccc(S(=O)(=O)Nc2c(C(=O)NC(C)C(C)(C)C)c(C)nn2-c2ccccc2)cc1
O=C1NC(=O)C(c2cnc3ccccn23)=C1c1cn2c3c(cccc13)CN(C(=O)N1CCOCC1)CC2,1.5797835966168101,tdc_hepatocyte,O=C1NC(=O)C(c2cnc3ccccn23)=C1c1cn2c3c(cccc13)CN(C(=O)N1CCOCC1)CC2
C[C@@H](O)[C@H](NC(=O)c1ccc(C#Cc2ccc(CN3CCOCC3)cc2)cc1)C(=O)NO,1.5899496013257077,tdc_hepatocyte,C[C@@H](O)[C@H](NC(=O)c1ccc(C#Cc2ccc(CN3CCOCC3)cc2)cc1)C(=O)NO
CS(=O)(=O)N1CCN(Cc2cc3nc(-c4cccc5[nH]ncc45)nc(N4CCOCC4)c3s2)CC1,1.5199591807520685,tdc_hepatocyte,CS(=O)(=O)N1CCN(Cc2cc3nc(-c4cccc5[nH]ncc45)nc(N4CCOCC4)c3s2)CC1
CC(C)(C)S(=O)(=O)N[C@H]1CC[C@H](C(=O)Nc2ccc(C(F)(F)F)cn2)CC1,0.7596678446896306,tdc_hepatocyte,CC(C)(C)S(=O)(=O)N[C@H]1CC[C@H](C(=O)Nc2ccc(C(F)(F)F)cn2)CC1
Cc1ccc(S(=O)(=O)Nc2c(C(=O)N[C@@H](C)C(C)(C)C)c(C)nn2-c2ccccc2)cc1,0.8444771757456815,tdc_hepatocyte,Cc1ccc(S(=O)(=O)Nc2c(C(=O)N[C@@H](C)C(C)(C)C)c(C)nn2-c2ccccc2)cc1
COc1ncccc1-c1cccc2c(N)c3c(nc12)CN(C1CCC1)C3=O,0.6884198220027107,tdc_hepatocyte,COc1ncccc1-c1cccc2c(N)c3c(nc12)CN(C1CCC1)C3=O
COc1c(Nc2ccc(S(C)(=O)=O)nc2C)ncnc1OC1CCN(C(=O)OC(C)C)CC1,0.8000293592441343,tdc_hepatocyte,COc1c(Nc2ccc(S(C)(=O)=O)nc2C)ncnc1OC1CCN(C(=O)OC(C)C)CC1
CC(C)(C)NC(=O)NCCN1CCC(CO)(CNC(=O)c2cc(Cl)cc(Cl)c2)CC1,0.850033257689769,tdc_hepatocyte,CC(C)(C)NC(=O)NCCN1CCC(CO)(CNC(=O)c2cc(Cl)cc(Cl)c2)CC1
COc1cccc2sc(NC(=O)c3ccccc3)nc12,1.2041199826559248,tdc_hepatocyte,COc1cccc2sc(NC(=O)c3ccccc3)nc12
C[C@@H]1CN[C@@H](C2CC2)C(=O)N(C)[C@H](C)C(=O)N[C@H](Cc2ccc(F)cc2)C(=O)NCCCc2ccccc2O1,1.4300750555519393,tdc_hepatocyte,C[C@@H]1CN[C@@H](C2CC2)C(=O)N(C)[C@H](C)C(=O)N[C@H](Cc2ccc(F)cc2)C(=O)NCCCc2ccccc2O1
Cc1nc2ccccn2c1-c1ccnc(N)n1,1.330007700872759,tdc_hepatocyte,Cc1nc2ccccn2c1-c1ccnc(N)n1
Cc1cc(F)ccc1-n1nc(C(F)(F)F)cc1-c1ccc2c(c1)NC(=O)CO2,1.0301947853567512,tdc_hepatocyte,Cc1cc(F)ccc1-n1nc(C(F)(F)F)cc1-c1ccc2c(c1)NC(=O)CO2
Cc1ccc(C(=O)N2CC3CNCC(C2)O3)cc1NC(=O)CC12CC3CC(CC(C3)C1)C2,1.2108533653148932,tdc_hepatocyte,Cc1ccc(C(=O)N2CC3CNCC(C2)O3)cc1NC(=O)CC12CC3CC(CC(C3)C1)C2
O=C(O)COc1ccc(Cl)cc1CN1CCCN(S(=O)(=O)c2ccccc2)CC1,0.6989700043360189,tdc_hepatocyte,O=C(O)COc1ccc(Cl)cc1CN1CCCN(S(=O)(=O)c2ccccc2)CC1
O=C(CCCN1CCC(O)(c2ccc(Cl)cc2)CC1)c1ccc(F)cc1,1.1535099893008376,tdc_hepatocyte,O=C(CCCN1CCC(O)(c2ccc(Cl)cc2)CC1)c1ccc(F)cc1
Cc1nnc2n1-c1ccc(Cl)cc1C(c1ccccc1Cl)=NC2,2.1760912590556813,tdc_hepatocyte,Cc1nnc2n1-c1ccc(Cl)cc1C(c1ccccc1Cl)=NC2
CCOC(=O)c1c(-c2ccccc2)nc2cc(C)ccn12,2.1699975370665703,tdc_hepatocyte,CCOC(=O)c1c(-c2ccccc2)nc2cc(C)ccn12
Cc1nn(-c2ccccc2)c(NS(=O)(=O)c2cccc(CN3CCOCC3)c2)c1C(=O)N[C@@H](C)C(C)(C)C,1.0,tdc_hepatocyte,Cc1nn(-c2ccccc2)c(NS(=O)(=O)c2cccc(CN3CCOCC3)c2)c1C(=O)N[C@@H](C)C(C)(C)C
CC(C)N(CCCNC(=O)Nc1ccc(C(C)(C)C)cc1)C[C@H]1O[C@@H](n2cnc3c(N)ncnc32)[C@H](O)[C@@H]1O,1.4300750555519393,tdc_hepatocyte,CC(C)N(CCCNC(=O)Nc1ccc(C(C)(C)C)cc1)C[C@H]1O[C@@H](n2cnc3c(N)ncnc32)[C@H](O)[C@@H]1O
COc1cccc(CNc2nc(NC(C)C)nc3ccsc23)c1OC,2.1760912590556813,tdc_hepatocyte,COc1cccc(CNc2nc(NC(C)C)nc3ccsc23)c1OC
O=C1COC2(CCN(S(=O)(=O)c3ccc(-c4ccc5cnccc5c4)cc3)CC2)CN1C1CC1,2.1760912590556813,tdc_hepatocyte,O=C1COC2(CCN(S(=O)(=O)c3ccc(-c4ccc5cnccc5c4)cc3)CC2)CN1C1CC1
O=C(c1cccc(Cl)c1Cl)N1CCN(c2ccccn2)CC1,2.1760912590556813,tdc_hepatocyte,O=C(c1cccc(Cl)c1Cl)N1CCN(c2ccccn2)CC1
CO[C@H]1C[C@@H]2CC[C@@H](C)[C@@](O)(O2)C(=O)C(=O)N2CCCC[C@H]2C(=O)O[C@H]([C@H](C)C[C@@H]2CC[C@@H](OC(=O)C(C)(CO)CO)[C@H](OC)C2)CC(=O)[C@H](C)/C=C(\C)[C@@H](O)[C@@H](OC)C(=O)[C@H](C)C[C@H](C)/C=C/C=C/C=C/1C,2.1760912590556813,tdc_hepatocyte,CO[C@H]1C[C@@H]2CC[C@@H](C)[C@@](O)(O2)C(=O)C(=O)N2CCCC[C@H]2C(=O)O[C@H]([C@H](C)C[C@@H]2CC[C@@H](OC(=O)C(C)(CO)CO)[C@H](OC)C2)CC(=O)[C@H](C)/C=C(\C)[C@@H](O)[C@@H](OC)C(=O)[C@H](C)C[C@H](C)/C=C/C=C/C=C/1C
O=S(=O)(c1cccc2cnccc12)N1CCCNCC1,2.1760912590556813,tdc_hepatocyte,O=S(=O)(c1cccc2cnccc12)N1CCCNCC1
C[C@]12CC[C@H]3[C@@H](CCC4=CC(=O)CC[C@@]43C)[C@@H]1CC[C@@H]2O,2.1760912590556813,tdc_hepatocyte,C[C@]12CC[C@H]3[C@@H](CCC4=CC(=O)CC[C@@]43C)[C@@H]1CC[C@@H]2O
N#Cc1ccc2ccc(=O)n(CCN3CC[C@@H](NCc4ccc5c(n4)NC(=O)CO5)[C@@H](F)C3)c2c1,1.2201080880400552,tdc_hepatocyte,N#Cc1ccc2ccc(=O)n(CCN3CC[C@@H](NCc4ccc5c(n4)NC(=O)CO5)[C@@H](F)C3)c2c1
CCOC(=O)C1=C(C)NC(C)=C(C(=O)OC)C1c1cccc([N+](=O)[O-])c1,1.8750612633917,tdc_hepatocyte,CCOC(=O)C1=C(C)NC(C)=C(C(=O)OC)C1c1cccc([N+](=O)[O-])c1
O=S1(=O)CC(O)C(N2CCC(c3ccccc3)CC2)C1,1.8800128383667718,tdc_hepatocyte,O=S1(=O)CC(O)C(N2CCC(c3ccccc3)CC2)C1
OCc1cc(C(O)CNCCCCCCOCCCCc2ccccc2)ccc1O,1.9294189257142929,tdc_hepatocyte,OCc1cc(C(O)CNCCCCCCOCCCCc2ccccc2)ccc1O
COc1ccc(CNC(=O)Nc2ncc([N+](=O)[O-])s2)cc1,1.9590413923210936,tdc_hepatocyte,COc1ccc(CNC(=O)Nc2ncc([N+](=O)[O-])s2)cc1
c1ccc(CSc2nc3cccnc3[nH]2)cc1,1.9590413923210936,tdc_hepatocyte,c1ccc(CSc2nc3cccnc3[nH]2)cc1
CC(C)=CCC[N+]12CCC(CC1)[C@@H](OC(=O)[C@](C)(c1ccccc1)N1CCCCC1)C2,2.0043213737826426,tdc_hepatocyte,CC(C)=CCC[N+]12CCC(CC1)[C@@H](OC(=O)[C@](C)(c1ccccc1)N1CCCCC1)C2
CC(C)(O)c1ccc(Nc2nc3ccc(C#N)cc3[nH]2)cc1,0.6803355134145632,tdc_hepatocyte,CC(C)(O)c1ccc(Nc2nc3ccc(C#N)cc3[nH]2)cc1
CCCN1CCCC[C@H]1C(=O)Nc1c(C)cccc1C,1.190051417759206,tdc_hepatocyte,CCCN1CCCC[C@H]1C(=O)Nc1c(C)cccc1C
Cc1ccc(S(=O)(=O)Nc2c(C(=O)NC3CCCCC3)cnn2-c2ccccc2)cc1,1.4313637641589874,tdc_hepatocyte,Cc1ccc(S(=O)(=O)Nc2c(C(=O)NC3CCCCC3)cnn2-c2ccccc2)cc1
Cc1cc(CN2Cc3ccccc3C[C@H]2C(=O)Nc2ccc(Cl)cc2Cl)ccc1OCC(=O)O,1.4913616938342726,tdc_hepatocyte,Cc1cc(CN2Cc3ccccc3C[C@H]2C(=O)Nc2ccc(Cl)cc2Cl)ccc1OCC(=O)O
CCN(CC)Cc1cc(Nc2ccnc3cc(Cl)ccc23)ccc1O,1.5100085129402347,tdc_hepatocyte,CCN(CC)Cc1cc(Nc2ccnc3cc(Cl)ccc23)ccc1O
CCC(CC)C[C@H](c1ccc(C(=O)O)c(Oc2cccc(Cl)c2)c1)N1CCC[C@H](n2cc(C)c(=O)[nH]c2=O)C1,1.5600262489128924,tdc_hepatocyte,CCC(CC)C[C@H](c1ccc(C(=O)O)c(Oc2cccc(Cl)c2)c1)N1CCC[C@H](n2cc(C)c(=O)[nH]c2=O)C1
CC(C(=O)OC1CC[N+](C)(C)CC1)(c1ccccc1)N1CCC(F)(F)CC1,1.5797835966168101,tdc_hepatocyte,CC(C(=O)OC1CC[N+](C)(C)CC1)(c1ccccc1)N1CCC(F)(F)CC1
O=C(Nc1ncc(F)s1)C(CC1CCOCC1)c1ccc(S(=O)(=O)C2CC2)cc1,0.7403626894942439,tdc_hepatocyte,O=C(Nc1ncc(F)s1)C(CC1CCOCC1)c1ccc(S(=O)(=O)C2CC2)cc1
COc1ccc(-c2ccc3c(N4CCOC[C@@H]4C)nc(N4CCOC[C@@H]4C)nc3n2)cc1C(C)O,1.5800121125294244,tdc_hepatocyte,COc1ccc(-c2ccc3c(N4CCOC[C@@H]4C)nc(N4CCOC[C@@H]4C)nc3n2)cc1C(C)O
Cc1ccc(CNC(=O)C2CCCN2S(=O)(=O)c2ccc(F)cc2)cc1,2.1760912590556813,tdc_hepatocyte,Cc1ccc(CNC(=O)C2CCCN2S(=O)(=O)c2ccc(F)cc2)cc1
CC(C)(C)c1csc(N2CCN(C(=O)[C@@H]3CCCC[C@H]3C(=O)NC3(C#N)CC3)CC2)n1,2.1760912590556813,tdc_hepatocyte,CC(C)(C)c1csc(N2CCN(C(=O)[C@@H]3CCCC[C@H]3C(=O)NC3(C#N)CC3)CC2)n1
CCCCN(CCNC[C@H](O)c1ccc(O)c2[nH]c(=O)sc12)C(=O)CCOCCc1ccccc1,2.1760912590556813,tdc_hepatocyte,CCCCN(CCNC[C@H](O)c1ccc(O)c2[nH]c(=O)sc12)C(=O)CCOCCc1ccccc1
COc1cccc(NC(=O)c2cccc(Cc3c(C)nn(CCO)c3-c3ccccc3)c2)c1,2.1760912590556813,tdc_hepatocyte,COc1cccc(NC(=O)c2cccc(Cc3c(C)nn(CCO)c3-c3ccccc3)c2)c1
C[C@H]1COCCN1c1nc(N2CCOC[C@@H]2C)c2ccc(-c3ccc4nc[nH]c(=O)c4c3)nc2n1,2.1760912590556813,tdc_hepatocyte,C[C@H]1COCCN1c1nc(N2CCOC[C@@H]2C)c2ccc(-c3ccc4nc[nH]c(=O)c4c3)nc2n1
CC(C)(C)NCC(O)c1ccc(O)c(CO)c1,1.0791812460476249,tdc_hepatocyte,CC(C)(C)NCC(O)c1ccc(O)c(CO)c1
FC(F)(F)Oc1ccc(-c2nnc(CCCCc3ccc4cccnc4n3)o2)cc1Cl,1.3900514964589874,tdc_hepatocyte,FC(F)(F)Oc1ccc(-c2nnc(CCCCc3ccc4cccnc4n3)o2)cc1Cl
COc1ccc(CC(=O)NC(N/C(=N/C#N)Nc2ccccc2C)C(C)(C)C)cc1OC,1.414973347970818,tdc_hepatocyte,COc1ccc(CC(=O)NC(N/C(=N/C#N)Nc2ccccc2C)C(C)(C)C)cc1OC
CCOc1ccc(NC(C)=O)cc1,1.4300750555519393,tdc_hepatocyte,CCOc1ccc(NC(C)=O)cc1
O=C(O)[C@H](Cc1ccccc1)N1CCC(CN2CCC(Oc3ccc(CO)c(Cl)c3)CC2)CC1,1.4471580313422192,tdc_hepatocyte,O=C(O)[C@H](Cc1ccccc1)N1CCC(CN2CCC(Oc3ccc(CO)c(Cl)c3)CC2)CC1
CC(C)c1nc2ccc(-c3ccc(F)cc3)cc2c(=O)n1C[C@H]1CCCN(C(C)C)C1,1.4699692094999595,tdc_hepatocyte,CC(C)c1nc2ccc(-c3ccc(F)cc3)cc2c(=O)n1C[C@H]1CCCN(C(C)C)C1
NCCCCN(Cc1nc2ccccc2[nH]1)C1CCCc2cccnc21,1.4874212113594745,tdc_hepatocyte,NCCCCN(Cc1nc2ccccc2[nH]1)C1CCCc2cccnc21
CC(C)(Cc1cccc(CC(=O)NCc2cccc(-c3ccc(O)cc3)c2)c1)NC[C@H](O)c1ccc(O)c(NS(C)(=O)=O)c1,1.568201724066995,tdc_hepatocyte,CC(C)(Cc1cccc(CC(=O)NCc2cccc(-c3ccc(O)cc3)c2)c1)NC[C@H](O)c1ccc(O)c(NS(C)(=O)=O)c1
Cc1c[nH]c(-c2cnc(NCCNc3ccc(C#N)cn3)nc2-c2ccc(Cl)cc2Cl)n1,2.03342375548695,tdc_hepatocyte,Cc1c[nH]c(-c2cnc(NCCNc3ccc(C#N)cn3)nc2-c2ccc(Cl)cc2Cl)n1
COc1ccc2nc(C)cc(OCC(=O)NCc3ccccc3)c2c1,2.0800128471079278,tdc_hepatocyte,COc1ccc2nc(C)cc(OCC(=O)NCc3ccccc3)c2c1
Cc1cc(C)c(CNC(=O)c2cc(C3CC3)nc3c2cnn3C(C)C)c(O)n1,2.109983294819892,tdc_hepatocyte,Cc1cc(C)c(CNC(=O)c2cc(C3CC3)nc3c2cnn3C(C)C)c(O)n1
O=C(CSc1nc2c(c(=O)n1-c1ccccc1)SCC2)Nc1ncc(-c2ccccc2)s1,2.109983294819892,tdc_hepatocyte,O=C(CSc1nc2c(c(=O)n1-c1ccccc1)SCC2)Nc1ncc(-c2ccccc2)s1
COc1cc(C(=O)OCCCCNC(=N)N)cc(OC)c1O,2.140004950619449,tdc_hepatocyte,COc1cc(C(=O)OCCCCNC(=N)N)cc(OC)c1O
Cc1cc(C)nc(SCC(=O)Nc2cc(C)on2)n1,2.149988456491476,tdc_hepatocyte,Cc1cc(C)nc(SCC(=O)Nc2cc(C)on2)n1
CC(C)Nc1nc(NCc2ccccc2)c2sccc2n1,2.159988050381987,tdc_hepatocyte,CC(C)Nc1nc(NCc2ccccc2)c2sccc2n1
COc1ccc(Cl)cc1C(=O)NCCc1ccc(S(=O)(=O)NC(=O)NC2CCCCC2)cc1,1.1598678470925667,tdc_hepatocyte,COc1ccc(Cl)cc1C(=O)NCCc1ccc(S(=O)(=O)NC(=O)NC2CCCCC2)cc1
N#Cc1ccc(Cl)cc1S[C@H](CCN)c1ccccc1,2.1760912590556813,tdc_hepatocyte,N#Cc1ccc(Cl)cc1S[C@H](CCN)c1ccccc1
CCOC(=O)c1cnc2c(N)cccc2c1O,2.1760912590556813,tdc_hepatocyte,CCOC(=O)c1cnc2c(N)cccc2c1O
Nc1ncnc2c1c(COc1cccc(Cl)c1)nn2C1CCOCC1,2.1760912590556813,tdc_hepatocyte,Nc1ncnc2c1c(COc1cccc(Cl)c1)nn2C1CCOCC1
COc1cnc(-c2ccccn2)nc1N(C)c1ccccc1,2.1760912590556813,tdc_hepatocyte,COc1cnc(-c2ccccn2)nc1N(C)c1ccccc1
O=C(Nc1cccc(CCO)c1)c1cc2cc(Cl)ccc2[nH]1,2.1760912590556813,tdc_hepatocyte,O=C(Nc1cccc(CCO)c1)c1cc2cc(Cl)ccc2[nH]1
CC(C)(N)C(=O)N[C@H](COCc1ccccc1)C(=O)N1CCC2(CC1)CN(S(C)(=O)=O)c1ccccc12,1.1598678470925667,tdc_hepatocyte,CC(C)(N)C(=O)N[C@H](COCc1ccccc1)C(=O)N1CCC2(CC1)CN(S(C)(=O)=O)c1ccccc12
Clc1cccc(-c2cnc3ccc(NC4CCOCC4)nn23)c1,1.1699681739968923,tdc_hepatocyte,Clc1cccc(-c2cnc3ccc(NC4CCOCC4)nn23)c1
CCOc1cc2ncc(C(N)=O)c(Nc3ccc(C)cc3F)c2cc1N1CCN(C)CC1,1.0791812460476249,tdc_hepatocyte,CCOc1cc2ncc(C(N)=O)c(Nc3ccc(C)cc3F)c2cc1N1CCN(C)CC1
CCc1cccc2c3c([nH]c12)C(CC)(CC(=O)O)OCC3,1.1099158630237933,tdc_hepatocyte,CCc1cccc2c3c([nH]c12)C(CC)(CC(=O)O)OCC3
CCC[C@@H](CNC(=O)c1nc(Cl)c(N)nc1N)[N+](C)(C)CCCc1ccc(OC)cc1,1.3800302479678306,tdc_hepatocyte,CCC[C@@H](CNC(=O)c1nc(Cl)c(N)nc1N)[N+](C)(C)CCCc1ccc(OC)cc1
Cc1cc(CN2Cc3ccccc3C2C(=O)Nc2ccc(Cl)cc2Cl)ccc1OCC(=O)O,1.1760912590556813,tdc_hepatocyte,Cc1cc(CN2Cc3ccccc3C2C(=O)Nc2ccc(Cl)cc2Cl)ccc1OCC(=O)O
CO[C@H]1CC[C@]2(CC1)Cc1ccc(-c3cc(Cl)cc(C#N)c3)cc1C21N=C(C)C(N)=N1,1.1000257301078626,tdc_hepatocyte,CO[C@H]1CC[C@]2(CC1)Cc1ccc(-c3cc(Cl)cc(C#N)c3)cc1C21N=C(C)C(N)=N1
COc1ccc(COc2nc(Br)cnc2NS(=O)(=O)c2ccc(C)cc2)cc1OCCN(C)C,1.4913616938342726,tdc_hepatocyte,COc1ccc(COc2nc(Br)cnc2NS(=O)(=O)c2ccc(C)cc2)cc1OCCN(C)C
Cc1c(Sc2ccc(Cl)cc2)c2c(S(C)(=O)=O)cccc2n1CC(=O)O,0.47712125471966244,tdc_microsome,Cc1c(Sc2ccc(Cl)cc2)c2c(S(C)(=O)=O)cccc2n1CC(=O)O
Cc1ccc2c(c1)c(-c1ccnc3c(C(F)(F)F)cccc13)c(C)n2CC(=O)O,0.7481880270062004,tdc_microsome,Cc1ccc2c(c1)c(-c1ccnc3c(C(F)(F)F)cccc13)c(C)n2CC(=O)O
CCCCNc1nc(SCCC)nc2c1nnn2[C@@H]1C[C@H](CO)[C@@H](O)[C@H]1O,0.7781512503836436,tdc_microsome,CCCCNc1nc(SCCC)nc2c1nnn2[C@@H]1C[C@H](CO)[C@@H](O)[C@H]1O
O=C(NC[C@@H](O)CN1CCC(Oc2ccc(Cl)c(Cl)c2)CC1)c1c[nH]c(=O)c2c(F)cccc12,0.7781512503836436,tdc_microsome,O=C(NC[C@@H](O)CN1CCC(Oc2ccc(Cl)c(Cl)c2)CC1)c1c[nH]c(=O)c2c(F)cccc12
Cc1ccc(NC(=O)c2ccnc(N3CCOCC3)c2)cc1NC(=O)c1ccc(OCc2ccccn2)cc1,0.8450980400142568,tdc_microsome,Cc1ccc(NC(=O)c2ccnc(N3CCOCC3)c2)cc1NC(=O)c1ccc(OCc2ccccn2)cc1
Cc1ccc(NC(=O)C2CC2)cc1-n1cnc2ccc(N3CCN(C)CC3)cc2c1=O,0.6020599913279624,tdc_microsome,Cc1ccc(NC(=O)C2CC2)cc1-n1cnc2ccc(N3CCN(C)CC3)cc2c1=O
Fc1cc(-c2cccc3ncc(-c4cnn(C5CCNCC5)c4)nc23)cc(F)c1CN1CCOCC1,0.47712125471966244,tdc_microsome,Fc1cc(-c2cccc3ncc(-c4cnn(C5CCNCC5)c4)nc23)cc(F)c1CN1CCOCC1
CC(=O)Nc1cccc2c1c(S(=O)(=O)c1ccc(Cl)cc1)c(C)n2CC(=O)O,0.47712125471966244,tdc_microsome,CC(=O)Nc1cccc2c1c(S(=O)(=O)c1ccc(Cl)cc1)c(C)n2CC(=O)O
O=C(O)[C@H](Cc1cccc(F)c1)N1CCC(CN2CCC(Oc3ccc(Cl)c(Cl)c3)CC2)CC1,0.9030899869919435,tdc_microsome,O=C(O)[C@H](Cc1cccc(F)c1)N1CCC(CN2CCC(Oc3ccc(Cl)c(Cl)c3)CC2)CC1
Nc1nc(-c2ccccc2)nn1Cc1ccccc1,0.9542425094393249,tdc_microsome,Nc1nc(-c2ccccc2)nn1Cc1ccccc1
CS(=O)(=O)c1ccc(-c2cc(Cl)ccc2OCC(=O)O)c(Cl)c1,1.0,tdc_microsome,CS(=O)(=O)c1ccc(-c2cc(Cl)ccc2OCC(=O)O)c(Cl)c1
C=CCN(C(=O)Cc1ccc(S(C)(=O)=O)cc1)C1CCN(CCC(c2ccccc2)c2ccccc2)CC1,1.0,tdc_microsome,C=CCN(C(=O)Cc1ccc(S(C)(=O)=O)cc1)C1CCN(CCC(c2ccccc2)c2ccccc2)CC1
c1ccc2c(c1)[nH]c1cnccc12,1.9493900066449128,tdc_microsome,c1ccc2c(c1)[nH]c1cnccc12
N#CC1=C2C(=NC1=O)c1cccc3c(N4CCSCC4)ccc2c13,2.0600175425316003,tdc_microsome,N#CC1=C2C(=NC1=O)c1cccc3c(N4CCSCC4)ccc2c13
CSc1nc(-c2ccccc2)nn1Cc1ccccc1,2.0644579892269186,tdc_microsome,CSc1nc(-c2ccccc2)nn1Cc1ccccc1
Cc1c(Cl)ccc(OC2CCN(C3CCN(C(=O)c4cccc(S(C)(=O)=O)c4)CC3)CC2)c1Cl,1.130333768495006,tdc_microsome,Cc1c(Cl)ccc(OC2CCN(C3CCN(C(=O)c4cccc(S(C)(=O)=O)c4)CC3)CC2)c1Cl
CCCc1cc(=O)[nH]c(=S)[nH]1,0.47712125471966244,tdc_microsome,CCCc1cc(=O)[nH]c(=S)[nH]1
COc1ccc(-c2nc3cc(C4=NNC(=O)CC4C)ccc3[nH]2)cc1,1.146128035678238,tdc_microsome,COc1ccc(-c2nc3cc(C4=NNC(=O)CC4C)ccc3[nH]2)cc1
O=C(NCC12CC3CC(CC(C3)C1)C2)c1cc(N2CCNCC2)ccc1Cl,1.0413926851582251,tdc_microsome,O=C(NCC12CC3CC(CC(C3)C1)C2)c1cc(N2CCNCC2)ccc1Cl
CCOCc1nc2c(N)nc3ccccc3c2n1CC(C)(C)O,0.47712125471966244,tdc_microsome,CCOCc1nc2c(N)nc3ccccc3c2n1CC(C)(C)O
CNCC[C@@H](Oc1cc(C(F)(F)F)ccc1C#N)c1ccccc1,0.47712125471966244,tdc_microsome,CNCC[C@@H](Oc1cc(C(F)(F)F)ccc1C#N)c1ccccc1
O=C(O)c1ccccc1C(=O)N1CCC(N2CCC(Oc3ccc(Cl)c(Cl)c3)CC2)CC1,0.47712125471966244,tdc_microsome,O=C(O)c1ccccc1C(=O)N1CCC(N2CCC(Oc3ccc(Cl)c(Cl)c3)CC2)CC1
CCS(=O)(=O)c1ccc(-c2cc(Cl)ccc2OCC(=O)O)c(C(F)(F)F)c1,0.6020599913279624,tdc_microsome,CCS(=O)(=O)c1ccc(-c2cc(Cl)ccc2OCC(=O)O)c(C(F)(F)F)c1
N=C(N)c1cc2c(I)cccc2s1,0.6020599913279624,tdc_microsome,N=C(N)c1cc2c(I)cccc2s1
O=C(O)COc1cccc(C(=O)N2CCC(N3CCC(Oc4ccc(Cl)c(Cl)c4)CC3)CC2)c1,0.47712125471966244,tdc_microsome,O=C(O)COc1cccc(C(=O)N2CCC(N3CCC(Oc4ccc(Cl)c(Cl)c4)CC3)CC2)c1
CCS(=O)(=O)c1ccc(-c2cc(Cl)ccc2OCC(=O)O)c(C)c1,0.47712125471966244,tdc_microsome,CCS(=O)(=O)c1ccc(-c2cc(Cl)ccc2OCC(=O)O)c(C)c1
Cc1ccc(NC(=O)c2cscn2)cc1-n1cnc2ccc(N3CCN(C)CC3)cc2c1=O,0.47712125471966244,tdc_microsome,Cc1ccc(NC(=O)c2cscn2)cc1-n1cnc2ccc(N3CCN(C)CC3)cc2c1=O
Cc1ccc(C#N)cc1-c1cc(C(F)(F)F)ccc1OCC(=O)O,0.47712125471966244,tdc_microsome,Cc1ccc(C#N)cc1-c1cc(C(F)(F)F)ccc1OCC(=O)O
CCCCC(CC)CNC(=O)c1cc(-n2ncc(=O)[nH]c2=O)ccc1Cl,1.3802112417116061,tdc_microsome,CCCCC(CC)CNC(=O)c1cc(-n2ncc(=O)[nH]c2=O)ccc1Cl
Cc1cc2c(C(=O)NC[C@H](C)c3ccccc3)c(O)c(O)cc2c(O)c1-c1c(C)cc2c(C(=O)NC[C@H](C)c3ccccc3)c(O)c(O)cc2c1O,1.5399538416563967,tdc_microsome,Cc1cc2c(C(=O)NC[C@H](C)c3ccccc3)c(O)c(O)cc2c(O)c1-c1c(C)cc2c(C(=O)NC[C@H](C)c3ccccc3)c(O)c(O)cc2c1O
Nc1nc(-c2ccccn2)nc(N)c1Cc1ccc(Cl)cc1Cl,1.569958818096594,tdc_microsome,Nc1nc(-c2ccccn2)nc(N)c1Cc1ccc(Cl)cc1Cl
CC(C)Cn1c(=O)n(C)c(=O)c2c(C(=O)N3CCCC3)c(Cc3ccccc3C(F)(F)F)sc21,2.1760912590556813,tdc_microsome,CC(C)Cn1c(=O)n(C)c(=O)c2c(C(=O)N3CCCC3)c(Cc3ccccc3C(F)(F)F)sc21
Cc1ccc(S(=O)(=O)N(C)C(=O)N2CCC(N3CCC(Oc4ccc(Cl)c(Cl)c4)CC3)CC2)cc1,1.0,tdc_microsome,Cc1ccc(S(=O)(=O)N(C)C(=O)N2CCC(N3CCC(Oc4ccc(Cl)c(Cl)c4)CC3)CC2)cc1
CCc1ccc(CCNCCCSCCNC[C@H](O)c2ccc(O)c3[nH]c(=O)sc23)cc1,1.8325089127062364,tdc_microsome,CCc1ccc(CCNCCCSCCNC[C@H](O)c2ccc(O)c3[nH]c(=O)sc23)cc1
Cc1c(Cl)ccc(OC2CCN(C3CCN(C(=O)NS(=O)(=O)c4ccc(N(C)C)cc4)CC3)CC2)c1Cl,0.9542425094393249,tdc_microsome,Cc1c(Cl)ccc(OC2CCN(C3CCN(C(=O)NS(=O)(=O)c4ccc(N(C)C)cc4)CC3)CC2)c1Cl
O=C(NS(=O)(=O)c1cccc(Cl)c1)N1CCC(N2CCC(Oc3ccc(Cl)c(Cl)c3)CC2)CC1,0.7781512503836436,tdc_microsome,O=C(NS(=O)(=O)c1cccc(Cl)c1)N1CCC(N2CCC(Oc3ccc(Cl)c(Cl)c3)CC2)CC1
CCN(C(=O)Cc1ccc(S(C)(=O)=O)cc1)C1CCN(CC[C@H](c2ccc(S(C)(=O)=O)cc2)c2cc(F)cc(Cl)c2)CC1,0.8129133566428556,tdc_microsome,CCN(C(=O)Cc1ccc(S(C)(=O)=O)cc1)C1CCN(CC[C@H](c2ccc(S(C)(=O)=O)cc2)c2cc(F)cc(Cl)c2)CC1
Cc1c(F)ccc2c1c(Sc1ccc(Cl)cc1)c(C)n2CC(=O)O,0.47712125471966244,tdc_microsome,Cc1c(F)ccc2c1c(Sc1ccc(Cl)cc1)c(C)n2CC(=O)O
Cc1cnc(Oc2ccc(-n3ccnc3)cc2)nc1Oc1ccc2c(c1)OCO2,0.47712125471966244,tdc_microsome,Cc1cnc(Oc2ccc(-n3ccnc3)cc2)nc1Oc1ccc2c(c1)OCO2
O=C(NO)c1ccccc1O,0.47712125471966244,tdc_microsome,O=C(NO)c1ccccc1O
CCn1nc(C(=O)O)c(=O)c2cc3c(cc21)OCO3,0.47712125471966244,tdc_microsome,CCn1nc(C(=O)O)c(=O)c2cc3c(cc21)OCO3
Cc1ccc(S(=O)(=O)NC(=O)N2CCC(N3CCC(Oc4ccc(F)c(F)c4)CC3)CC2)cc1,0.47712125471966244,tdc_microsome,Cc1ccc(S(=O)(=O)NC(=O)N2CCC(N3CCC(Oc4ccc(F)c(F)c4)CC3)CC2)cc1
Nc1ccc(S(=O)(=O)c2ccc(N)cc2)cc1,0.47712125471966244,tdc_microsome,Nc1ccc(S(=O)(=O)c2ccc(N)cc2)cc1
COc1ccc(Sc2c(C)n(CC(=O)O)c3ccc(C)cc23)cc1,0.47712125471966244,tdc_microsome,COc1ccc(Sc2c(C)n(CC(=O)O)c3ccc(C)cc23)cc1
O=C(NS(=O)(=O)Cc1ccccc1)N1CCC(N2CCC(Oc3ccc(Cl)c(Cl)c3)CC2)CC1,0.47712125471966244,tdc_microsome,O=C(NS(=O)(=O)Cc1ccccc1)N1CCC(N2CCC(Oc3ccc(Cl)c(Cl)c3)CC2)CC1
O=C(O)C(c1ccccc1)N1CCCC(CN2CCC(Oc3ccc(Cl)c(Cl)c3)CC2)C1,0.47712125471966244,tdc_microsome,O=C(O)C(c1ccccc1)N1CCCC(CN2CCC(Oc3ccc(Cl)c(Cl)c3)CC2)C1
N#CN=C(N)c1sc(Nc2ccccc2)nc1N,0.47712125471966244,tdc_microsome,N#CN=C(N)c1sc(Nc2ccccc2)nc1N
O=C(NS(=O)(=O)c1ccccc1Cl)N1CCC(N2CCC(Oc3ccc(Cl)c(Cl)c3)CC2)CC1,0.47712125471966244,tdc_microsome,O=C(NS(=O)(=O)c1ccccc1Cl)N1CCC(N2CCC(Oc3ccc(Cl)c(Cl)c3)CC2)CC1
N#Cc1ccc(F)c(-c2cc(C(F)(F)F)ccc2OCC(=O)O)c1,0.47712125471966244,tdc_microsome,N#Cc1ccc(F)c(-c2cc(C(F)(F)F)ccc2OCC(=O)O)c1
CNC(=O)c1cccc2c1c(Sc1ccc(Cl)cc1)c(C)n2CC(=O)O,0.47712125471966244,tdc_microsome,CNC(=O)c1cccc2c1c(Sc1ccc(Cl)cc1)c(C)n2CC(=O)O
CC(C)C[C@H](NC(=O)N1CCOCC1)C(=O)NCC#N,0.47712125471966244,tdc_microsome,CC(C)C[C@H](NC(=O)N1CCOCC1)C(=O)NCC#N
CCC(CCNC)Oc1cc(Cl)ccc1C#N,0.47712125471966244,tdc_microsome,CCC(CCNC)Oc1cc(Cl)ccc1C#N
CCN(CC)S(=O)(=O)c1ccc(-c2cc(C(F)(F)F)ccc2OCC(=O)O)cc1,0.9542425094393249,tdc_microsome,CCN(CC)S(=O)(=O)c1ccc(-c2cc(C(F)(F)F)ccc2OCC(=O)O)cc1
Cc1c(Sc2ccc(Cl)cc2)c2cc(Cl)ccc2n1Cc1nnn[nH]1,1.0413926851582251,tdc_microsome,Cc1c(Sc2ccc(Cl)cc2)c2cc(Cl)ccc2n1Cc1nnn[nH]1
Nc1ccc2nc(SCC(=O)NC3CCN(Cc4ccc(Cl)c(Cl)c4)CC3)sc2c1,1.7708520116421442,tdc_microsome,Nc1ccc2nc(SCC(=O)NC3CCN(Cc4ccc(Cl)c(Cl)c4)CC3)sc2c1
O=C(NC[C@@H](O)CN1CCC(Oc2ccc(Cl)c(Cl)c2)CC1)c1c[nH]c(=O)c2ccc(F)cc12,0.9030899869919435,tdc_microsome,O=C(NC[C@@H](O)CN1CCC(Oc2ccc(Cl)c(Cl)c2)CC1)c1c[nH]c(=O)c2ccc(F)cc12
CC(=O)Nc1ccc(O)cc1OC[C@@H](O)CN1CCC2(CC1)Cc1cc(Cl)ccc1O2,0.9030899869919435,tdc_microsome,CC(=O)Nc1ccc(O)cc1OC[C@@H](O)CN1CCC2(CC1)Cc1cc(Cl)ccc1O2
O=C(O)COc1ccc(-c2nccs2)cc1-c1ccccc1,0.9542425094393249,tdc_microsome,O=C(O)COc1ccc(-c2nccs2)cc1-c1ccccc1
O=C(NCC12CC3CC(CC(C3)C1)C2)c1cc(N2CCNCC2)ncc1Cl,1.0,tdc_microsome,O=C(NCC12CC3CC(CC(C3)C1)C2)c1cc(N2CCNCC2)ncc1Cl
NC(=O)c1c(OC2CCN(C[C@H](O)CNC(=O)c3c[nH]c(=O)c4ccccc34)CC2)ccc(Cl)c1Cl,1.0,tdc_microsome,NC(=O)c1c(OC2CCN(C[C@H](O)CNC(=O)c3c[nH]c(=O)c4ccccc34)CC2)ccc(Cl)c1Cl
COc1nc(Cl)c(Cl)nc1NS(=O)(=O)c1ccc(Cl)s1,1.0,tdc_microsome,COc1nc(Cl)c(Cl)nc1NS(=O)(=O)c1ccc(Cl)s1
CCS(=O)(=O)c1ccc(-c2cc(C(F)(F)F)ccc2OCC(=O)O)c(Cl)c1,0.47712125471966244,tdc_microsome,CCS(=O)(=O)c1ccc(-c2cc(C(F)(F)F)ccc2OCC(=O)O)c(Cl)c1
O=C(NC[C@@H](O)CN1CCC(Oc2ccc(Cl)c(Cl)c2)CC1)c1n[nH]c(=O)c2ccccc12,0.47712125471966244,tdc_microsome,O=C(NC[C@@H](O)CN1CCC(Oc2ccc(Cl)c(Cl)c2)CC1)c1n[nH]c(=O)c2ccccc12
COc1cccc(S(=O)(=O)c2c(C)n(CC(=O)O)c3ccc(C)cc23)c1,0.47712125471966244,tdc_microsome,COc1cccc(S(=O)(=O)c2c(C)n(CC(=O)O)c3ccc(C)cc23)c1
N#Cc1ccc(C(F)(F)F)nc1O[C@H](CCN)c1ccno1,0.47712125471966244,tdc_microsome,N#Cc1ccc(C(F)(F)F)nc1O[C@H](CCN)c1ccno1
COc1ccnc(NC2CCN(C(=O)c3ccc(C#N)cc3)CC2)c1,0.47712125471966244,tdc_microsome,COc1ccnc(NC2CCN(C(=O)c3ccc(C#N)cc3)CC2)c1
Cc1ccc2c(c1)c(-c1ccnc3ccc(C(F)(F)F)cc13)c(C)n2CC(=O)O,1.3617278360175928,tdc_microsome,Cc1ccc2c(c1)c(-c1ccnc3ccc(C(F)(F)F)cc13)c(C)n2CC(=O)O
CC(=O)Nc1ccc(CNc2[nH]nc3cccc(Oc4ccc(S(C)(=O)=O)cc4)c23)cc1,1.8750612633917,tdc_microsome,CC(=O)Nc1ccc(CNc2[nH]nc3cccc(Oc4ccc(S(C)(=O)=O)cc4)c23)cc1
O=c1ncn2nc(Sc3ccc(F)cc3F)ccc2c1-c1c(Cl)cccc1Cl,0.47712125471966244,tdc_microsome,O=c1ncn2nc(Sc3ccc(F)cc3F)ccc2c1-c1c(Cl)cccc1Cl
O=C(O)COCCN1CCN(C(c2ccccc2)c2ccc(Cl)cc2)CC1,0.47712125471966244,tdc_microsome,O=C(O)COCCN1CCN(C(c2ccccc2)c2ccc(Cl)cc2)CC1
O=C(O)[C@H](Cc1ccccc1)N1CCC(CN2CCC(Oc3ccc(Cl)c(Cl)c3)CC2)CC1,0.47712125471966244,tdc_microsome,O=C(O)[C@H](Cc1ccccc1)N1CCC(CN2CCC(Oc3ccc(Cl)c(Cl)c3)CC2)CC1
CC(C)Cn1c(=O)n(C)c(=O)c2c(SC(C)C)c(Cc3ccccc3C(F)(F)F)sc21,0.8241258339165489,tdc_microsome,CC(C)Cn1c(=O)n(C)c(=O)c2c(SC(C)C)c(Cc3ccccc3C(F)(F)F)sc21
Cc1ccc2c(N)c(C(N)=O)sc2n1,1.1139433523068367,tdc_microsome,Cc1ccc2c(N)c(C(N)=O)sc2n1
O=C(O)CSCC(=O)Nc1nc(-c2ccc(F)cc2)cs1,0.47712125471966244,tdc_microsome,O=C(O)CSCC(=O)Nc1nc(-c2ccc(F)cc2)cs1
CNCCC(Oc1ccccc1OC)c1ccccc1,0.47712125471966244,tdc_microsome,CNCCC(Oc1ccccc1OC)c1ccccc1
Cc1c(CC(=O)O)c2cc(F)ccc2n1Cc1nc2ccccc2s1,0.47712125471966244,tdc_microsome,Cc1c(CC(=O)O)c2cc(F)ccc2n1Cc1nc2ccccc2s1
Cc1ccc(NC(=O)c2cncs2)cc1-n1cnc2ccc(N3CCN(C)CC3)cc2c1=O,0.47712125471966244,tdc_microsome,Cc1ccc(NC(=O)c2cncs2)cc1-n1cnc2ccc(N3CCN(C)CC3)cc2c1=O
CCc1nc2c(N)nc3ccccc3c2n1CC(C)(C)O,0.47712125471966244,tdc_microsome,CCc1nc2c(N)nc3ccccc3c2n1CC(C)(C)O
Cn1c(=N)n(CC(=O)c2ccc(Cl)cc2)c2ccccc21,0.47712125471966244,tdc_microsome,Cn1c(=N)n(CC(=O)c2ccc(Cl)cc2)c2ccccc21
CC(=O)NCc1cccc(C(=O)O)c1,1.5899496013257077,tdc_microsome,CC(=O)NCc1cccc(C(=O)O)c1
CCN(C(=O)Cc1ccc(S(C)(=O)=O)cc1)C1CCN(CCC(c2ccccc2)c2ccc(C)cc2)CC1,1.8195439355418688,tdc_microsome,CCN(C(=O)Cc1ccc(S(C)(=O)=O)cc1)C1CCN(CCC(c2ccccc2)c2ccc(C)cc2)CC1
Cc1ccc(C(=O)Nc2nccs2)cc1-n1cnc2ccc(N3CCN(C)CC3)cc2c1=O,0.8450980400142568,tdc_microsome,Cc1ccc(C(=O)Nc2nccs2)cc1-n1cnc2ccc(N3CCN(C)CC3)cc2c1=O
Nc1nc(NCc2ccccc2)nc2c1nc(O)n2Cc1ccccc1,1.0413926851582251,tdc_microsome,Nc1nc(NCc2ccccc2)nc2c1nc(O)n2Cc1ccccc1
COc1ccc(-c2cc(C(F)(F)F)ccc2OCC(=O)O)cc1,1.0791812460476249,tdc_microsome,COc1ccc(-c2cc(C(F)(F)F)ccc2OCC(=O)O)cc1
O=C(NS(=O)(=O)N1CCC(N2CCC(Oc3ccc(Cl)c(Cl)c3)CC2)CC1)c1ccccc1,1.0791812460476249,tdc_microsome,O=C(NS(=O)(=O)N1CCC(N2CCC(Oc3ccc(Cl)c(Cl)c3)CC2)CC1)c1ccccc1
CCN(C(=O)Cc1ccc(S(C)(=O)=O)cc1)C1CCN(CC[C@@H](c2ccccc2)c2ccc(S(C)(=O)=O)cc2)CC1,0.6020599913279624,tdc_microsome,CCN(C(=O)Cc1ccc(S(C)(=O)=O)cc1)C1CCN(CC[C@@H](c2ccccc2)c2ccc(S(C)(=O)=O)cc2)CC1
Oc1nc2c(O)ccc(CCNCCCSCCOCCc3cccc4ccccc34)c2s1,1.5563025007672873,tdc_microsome,Oc1nc2c(O)ccc(CCNCCCSCCOCCc3cccc4ccccc34)c2s1
N#Cc1cccc(S(=O)(=O)NC(=O)N2CCC(N3CCC(Oc4ccc(Cl)c(Cl)c4)CC3)CC2)c1,0.47712125471966244,tdc_microsome,N#Cc1cccc(S(=O)(=O)NC(=O)N2CCC(N3CCC(Oc4ccc(Cl)c(Cl)c4)CC3)CC2)c1
NS(=O)(=O)c1ccc2c(C(=O)NC[C@@H](O)CN3CCC(Oc4ccc(Cl)c(Cl)c4)CC3)c[nH]c(=O)c2c1,0.47712125471966244,tdc_microsome,NS(=O)(=O)c1ccc2c(C(=O)NC[C@@H](O)CN3CCC(Oc4ccc(Cl)c(Cl)c4)CC3)c[nH]c(=O)c2c1
CCCCCOc1ccc(C(=O)NC(C(=O)O)C(C)C)cc1,0.7403626894942439,tdc_microsome,CCCCCOc1ccc(C(=O)NC(C(=O)O)C(C)C)cc1
CCc1nc2c(N)nc3ccccc3c2n1CC(C)C,0.47712125471966244,tdc_microsome,CCc1nc2c(N)nc3ccccc3c2n1CC(C)C
Cc1ccc2c(c1)c(-c1ccnc3cc(C(F)(F)F)ccc13)c(C)n2CC(=O)O,0.47712125471966244,tdc_microsome,Cc1ccc2c(c1)c(-c1ccnc3cc(C(F)(F)F)ccc13)c(C)n2CC(=O)O
Nc1nc2nc(SCc3cccc(F)c3F)nc(O)c2s1,0.47712125471966244,tdc_microsome,Nc1nc2nc(SCc3cccc(F)c3F)nc(O)c2s1
CCc1nc2c(N)nc3ccccc3c2n1Cc1ccccc1,0.47712125471966244,tdc_microsome,CCc1nc2c(N)nc3ccccc3c2n1Cc1ccccc1
c1ccc(Sc2ccc3ccccc3n2)cc1,1.7853298350107671,tdc_microsome,c1ccc(Sc2ccc3ccccc3n2)cc1
CC1CN(C(=O)c2cc3ccccc3[nH]2)CCN1,0.9030899869919435,tdc_microsome,CC1CN(C(=O)c2cc3ccccc3[nH]2)CCN1
O=C(NC[C@@H](O)CN1CCC(Oc2ccc(Cl)c(Cl)c2)CC1)c1cnnc2ccccc12,0.9030899869919435,tdc_microsome,O=C(NC[C@@H](O)CN1CCC(Oc2ccc(Cl)c(Cl)c2)CC1)c1cnnc2ccccc12
CCN(C(=O)Cc1ccc(S(C)(=O)=O)cc1)C1CCN(CC[C@@H](c2ccc(F)cc2)c2ccc(S(C)(=O)=O)cc2)CC1,0.9294189257142927,tdc_microsome,CCN(C(=O)Cc1ccc(S(C)(=O)=O)cc1)C1CCN(CC[C@@H](c2ccc(F)cc2)c2ccc(S(C)(=O)=O)cc2)CC1
CCS(=O)(=O)c1ccc(-c2cc(Cl)ccc2OCC(=O)O)c(Cl)c1,0.47712125471966244,tdc_microsome,CCS(=O)(=O)c1ccc(-c2cc(Cl)ccc2OCC(=O)O)c(Cl)c1
CCCCc1nc2c(N)nc3ccccc3c2n1CC(C)C,0.47712125471966244,tdc_microsome,CCCCc1nc2c(N)nc3ccccc3c2n1CC(C)C
CCN(C(=O)Cc1ccc(S(C)(=O)=O)cc1)C1CCN(CCC(c2ccccc2)c2ccc(NC(C)=O)cc2)CC1,0.47712125471966244,tdc_microsome,CCN(C(=O)Cc1ccc(S(C)(=O)=O)cc1)C1CCN(CCC(c2ccccc2)c2ccc(NC(C)=O)cc2)CC1
CC1=C(CC(=O)O)c2cc(F)ccc2/C1=C\c1ccc([S+](C)[O-])cc1,0.47712125471966244,tdc_microsome,CC1=C(CC(=O)O)c2cc(F)ccc2/C1=C\c1ccc([S+](C)[O-])cc1
Cc1cc(Oc2ccc3c(c2)OCO3)nc(Oc2ccc(-n3ccnc3)cc2)n1,0.47712125471966244,tdc_microsome,Cc1cc(Oc2ccc3c(c2)OCO3)nc(Oc2ccc(-n3ccnc3)cc2)n1
CCc1ccc(OCC(=O)O)c(-c2ccc(S(C)(=O)=O)cc2)c1,0.47712125471966244,tdc_microsome,CCc1ccc(OCC(=O)O)c(-c2ccc(S(C)(=O)=O)cc2)c1
Cc1ccc(NC(=O)c2ccno2)cc1-n1cnc2ccc(N3CCN(C)CC3)cc2c1=O,0.47712125471966244,tdc_microsome,Cc1ccc(NC(=O)c2ccno2)cc1-n1cnc2ccc(N3CCN(C)CC3)cc2c1=O
Cc1ccc2c(n1)c(Sc1ccc(Cl)cc1)c(C)n2CC(=O)O,0.6989700043360189,tdc_microsome,Cc1ccc2c(n1)c(Sc1ccc(Cl)cc1)c(C)n2CC(=O)O
N#Cc1ccc(Nc2nccc(NC3CC3)n2)cc1,1.6532125137753437,tdc_microsome,N#Cc1ccc(Nc2nccc(NC3CC3)n2)cc1
O=C(CC12CC3CC(CC(C3)C1)C2)Nc1c(Cl)ccc2nc(CN3CCN(CCO)CC3)ccc12,1.9003671286564703,tdc_microsome,O=C(CC12CC3CC(CC(C3)C1)C2)Nc1c(Cl)ccc2nc(CN3CCN(CCO)CC3)ccc12
O=C(NS(=O)(=O)c1ccccc1)N1CCC(N2CCC(Oc3ccc(Cl)c(Cl)c3)CC2)CC1,0.47712125471966244,tdc_microsome,O=C(NS(=O)(=O)c1ccccc1)N1CCC(N2CCC(Oc3ccc(Cl)c(Cl)c3)CC2)CC1
Cc1ccc(S(=O)(=O)NC(=O)N2CCC(N3CCC(Oc4ccc(Cl)cc4Cl)CC3)CC2)cc1,0.47712125471966244,tdc_microsome,Cc1ccc(S(=O)(=O)NC(=O)N2CCC(N3CCC(Oc4ccc(Cl)cc4Cl)CC3)CC2)cc1
O=C(O)C(c1ccccc1)N1CCO[C@@H](CN2CCC(Oc3ccc(Cl)c(Cl)c3)CC2)C1,0.47712125471966244,tdc_microsome,O=C(O)C(c1ccccc1)N1CCO[C@@H](CN2CCC(Oc3ccc(Cl)c(Cl)c3)CC2)C1
O=C(Nc1ccc(S(=O)(=O)N2CCOCC2)cc1)c1cc(Cl)ccc1NS(=O)(=O)c1ccc(Cl)s1,0.47712125471966244,tdc_microsome,O=C(Nc1ccc(S(=O)(=O)N2CCOCC2)cc1)c1cc(Cl)ccc1NS(=O)(=O)c1ccc(Cl)s1
O=C(O)c1cccnc1N1CCC(CN2CCC(Oc3ccc(Cl)c(Cl)c3)CC2)CC1,0.6020599913279624,tdc_microsome,O=C(O)c1cccnc1N1CCC(CN2CCC(Oc3ccc(Cl)c(Cl)c3)CC2)CC1
COc1ccc(C)c(NC(=O)CC23CC4CC(CC(C4)C2)C3)c1,2.1760912590556813,tdc_microsome,COc1ccc(C)c(NC(=O)CC23CC4CC(CC(C4)C2)C3)c1
Nc1nnc(-c2ccccc2)s1,0.47712125471966244,tdc_microsome,Nc1nnc(-c2ccccc2)s1
Nc1nc(Nc2cccc(Br)c2)c2nc[nH]c2n1,1.2041199826559248,tdc_microsome,Nc1nc(Nc2cccc(Br)c2)c2nc[nH]c2n1
Cc1ccc(F)c(Nc2ccnc(Nc3ccc(S(N)(=O)=O)cc3)n2)c1,1.255272505103306,tdc_microsome,Cc1ccc(F)c(Nc2ccnc(Nc3ccc(S(N)(=O)=O)cc3)n2)c1
c1cn(-c2ccc(Oc3cc(Oc4ccc5c(c4)OCO5)ncn3)cc2)cn1,1.1139433523068367,tdc_microsome,c1cn(-c2ccc(Oc3cc(Oc4ccc5c(c4)OCO5)ncn3)cc2)cn1
Cc1ccc2nc(CCNCCCO)ccc2c1NC(=O)CC12CC3CC(CC(C3)C1)C2,1.5185139398778875,tdc_microsome,Cc1ccc2nc(CCNCCCO)ccc2c1NC(=O)CC12CC3CC(CC(C3)C1)C2
CSc1nccc(Nc2cc(NC(=O)c3cc(F)cc(N4CCOCC4)c3)ccc2C)n1,1.919078092376074,tdc_microsome,CSc1nccc(Nc2cc(NC(=O)c3cc(F)cc(N4CCOCC4)c3)ccc2C)n1
CCN(C(=O)Cc1ccc(S(C)(=O)=O)cc1)C1CCN(CC[C@@H](c2cccc(C(F)(F)F)c2)C2CCN(S(C)(=O)=O)CC2)CC1,1.2387985627139169,tdc_microsome,CCN(C(=O)Cc1ccc(S(C)(=O)=O)cc1)C1CCN(CC[C@@H](c2cccc(C(F)(F)F)c2)C2CCN(S(C)(=O)=O)CC2)CC1
CCN(C(=O)Cc1ccc(S(C)(=O)=O)cc1)C1CCN(CCC(c2ccccc2)N2CCC(C(C)=O)CC2)CC1,1.3222192947339193,tdc_microsome,CCN(C(=O)Cc1ccc(S(C)(=O)=O)cc1)C1CCN(CCC(c2ccccc2)N2CCC(C(C)=O)CC2)CC1
N#Cc1cc(F)c(Cl)cc1O[C@H](CCN)c1ccccc1,0.47712125471966244,tdc_microsome,N#Cc1cc(F)c(Cl)cc1O[C@H](CCN)c1ccccc1
O=C(NS(=O)(=O)c1ccc(F)cc1)N1CCC(N2CCC(Oc3ccc(Cl)c(Cl)c3)CC2)CC1,1.0413926851582251,tdc_microsome,O=C(NS(=O)(=O)c1ccc(F)cc1)N1CCC(N2CCC(Oc3ccc(Cl)c(Cl)c3)CC2)CC1
CN(C)c1ccccc1S(=O)(=O)NC(=O)N1CCC(N2CCC(Oc3ccc(Cl)c(Cl)c3)CC2)CC1,1.5185139398778875,tdc_microsome,CN(C)c1ccccc1S(=O)(=O)NC(=O)N1CCC(N2CCC(Oc3ccc(Cl)c(Cl)c3)CC2)CC1
CCCN(CCC)CCc1ccc(O)c(NC(C)=O)c1,1.5563025007672873,tdc_microsome,CCCN(CCC)CCc1ccc(O)c(NC(C)=O)c1
CS(=O)(=O)c1ccc(-c2cc(C(F)(F)F)ccc2OCC(=O)O)cc1,0.47712125471966244,tdc_microsome,CS(=O)(=O)c1ccc(-c2cc(C(F)(F)F)ccc2OCC(=O)O)cc1
CS(=O)(=O)c1ccc(-c2nnc(/C=C/c3nnc(-c4ccc(C#N)cc4)o3)n2-c2ccccc2Cl)nc1,0.47712125471966244,tdc_microsome,CS(=O)(=O)c1ccc(-c2nnc(/C=C/c3nnc(-c4ccc(C#N)cc4)o3)n2-c2ccccc2Cl)nc1
COc1ccccc1S(=O)(=O)NC(=O)N1CCC(N2CCC(Oc3ccc(Cl)c(Cl)c3)CC2)CC1,0.47712125471966244,tdc_microsome,COc1ccccc1S(=O)(=O)NC(=O)N1CCC(N2CCC(Oc3ccc(Cl)c(Cl)c3)CC2)CC1
Cc1c(Cl)ccc(OC2CCN(C[C@H](O)CNC(=O)c3c[nH]c(=O)c4ccc(S(C)(=O)=O)cc34)CC2)c1Cl,0.47712125471966244,tdc_microsome,Cc1c(Cl)ccc(OC2CCN(C[C@H](O)CNC(=O)c3c[nH]c(=O)c4ccc(S(C)(=O)=O)cc34)CC2)c1Cl
Cc1c(Sc2ccc(Cl)cc2)c2c(-c3ccccc3)cccc2n1CC(=O)O,0.47712125471966244,tdc_microsome,Cc1c(Sc2ccc(Cl)cc2)c2c(-c3ccccc3)cccc2n1CC(=O)O
Cc1ccc2c(c1)c(-c1ccnc3c(F)cccc13)c(C)n2CC(=O)O,0.47712125471966244,tdc_microsome,Cc1ccc2c(c1)c(-c1ccnc3c(F)cccc13)c(C)n2CC(=O)O
NC(=O)Nc1sc(-c2ccc(F)cc2)cc1C(N)=O,0.47712125471966244,tdc_microsome,NC(=O)Nc1sc(-c2ccc(F)cc2)cc1C(N)=O
Cc1cc(N(C)S(C)(=O)=O)ccc1-c1cc(C(F)(F)F)ccc1OCC(=O)O,0.47712125471966244,tdc_microsome,Cc1cc(N(C)S(C)(=O)=O)ccc1-c1cc(C(F)(F)F)ccc1OCC(=O)O
CC(C(=O)O)c1cccc(Oc2ccccc2)c1,1.0098756337121602,tdc_microsome,CC(C(=O)O)c1cccc(Oc2ccccc2)c1
COCCNCc1ccc(-c2cc(C(N)=O)c(NC(N)=O)s2)cc1,0.47712125471966244,tdc_microsome,COCCNCc1ccc(-c2cc(C(N)=O)c(NC(N)=O)s2)cc1
Nc1nc2ccccc2s1,1.249931756634195,tdc_microsome,Nc1nc2ccccc2s1
CCCCCSc1nc(O)c2sc(N)nc2n1,1.255272505103306,tdc_microsome,CCCCCSc1nc(O)c2sc(N)nc2n1
Cc1ccc2c(c1)c(Sc1ccccc1)c(CC(=O)O)n2C,0.47712125471966244,tdc_microsome,Cc1ccc2c(c1)c(Sc1ccccc1)c(CC(=O)O)n2C
CN(C)C[C@H](O)Cc1ccc(Cl)c(C(=O)NCC23CC4CC(CC(C4)C2)C3)c1,1.0413926851582251,tdc_microsome,CN(C)C[C@H](O)Cc1ccc(Cl)c(C(=O)NCC23CC4CC(CC(C4)C2)C3)c1
O=C(NO)c1ccc(NS(=O)(=O)c2ccccc2)cc1,1.0791812460476249,tdc_microsome,O=C(NO)c1ccc(NS(=O)(=O)c2ccccc2)cc1
c1cn(-c2ccc(Oc3nccc(Oc4ccc5c(c4)OCO5)n3)cc2)cn1,1.1139433523068367,tdc_microsome,c1cn(-c2ccc(Oc3nccc(Oc4ccc5c(c4)OCO5)n3)cc2)cn1
Cc1cn(Cc2ccccc2)c(=O)[nH]c1=O,1.3010299956639813,tdc_microsome,Cc1cn(Cc2ccccc2)c(=O)[nH]c1=O
CCOc1ccc(Oc2ccc(S(=O)(=O)NC(=O)c3cccc(-c4ccc(Cl)c(Cl)c4)c3)cc2)cc1,1.0599418880619547,tdc_microsome,CCOc1ccc(Oc2ccc(S(=O)(=O)NC(=O)c3cccc(-c4ccc(Cl)c(Cl)c4)c3)cc2)cc1
C[C@H](CO)Nc1nc(SCc2cccc(F)c2F)nc2nc(N)cnc12,1.0791812460476249,tdc_microsome,C[C@H](CO)Nc1nc(SCc2cccc(F)c2F)nc2nc(N)cnc12
CCN(C(=O)Cc1ccc(S(C)(=O)=O)cc1)C1CCN(CC[C@H](c2ccc(S(C)(=O)=O)cc2)c2cc(F)c(F)c(F)c2)CC1,1.255272505103306,tdc_microsome,CCN(C(=O)Cc1ccc(S(C)(=O)=O)cc1)C1CCN(CC[C@H](c2ccc(S(C)(=O)=O)cc2)c2cc(F)c(F)c(F)c2)CC1
O=C(CCc1ccccc1O)Nc1ccccc1,1.4771212547196624,tdc_microsome,O=C(CCc1ccccc1O)Nc1ccccc1
COc1ccc(OC)c(CNc2[nH]nc3cccc(Oc4ccccc4)c23)c1,1.0413926851582251,tdc_microsome,COc1ccc(OC)c(CNc2[nH]nc3cccc(Oc4ccccc4)c23)c1
COc1ccc(-c2nc(N)s[n+]2-c2ccccc2)cc1,1.2787536009528289,tdc_microsome,COc1ccc(-c2nc(N)s[n+]2-c2ccccc2)cc1
CCOc1ccccc1CNCc1cccc(CCNC[C@H](O)c2ccc(O)c3[nH]c(=O)sc23)c1,1.6434526764861874,tdc_microsome,CCOc1ccccc1CNCc1cccc(CCNC[C@H](O)c2ccc(O)c3[nH]c(=O)sc23)c1
CCN(C(=O)NCc1c(F)cccc1F)C1CCN(CCC(c2ccccc2)c2ccccc2)CC1,0.7781512503836436,tdc_microsome,CCN(C(=O)NCc1c(F)cccc1F)C1CCN(CCC(c2ccccc2)c2ccccc2)CC1
COc1cccc(C(=O)Nc2ccc(C)c(-n3cnc4ccc(N5CCN(C)CC5)cc4c3=O)c2)c1,1.2041199826559248,tdc_microsome,COc1cccc(C(=O)Nc2ccc(C)c(-n3cnc4ccc(N5CCN(C)CC5)cc4c3=O)c2)c1
O=C(NC[C@@H](O)CN1CCC(Oc2ccc(Cl)c(Cl)c2)CC1)c1c[nH]nc1C1CC1,0.9542425094393249,tdc_microsome,O=C(NC[C@@H](O)CN1CCC(Oc2ccc(Cl)c(Cl)c2)CC1)c1c[nH]nc1C1CC1
COc1cccc(CNCc2cccc(CCNC[C@H](O)c3ccc(O)c4[nH]c(=O)sc34)c2)c1,1.5440680443502757,tdc_microsome,COc1cccc(CNCc2cccc(CCNC[C@H](O)c3ccc(O)c4[nH]c(=O)sc34)c2)c1
Nc1ccc(Cl)c(C(=O)NCC23CC4CC(CC(C4)C2)C3)c1,1.2787536009528289,tdc_microsome,Nc1ccc(Cl)c(C(=O)NCC23CC4CC(CC(C4)C2)C3)c1
CCN(C(=O)Cc1ccc([N+](=O)[O-])cc1)C1CCN(CCC(c2ccccc2)c2ccccc2)CC1,1.1139433523068367,tdc_microsome,CCN(C(=O)Cc1ccc([N+](=O)[O-])cc1)C1CCN(CCC(c2ccccc2)c2ccccc2)CC1
O=c1[nH]c2c(O)ccc([C@@H](O)CNCCCSCCNCCc3cccc(Cl)c3Cl)c2s1,1.5440680443502757,tdc_microsome,O=c1[nH]c2c(O)ccc([C@@H](O)CNCCCSCCNCCc3cccc(Cl)c3Cl)c2s1
CC(=O)N1CCN(CCOc2ccc(C3(O)CCN(c4ccc5nnc(C(F)(F)F)n5n4)CC3)cc2)CC1,1.9500239065233265,tdc_microsome,CC(=O)N1CCN(CCOc2ccc(C3(O)CCN(c4ccc5nnc(C(F)(F)F)n5n4)CC3)cc2)CC1
CCN(C(=O)Cc1ccc(S(C)(=O)=O)cc1)C1CCN(CC[C@H](c2ccc(S(C)(=O)=O)cc2)c2cccc(Cl)c2)CC1,1.0791812460476249,tdc_microsome,CCN(C(=O)Cc1ccc(S(C)(=O)=O)cc1)C1CCN(CC[C@H](c2ccc(S(C)(=O)=O)cc2)c2cccc(Cl)c2)CC1
CCN(C(=O)Cc1ccc(S(C)(=O)=O)cc1)C1CCN(CC[C@@H](c2ccccc2)C2CCN(S(=O)(=O)C(F)(F)F)CC2)CC1,1.4393326938302626,tdc_microsome,CCN(C(=O)Cc1ccc(S(C)(=O)=O)cc1)C1CCN(CC[C@@H](c2ccccc2)C2CCN(S(=O)(=O)C(F)(F)F)CC2)CC1
C[C@@H]1COCCN1c1cc(C2(S(C)(=O)=O)CC2)nc(-c2cccc3[nH]ccc23)n1,0.8698182079793282,tdc_microsome,C[C@@H]1COCCN1c1cc(C2(S(C)(=O)=O)CC2)nc(-c2cccc3[nH]ccc23)n1
N#Cc1ccccc1C[C@@H](C(=O)O)N1CCC(CN2CCC(Oc3ccc(Cl)c(Cl)c3)CC2)CC1,0.7781512503836436,tdc_microsome,N#Cc1ccccc1C[C@@H](C(=O)O)N1CCC(CN2CCC(Oc3ccc(Cl)c(Cl)c3)CC2)CC1
Fc1cnc(Nc2ccccc2)nc1Nc1ccccc1,0.8450980400142568,tdc_microsome,Fc1cnc(Nc2ccccc2)nc1Nc1ccccc1
COc1ccc(-c2ccc3nc(N)sc3c2)cn1,0.8898617212581884,tdc_microsome,COc1ccc(-c2ccc3nc(N)sc3c2)cn1
COCCNCc1ccc(Nc2ncc3cc(-c4ccncc4)ccc3n2)cc1,1.63002085111341,tdc_microsome,COCCNCc1ccc(Nc2ncc3cc(-c4ccncc4)ccc3n2)cc1
COc1ccc(OC)c(CNC(=O)c2cccnc2Oc2ccccc2)c1,1.6384892569546374,tdc_microsome,COc1ccc(OC)c(CNC(=O)c2cccnc2Oc2ccccc2)c1
CC1(O)CN(S(=O)(=O)c2ccc3c(C(=O)NC[C@@H](O)CN4CCC(Oc5ccc(Cl)c(Cl)c5)CC4)c[nH]c(=O)c3c2)C1,1.2631624649622166,tdc_microsome,CC1(O)CN(S(=O)(=O)c2ccc3c(C(=O)NC[C@@H](O)CN4CCC(Oc5ccc(Cl)c(Cl)c5)CC4)c[nH]c(=O)c3c2)C1
CC[C@H](CO)Nc1nc(SCc2cccc(F)c2F)nc2nc(NC(C)C)sc12,1.6232492903979006,tdc_microsome,CC[C@H](CO)Nc1nc(SCc2cccc(F)c2F)nc2nc(NC(C)C)sc12
CCCN1CCC(Oc2nccc(Nc3cc(NC(=O)c4cccc(N5CCOCC5)c4)ccc3C)n2)CC1,1.7323937598229686,tdc_microsome,CCCN1CCC(Oc2nccc(Nc3cc(NC(=O)c4cccc(N5CCOCC5)c4)ccc3C)n2)CC1
COC(=O)N1CCN(c2ccnc(-n3ccnc3)n2)C(CC(=O)NCc2ccc3c(c2)OCO3)C1,1.2304489213782739,tdc_microsome,COC(=O)N1CCN(c2ccnc(-n3ccnc3)n2)C(CC(=O)NCc2ccc3c(c2)OCO3)C1
CCN(C(=O)Cc1ccc(S(C)(=O)=O)cc1)C1CCN(CCC(c2ccccc2)c2ccc(S(C)(=O)=O)cc2)CC1,1.2671717284030137,tdc_microsome,CCN(C(=O)Cc1ccc(S(C)(=O)=O)cc1)C1CCN(CCC(c2ccccc2)c2ccc(S(C)(=O)=O)cc2)CC1
CCN(C(=O)NCc1ccc(F)cc1)C1CCN(CCC(c2ccccc2)c2ccccc2)CC1,2.0211892990699383,tdc_microsome,CCN(C(=O)NCc1ccc(F)cc1)C1CCN(CCC(c2ccccc2)c2ccccc2)CC1
CC(C)Cn1c(=O)n(C)c(=O)c2c(C(=O)N3CC[C@@H](O)C3)c(Cc3c[nH]c4ccccc34)sc21,2.0293837776852097,tdc_microsome,CC(C)Cn1c(=O)n(C)c(=O)c2c(C(=O)N3CC[C@@H](O)C3)c(Cc3c[nH]c4ccccc34)sc21
O=C(Nc1ccccn1)c1ccc2[nH]c(-c3ccc(NC(=O)C45CC6CC(CC(C6)C4)C5)cc3)nc2c1,2.164352855784437,tdc_microsome,O=C(Nc1ccccn1)c1ccc2[nH]c(-c3ccc(NC(=O)C45CC6CC(CC(C6)C4)C5)cc3)nc2c1
N#Cc1c(-c2ccccc2)nc(SCc2ccccc2)[nH]c1=O,0.7781512503836436,tdc_microsome,N#Cc1c(-c2ccccc2)nc(SCc2ccccc2)[nH]c1=O
O=C(NC[C@@H](O)CN1CCC(Oc2ccc(Cl)c(Cl)c2)CC1)c1c[nH]nc1C(F)(F)F,0.47712125471966244,tdc_microsome,O=C(NC[C@@H](O)CN1CCC(Oc2ccc(Cl)c(Cl)c2)CC1)c1c[nH]nc1C(F)(F)F
COc1ccc(S(=O)(=O)NC(=O)N2CCC(N3CCC(Oc4ccc(Cl)c(Cl)c4)CC3)CC2)cc1,0.47712125471966244,tdc_microsome,COc1ccc(S(=O)(=O)NC(=O)N2CCC(N3CCC(Oc4ccc(Cl)c(Cl)c4)CC3)CC2)cc1
N#Cc1cc(Cl)ccc1O[C@H](CCN)c1ccccc1,0.47712125471966244,tdc_microsome,N#Cc1cc(Cl)ccc1O[C@H](CCN)c1ccccc1
O=C(/C=C/c1c(C(=O)O)[nH]c2cc(Cl)cc(Cl)c12)Nc1ccccc1,0.47712125471966244,tdc_microsome,O=C(/C=C/c1c(C(=O)O)[nH]c2cc(Cl)cc(Cl)c12)Nc1ccccc1
CCN(C(=O)Cc1ccc(S(C)(=O)=O)cc1)C1CCN(CCC(c2ccccc2)c2ccc(C#N)cc2)CC1,0.47712125471966244,tdc_microsome,CCN(C(=O)Cc1ccc(S(C)(=O)=O)cc1)C1CCN(CCC(c2ccccc2)c2ccc(C#N)cc2)CC1
Cc1c(Sc2ccc(Cl)cc2)c2cc(Cl)ccc2n1CC(=O)O,0.47712125471966244,tdc_microsome,Cc1c(Sc2ccc(Cl)cc2)c2cc(Cl)ccc2n1CC(=O)O
N#Cc1cccc(C(=O)NC[C@@H](O)CN2CCC(Oc3ccc(Cl)c(Cl)c3)CC2)c1,0.6020599913279624,tdc_microsome,N#Cc1cccc(C(=O)NC[C@@H](O)CN2CCC(Oc3ccc(Cl)c(Cl)c3)CC2)c1
COc1cc(NC(C)CCCN)c2ncccc2c1,0.47712125471966244,tdc_microsome,COc1cc(NC(C)CCCN)c2ncccc2c1
O=C(NC[C@@H](O)CN1CCC(Oc2ccc(Cl)c(Cl)c2)CC1)n1c(=O)[nH]c2ccccc21,0.47712125471966244,tdc_microsome,O=C(NC[C@@H](O)CN1CCC(Oc2ccc(Cl)c(Cl)c2)CC1)n1c(=O)[nH]c2ccccc21
CS(=O)(=O)c1ccc2c(C(=O)NC[C@@H](O)CN3CCC(Oc4ccc(C#N)c(Cl)c4)CC3)c[nH]c(=O)c2c1,0.47712125471966244,tdc_microsome,CS(=O)(=O)c1ccc2c(C(=O)NC[C@@H](O)CN3CCC(Oc4ccc(C#N)c(Cl)c4)CC3)c[nH]c(=O)c2c1
Cc1c(Sc2ccc(Cl)cc2)c2ccc(Cl)cc2n1CC(=O)O,0.47712125471966244,tdc_microsome,Cc1c(Sc2ccc(Cl)cc2)c2ccc(Cl)cc2n1CC(=O)O
Cc1ccc(C#N)c(S[C@H](CCN)c2ccccc2)n1,0.47712125471966244,tdc_microsome,Cc1ccc(C#N)c(S[C@H](CCN)c2ccccc2)n1
Nc1nc2nc(SCc3ccccc3)nc(O)c2s1,0.47712125471966244,tdc_microsome,Nc1nc2nc(SCc3ccccc3)nc(O)c2s1
CN(C)CCC=C1c2ccccc2C=Cc2ccccc21,0.6095944092252201,tdc_microsome,CN(C)CCC=C1c2ccccc2C=Cc2ccccc21
COc1ccccc1C[C@@H](C(=O)O)N1CCC(CN2CCC(Oc3ccc(Cl)c(Cl)c3)CC2)CC1,0.9030899869919435,tdc_microsome,COc1ccccc1C[C@@H](C(=O)O)N1CCC(CN2CCC(Oc3ccc(Cl)c(Cl)c3)CC2)CC1
Cc1ccc(S(=O)(=O)NC(=O)N2CCC(N3CCC(Oc4ccc(Cl)cc4C)CC3)CC2)cc1,0.7781512503836436,tdc_microsome,Cc1ccc(S(=O)(=O)NC(=O)N2CCC(N3CCC(Oc4ccc(Cl)cc4C)CC3)CC2)cc1
COc1cccc(NC(=O)CC23CC4CC(CC(C4)C2)C3)c1C,2.1760912590556813,tdc_microsome,COc1cccc(NC(=O)CC23CC4CC(CC(C4)C2)C3)c1C
COc1ccc(OC)c(CNc2n[nH]c3ccnc(Oc4ccccc4)c23)c1,1.8692317197309762,tdc_microsome,COc1ccc(OC)c(CNc2n[nH]c3ccnc(Oc4ccccc4)c23)c1
NC1CCN(c2nccc(C(=O)NCC34CC5CC(CC(C5)C3)C4)c2Cl)CC1,1.6127838567197355,tdc_microsome,NC1CCN(c2nccc(C(=O)NCC34CC5CC(CC(C5)C3)C4)c2Cl)CC1
COc1ccc(-c2ccnc(N)n2)cc1,1.6127838567197355,tdc_microsome,COc1ccc(-c2ccnc(N)n2)cc1
COc1ccccc1CNCc1ccc(CCNC[C@H](O)c2ccc(O)c3[nH]c(=O)sc23)cc1,1.3424226808222062,tdc_microsome,COc1ccccc1CNCc1ccc(CCNC[C@H](O)c2ccc(O)c3[nH]c(=O)sc23)cc1
Cc1cc(Cl)ccc1OC1CCN(C[C@H](O)CNC(=O)c2c[nH]c(=O)c3cc(S(C)(=O)=O)ccc23)CC1,1.146128035678238,tdc_microsome,Cc1cc(Cl)ccc1OC1CCN(C[C@H](O)CNC(=O)c2c[nH]c(=O)c3cc(S(C)(=O)=O)ccc23)CC1
CN(C)CC(O)COc1ccc(Nc2ncc(Cl)c(Nc3ccccc3)n2)cc1,0.6989700043360189,tdc_microsome,CN(C)CC(O)COc1ccc(Nc2ncc(Cl)c(Nc3ccccc3)n2)cc1
CCCCc1nc2c(N)nc3ccccc3c2n1Cc1ccccc1,0.7781512503836436,tdc_microsome,CCCCc1nc2c(N)nc3ccccc3c2n1Cc1ccccc1
N#Cc1ccc(OCC(=O)O)c(-c2ccccc2)c1,0.7781512503836436,tdc_microsome,N#Cc1ccc(OCC(=O)O)c(-c2ccccc2)c1
CC(C)n1c(=O)n(C)c(=O)c2c(C(=O)N3CCS(=O)(=O)C3)c(Cc3ccccc3C(F)(F)F)sc21,0.7781512503836436,tdc_microsome,CC(C)n1c(=O)n(C)c(=O)c2c(C(=O)N3CCS(=O)(=O)C3)c(Cc3ccccc3C(F)(F)F)sc21
CON(C)C(=O)c1c(Cn2c(C)nc(Cl)c2Cl)sc2c1c(=O)n(C)c(=O)n2CC(C)C,1.6127838567197355,tdc_microsome,CON(C)C(=O)c1c(Cn2c(C)nc(Cl)c2Cl)sc2c1c(=O)n(C)c(=O)n2CC(C)C
O=C(NCCc1ccccc1)c1cc(-n2ncc(=O)[nH]c2=O)ccc1Cl,0.47712125471966244,tdc_microsome,O=C(NCCc1ccccc1)c1cc(-n2ncc(=O)[nH]c2=O)ccc1Cl
O=C(O)C(c1ccccc1)N1CCC(CN2CCC(Oc3ccc(Cl)c(Cl)c3)CC2)CC1,0.47712125471966244,tdc_microsome,O=C(O)C(c1ccccc1)N1CCC(CN2CCC(Oc3ccc(Cl)c(Cl)c3)CC2)CC1
O=C(NCC1CCCCC1)c1c(Cl)ccc2ncccc12,2.1760912590556813,tdc_microsome,O=C(NCC1CCCCC1)c1c(Cl)ccc2ncccc12
CN(C(=O)Cc1ccc(F)cc1)C1CCN(CCC(c2ccccc2)c2ccccc2)CC1,0.47712125471966244,tdc_microsome,CN(C(=O)Cc1ccc(F)cc1)C1CCN(CCC(c2ccccc2)c2ccccc2)CC1
Cc1c(Oc2ccc(Cl)cc2)c2cc(F)ccc2n1CC(=O)O,0.47712125471966244,tdc_microsome,Cc1c(Oc2ccc(Cl)cc2)c2cc(F)ccc2n1CC(=O)O
C[C@H](CO)Nc1nc(SCc2ccccc2)nc2[nH]c(=O)[nH]c12,0.47712125471966244,tdc_microsome,C[C@H](CO)Nc1nc(SCc2ccccc2)nc2[nH]c(=O)[nH]c12
NS(=O)(=O)c1ccc(Nc2nccc(-c3ccccc3)n2)cc1,0.47712125471966244,tdc_microsome,NS(=O)(=O)c1ccc(Nc2nccc(-c3ccccc3)n2)cc1
O=C(NC[C@@H](O)CN1CCC(Oc2ccc(Cl)c(Cl)c2)CC1)c1c[nH]c(=O)cc1C(F)(F)F,0.7781512503836436,tdc_microsome,O=C(NC[C@@H](O)CN1CCC(Oc2ccc(Cl)c(Cl)c2)CC1)c1c[nH]c(=O)cc1C(F)(F)F
O=S(=O)(Nc1nc(-c2ccccc2)nn1Cc1ccccc1)c1ccccc1,0.6989700043360189,tdc_microsome,O=S(=O)(Nc1nc(-c2ccccc2)nn1Cc1ccccc1)c1ccccc1
Cc1c(Cl)ccc(OC2CCN(C[C@H](O)CNC(=O)c3c[nH]c(=O)cc3C(F)(F)F)CC2)c1Cl,0.7781512503836436,tdc_microsome,Cc1c(Cl)ccc(OC2CCN(C[C@H](O)CNC(=O)c3c[nH]c(=O)cc3C(F)(F)F)CC2)c1Cl
COc1ccccc1C(=O)Nc1ccc(C)c(-n2cnc3ccc(N4CCN(C)CC4)cc3c2=O)c1,0.8450980400142568,tdc_microsome,COc1ccccc1C(=O)Nc1ccc(C)c(-n2cnc3ccc(N4CCN(C)CC4)cc3c2=O)c1
COc1cccc2c(-c3c(C)n(CC(=O)O)c4ccc(C)cc34)ccnc12,0.6989700043360189,tdc_microsome,COc1cccc2c(-c3c(C)n(CC(=O)O)c4ccc(C)cc34)ccnc12
N#Cc1cccc(S(=O)(=O)NC[C@@H](O)CN2CCC(Oc3ccc(Cl)c(Cl)c3)CC2)c1,0.8450980400142568,tdc_microsome,N#Cc1cccc(S(=O)(=O)NC[C@@H](O)CN2CCC(Oc3ccc(Cl)c(Cl)c3)CC2)c1
CS(=O)(=O)c1ccc(-c2cc(C(F)(F)F)ccc2OCC(=O)O)c(Cl)c1,0.47712125471966244,tdc_microsome,CS(=O)(=O)c1ccc(-c2cc(C(F)(F)F)ccc2OCC(=O)O)c(Cl)c1
O=C(O)c1cccc(C(=O)N2CCC(N3CCC(Oc4ccc(Cl)c(Cl)c4)CC3)CC2)c1,0.47712125471966244,tdc_microsome,O=C(O)c1cccc(C(=O)N2CCC(N3CCC(Oc4ccc(Cl)c(Cl)c4)CC3)CC2)c1
CCS(=O)(=O)c1ccc(-c2cc(C(F)(F)F)ccc2CCC(=O)O)c(C)c1,0.47712125471966244,tdc_microsome,CCS(=O)(=O)c1ccc(-c2cc(C(F)(F)F)ccc2CCC(=O)O)c(C)c1
Cc1c(Sc2ccc(Cl)cc2)c2cc(S(C)(=O)=O)ccc2n1CC(=O)O,0.47712125471966244,tdc_microsome,Cc1c(Sc2ccc(Cl)cc2)c2cc(S(C)(=O)=O)ccc2n1CC(=O)O
COc1cccc(Oc2cncnc2O)c1,0.47712125471966244,tdc_microsome,COc1cccc(Oc2cncnc2O)c1
CCO[C@@H]1OC(=O)C[C@@H]1NC(=O)[C@@H]1CCCN2C(=O)CC[C@H](NC(=O)c3nccc4ccccc34)C(=O)N12,0.47712125471966244,tdc_microsome,CCO[C@@H]1OC(=O)C[C@@H]1NC(=O)[C@@H]1CCCN2C(=O)CC[C@H](NC(=O)c3nccc4ccccc34)C(=O)N12
O=C(O)c1cccc(CN2CCC(CN3CCC(Oc4ccc(Cl)c(Cl)c4)CC3)CC2)c1,0.47712125471966244,tdc_microsome,O=C(O)c1cccc(CN2CCC(CN3CCC(Oc4ccc(Cl)c(Cl)c4)CC3)CC2)c1
CCO/N=C(\c1ccc(Br)cc1)C1CCN(C2(C)CCN(C(=O)c3c(Cl)cncc3Cl)CC2)CC1,0.6020599913279624,tdc_microsome,CCO/N=C(\c1ccc(Br)cc1)C1CCN(C2(C)CCN(C(=O)c3c(Cl)cncc3Cl)CC2)CC1
c1ccc(-c2[nH]nc3ccccc23)cc1,0.47712125471966244,tdc_microsome,c1ccc(-c2[nH]nc3ccccc23)cc1
Cc1c(S(=O)(=O)c2ccc(Cl)cc2)c2cc(F)ccc2n1CC(=O)O,0.47712125471966244,tdc_microsome,Cc1c(S(=O)(=O)c2ccc(Cl)cc2)c2cc(F)ccc2n1CC(=O)O
CCN(C(=O)Cc1ccc(S(C)(=O)=O)cc1)C1CCN(CCC(c2ccccc2)c2ccc(NC(=O)C(C)(C)C)cc2)CC1,0.47712125471966244,tdc_microsome,CCN(C(=O)Cc1ccc(S(C)(=O)=O)cc1)C1CCN(CCC(c2ccccc2)c2ccc(NC(=O)C(C)(C)C)cc2)CC1
Nc1ccc(S(=O)(=O)Nc2ccccn2)cc1,0.47712125471966244,tdc_microsome,Nc1ccc(S(=O)(=O)Nc2ccccn2)cc1
O=C(O)c1ccc(CN2CCC(CN3CCC(Oc4ccc(Cl)c(Cl)c4)CC3)CC2)cc1,0.47712125471966244,tdc_microsome,O=C(O)c1ccc(CN2CCC(CN3CCC(Oc4ccc(Cl)c(Cl)c4)CC3)CC2)cc1
O=C(O)COc1ccc(C(F)(F)F)cc1-c1ccccc1-c1ccccc1,0.47712125471966244,tdc_microsome,O=C(O)COc1ccc(C(F)(F)F)cc1-c1ccccc1-c1ccccc1
Nc1nc2ccccc2[nH]1,0.47712125471966244,tdc_microsome,Nc1nc2ccccc2[nH]1
Cc1n[nH]c(C)c1Cc1sc2c(c1C(=O)N1C[C@H](O)CO1)c(=O)n(C)c(=O)n2CC(C)C,0.6020599913279624,tdc_microsome,Cc1n[nH]c(C)c1Cc1sc2c(c1C(=O)N1C[C@H](O)CO1)c(=O)n(C)c(=O)n2CC(C)C
Cn1cc(C(=O)NC[C@@H](O)CN2CCC(Oc3ccc(Cl)c(Cl)c3)CC2)c(C(F)(F)F)cc1=O,0.6020599913279624,tdc_microsome,Cn1cc(C(=O)NC[C@@H](O)CN2CCC(Oc3ccc(Cl)c(Cl)c3)CC2)c(C(F)(F)F)cc1=O
O=C(O)c1ccccc1CN1CCC(CN2CCC(Oc3ccc(Cl)c(Cl)c3)CC2)CC1,0.47712125471966244,tdc_microsome,O=C(O)c1ccccc1CN1CCC(CN2CCC(Oc3ccc(Cl)c(Cl)c3)CC2)CC1
Cc1ccccc1S(=O)(=O)NC(=O)N1CCC(N2CCC(Oc3ccc(Cl)c(Cl)c3)CC2)CC1,0.47712125471966244,tdc_microsome,Cc1ccccc1S(=O)(=O)NC(=O)N1CCC(N2CCC(Oc3ccc(Cl)c(Cl)c3)CC2)CC1
CCS(=O)(=O)c1ccc(-c2cc(C(F)(F)F)ccc2O[C@@H](C)C(=O)O)c(C)c1,0.47712125471966244,tdc_microsome,CCS(=O)(=O)c1ccc(-c2cc(C(F)(F)F)ccc2O[C@@H](C)C(=O)O)c(C)c1
Cc1cc(Cl)ccc1OC1CCN(C[C@H](O)CNC(=O)c2c[nH]nc2C(F)(F)F)CC1,0.47712125471966244,tdc_microsome,Cc1cc(Cl)ccc1OC1CCN(C[C@H](O)CNC(=O)c2c[nH]nc2C(F)(F)F)CC1
CC(C)NC(=O)c1ccc2c(Nc3ccc(Cl)cc3)nc(N3CCOCC3)nc2c1,0.47712125471966244,tdc_microsome,CC(C)NC(=O)c1ccc2c(Nc3ccc(Cl)cc3)nc(N3CCOCC3)nc2c1
CCCSc1nc(N[C@@H]2C[C@H]2c2ccccc2)c2nnn([C@@H]3C[C@H](OCCO)[C@@H](O)[C@H]3O)c2n1,0.47712125471966244,tdc_microsome,CCCSc1nc(N[C@@H]2C[C@H]2c2ccccc2)c2nnn([C@@H]3C[C@H](OCCO)[C@@H](O)[C@H]3O)c2n1
Nc1ccc(OCC(=O)O)c(-c2ccccc2)c1,0.47712125471966244,tdc_microsome,Nc1ccc(OCC(=O)O)c(-c2ccccc2)c1
CCOC(=O)Nc1cc2c(c(N)n1)N=C(c1ccccc1)CCN2,1.8200043068083178,tdc_microsome,CCOC(=O)Nc1cc2c(c(N)n1)N=C(c1ccccc1)CCN2
O=c1[nH]c(-c2ccc([N+](=O)[O-])cc2)nc2ccccc12,1.7299742856995557,tdc_microsome,O=c1[nH]c(-c2ccc([N+](=O)[O-])cc2)nc2ccccc12
CCN(C(=O)Cc1ccc(S(C)(=O)=O)cc1)C1CCN(CCC(c2ccccc2)c2ccccc2)CC1,1.2041199826559248,tdc_microsome,CCN(C(=O)Cc1ccc(S(C)(=O)=O)cc1)C1CCN(CCC(c2ccccc2)c2ccccc2)CC1
Cc1ccc2c(c1)c([S+]([O-])c1ccc(Cl)cc1)c(C)n2CC(=O)O,0.47712125471966244,tdc_microsome,Cc1ccc2c(c1)c([S+]([O-])c1ccc(Cl)cc1)c(C)n2CC(=O)O
Cc1ccc2c(c1)c(-c1cc(C)nc3ccccc13)c(C)n2CC(=O)O,0.47712125471966244,tdc_microsome,Cc1ccc2c(c1)c(-c1cc(C)nc3ccccc13)c(C)n2CC(=O)O
COc1ccc2cc([C@H](C)C(=O)O)ccc2c1,0.47712125471966244,tdc_microsome,COc1ccc2cc([C@H](C)C(=O)O)ccc2c1
Cc1ccc(NC(=O)c2ccccc2F)cc1-n1cnc2ccc(N3CCN(C)CC3)cc2c1=O,0.47712125471966244,tdc_microsome,Cc1ccc(NC(=O)c2ccccc2F)cc1-n1cnc2ccc(N3CCN(C)CC3)cc2c1=O
Cc1nc(CSc2nc(N[C@H](C)CO)c3sc(N)nc3n2)cs1,0.47712125471966244,tdc_microsome,Cc1nc(CSc2nc(N[C@H](C)CO)c3sc(N)nc3n2)cs1
O=C(O)c1cccc(-c2ccc3c(C(=O)NCC45CC6CC(CC(C6)C4)C5)c(Cl)ccc3n2)c1,1.5185139398778875,tdc_microsome,O=C(O)c1cccc(-c2ccc3c(C(=O)NCC45CC6CC(CC(C6)C4)C5)c(Cl)ccc3n2)c1
CS(=O)(=O)C1(c2cc(N3CCOCC3)nc(-c3cccc4[nH]ccc34)n2)CC1,1.0499928569201427,tdc_microsome,CS(=O)(=O)C1(c2cc(N3CCOCC3)nc(-c3cccc4[nH]ccc34)n2)CC1
CCS(=O)(=O)c1cccc(-c2cc(C(F)(F)F)ccc2OCC(=O)O)c1,1.0791812460476249,tdc_microsome,CCS(=O)(=O)c1cccc(-c2cc(C(F)(F)F)ccc2OCC(=O)O)c1
O=C(NC[C@@H](O)CN1CCC(Oc2ccc(Cl)c(Cl)c2)CC1)c1c[nH]c(=O)c2ccccc12,1.236789099409293,tdc_microsome,O=C(NC[C@@H](O)CN1CCC(Oc2ccc(Cl)c(Cl)c2)CC1)c1c[nH]c(=O)c2ccccc12
COCCOc1ccc(-c2cc(C(N)=O)c(NC(N)=O)s2)cc1,1.3010299956639813,tdc_microsome,COCCOc1ccc(-c2cc(C(N)=O)c(NC(N)=O)s2)cc1
CCCc1cc(OCc2ccccc2)cc(=O)n1Cc1ccc(-c2ccccc2-c2nn[nH]n2)cc1,1.3100557377508915,tdc_microsome,CCCc1cc(OCc2ccccc2)cc(=O)n1Cc1ccc(-c2ccccc2-c2nn[nH]n2)cc1
CN1CCN(C(=O)c2cc3cc(Br)ccc3[nH]2)CC1,1.3117538610557542,tdc_microsome,CN1CCN(C(=O)c2cc3cc(Br)ccc3[nH]2)CC1
Cc1ccc2[nH]ccc2c1-c1nc(N2CCOCC2)cc(C2(S(C)(=O)=O)CC2)n1,0.7596678446896306,tdc_microsome,Cc1ccc2[nH]ccc2c1-c1nc(N2CCOCC2)cc(C2(S(C)(=O)=O)CC2)n1
COc1ccccc1CNCCc1cccc(CCNC[C@H](O)c2ccc(O)c3[nH]c(=O)sc23)c1,1.7481880270062005,tdc_microsome,COc1ccccc1CNCCc1cccc(CCNC[C@H](O)c2ccc(O)c3[nH]c(=O)sc23)c1
Cc1ccc2c(c1)c(Sc1ccc(Cl)cc1)c(C)n2CC(=O)O,0.8450980400142568,tdc_microsome,Cc1ccc2c(c1)c(Sc1ccc(Cl)cc1)c(C)n2CC(=O)O
C[C@H](CO)Nc1nc(SCc2cccc(F)c2F)nc2nc(NC3CC3)sc12,1.8195439355418688,tdc_microsome,C[C@H](CO)Nc1nc(SCc2cccc(F)c2F)nc2nc(NC3CC3)sc12
COc1ccc(CCN2CCC(Nc3nc4ccccc4n3Cc3ccc(F)cc3)CC2)cc1,1.8195439355418688,tdc_microsome,COc1ccc(CCN2CCC(Nc3nc4ccccc4n3Cc3ccc(F)cc3)CC2)cc1
Cc1ccc(NC(=O)c2ccc(C#N)cc2)cc1-n1cnc2ccc(N3CCN(C)CC3)cc2c1=O,0.8450980400142568,tdc_microsome,Cc1ccc(NC(=O)c2ccc(C#N)cc2)cc1-n1cnc2ccc(N3CCN(C)CC3)cc2c1=O
C[C@H](NC(=O)[C@@H](Cc1c[nH]c2ccccc12)NC(=O)[C@@H](N)Cc1c[nH]cn1)C(=O)N[C@@H](Cc1c[nH]c2ccccc12)C(=O)N[C@H](Cc1ccccc1)C(=O)N[C@@H](CCCCN)C(N)=O,1.7900035203904894,tdc_microsome,C[C@H](NC(=O)[C@@H](Cc1c[nH]c2ccccc12)NC(=O)[C@@H](N)Cc1c[nH]cn1)C(=O)N[C@@H](Cc1c[nH]c2ccccc12)C(=O)N[C@H](Cc1ccccc1)C(=O)N[C@@H](CCCCN)C(N)=O
CC1CCC(CC(=O)Nc2cccc3ncccc23)CC1,1.5797835966168101,tdc_microsome,CC1CCC(CC(=O)Nc2cccc3ncccc23)CC1
O=C(NCC1CCCCC1)c1cc(-n2ncc(=O)[nH]c2=O)ccc1Cl,0.9294189257142927,tdc_microsome,O=C(NCC1CCCCC1)c1cc(-n2ncc(=O)[nH]c2=O)ccc1Cl
Oc1nc(-c2ccccc2)nc2ccccc12,2.1760912590556813,tdc_microsome,Oc1nc(-c2ccccc2)nc2ccccc12
CN(CCOc1ccccc1-c1cc(C(N)=O)c(NC(N)=O)s1)Cc1ccccc1,2.1760912590556813,tdc_microsome,CN(CCOc1ccccc1-c1cc(C(N)=O)c(NC(N)=O)s1)Cc1ccccc1
COc1ccnc(NC2CCN(C(=O)c3ccccc3)CC2)c1,0.47712125471966244,tdc_microsome,COc1ccnc(NC2CCN(C(=O)c3ccccc3)CC2)c1
Cc1c(Sc2ccc(Cl)cc2)c2cccc(Cl)c2n1CC(=O)O,0.47712125471966244,tdc_microsome,Cc1c(Sc2ccc(Cl)cc2)c2cccc(Cl)c2n1CC(=O)O
Cc1ccccc1C[C@@H](C(=O)O)N1CCC(CN2CCC(Oc3ccc(Cl)c(Cl)c3)CC2)CC1,0.47712125471966244,tdc_microsome,Cc1ccccc1C[C@@H](C(=O)O)N1CCC(CN2CCC(Oc3ccc(Cl)c(Cl)c3)CC2)CC1
CC(=O)Nc1ccc(CC(=O)N(C)C2CCN(CCC(c3ccccc3)c3ccccc3)CC2)cc1,1.414973347970818,tdc_microsome,CC(=O)Nc1ccc(CC(=O)N(C)C2CCN(CCC(c3ccccc3)c3ccccc3)CC2)cc1
O=S(=O)(Nc1nnc(-c2ccccc2)s1)c1ccc(Cl)cc1,1.2041199826559248,tdc_microsome,O=S(=O)(Nc1nnc(-c2ccccc2)s1)c1ccc(Cl)cc1
CCSc1ccc(-c2cc(C(F)(F)F)ccc2OCC(=O)O)cc1,2.1271047983648077,tdc_microsome,CCSc1ccc(-c2cc(C(F)(F)F)ccc2OCC(=O)O)cc1
COc1cc(Cc2cnc(N)nc2N)cc(OC)c1OC,0.47712125471966244,tdc_microsome,COc1cc(Cc2cnc(N)nc2N)cc(OC)c1OC
O=C(O)[C@@H](c1ccccc1)N1CCC(CN2CCC(Oc3ccc(Cl)c(Cl)c3)CC2)CC1,0.47712125471966244,tdc_microsome,O=C(O)[C@@H](c1ccccc1)N1CCC(CN2CCC(Oc3ccc(Cl)c(Cl)c3)CC2)CC1
Cc1cc(Cl)ccc1OC1CCN(C[C@H](O)CNC(=O)c2c[nH]c(=O)cc2C(F)(F)F)CC1,0.47712125471966244,tdc_microsome,Cc1cc(Cl)ccc1OC1CCN(C[C@H](O)CNC(=O)c2c[nH]c(=O)cc2C(F)(F)F)CC1
CCCC1CCCCC(N)=N1,0.47712125471966244,tdc_microsome,CCCC1CCCCC(N)=N1
O=C(c1ccc(-c2noc(=O)[nH]2)cc1)N1CCC(N2CCC(Oc3ccc(Cl)c(Cl)c3)CC2)CC1,0.47712125471966244,tdc_microsome,O=C(c1ccc(-c2noc(=O)[nH]2)cc1)N1CCC(N2CCC(Oc3ccc(Cl)c(Cl)c3)CC2)CC1
N#Cc1cccc(C[C@@H](C(=O)O)N2CCC(CN3CCC(Oc4ccc(Cl)c(Cl)c4)CC3)CC2)c1,0.47712125471966244,tdc_microsome,N#Cc1cccc(C[C@@H](C(=O)O)N2CCC(CN3CCC(Oc4ccc(Cl)c(Cl)c4)CC3)CC2)c1
O=C(O)c1ccc(N2CCC(CN3CCC(Oc4ccc(Cl)c(Cl)c4)CC3)CC2)cc1,0.47712125471966244,tdc_microsome,O=C(O)c1ccc(N2CCC(CN3CCC(Oc4ccc(Cl)c(Cl)c4)CC3)CC2)cc1
CCCCc1nc2c(N)nc3ccccc3c2n1CC(C)(C)O,0.47712125471966244,tdc_microsome,CCCCc1nc2c(N)nc3ccccc3c2n1CC(C)(C)O
O=C(O)[C@H](Cc1ccc(Cl)cc1)N1CCC(CN2CCC(Oc3ccc(Cl)c(Cl)c3)CC2)CC1,0.47712125471966244,tdc_microsome,O=C(O)[C@H](Cc1ccc(Cl)cc1)N1CCC(CN2CCC(Oc3ccc(Cl)c(Cl)c3)CC2)CC1
O=C(NC[C@@H](O)CN1CCC(Oc2ccc(Cl)c(Cl)c2)CC1)c1n[nH]c2ccccc12,0.47712125471966244,tdc_microsome,O=C(NC[C@@H](O)CN1CCC(Oc2ccc(Cl)c(Cl)c2)CC1)c1n[nH]c2ccccc12
Cc1ccc2c(c1)c(-c1ccnc3cc(Cl)ccc13)c(C)n2CC(=O)O,0.6020599913279624,tdc_microsome,Cc1ccc2c(c1)c(-c1ccnc3cc(Cl)ccc13)c(C)n2CC(=O)O
CCN(C(=O)NCc1ccccc1)C1CCN(CCC(c2ccccc2)c2ccccc2)CC1,0.6020599913279624,tdc_microsome,CCN(C(=O)NCc1ccccc1)C1CCN(CCC(c2ccccc2)c2ccccc2)CC1
Cc1ccc2c(c1)c(-c1ccnc3c(C#N)cccc13)c(C)n2CC(=O)O,0.47712125471966244,tdc_microsome,Cc1ccc2c(c1)c(-c1ccnc3c(C#N)cccc13)c(C)n2CC(=O)O
N#Cc1ccc(Cl)cc1O[C@H](CCN)c1ccccc1,0.6020599913279624,tdc_microsome,N#Cc1ccc(Cl)cc1O[C@H](CCN)c1ccccc1
Nc1c(C(=O)c2cccc(OC[C@H](O)CO)c2)cnn1-c1ccc(F)cc1,0.47712125471966244,tdc_microsome,Nc1c(C(=O)c2cccc(OC[C@H](O)CO)c2)cnn1-c1ccc(F)cc1
CC(=O)Nc1ccc(O)cc1OC[C@@H](O)CN1CCC2(CC1)Cc1cc(F)ccc1O2,0.47712125471966244,tdc_microsome,CC(=O)Nc1ccc(O)cc1OC[C@@H](O)CN1CCC2(CC1)Cc1cc(F)ccc1O2
CCCSc1nc(N[C@@H]2C[C@H]2c2ccccc2)c2nnn([C@@H]3C[C@H](O)[C@@H](O)[C@H]3O)c2n1,0.47712125471966244,tdc_microsome,CCCSc1nc(N[C@@H]2C[C@H]2c2ccccc2)c2nnn([C@@H]3C[C@H](O)[C@@H](O)[C@H]3O)c2n1
Cc1cccc(Nc2ccccc2C(=O)O)c1C,0.9542425094393249,tdc_microsome,Cc1cccc(Nc2ccccc2C(=O)O)c1C
COc1ccc(CC(=O)N(C)C2CCN(CCC(c3ccccc3)c3ccccc3)CC2)cc1OC,2.0492180226701815,tdc_microsome,COc1ccc(CC(=O)N(C)C2CCN(CCC(c3ccccc3)c3ccccc3)CC2)cc1OC
CN(C)c1ccnc2sc(C(N)=O)c(N)c12,0.47712125471966244,tdc_microsome,CN(C)c1ccnc2sc(C(N)=O)c(N)c12
N#Cc1cn(Cc2ccco2)c(=O)[nH]c1=O,0.47712125471966244,tdc_microsome,N#Cc1cn(Cc2ccco2)c(=O)[nH]c1=O
CCN(C(=O)NCc1ccc(S(C)(=O)=O)cc1)C1CCN(CCC(c2ccccc2)c2ccccc2)CC1,0.47712125471966244,tdc_microsome,CCN(C(=O)NCc1ccc(S(C)(=O)=O)cc1)C1CCN(CCC(c2ccccc2)c2ccccc2)CC1
CCCCCCc1nc2c(N)nc3ccccc3c2n1Cc1ccccc1,0.47712125471966244,tdc_microsome,CCCCCCc1nc2c(N)nc3ccccc3c2n1Cc1ccccc1
CC1(C)[C@@H]2CC[C@@]1(CS(=O)(=O)NC1CCN(c3ccc(C(F)(F)F)cn3)CC1)C(=O)C2,1.8750612633917,tdc_microsome,CC1(C)[C@@H]2CC[C@@]1(CS(=O)(=O)NC1CCN(c3ccc(C(F)(F)F)cn3)CC1)C(=O)C2
Cc1ccc2c(c1)c(Sc1cccc(Cl)c1)c(C)n2CC(=O)O,1.0791812460476249,tdc_microsome,Cc1ccc2c(c1)c(Sc1cccc(Cl)c1)c(C)n2CC(=O)O
CC(C)Cn1c(=O)n(C)c(=O)c2c(C(=O)N3C[C@H](O)CO3)c(Cc3ccnc4ccccc34)sc21,1.4771212547196624,tdc_microsome,CC(C)Cn1c(=O)n(C)c(=O)c2c(C(=O)N3C[C@H](O)CO3)c(Cc3ccnc4ccccc34)sc21
C(#Cc1n[nH]c2ccccc12)c1ccccc1,1.5440680443502757,tdc_microsome,C(#Cc1n[nH]c2ccccc12)c1ccccc1
CN(C)S(=O)(=O)c1ccc2c(C(=O)NC[C@@H](O)CN3CCC(Oc4ccc(Cl)c(Cl)c4)CC3)c[nH]c(=O)c2c1,1.9344984512435677,tdc_microsome,CN(C)S(=O)(=O)c1ccc2c(C(=O)NC[C@@H](O)CN3CCC(Oc4ccc(Cl)c(Cl)c4)CC3)c[nH]c(=O)c2c1
Cc1cc(Nc2cncc(N[C@@H](C)c3ccc(F)cn3)n2)n[nH]1,1.5399538416563967,tdc_microsome,Cc1cc(Nc2cncc(N[C@@H](C)c3ccc(F)cn3)n2)n[nH]1
Nc1nc(N)c2cc(NCc3ccc(Cl)c(Cl)c3)ccc2n1,1.5440680443502757,tdc_microsome,Nc1nc(N)c2cc(NCc3ccc(Cl)c(Cl)c3)ccc2n1
Cc1cc(Nc2cncc(N[C@@H](C)c3ncc(F)cn3)n2)n[nH]1,1.2000292665537704,tdc_microsome,Cc1cc(Nc2cncc(N[C@@H](C)c3ncc(F)cn3)n2)n[nH]1
CC(C(=O)O)c1ccc(-c2ccccc2)c(F)c1,1.3710678622717363,tdc_microsome,CC(C(=O)O)c1ccc(-c2ccccc2)c(F)c1
NC(=O)c1sc(-c2ccc(Cl)cc2)cc1N,1.4913616938342726,tdc_microsome,NC(=O)c1sc(-c2ccc(Cl)cc2)cc1N
CCOC(=O)N1CCC(Nc2cc(Cl)ccn2)CC1,1.5314789170422551,tdc_microsome,CCOC(=O)N1CCC(Nc2cc(Cl)ccn2)CC1
O=C(NC[C@@H](O)CN1CCC(Oc2ccc(Cl)c(Cl)c2)CC1)c1c[nH]c(=O)c2cc(S(=O)(=O)NCCO)ccc12,0.7781512503836436,tdc_microsome,O=C(NC[C@@H](O)CN1CCC(Oc2ccc(Cl)c(Cl)c2)CC1)c1c[nH]c(=O)c2cc(S(=O)(=O)NCCO)ccc12
CS(=O)(=O)c1ccc2c(C(=O)NC[C@@H](O)CN3CCC(Oc4ccc(Cl)c(Cl)c4)CC3)c[nH]c(=O)c2c1,0.7781512503836436,tdc_microsome,CS(=O)(=O)c1ccc2c(C(=O)NC[C@@H](O)CN3CCC(Oc4ccc(Cl)c(Cl)c4)CC3)c[nH]c(=O)c2c1
N=C(N)c1cc2c(/C=C/c3ccc4c(c3)OCO4)cccc2s1,0.8450980400142568,tdc_microsome,N=C(N)c1cc2c(/C=C/c3ccc4c(c3)OCO4)cccc2s1
CCN(C(=O)Cc1ccc(S(C)(=O)=O)cc1)C1CCN(CC[C@@H](c2cc(F)cc(F)c2)N2CCN(S(C)(=O)=O)CC2)CC1,0.8750612633917001,tdc_microsome,CCN(C(=O)Cc1ccc(S(C)(=O)=O)cc1)C1CCN(CC[C@@H](c2cc(F)cc(F)c2)N2CCN(S(C)(=O)=O)CC2)CC1
C[C@H]1CN=C(N)c2sccc2O1,0.8450980400142568,tdc_microsome,C[C@H]1CN=C(N)c2sccc2O1
Cc1c(Sc2ccc(Cl)cc2)c2c(Cl)cccc2n1CC(=O)O,0.47712125471966244,tdc_microsome,Cc1c(Sc2ccc(Cl)cc2)c2c(Cl)cccc2n1CC(=O)O
Cc1ccc(C(=O)Nc2ccon2)cc1NC(=O)c1cnn(-c2ccccc2F)c1N,0.47712125471966244,tdc_microsome,Cc1ccc(C(=O)Nc2ccon2)cc1NC(=O)c1cnn(-c2ccccc2F)c1N
Cc1c(Cl)ccc(OC2CCN(C[C@H](O)CNC(=O)c3c[nH]nc3C(F)(F)F)CC2)c1Cl,0.47712125471966244,tdc_microsome,Cc1c(Cl)ccc(OC2CCN(C[C@H](O)CNC(=O)c3c[nH]nc3C(F)(F)F)CC2)c1Cl
CCN(C(=O)Cc1ccc(S(C)(=O)=O)cc1)C1CCN(CCC(c2ccccc2)c2ccc(NS(C)(=O)=O)cc2)CC1,0.47712125471966244,tdc_microsome,CCN(C(=O)Cc1ccc(S(C)(=O)=O)cc1)C1CCN(CCC(c2ccccc2)c2ccc(NS(C)(=O)=O)cc2)CC1
CC[C@H](CO)Nc1nc(SCc2ccccc2)nc2nc(N)sc12,0.9400181550076633,tdc_microsome,CC[C@H](CO)Nc1nc(SCc2ccccc2)nc2nc(N)sc12
O=C(O)[C@@H](Cc1ccccc1)N1CCC(CN2CCC(Oc3ccc(Cl)c(Cl)c3)CC2)CC1,0.47712125471966244,tdc_microsome,O=C(O)[C@@H](Cc1ccccc1)N1CCC(CN2CCC(Oc3ccc(Cl)c(Cl)c3)CC2)CC1
OC[C@H]1C[C@@H](n2nnc3c(N[C@@H]4C[C@H]4c4ccccc4)nc(SCCC(F)(F)F)nc32)[C@H](O)[C@@H]1O,0.47712125471966244,tdc_microsome,OC[C@H]1C[C@@H](n2nnc3c(N[C@@H]4C[C@H]4c4ccccc4)nc(SCCC(F)(F)F)nc32)[C@H](O)[C@@H]1O
COc1ccc(OC)c(CNc2[nH]nc3cccc(Oc4ccc(S(C)(=O)=O)cc4)c23)c1,2.012837224705172,tdc_microsome,COc1ccc(OC)c(CNc2[nH]nc3cccc(Oc4ccc(S(C)(=O)=O)cc4)c23)c1
COc1ccccc1C(C#N)NC(=O)[C@@H]1CCCC[C@H]1C(=O)N1CCN(Cc2ccc(F)cc2)CC1,2.103803720955957,tdc_microsome,COc1ccccc1C(C#N)NC(=O)[C@@H]1CCCC[C@H]1C(=O)N1CCN(Cc2ccc(F)cc2)CC1
Nc1ncnc2nc(-c3ccc(N4CCOCC4)nc3)cc(-c3cccc(Br)c3)c12,0.8802417758954804,tdc_microsome,Nc1ncnc2nc(-c3ccc(N4CCOCC4)nc3)cc(-c3cccc(Br)c3)c12
CC(C)Cn1c(=O)n(C)c(=O)c2c(SC3CCCC3)c(Cc3ccccc3C(F)(F)F)sc21,0.8450980400142568,tdc_microsome,CC(C)Cn1c(=O)n(C)c(=O)c2c(SC3CCCC3)c(Cc3ccccc3C(F)(F)F)sc21
CCN(C(=O)Cc1ccc(S(C)(=O)=O)cc1)C1CCN(CCC(c2ccccc2)N2CCN(c3ccccc3)CC2)CC1,1.420450859106068,tdc_microsome,CCN(C(=O)Cc1ccc(S(C)(=O)=O)cc1)C1CCN(CCC(c2ccccc2)N2CCN(c3ccccc3)CC2)CC1
CC(NCC(O)c1ccc([N+](=O)[O-])cc1)C12CC3CC(CC(C3)C1)C2,1.4842998393467859,tdc_microsome,CC(NCC(O)c1ccc([N+](=O)[O-])cc1)C12CC3CC(CC(C3)C1)C2
O=C(NCC12CC3CC(CC(C3)C1)C2)c1cc(CN2C[C@@H]3C[C@H]2CN3)ccc1Cl,1.1139433523068367,tdc_microsome,O=C(NCC12CC3CC(CC(C3)C1)C2)c1cc(CN2C[C@@H]3C[C@H]2CN3)ccc1Cl
Cc1c(Cl)ccc(OC2CCN(C[C@H](O)CNC(=O)c3c[nH]c(=O)c4cc(S(C)(=O)=O)ccc34)CC2)c1Cl,1.1139433523068367,tdc_microsome,Cc1c(Cl)ccc(OC2CCN(C[C@H](O)CNC(=O)c3c[nH]c(=O)c4cc(S(C)(=O)=O)ccc34)CC2)c1Cl
O=C(NC1CC1)c1cc(-c2cccs2)on1,1.5899496013257077,tdc_microsome,O=C(NC1CC1)c1cc(-c2cccs2)on1
CC(C)Cn1c(=O)n(C)c(=O)c2cn(Cc3cccc4ccccc34)cc21,1.146128035678238,tdc_microsome,CC(C)Cn1c(=O)n(C)c(=O)c2cn(Cc3cccc4ccccc34)cc21
COc1ccc(C(=O)NCCN2CCN(Cc3ccc(Cl)c(Cl)c3)CC2)cc1Cl,1.7032913781186614,tdc_microsome,COc1ccc(C(=O)NCCN2CCN(Cc3ccc(Cl)c(Cl)c3)CC2)cc1Cl
NC(=O)Nc1cc(-c2ccccc2)sc1C(N)=O,1.4313637641589874,tdc_microsome,NC(=O)Nc1cc(-c2ccccc2)sc1C(N)=O
CCN(C(C)=O)c1cccc2c1c(Sc1ccc(Cl)cc1)c(C)n2CC(=O)O,1.505149978319906,tdc_microsome,CCN(C(C)=O)c1cccc2c1c(Sc1ccc(Cl)cc1)c(C)n2CC(=O)O
CN(C(=O)Cc1ccc(S(N)(=O)=O)cc1)C1CCN(CCC(c2ccccc2)c2ccccc2)CC1,1.0791812460476249,tdc_microsome,CN(C(=O)Cc1ccc(S(N)(=O)=O)cc1)C1CCN(CCC(c2ccccc2)c2ccccc2)CC1
CN(C)CCOc1ccc(-c2cc(C(N)=O)c(NC(N)=O)s2)cc1,0.9542425094393249,tdc_microsome,CN(C)CCOc1ccc(-c2cc(C(N)=O)c(NC(N)=O)s2)cc1
CN(c1ccc(-c2cc(C(F)(F)F)ccc2OCC(=O)O)cc1)S(C)(=O)=O,1.1139433523068367,tdc_microsome,CN(c1ccc(-c2cc(C(F)(F)F)ccc2OCC(=O)O)cc1)S(C)(=O)=O
CN(C)c1ccc(S(=O)(=O)NC(=O)N2CCC(N3CCC(Oc4ccc(Cl)c(Cl)c4)CC3)CC2)cc1,1.021189299069938,tdc_microsome,CN(C)c1ccc(S(=O)(=O)NC(=O)N2CCC(N3CCC(Oc4ccc(Cl)c(Cl)c4)CC3)CC2)cc1
Cc1c(Sc2ccc(Cl)cc2)c2cc(-c3ccccc3)ccc2n1CC(=O)O,1.2041199826559248,tdc_microsome,Cc1c(Sc2ccc(Cl)cc2)c2cc(-c3ccccc3)ccc2n1CC(=O)O
COc1ccc(C=NN=Cc2ccc(OC)c(OC)c2)cc1OC,1.2787536009528289,tdc_microsome,COc1ccc(C=NN=Cc2ccc(OC)c(OC)c2)cc1OC
OCC(CO)Nc1nc(SCc2cccc(F)c2F)nc2nc(NC3CC3)sc12,1.662757831681574,tdc_microsome,OCC(CO)Nc1nc(SCc2cccc(F)c2F)nc2nc(NC3CC3)sc12
N#Cc1c(-c2ccccc2)nc(SCCc2ccccc2)[nH]c1=O,1.6901960800285136,tdc_microsome,N#Cc1c(-c2ccccc2)nc(SCCc2ccccc2)[nH]c1=O
Cc1ccc2c(c1)c(-c1ccnc3c(Cl)cccc13)c(C)n2CC(=O)O,0.8450980400142568,tdc_microsome,Cc1ccc2c(c1)c(-c1ccnc3c(Cl)cccc13)c(C)n2CC(=O)O
O=C(O)COc1ccc(C(F)(F)F)cc1-c1ccc(Cl)cc1,1.0413926851582251,tdc_microsome,O=C(O)COc1ccc(C(F)(F)F)cc1-c1ccc(Cl)cc1
Cc1ccc2c(c1)c(S(=O)(=O)c1ccc(Cl)cc1)c(C)n2CC(=O)O,0.8450980400142568,tdc_microsome,Cc1ccc2c(c1)c(S(=O)(=O)c1ccc(Cl)cc1)c(C)n2CC(=O)O
COCCOc1nc(N)c2[nH]c(=O)n(Cc3ccccc3)c2n1,0.47712125471966244,tdc_microsome,COCCOc1nc(N)c2[nH]c(=O)n(Cc3ccccc3)c2n1
CN1CCN(C(=O)c2cc3cc(Cl)ccc3[nH]2)CC1,1.2844307338445196,tdc_microsome,CN1CCN(C(=O)c2cc3cc(Cl)ccc3[nH]2)CC1
O=C(NCc1ccccc1Cl)c1cccnc1Oc1ccccc1,1.5563025007672873,tdc_microsome,O=C(NCc1ccccc1Cl)c1cccnc1Oc1ccccc1
COc1cccc(C(=O)NCCN2CCC(Oc3ccc(Cl)c(Cl)c3)CC2)c1,0.9542425094393249,tdc_microsome,COc1cccc(C(=O)NCCN2CCC(Oc3ccc(Cl)c(Cl)c3)CC2)c1
O=C(O)CSCC(=O)Nc1nc(-c2ccccc2)cs1,1.249931756634195,tdc_microsome,O=C(O)CSCC(=O)Nc1nc(-c2ccccc2)cs1
CNc1nc2ccccc2n1Cc1sc2c(c1C(=O)N1C[C@H](O)CO1)c(=O)n(C)c(=O)n2CC(C)C,1.3010299956639813,tdc_microsome,CNc1nc2ccccc2n1Cc1sc2c(c1C(=O)N1C[C@H](O)CO1)c(=O)n(C)c(=O)n2CC(C)C
O=c1[nH]c2c(O)ccc([C@@H](O)CNCCCSCCNCCc3cccc(Cl)c3)c2s1,1.3010299956639813,tdc_microsome,O=c1[nH]c2c(O)ccc([C@@H](O)CNCCCSCCNCCc3cccc(Cl)c3)c2s1
C[C@@H]1CN(Cc2ccc(F)cc2)CCN1C(=O)COc1ccc(Cl)cc1NC(N)=O,1.3222192947339193,tdc_microsome,C[C@@H]1CN(Cc2ccc(F)cc2)CCN1C(=O)COc1ccc(Cl)cc1NC(N)=O
Cc1cc(N2CCC[C@@H]2C(=O)NCCc2ccc3c(c2)OCO3)nc(-n2ccnc2)n1,2.1760912590556813,tdc_microsome,Cc1cc(N2CCC[C@@H]2C(=O)NCCc2ccc3c(c2)OCO3)nc(-n2ccnc2)n1
CC(=O)N1CCN(CCOc2ccc(C3CCN(c4ccc5nnc(C(F)(F)F)n5n4)CC3)cc2)CC1,2.1760912590556813,tdc_microsome,CC(=O)N1CCN(CCOc2ccc(C3CCN(c4ccc5nnc(C(F)(F)F)n5n4)CC3)cc2)CC1
CC(=O)c1ccc(N2CCN(S(=O)(=O)C[C@]34CC[C@H](CC3=O)C4(C)C)CC2)nc1,2.1760912590556813,tdc_microsome,CC(=O)c1ccc(N2CCN(S(=O)(=O)C[C@]34CC[C@H](CC3=O)C4(C)C)CC2)nc1
CCN(C(=O)Cc1ccc(S(C)(=O)=O)cc1)C1CCN(CC[C@@H](c2ccccc2)N2CCN(S(=O)(=O)C(F)(F)F)CC2)CC1,1.255272505103306,tdc_microsome,CCN(C(=O)Cc1ccc(S(C)(=O)=O)cc1)C1CCN(CC[C@@H](c2ccccc2)N2CCN(S(=O)(=O)C(F)(F)F)CC2)CC1
NC(=O)Nc1sc(-c2ccccc2)cc1C(N)=O,1.3222192947339193,tdc_microsome,NC(=O)Nc1sc(-c2ccccc2)cc1C(N)=O
O=C(Cc1ccccc1)Nc1nnc(CCSCCc2nnc(NC(=O)Cc3ccccc3)s2)s1,1.3100557377508915,tdc_microsome,O=C(Cc1ccccc1)Nc1nnc(CCSCCc2nnc(NC(=O)Cc3ccccc3)s2)s1
NC(=O)Nc1cc(-c2ccsc2)sc1C(N)=O,1.6532125137753437,tdc_microsome,NC(=O)Nc1cc(-c2ccsc2)sc1C(N)=O
C[C@H](CO)Nc1nc(SCc2cccc(F)c2F)nc2[nH]c(=O)ccc12,0.9542425094393249,tdc_microsome,C[C@H](CO)Nc1nc(SCc2cccc(F)c2F)nc2[nH]c(=O)ccc12
Cc1c(Sc2ccc(Cl)cc2)c2c(-c3cnccn3)cccc2n1CC(=O)O,0.9030899869919435,tdc_microsome,Cc1c(Sc2ccc(Cl)cc2)c2c(-c3cnccn3)cccc2n1CC(=O)O
CNC(=O)c1cccc(NC(=O)Nc2cccc(C#N)c2)c1CN1CCC(Cc2ccc(F)cc2)CC1,1.146128035678238,tdc_microsome,CNC(=O)c1cccc(NC(=O)Nc2cccc(C#N)c2)c1CN1CCC(Cc2ccc(F)cc2)CC1
CC(=O)Nc1ccc(CNc2[nH]nc3cccc(Oc4ccc(F)cc4)c23)cc1,1.4471580313422192,tdc_microsome,CC(=O)Nc1ccc(CNc2[nH]nc3cccc(Oc4ccc(F)cc4)c23)cc1
N=C(N)c1cc2c(OCc3ccccc3)cccc2s1,1.0413926851582251,tdc_microsome,N=C(N)c1cc2c(OCc3ccccc3)cccc2s1
CC(C)Cn1c(=O)n(C)c(=O)c2c(C(=O)N3CC[C@@H](O)C3)c(Cc3ccnc4ccccc34)sc21,1.5910646070264993,tdc_microsome,CC(C)Cn1c(=O)n(C)c(=O)c2c(C(=O)N3CC[C@@H](O)C3)c(Cc3ccnc4ccccc34)sc21
COc1ccc2c(c1)c(CC(=O)O)c(C)n2-c1ccnc2cc(Cl)ccc12,0.47712125471966244,tdc_microsome,COc1ccc2c(c1)c(CC(=O)O)c(C)n2-c1ccnc2cc(Cl)ccc12
O=C(O)COc1ccc([N+](=O)[O-])cc1-c1ccccc1,0.47712125471966244,tdc_microsome,O=C(O)COc1ccc([N+](=O)[O-])cc1-c1ccccc1
O=C(Nc1ccc([N+](=O)[O-])cc1O)Nc1ccccc1Br,0.47712125471966244,tdc_microsome,O=C(Nc1ccc([N+](=O)[O-])cc1O)Nc1ccccc1Br
O=C(O)COc1ccc(Br)cc1-c1ccccc1,0.47712125471966244,tdc_microsome,O=C(O)COc1ccc(Br)cc1-c1ccccc1
Cc1c(Sc2ccc(Cl)cc2)c2ccc(S(C)(=O)=O)cc2n1CC(=O)O,0.47712125471966244,tdc_microsome,Cc1c(Sc2ccc(Cl)cc2)c2ccc(S(C)(=O)=O)cc2n1CC(=O)O
Cc1ccc2c(c1)c(Sc1ccccc1Cl)c(C)n2CC(=O)O,0.47712125471966244,tdc_microsome,Cc1ccc2c(c1)c(Sc1ccccc1Cl)c(C)n2CC(=O)O
CCS(=O)(=O)c1ccc(-c2cc(C(F)(F)F)ccc2OCC(N)=O)c(C)c1,0.47712125471966244,tdc_microsome,CCS(=O)(=O)c1ccc(-c2cc(C(F)(F)F)ccc2OCC(N)=O)c(C)c1
Cc1c(Sc2ccc(Cl)cc2)c2cc(Cl)ccc2n1C(C)C(=O)O,0.47712125471966244,tdc_microsome,Cc1c(Sc2ccc(Cl)cc2)c2cc(Cl)ccc2n1C(C)C(=O)O
O=C(CN1C2=NCCN2c2ccccc21)c1ccc(Cl)cc1,0.6020599913279624,tdc_microsome,O=C(CN1C2=NCCN2c2ccccc21)c1ccc(Cl)cc1
COc1ccc2c(c1)c(-c1ccnc3cc(Cl)ccc13)c(C)n2CC(=O)O,0.6020599913279624,tdc_microsome,COc1ccc2c(c1)c(-c1ccnc3cc(Cl)ccc13)c(C)n2CC(=O)O
Cc1c(Sc2ccc(Cl)cc2)c2c(C#N)c(Cl)ccc2n1CC(=O)O,0.6020599913279624,tdc_microsome,Cc1c(Sc2ccc(Cl)cc2)c2c(C#N)c(Cl)ccc2n1CC(=O)O
O=C(NC[C@@H](O)CN1CCC(Oc2ccc(Cl)c(Cl)c2)CC1)c1c[nH]c2ccccc12,0.47712125471966244,tdc_microsome,O=C(NC[C@@H](O)CN1CCC(Oc2ccc(Cl)c(Cl)c2)CC1)c1c[nH]c2ccccc12
O=C(NC[C@@H](O)CN1CCC(Oc2ccc(Cl)c(Cl)c2)CC1)c1cc(=O)[nH]c2ccccc12,0.47712125471966244,tdc_microsome,O=C(NC[C@@H](O)CN1CCC(Oc2ccc(Cl)c(Cl)c2)CC1)c1cc(=O)[nH]c2ccccc12
Cc1ccc(C(=O)NC(C)C)cc1-n1cnc2ccc(N3CCN(C)CC3)cc2c1=O,0.47712125471966244,tdc_microsome,Cc1ccc(C(=O)NC(C)C)cc1-n1cnc2ccc(N3CCN(C)CC3)cc2c1=O
CCOC(=O)N1CCC(Nc2cc(OC)ccn2)CC1,0.6020599913279624,tdc_microsome,CCOC(=O)N1CCC(Nc2cc(OC)ccn2)CC1
CCN(C(=O)Cc1ccc(S(C)(=O)=O)cc1)C1CCN(CC[C@H](c2ccc(S(C)(=O)=O)cc2)c2cccc(F)c2)CC1,0.47712125471966244,tdc_microsome,CCN(C(=O)Cc1ccc(S(C)(=O)=O)cc1)C1CCN(CC[C@H](c2ccc(S(C)(=O)=O)cc2)c2cccc(F)c2)CC1
Cc1ccc2c(c1)c(-c1ccnc3c(S(C)(=O)=O)cccc13)c(C)n2CC(=O)O,0.47712125471966244,tdc_microsome,Cc1ccc2c(c1)c(-c1ccnc3c(S(C)(=O)=O)cccc13)c(C)n2CC(=O)O
CCS(=O)(=O)c1ccc(-c2cc(Cl)ccc2OCC(=O)O)cc1,0.47712125471966244,tdc_microsome,CCS(=O)(=O)c1ccc(-c2cc(Cl)ccc2OCC(=O)O)cc1
O=C(c1ccc(-c2nn[nH]n2)cc1)N1CCC(N2CCC(Oc3ccc(Cl)c(Cl)c3)CC2)CC1,1.4471580313422192,tdc_microsome,O=C(c1ccc(-c2nn[nH]n2)cc1)N1CCC(N2CCC(Oc3ccc(Cl)c(Cl)c3)CC2)CC1
CC(C)Cn1c(=O)n(C)c(=O)c2c(SCCCO)c(Cc3cccc4ccccc34)sc21,1.5185139398778875,tdc_microsome,CC(C)Cn1c(=O)n(C)c(=O)c2c(SCCCO)c(Cc3cccc4ccccc34)sc21
O=C(NCC12CC3CC(CC(C3)C1)C2)c1cc(OC2CCNCC2)ccc1Cl,1.4471580313422192,tdc_microsome,O=C(NCC12CC3CC(CC(C3)C1)C2)c1cc(OC2CCNCC2)ccc1Cl
CC(=O)Nc1ccc(CNc2[nH]nc3ccnc(Oc4ccccc4)c23)cc1,1.0791812460476249,tdc_microsome,CC(=O)Nc1ccc(CNc2[nH]nc3ccnc(Oc4ccccc4)c23)cc1
Cc1ccc(S(=O)(=O)NC(=O)N2CCC(N3CCC(Oc4ccc(Cl)c(C)c4Cl)CC3)CC2)cc1,0.47712125471966244,tdc_microsome,Cc1ccc(S(=O)(=O)NC(=O)N2CCC(N3CCC(Oc4ccc(Cl)c(C)c4Cl)CC3)CC2)cc1
CN(C)CCCOc1ccc(-c2cc(C(N)=O)c(NC(N)=O)s2)cc1,0.7781512503836436,tdc_microsome,CN(C)CCCOc1ccc(-c2cc(C(N)=O)c(NC(N)=O)s2)cc1
O=C(CC1CCCCC1)Nc1c(Cl)ccc2nc(NCCCO)ccc12,1.3979400086720377,tdc_microsome,O=C(CC1CCCCC1)Nc1c(Cl)ccc2nc(NCCCO)ccc12
O=C(CC12CC3CC(CC(C3)C1)C2)Nc1ccc2[nH]ncc2c1,1.3222192947339193,tdc_microsome,O=C(CC12CC3CC(CC(C3)C1)C2)Nc1ccc2[nH]ncc2c1
CCN(C(=O)Cc1ccc(S(C)(=O)=O)cc1)C1CCN(CC[C@@H](c2ccccc2)C2CCN(S(C)(=O)=O)CC2)CC1,1.4842998393467859,tdc_microsome,CCN(C(=O)Cc1ccc(S(C)(=O)=O)cc1)C1CCN(CC[C@@H](c2ccccc2)C2CCN(S(C)(=O)=O)CC2)CC1
CC(C)Cn1c(=O)n(C)c(=O)c2c(C(=O)N3CC[C@@H](O)C3)c(Cc3ccccc3C(F)(F)F)sc21,1.4313637641589874,tdc_microsome,CC(C)Cn1c(=O)n(C)c(=O)c2c(C(=O)N3CC[C@@H](O)C3)c(Cc3ccccc3C(F)(F)F)sc21
O=C(O)c1ccccc1N1CCC(CN2CCC(Oc3ccc(Cl)c(Cl)c3)CC2)CC1,0.9030899869919435,tdc_microsome,O=C(O)c1ccccc1N1CCC(CN2CCC(Oc3ccc(Cl)c(Cl)c3)CC2)CC1
O=C(NS(=O)(=O)c1ccc(Cl)cc1)N1CCC(N2CCC(Oc3ccc(Cl)c(Cl)c3)CC2)CC1,0.6989700043360189,tdc_microsome,O=C(NS(=O)(=O)c1ccc(Cl)cc1)N1CCC(N2CCC(Oc3ccc(Cl)c(Cl)c3)CC2)CC1
COCCNc1nc(N)c2nc(O)n(Cc3ccccc3)c2n1,0.7403626894942439,tdc_microsome,COCCNc1nc(N)c2nc(O)n(Cc3ccccc3)c2n1
O=C(NCC12CC3CC(CC(C3)C1)C2)c1ccccc1Cl,1.8388490907372552,tdc_microsome,O=C(NCC12CC3CC(CC(C3)C1)C2)c1ccccc1Cl
Cc1ccc2c(c1)C1(CCN(CCc3nc(-c4ccccc4)oc3C)CC1)OC(=O)N2,1.899984562549391,tdc_microsome,Cc1ccc2c(c1)C1(CCN(CCc3nc(-c4ccccc4)oc3C)CC1)OC(=O)N2
CC(C)Oc1cc(-n2cnc3ccc(N[C@@H](C)c4ccc(F)cn4)nc32)n[nH]1,2.1760912590556813,tdc_microsome,CC(C)Oc1cc(-n2cnc3ccc(N[C@@H](C)c4ccc(F)cn4)nc32)n[nH]1
CCN(C(=O)Cc1ccc(S(C)(=O)=O)cc1)C1CCN(CC[C@@H](c2cc(C)cc(C)c2)C2CCN(S(C)(=O)=O)CC2)CC1,2.1760912590556813,tdc_microsome,CCN(C(=O)Cc1ccc(S(C)(=O)=O)cc1)C1CCN(CC[C@@H](c2cc(C)cc(C)c2)C2CCN(S(C)(=O)=O)CC2)CC1
C=CC(=O)N1CCC[C@@H](n2nc(-c3ccc(Oc4ccccc4)cc3)c3c(N)ncnc32)C1,2.1760912590556813,tdc_microsome,C=CC(=O)N1CCC[C@@H](n2nc(-c3ccc(Oc4ccccc4)cc3)c3c(N)ncnc32)C1
CNS(=O)(=O)c1ccc2c(C(=O)NC[C@@H](O)CN3CCC(Oc4ccc(Cl)c(Cl)c4)CC3)c[nH]c(=O)c2c1,1.146128035678238,tdc_microsome,CNS(=O)(=O)c1ccc2c(C(=O)NC[C@@H](O)CN3CCC(Oc4ccc(Cl)c(Cl)c4)CC3)c[nH]c(=O)c2c1
CCN(C(=O)Cc1ccc(S(C)(=O)=O)cc1)C1CCN(CCC(c2ccccc2)C2CCN(Cc3ccccc3)CC2)CC1,2.1760912590556813,tdc_microsome,CCN(C(=O)Cc1ccc(S(C)(=O)=O)cc1)C1CCN(CCC(c2ccccc2)C2CCN(Cc3ccccc3)CC2)CC1
O=C(NC[C@@H](O)CN1CCC(Oc2ccc(Cl)c(Cl)c2)CC1)c1c[nH]c(=O)c2cc(S(=O)(=O)NC3CC3)ccc12,1.3222192947339193,tdc_microsome,O=C(NC[C@@H](O)CN1CCC(Oc2ccc(Cl)c(Cl)c2)CC1)c1c[nH]c(=O)c2cc(S(=O)(=O)NC3CC3)ccc12
Cc1ccc2c(c1)c(-c1ccnc3c(C)cccc13)c(C)n2CC(=O)O,0.6989700043360189,tdc_microsome,Cc1ccc2c(c1)c(-c1ccnc3c(C)cccc13)c(C)n2CC(=O)O
O=C(O)c1cccc(N2CCC(CN3CCC(Oc4ccc(Cl)c(Cl)c4)CC3)CC2)c1,0.7781512503836436,tdc_microsome,O=C(O)c1cccc(N2CCC(CN3CCC(Oc4ccc(Cl)c(Cl)c4)CC3)CC2)c1
Nc1nc(Nc2ccc(F)c(Cl)c2)c2nc[nH]c2n1,1.1760912590556813,tdc_microsome,Nc1nc(Nc2ccc(F)c(Cl)c2)c2nc[nH]c2n1
O=C(O)C(c1ccccc1)N1CCC(N2CCC(Oc3ccc(Cl)c(Cl)c3)CC2)CC1,0.7781512503836436,tdc_microsome,O=C(O)C(c1ccccc1)N1CCC(N2CCC(Oc3ccc(Cl)c(Cl)c3)CC2)CC1
CS(=O)(=O)C1(c2cc(N3CC4CCC(C3)O4)nc(-c3cccc4[nH]ccc34)n2)CC1,0.9498777040368748,tdc_microsome,CS(=O)(=O)C1(c2cc(N3CC4CCC(C3)O4)nc(-c3cccc4[nH]ccc34)n2)CC1
Cc1ccccc1CCOCCCS(=O)(=O)CCNCCc1ccc(O)c2nc(O)sc12,2.1760912590556813,tdc_microsome,Cc1ccccc1CCOCCCS(=O)(=O)CCNCCc1ccc(O)c2nc(O)sc12
C[C@H](CO)Nc1nc(SCc2ccco2)nc2nc(N)sc12,0.6989700043360189,tdc_microsome,C[C@H](CO)Nc1nc(SCc2ccco2)nc2nc(N)sc12
O=C(NC[C@@H](O)CN1CCC(Oc2ccc(Cl)c(Cl)c2)CC1)c1c[nH]c(=O)c2cc(F)ccc12,0.9542425094393249,tdc_microsome,O=C(NC[C@@H](O)CN1CCC(Oc2ccc(Cl)c(Cl)c2)CC1)c1c[nH]c(=O)c2cc(F)ccc12
N=C(N)c1cc2c(-c3ccccc3)cccc2s1,0.6989700043360189,tdc_microsome,N=C(N)c1cc2c(-c3ccccc3)cccc2s1
Cc1ccc(C(=O)NC2CCC2)cc1-n1cnc2ccc(N3CCN(C)CC3)cc2c1=O,0.6989700043360189,tdc_microsome,Cc1ccc(C(=O)NC2CCC2)cc1-n1cnc2ccc(N3CCN(C)CC3)cc2c1=O
Cc1cc([C@H](O)[C@](C)(OCc2ccc(-c3ccccc3)cc2)C(=O)NO)no1,1.2000292665537704,tdc_microsome,Cc1cc([C@H](O)[C@](C)(OCc2ccc(-c3ccccc3)cc2)C(=O)NO)no1
CCN(C(=O)Cc1ccc(S(C)(=O)=O)cc1)C1CCN(CCC(c2ccc(NC(C)=O)cc2)c2cccc(F)c2)CC1,1.3710678622717363,tdc_microsome,CCN(C(=O)Cc1ccc(S(C)(=O)=O)cc1)C1CCN(CCC(c2ccc(NC(C)=O)cc2)c2cccc(F)c2)CC1
O=C(NCC12CC3CC(CC(C3)C1)C2)c1cc(OCCCNCCCO)ccc1Cl,1.4313637641589874,tdc_microsome,O=C(NCC12CC3CC(CC(C3)C1)C2)c1cc(OCCCNCCCO)ccc1Cl
Cc1ccc(NC(=O)c2cccc(N3CCOCC3)c2)cc1NC(=O)c1ccc(OCc2ccccn2)cc1,1.4818724103106635,tdc_microsome,Cc1ccc(NC(=O)c2cccc(N3CCOCC3)c2)cc1NC(=O)c1ccc(OCc2ccccn2)cc1
CC(=O)Nc1ccc2c(c1)c(Sc1ccc(Cl)cc1)c(C)n2CC(=O)O,1.5563025007672873,tdc_microsome,CC(=O)Nc1ccc2c(c1)c(Sc1ccc(Cl)cc1)c(C)n2CC(=O)O
Nc1nccc(-n2ccc3ccccc32)n1,2.0492180226701815,tdc_microsome,Nc1nccc(-n2ccc3ccccc32)n1
COc1cc2ncnc(Nc3ccc(OCc4ccccn4)c(C)c3)c2cc1OC,1.1760912590556813,tdc_microsome,COc1cc2ncnc(Nc3ccc(OCc4ccccn4)c(C)c3)c2cc1OC
O=C(c1cc2ccccc2[nH]1)N1CCNCC1,1.02816441942447,tdc_microsome,O=C(c1cc2ccccc2[nH]1)N1CCNCC1
CCN(C(=O)Cc1ccc(S(C)(=O)=O)cc1)C1CCN(CC[C@@H](c2cc(Cl)cc(Cl)c2)C2CCN(S(C)(=O)=O)CC2)CC1,1.2430380486862944,tdc_microsome,CCN(C(=O)Cc1ccc(S(C)(=O)=O)cc1)C1CCN(CC[C@@H](c2cc(Cl)cc(Cl)c2)C2CCN(S(C)(=O)=O)CC2)CC1
C[C@H](Oc1cccc2ncnc(Nc3ccc4c(cnn4Cc4cccc(F)c4)c3)c12)C(=O)N(C)C,1.8864907251724816,pharmabench_hlm,C[C@H](Oc1cccc2ncnc(Nc3ccc4c(cnn4Cc4cccc(F)c4)c3)c12)C(=O)N(C)C
Cc1ccc2c(OCCN3CCC(Cc4cccc(N5CCN(C)CC5)c4)CC3)cccc2n1,0.2041199826559248,pharmabench_hlm,Cc1ccc2c(OCCN3CCC(Cc4cccc(N5CCN(C)CC5)c4)CC3)cccc2n1
Cc1cc(Nc2cc(C)c(C#N)c(N[C@@H](C)CCCC(C)(C)O)n2)n[nH]1,1.6989700043360187,pharmabench_hlm,Cc1cc(Nc2cc(C)c(C#N)c(N[C@@H](C)CCCC(C)(C)O)n2)n[nH]1
C[C@@H]1CC[C@H](N)CN1c1ccncc1Nc1ncc2ccc(-c3c(F)cccc3F)nn12,2.307496037913213,pharmabench_hlm,C[C@@H]1CC[C@H](N)CN1c1ccncc1Nc1ncc2ccc(-c3c(F)cccc3F)nn12
Cc1cc(C)c(S(=O)(=O)N[C@@H](C)CNc2cccc3c2cnn3-c2ccc(F)cc2)c(C)c1,1.8920946026904804,pharmabench_hlm,Cc1cc(C)c(S(=O)(=O)N[C@@H](C)CNc2cccc3c2cnn3-c2ccc(F)cc2)c(C)c1
C[C@@H]1CN(c2nnc(C(F)(F)F)o2)CCN1c1ncc(OCc2ccncc2C#N)cn1,1.5314789170422551,pharmabench_hlm,C[C@@H]1CN(c2nnc(C(F)(F)F)o2)CCN1c1ncc(OCc2ccncc2C#N)cn1
CNC(=O)[C@@]12C[C@@H]1[C@@H](n1cnc3c(NC(C4CC4)C4CC4)nc(Cl)nc31)[C@H](O)[C@@H]2O,0.2430380486862944,pharmabench_hlm,CNC(=O)[C@@]12C[C@@H]1[C@@H](n1cnc3c(NC(C4CC4)C4CC4)nc(Cl)nc31)[C@H](O)[C@@H]2O
C[C@@H]1CCOc2cc(F)c(-c3cnn(CCN(C)C)c3)cc2C(=O)Nc2cccc(n2)-c2nncn2C1,1.6232492903979006,pharmabench_hlm,C[C@@H]1CCOc2cc(F)c(-c3cnn(CCN(C)C)c3)cc2C(=O)Nc2cccc(n2)-c2nncn2C1
COc1cc2[nH]c(=O)c([C@H](C)Nc3ncc(C#N)c(OC)n3)cc2cc1Cl,3.857332496431269,pharmabench_hlm,COc1cc2[nH]c(=O)c([C@H](C)Nc3ncc(C#N)c(OC)n3)cc2cc1Cl
CC1=C(c2ccc(F)cc2)[C@H](c2ccc(OCCN3CC(CF)C3)cc2)Oc2ccc(O)cc21,1.0,pharmabench_hlm,CC1=C(c2ccc(F)cc2)[C@H](c2ccc(OCCN3CC(CF)C3)cc2)Oc2ccc(O)cc21
CC1=C(c2ccc(F)cc2)[C@H](c2ccc(OCCN3CC(CF)C3)cc2)Oc2c(O)cccc21,0.9542425094393248,pharmabench_hlm,CC1=C(c2ccc(F)cc2)[C@H](c2ccc(OCCN3CC(CF)C3)cc2)Oc2c(O)cccc21
CSc1ncccc1C(=O)N[C@H](c1ccccc1)C12CCC(CC1)CN2C,1.880813592280792,pharmabench_hlm,CSc1ncccc1C(=O)N[C@H](c1ccccc1)C12CCC(CC1)CN2C
COc1cncc(Cl)c1C(=O)N[C@H](c1ccccc1)C12CCC(CC1)CN2C,1.6532125137753435,pharmabench_hlm,COc1cncc(Cl)c1C(=O)N[C@H](c1ccccc1)C12CCC(CC1)CN2C
Cc1noc(C)c1-c1cc(O)cc(CN2CCC(F)(F)CC2)c1,1.7109631189952756,pharmabench_hlm,Cc1noc(C)c1-c1cc(O)cc(CN2CCC(F)(F)CC2)c1
CNC1(c2ccccc2Cl)CCCCC1=O,2.133538908370217,pharmabench_hlm,CNC1(c2ccccc2Cl)CCCCC1=O
CC(C)CN(CC(=O)Nc1cc(F)cc(F)c1)C(=O)c1ccc(-c2ccccn2)cc1,0.1139433523068367,pharmabench_hlm,CC(C)CN(CC(=O)Nc1cc(F)cc(F)c1)C(=O)c1ccc(-c2ccccn2)cc1
CCC(COC)N(CC(=O)Nc1cc(F)cc(F)c1)C(=O)c1ccc(-c2ccccn2)cc1,0.9822712330395684,pharmabench_hlm,CCC(COC)N(CC(=O)Nc1cc(F)cc(F)c1)C(=O)c1ccc(-c2ccccn2)cc1
CCOC(=O)c1c(-c2ccc(O)cc2)oc2ccc(O)c(CN3CCCCC3)c12,1.8444905081319125,pharmabench_hlm,CCOC(=O)c1c(-c2ccc(O)cc2)oc2ccc(O)c(CN3CCCCC3)c12
NC1CCc2c(Br)ccc(-c3ccccc3)c2CC1=O,1.2787536009528289,pharmabench_hlm,NC1CCc2c(Br)ccc(-c3ccccc3)c2CC1=O
Cc1ncoc1-c1nnc(SCCCN2CC[C@@]3(C[C@@H]3c3ccc(C(F)(F)F)cc3F)C2)n1C,1.3010299956639813,pharmabench_hlm,Cc1ncoc1-c1nnc(SCCCN2CC[C@@]3(C[C@@H]3c3ccc(C(F)(F)F)cc3F)C2)n1C
Cc1ccc(-c2nnc(SCCCN3CC[C@]4(C[C@@H]4c4ccc(C(F)(F)F)cc4)C3)n2C)c(C)n1,2.4756711883244296,pharmabench_hlm,Cc1ccc(-c2nnc(SCCCN3CC[C@]4(C[C@@H]4c4ccc(C(F)(F)F)cc4)C3)n2C)c(C)n1
Cn1c(SCCCN2CC[C@]3(C[C@@H]3c3ccc(C(F)(F)F)cc3)C2)nnc1C1=CCC(=O)N=C1,1.4471580313422192,pharmabench_hlm,Cn1c(SCCCN2CC[C@]3(C[C@@H]3c3ccc(C(F)(F)F)cc3)C2)nnc1C1=CCC(=O)N=C1
Cn1c(SCCCN2CC[C@]3(C[C@@H]3c3ccc(C(F)(F)F)cc3)C2)nnc1C1CC2CCC(C1)O2,1.6989700043360187,pharmabench_hlm,Cn1c(SCCCN2CC[C@]3(C[C@@H]3c3ccc(C(F)(F)F)cc3)C2)nnc1C1CC2CCC(C1)O2
CNCc1cn(CC(=O)Nc2sc3c(c2C(N)=O)CCCC3)nc1C(C)(C)C,1.1760912590556811,pharmabench_hlm,CNCc1cn(CC(=O)Nc2sc3c(c2C(N)=O)CCCC3)nc1C(C)(C)C
CNCc1cn(CC(=O)Nc2sc3c(c2C(=O)NC)CCCC3)nc1C(F)(F)F,1.2041199826559248,pharmabench_hlm,CNCc1cn(CC(=O)Nc2sc3c(c2C(=O)NC)CCCC3)nc1C(F)(F)F
COC(=O)c1ccc2c(c1)NC(=O)/C2=C(\Nc1ccc(-n2c(C)ccc2CN2CCN(C)CC2)cc1)c1ccccc1,1.91365493508662,pharmabench_hlm,COC(=O)c1ccc2c(c1)NC(=O)/C2=C(\Nc1ccc(-n2c(C)ccc2CN2CCN(C)CC2)cc1)c1ccccc1
Cc1cc(C)c(-c2cccnc2)cc1NC(=O)c1ccc(OCc2ccccn2)cc1,1.792391689498254,pharmabench_hlm,Cc1cc(C)c(-c2cccnc2)cc1NC(=O)c1ccc(OCc2ccccn2)cc1
Cc1ccc(C(=O)Nc2cn3ncnc3c(CN3CCN(C(=O)C4CCCC4)[C@@H](C)C3)c2C)cn1,1.505149978319906,pharmabench_hlm,Cc1ccc(C(=O)Nc2cn3ncnc3c(CN3CCN(C(=O)C4CCCC4)[C@@H](C)C3)c2C)cn1
COc1cc2ccc(Br)cc2cc1[C@@H](c1ccnc(OC)c1OC)[C@@](O)(CCN(C)C)c1cc2ccccc2o1,1.4771212547196624,pharmabench_hlm,COc1cc2ccc(Br)cc2cc1[C@@H](c1ccnc(OC)c1OC)[C@@](O)(CCN(C)C)c1cc2ccccc2o1
CNS(=O)(=O)Nc1nnc2cc(OCC34CCC(F)(CC3)CC4)c(C3CC3)cn12,0.9084850188786496,pharmabench_hlm,CNS(=O)(=O)Nc1nnc2cc(OCC34CCC(F)(CC3)CC4)c(C3CC3)cn12
CCN(O)c1ccc(Cl)c2nc3n(c12)CCCN3c1ccc(Cl)cc1Cl,1.462397997898956,pharmabench_hlm,CCN(O)c1ccc(Cl)c2nc3n(c12)CCCN3c1ccc(Cl)cc1Cl
Cc1cc(C)c(-c2nc3ccccc3[nH]2)cc1NC(=O)c1ccc(OCc2ccccn2)cc1,1.4771212547196624,pharmabench_hlm,Cc1cc(C)c(-c2nc3ccccc3[nH]2)cc1NC(=O)c1ccc(OCc2ccccn2)cc1
Cc1cc(C)c(-c2cccc(N)n2)cc1NC(=O)c1ccc(OCc2ccccn2)cc1,1.944482672150169,pharmabench_hlm,Cc1cc(C)c(-c2cccc(N)n2)cc1NC(=O)c1ccc(OCc2ccccn2)cc1
O=C(NC1CCN(C(=O)C2CC2)CC1)c1ccc(Oc2ccc(C#C[C@]3(O)CN4CCC3CC4)cc2)cc1,0.568201724066995,pharmabench_hlm,O=C(NC1CCN(C(=O)C2CC2)CC1)c1ccc(Oc2ccc(C#C[C@]3(O)CN4CCC3CC4)cc2)cc1
O=C(c1ccc(-n2nnc3cccnc32)cc1)N(c1ncccc1Cl)[C@@H]1CCCNC1,0.9867717342662448,pharmabench_hlm,O=C(c1ccc(-n2nnc3cccnc32)cc1)N(c1ncccc1Cl)[C@@H]1CCCNC1
CN(C)c1cncc(-c2ccc(C(=O)N(c3ncccc3Cl)[C@@H]3CCCNC3)cc2)n1,1.260071387985075,pharmabench_hlm,CN(C)c1cncc(-c2ccc(C(=O)N(c3ncccc3Cl)[C@@H]3CCCNC3)cc2)n1
COc1cccc(C(c2cc3cc(Br)ccc3nc2OC)C(O)(CCN(C)C)c2ccc(C)nc2)c1F,1.380211241711606,pharmabench_hlm,COc1cccc(C(c2cc3cc(Br)ccc3nc2OC)C(O)(CCN(C)C)c2ccc(C)nc2)c1F
COc1nc2ccc(C#N)cc2cc1C(c1cccc(C)c1)C(O)(CCN(C)C)c1cccnc1OC,1.0413926851582251,pharmabench_hlm,COc1nc2ccc(C#N)cc2cc1C(c1cccc(C)c1)C(O)(CCN(C)C)c1cccnc1OC
COc1cc(C(O)(CCN(C)C)C(c2cc3cc(Br)ccc3nc2OC)c2ccnc(OC)c2OC)c(OC)nc1OC,0.6989700043360189,pharmabench_hlm,COc1cc(C(O)(CCN(C)C)C(c2cc3cc(Br)ccc3nc2OC)c2ccnc(OC)c2OC)c(OC)nc1OC
O=C(OC(C(F)(F)F)C(F)(F)F)N1CCN(Cc2ccc(Cl)cc2N2CCCC2)CC1,1.5314789170422551,pharmabench_hlm,O=C(OC(C(F)(F)F)C(F)(F)F)N1CCN(Cc2ccc(Cl)cc2N2CCCC2)CC1
O=C(OC(C(F)(F)F)C(F)(F)F)N1CCN(Cc2cccc(Cl)c2N2CCOCC2)CC1,1.880813592280792,pharmabench_hlm,O=C(OC(C(F)(F)F)C(F)(F)F)N1CCN(Cc2cccc(Cl)c2N2CCOCC2)CC1
CN1CCC(NC(=O)c2ccc(Oc3ccc(C#C[C@]4(O)CN5CCC4CC5)cc3)cc2)CC1,0.414973347970818,pharmabench_hlm,CN1CCC(NC(=O)c2ccc(Oc3ccc(C#C[C@]4(O)CN5CCC4CC5)cc3)cc2)CC1
Cc1cc(CN(C)C(=O)c2ccc(Oc3ccc(C#C[C@]4(O)CN5CCC4CC5)cc3)cc2)on1,0.4313637641589873,pharmabench_hlm,Cc1cc(CN(C)C(=O)c2ccc(Oc3ccc(C#C[C@]4(O)CN5CCC4CC5)cc3)cc2)on1
COc1ccc(CNC(=O)c2ccc(Oc3ccc(C#C[C@]4(O)CN5CCC4CC5)cc3)cc2)c(OC)c1,1.2068258760318498,pharmabench_hlm,COc1ccc(CNC(=O)c2ccc(Oc3ccc(C#C[C@]4(O)CN5CCC4CC5)cc3)cc2)c(OC)c1
N#Cc1cccc(CNC(=O)c2ccc(Oc3ccc(C#C[C@]4(O)CN5CCC4CC5)cc3)cc2)c1,0.99563519459755,pharmabench_hlm,N#Cc1cccc(CNC(=O)c2ccc(Oc3ccc(C#C[C@]4(O)CN5CCC4CC5)cc3)cc2)c1
CS(=O)(=O)Oc1cccc(CNC(=O)c2ccc(Oc3ccc(C#C[C@]4(O)CN5CCC4CC5)cc3)cc2)c1,0.9344984512435676,pharmabench_hlm,CS(=O)(=O)Oc1cccc(CNC(=O)c2ccc(Oc3ccc(C#C[C@]4(O)CN5CCC4CC5)cc3)cc2)c1
Cc1cccc(C)c1C(=O)NC(c1ccncc1)C12CCC(CC1)N2,1.1760912590556811,pharmabench_hlm,Cc1cccc(C)c1C(=O)NC(c1ccncc1)C12CCC(CC1)N2
Cc1ncc(Cn2c(=O)c3cc(S(=O)(=O)NC4(C)CC4)ccc3n(CC3CC3)c2=O)s1,2.204119982655925,pharmabench_hlm,Cc1ncc(Cn2c(=O)c3cc(S(=O)(=O)NC4(C)CC4)ccc3n(CC3CC3)c2=O)s1
CCn1c(=O)n(Cc2nnc(C)s2)c(=O)c2cc(S(=O)(=O)NC3(C)CC3)ccc21,1.230448921378274,pharmabench_hlm,CCn1c(=O)n(Cc2nnc(C)s2)c(=O)c2cc(S(=O)(=O)NC3(C)CC3)ccc21
Cc1c(NC(=O)c2cccc(C#N)c2)cnc2c1c(C1CCN(C(=O)C3CCC3)CC1)cn2C,1.591064607026499,pharmabench_hlm,Cc1c(NC(=O)c2cccc(C#N)c2)cnc2c1c(C1CCN(C(=O)C3CCC3)CC1)cn2C
C[C@H](Oc1cccc2ncnc(Nc3ccc4c(cnn4Cc4nccs4)c3)c12)C(=O)N(C)C,1.5563025007672873,pharmabench_hlm,C[C@H](Oc1cccc2ncnc(Nc3ccc4c(cnn4Cc4nccs4)c3)c12)C(=O)N(C)C
C[C@@H](Oc1cccc2ncnc(Nc3ccc4c(cnn4Cc4cscn4)c3)c12)C(=O)N1CCOCC1,1.2041199826559248,pharmabench_hlm,C[C@@H](Oc1cccc2ncnc(Nc3ccc4c(cnn4Cc4cscn4)c3)c12)C(=O)N1CCOCC1
Cc1ccccc1NC1CN(S(=O)(=O)c2cn(C)cn2)CC1c1ccccc1,2.9622130183603903,pharmabench_hlm,Cc1ccccc1NC1CN(S(=O)(=O)c2cn(C)cn2)CC1c1ccccc1
Cc1ccc(NC2CN(S(=O)(=O)c3cn(C)cn3)CC2c2ccccc2)cc1,2.544068044350276,pharmabench_hlm,Cc1ccc(NC2CN(S(=O)(=O)c3cn(C)cn3)CC2c2ccccc2)cc1
Cn1cnc(S(=O)(=O)N2CC(Nc3ccnc(C(F)(F)F)c3)C(c3ccc(F)cc3)C2)c1,1.52283531366053,pharmabench_hlm,Cn1cnc(S(=O)(=O)N2CC(Nc3ccnc(C(F)(F)F)c3)C(c3ccc(F)cc3)C2)c1
Cn1cnc(S(=O)(=O)N2C[C@H](Nc3ccc(F)c(OC(F)(F)F)c3)[C@@H](c3ccc(F)cc3)C2)c1,3.3324384599156054,pharmabench_hlm,Cn1cnc(S(=O)(=O)N2C[C@H](Nc3ccc(F)c(OC(F)(F)F)c3)[C@@H](c3ccc(F)cc3)C2)c1
CC(C)C1CCNC(=O)C(N(Cc2ccc(C(=O)NC3CC3)cc2)S(=O)(=O)c2ccc(Cl)cc2)C1,1.7075701760979365,pharmabench_hlm,CC(C)C1CCNC(=O)C(N(Cc2ccc(C(=O)NC3CC3)cc2)S(=O)(=O)c2ccc(Cl)cc2)C1
C[C@@H](Oc1cccc2ncnc(Nc3ccc4c(cnn4Cc4cccc(F)c4)c3)c12)C(=O)N1CCOCC1,1.662757831681574,pharmabench_hlm,C[C@@H](Oc1cccc2ncnc(Nc3ccc4c(cnn4Cc4cccc(F)c4)c3)c12)C(=O)N1CCOCC1
O=C(Nc1cc(Cl)cc(Cl)c1)N1CCc2sccc2C1c1ccc(C(F)(F)F)cc1,1.06707085604537,pharmabench_hlm,O=C(Nc1cc(Cl)cc(Cl)c1)N1CCc2sccc2C1c1ccc(C(F)(F)F)cc1
O=C(Nc1cc(Cl)cc(Cl)c1)N1CCc2sccc2C1c1ccc(F)c(F)c1,1.1248301494138593,pharmabench_hlm,O=C(Nc1cc(Cl)cc(Cl)c1)N1CCc2sccc2C1c1ccc(F)c(F)c1
COc1ccc(C2c3ccsc3CCN2C(=O)Nc2ccc(Cl)cc2)cc1,1.2631624649622166,pharmabench_hlm,COc1ccc(C2c3ccsc3CCN2C(=O)Nc2ccc(Cl)cc2)cc1
O=C(Nc1ccc(F)c(OC(F)(F)F)c1)N1CCc2sccc2C1c1ccc(Cl)cc1,1.1248301494138593,pharmabench_hlm,O=C(Nc1ccc(F)c(OC(F)(F)F)c1)N1CCc2sccc2C1c1ccc(Cl)cc1
O=C(Nc1ccc(Oc2ccc(F)cc2)cc1)N1CCc2sccc2C1c1ccc(Cl)cc1,1.0,pharmabench_hlm,O=C(Nc1ccc(Oc2ccc(F)cc2)cc1)N1CCc2sccc2C1c1ccc(Cl)cc1
Cc1ccc(C2c3ccsc3CCN2C(=O)Nc2cc(Cl)cc(Cl)c2)cc1,1.3010299956639813,pharmabench_hlm,Cc1ccc(C2c3ccsc3CCN2C(=O)Nc2cc(Cl)cc(Cl)c2)cc1
Cc1c(-c2ccc(N3CC[C@H](F)C3)cc2)[nH]c2cc(F)cc(F)c2c1=O,2.295347148333618,pharmabench_hlm,Cc1c(-c2ccc(N3CC[C@H](F)C3)cc2)[nH]c2cc(F)cc(F)c2c1=O
Cc1[nH]c2c(N3CCO[C@H](CO)C3)c(C#N)c(C(F)(F)F)nc2c1Cl,1.591064607026499,pharmabench_hlm,Cc1[nH]c2c(N3CCO[C@H](CO)C3)c(C#N)c(C(F)(F)F)nc2c1Cl
CC[C@@H]1CN2CC[C@@]3(O)C(=Nc4cccc(OC)c43)[C@@H]2C[C@@H]1/C(=C\OC)C(=O)OC,0.568201724066995,pharmabench_hlm,CC[C@@H]1CN2CC[C@@]3(O)C(=Nc4cccc(OC)c43)[C@@H]2C[C@@H]1/C(=C\OC)C(=O)OC
CN1CCN(c2ncc(-c3ccc4c(Nc5cnccn5)ccnc4c3)cn2)CC1,2.2428607132407903,pharmabench_hlm,CN1CCN(c2ncc(-c3ccc4c(Nc5cnccn5)ccnc4c3)cn2)CC1
C[C@@H](NC(=O)c1ccc(Oc2ccc(C#C[C@]3(O)CN4CCC3CC4)cc2)cc1)c1ccncc1,1.2741578492636798,pharmabench_hlm,C[C@@H](NC(=O)c1ccc(Oc2ccc(C#C[C@]3(O)CN4CCC3CC4)cc2)cc1)c1ccncc1
C[C@@H]1CN(c2nc(-c3cnn(C)c3)ncc2C#N)CCN1C(=O)C1CC1,1.3222192947339193,pharmabench_hlm,C[C@@H]1CN(c2nc(-c3cnn(C)c3)ncc2C#N)CCN1C(=O)C1CC1
O=C(NC1CCS(=O)(=O)CC1)c1ccc(Oc2ccc(C#C[C@]3(O)CN4CCC3CC4)cc2)cc1,0.3979400086720376,pharmabench_hlm,O=C(NC1CCS(=O)(=O)CC1)c1ccc(Oc2ccc(C#C[C@]3(O)CN4CCC3CC4)cc2)cc1
COc1ccc2nc(C3(NC(=O)C[C@H](N)Cc4ccccc4F)CCS(=O)(=O)CC3)sc2c1,1.4183012913197457,pharmabench_hlm,COc1ccc2nc(C3(NC(=O)C[C@H](N)Cc4ccccc4F)CCS(=O)(=O)CC3)sc2c1
O=C(O)COc1ccc(Cl)cc1C1CCCCCC1,2.037426497940624,pharmabench_hlm,O=C(O)COc1ccc(Cl)cc1C1CCCCCC1
Cc1ncoc1-c1nnc(SCCCN2CC[C@@]3(C[C@H]3c3ccc(F)cc3)C2)n1C,1.568201724066995,pharmabench_hlm,Cc1ncoc1-c1nnc(SCCCN2CC[C@@]3(C[C@H]3c3ccc(F)cc3)C2)n1C
Cc1ncoc1-c1nnc(SCCCN2CC[C@@]3(C[C@H]3c3ccc(F)cc3F)C2)n1C,1.724275869600789,pharmabench_hlm,Cc1ncoc1-c1nnc(SCCCN2CC[C@@]3(C[C@H]3c3ccc(F)cc3F)C2)n1C
Cc1ncoc1-c1nnc(SCCCN2CC[C@]3(C[C@H]3c3ccc(F)cc3C(F)(F)F)C2)n1C,1.812913356642856,pharmabench_hlm,Cc1ncoc1-c1nnc(SCCCN2CC[C@]3(C[C@H]3c3ccc(F)cc3C(F)(F)F)C2)n1C
Cn1c(SCCCN2CC[C@]3(C[C@@H]3c3ccc(C(F)(F)F)cc3)C2)nnc1C1CCN(C(N)=O)CC1,1.7853298350107671,pharmabench_hlm,Cn1c(SCCCN2CC[C@]3(C[C@@H]3c3ccc(C(F)(F)F)cc3)C2)nnc1C1CCN(C(N)=O)CC1
O=C1Nc2cccc(n2)-c2nncn2CCCCOc2ccccc21,1.8512583487190752,pharmabench_hlm,O=C1Nc2cccc(n2)-c2nncn2CCCCOc2ccccc21
O=C1Nc2cccc(n2)-c2nncn2CCCCCOc2ccccc21,1.7481880270062005,pharmabench_hlm,O=C1Nc2cccc(n2)-c2nncn2CCCCCOc2ccccc21
C[C@@H]1CCCOc2ccccc2C(=O)Nc2cccc(n2)-c2nncn21,1.4313637641589874,pharmabench_hlm,C[C@@H]1CCCOc2ccccc2C(=O)Nc2cccc(n2)-c2nncn21
O=C1Nc2cccc(n2)-c2nncn2CCCCOc2cc(F)ccc21,1.3617278360175928,pharmabench_hlm,O=C1Nc2cccc(n2)-c2nncn2CCCCOc2cc(F)ccc21
C[C@H]1CCCOc2cc(F)ccc2C(=O)Nc2cccc(n2)-c2nncn21,1.3010299956639813,pharmabench_hlm,C[C@H]1CCCOc2cc(F)ccc2C(=O)Nc2cccc(n2)-c2nncn21
O=C1Nc2cccc(n2)-c2nncn2CCCCOc2ccc(Br)cc21,0.8692317197309762,pharmabench_hlm,O=C1Nc2cccc(n2)-c2nncn2CCCCOc2ccc(Br)cc21
Oc1cccc(C2=Cc3cc(O)ccc3O[C@H]2c2ccc(OCCN3CC(CF)C3)cc2)c1,1.0791812460476249,pharmabench_hlm,Oc1cccc(C2=Cc3cc(O)ccc3O[C@H]2c2ccc(OCCN3CC(CF)C3)cc2)c1
Cc1cccc(C)c1C(=O)NC(c1ccccc1)C12CCC(CC1)CN2,1.5314789170422551,pharmabench_hlm,Cc1cccc(C)c1C(=O)NC(c1ccccc1)C12CCC(CC1)CN2
Cc1cccc(C)c1C(=O)NC(c1ccccc1)C12CCC(CC1)N2C(C)C,1.591064607026499,pharmabench_hlm,Cc1cccc(C)c1C(=O)NC(c1ccccc1)C12CCC(CC1)N2C(C)C
CCP(=O)(OC)c1ccc2nc(-c3cnc4ccccc4c3)oc2c1,0.9916690073799486,pharmabench_hlm,CCP(=O)(OC)c1ccc2nc(-c3cnc4ccccc4c3)oc2c1
COc1ccc(C(=C(F)F)c2cc(OC)c(OC)c(OC)c2)cc1N,1.6334684555795864,pharmabench_hlm,COc1ccc(C(=C(F)F)c2cc(OC)c(OC)c(OC)c2)cc1N
Cc1ccc(NS(=O)(=O)c2cc(C(=O)NCc3nc(C)no3)ccc2C)cc1,1.4771212547196624,pharmabench_hlm,Cc1ccc(NS(=O)(=O)c2cc(C(=O)NCc3nc(C)no3)ccc2C)cc1
CN1CCN(c2ncc(-c3ccc4c(NC5CCCCC5)ccnc4c3)cn2)CC1,2.4771212547196626,pharmabench_hlm,CN1CCN(c2ncc(-c3ccc4c(NC5CCCCC5)ccnc4c3)cn2)CC1
CN1CC(=O)N2[C@H](c3ccc4c(c3)OCO4)c3[nH]c4ccccc4c3C[C@@H]2C1=O,1.6901960800285136,pharmabench_hlm,CN1CC(=O)N2[C@H](c3ccc4c(c3)OCO4)c3[nH]c4ccccc4c3C[C@@H]2C1=O
CNC(=O)c1ccc(Oc2ccc(C#C[C@]3(O)CN4CCC3CC4)cc2)cc1,0.5910646070264992,pharmabench_hlm,CNC(=O)c1ccc(Oc2ccc(C#C[C@]3(O)CN4CCC3CC4)cc2)cc1
COc1ccc(CNC(=O)c2ccc(Oc3ccc(C#C[C@]4(O)CN5CCC4CC5)cc3)cc2)cc1OC,0.4313637641589873,pharmabench_hlm,COc1ccc(CNC(=O)c2ccc(Oc3ccc(C#C[C@]4(O)CN5CCC4CC5)cc3)cc2)cc1OC
CNCc1cn(CCC(=O)Nc2sc3c(c2C(N)=O)CCCC3)nc1C(F)(F)F,1.9493900066449128,pharmabench_hlm,CNCc1cn(CCC(=O)Nc2sc3c(c2C(N)=O)CCCC3)nc1C(F)(F)F
CS(=O)(=O)Nc1nnc2cc(OCC34CC5CC(CC(C5)C3)C4)ccn12,1.0791812460476249,pharmabench_hlm,CS(=O)(=O)Nc1nnc2cc(OCC34CC5CC(CC(C5)C3)C4)ccn12
N[C@H]1CCCN(c2ccccc2Nc2ncc3ccc(-c4c(F)cccc4F)nn23)C1,1.9138138523837167,pharmabench_hlm,N[C@H]1CCCN(c2ccccc2Nc2ncc3ccc(-c4c(F)cccc4F)nn23)C1
N[C@H]1CCCN(c2ccncc2Nc2ncc3ccc(-c4ccc(F)cc4F)nn23)C1,1.4913616938342726,pharmabench_hlm,N[C@H]1CCCN(c2ccncc2Nc2ncc3ccc(-c4ccc(F)cc4F)nn23)C1
Fc1cccc(F)c1-c1ccc2cnc(Nc3cnccc3N3CCCCC3)n2n1,2.6009728956867484,pharmabench_hlm,Fc1cccc(F)c1-c1ccc2cnc(Nc3cnccc3N3CCCCC3)n2n1
N#Cc1ccc(CC(=O)c2cc3n(n2)CCCC3)nc1,1.662757831681574,pharmabench_hlm,N#Cc1ccc(CC(=O)c2cc3n(n2)CCCC3)nc1
CO[C@H]1CN(CC(=O)Nc2ccc(-n3ccccc3=O)cc2F)C[C@@H]1NC(=O)c1ccc(Cl)s1,1.292256071356476,pharmabench_hlm,CO[C@H]1CN(CC(=O)Nc2ccc(-n3ccccc3=O)cc2F)C[C@@H]1NC(=O)c1ccc(Cl)s1
O=C(CN1C[C@H](NC(=O)c2ccc(Cl)s2)[C@@H](F)C1)Nc1ccc(-n2ccccc2=O)cc1F,1.2068258760318498,pharmabench_hlm,O=C(CN1C[C@H](NC(=O)c2ccc(Cl)s2)[C@@H](F)C1)Nc1ccc(-n2ccccc2=O)cc1F
C[C@H]1[C@@H](N)CCCN1c1ccncc1Nc1ncc2ccc(-c3c(F)cccc3F)nn12,2.008600171761917,pharmabench_hlm,C[C@H]1[C@@H](N)CCCN1c1ccncc1Nc1ncc2ccc(-c3c(F)cccc3F)nn12
CNC(=O)N1CCc2c(c(-c3cccc4cc(-c5cnn(C)c5)c(C(F)F)cc34)nn2C2CCOCC2)C1,1.0,pharmabench_hlm,CNC(=O)N1CCc2c(c(-c3cccc4cc(-c5cnn(C)c5)c(C(F)F)cc34)nn2C2CCOCC2)C1
COc1cc2c(cc1-n1cnc3ccc(-c4ccnc5[nH]ccc45)cc31)CNC2,1.0,pharmabench_hlm,COc1cc2c(cc1-n1cnc3ccc(-c4ccnc5[nH]ccc45)cc31)CNC2
CC/C(=C\c1ccccc1)[C@@H]1C[C@H]1NC1CC2(C1)CN(CC(F)F)C2,2.123851640967086,pharmabench_hlm,CC/C(=C\c1ccccc1)[C@@H]1C[C@H]1NC1CC2(C1)CN(CC(F)F)C2
CC/C(=C\c1ccccc1)[C@@H]1C[C@H]1NC1CC2(C1)CN(C(C)=O)C2,1.255272505103306,pharmabench_hlm,CC/C(=C\c1ccccc1)[C@@H]1C[C@H]1NC1CC2(C1)CN(C(C)=O)C2
O=C1c2ccc(OCc3cccc(F)c3)nc2CCN1c1ccc(F)cn1,1.255272505103306,pharmabench_hlm,O=C1c2ccc(OCc3cccc(F)c3)nc2CCN1c1ccc(F)cn1
O=C1c2ncc(COc3ccccc3)cc2CCN1c1ccc(F)cc1,1.2787536009528289,pharmabench_hlm,O=C1c2ncc(COc3ccccc3)cc2CCN1c1ccc(F)cc1
COc1cccc(C(NC(=O)c2cccc(C(F)(F)F)c2Cl)C23CCC(CC2)CN3C)c1,2.008600171761917,pharmabench_hlm,COc1cccc(C(NC(=O)c2cccc(C(F)(F)F)c2Cl)C23CCC(CC2)CN3C)c1
O=C(Nc1ccc(N2CCSCC2)nc1)c1nnc(Nc2ccccc2F)o1,2.41161970596323,pharmabench_hlm,O=C(Nc1ccc(N2CCSCC2)nc1)c1nnc(Nc2ccccc2F)o1
Fc1ccc2[nH]cc(CN3CCC(F)(F)[C@@H](CCc4ccccc4)C3)c2c1,1.8481891169913989,pharmabench_hlm,Fc1ccc2[nH]cc(CN3CCC(F)(F)[C@@H](CCc4ccccc4)C3)c2c1
COc1ccc2c(CN3CCC(F)(F)[C@H](CCc4ccc(F)cc4)C3)c[nH]c2c1,2.474216264076256,pharmabench_hlm,COc1ccc2c(CN3CCC(F)(F)[C@H](CCc4ccc(F)cc4)C3)c[nH]c2c1
Fc1ccccc1CC[C@@H]1CN(Cc2c[nH]c3cc(Cl)ccc23)CCC1(F)F,2.1931245983544616,pharmabench_hlm,Fc1ccccc1CC[C@@H]1CN(Cc2c[nH]c3cc(Cl)ccc23)CCC1(F)F
COc1nc2ccc(Br)cc2cc1C(c1cccc(C)c1)C(O)(CCN(C)C)c1cccnc1OC,1.0,pharmabench_hlm,COc1nc2ccc(Br)cc2cc1C(c1cccc(C)c1)C(O)(CCN(C)C)c1cccnc1OC
Cc1cccc(C)c1C(=O)NC(c1ccc(S(=O)(=O)CC2CC2)cc1)C12CCC(CC1)CN2C,2.222716471147584,pharmabench_hlm,Cc1cccc(C)c1C(=O)NC(c1ccc(S(=O)(=O)CC2CC2)cc1)C12CCC(CC1)CN2C
Cc1c(-c2ccc(N3CCC(F)(F)C3)cc2)[nH]c2cc(F)cc(F)c2c1=O,0.9786369483844743,pharmabench_hlm,Cc1c(-c2ccc(N3CCC(F)(F)C3)cc2)[nH]c2cc(F)cc(F)c2c1=O
Cc1ccc2[nH]c(C(=O)N[C@H]3Cc4ccccc4[C@@H]3C(=O)N(C)CCN(C)C)cc2c1,1.414973347970818,pharmabench_hlm,Cc1ccc2[nH]c(C(=O)N[C@H]3Cc4ccccc4[C@@H]3C(=O)N(C)CCN(C)C)cc2c1
CCOc1nc(Cl)ccc1C1(N2CCN(c3ccncc3)CC2)C(=O)N(S(=O)(=O)c2ccc(OC)cn2)c2ccc(C#N)cc21,1.591064607026499,pharmabench_hlm,CCOc1nc(Cl)ccc1C1(N2CCN(c3ccncc3)CC2)C(=O)N(S(=O)(=O)c2ccc(OC)cn2)c2ccc(C#N)cc21
COc1ccc(S(=O)(=O)N2C(=O)C(c3cc(OC)ccc3OC)(N3CCN(c4ccncc4)CC3)c3cc(C#N)ccc32)c(OC)c1,1.6989700043360187,pharmabench_hlm,COc1ccc(S(=O)(=O)N2C(=O)C(c3cc(OC)ccc3OC)(N3CCN(c4ccncc4)CC3)c3cc(C#N)ccc32)c(OC)c1
CCOc1ccc(OC)cc1C1(N2CCN(c3ccncc3)CC2)C(=O)N(S(=O)(=O)c2ccc(OC)cn2)c2ccc(C#N)cc21,1.6532125137753435,pharmabench_hlm,CCOc1ccc(OC)cc1C1(N2CCN(c3ccncc3)CC2)C(=O)N(S(=O)(=O)c2ccc(OC)cn2)c2ccc(C#N)cc21
C=C(c1ccc(OC)c(N)c1)c1cc(OC)c(OC)c(OC)c1,1.662757831681574,pharmabench_hlm,C=C(c1ccc(OC)c(N)c1)c1cc(OC)c(OC)c(OC)c1
Cc1noc(C)c1-c1ccc2c(c1)nc(CCc1ccc(CCCN(C)C)cc1)n2CCN1CCOCC1,2.3138672203691533,pharmabench_hlm,Cc1noc(C)c1-c1ccc2c(c1)nc(CCc1ccc(CCCN(C)C)cc1)n2CCN1CCOCC1
CCCN1CCCN(c2ncc(-c3ccc4c(Nc5cnccn5)ccnc4c3)cn2)CC1,2.4771212547196626,pharmabench_hlm,CCCN1CCCN(c2ncc(-c3ccc4c(Nc5cnccn5)ccnc4c3)cn2)CC1
O=C1CCC(C(O)CC2c3c(F)cccc3-c3cncn32)CC1,1.307282047033346,pharmabench_hlm,O=C1CCC(C(O)CC2c3c(F)cccc3-c3cncn32)CC1
C[C@@H]1CC[C@@H](Oc2cc(C#N)ccn2)CN1C(=O)c1ccccc1CC(F)(F)F,2.12057393120585,pharmabench_hlm,C[C@@H]1CC[C@@H](Oc2cc(C#N)ccn2)CN1C(=O)c1ccccc1CC(F)(F)F
C[C@@H]1CC[C@@H](Oc2cc(C#N)ccn2)CN1C(=O)c1ccccc1-c1ncccn1,1.230448921378274,pharmabench_hlm,C[C@@H]1CC[C@@H](Oc2cc(C#N)ccn2)CN1C(=O)c1ccccc1-c1ncccn1
O=C1c2ccc(COc3ccccc3)nc2CCN1c1ccc(F)cc1,1.255272505103306,pharmabench_hlm,O=C1c2ccc(COc3ccccc3)nc2CCN1c1ccc(F)cc1
CNC(=O)c1ccc(-c2cc3cccc(-c4nn(C5CCOCC5)c5c4CN(C(C)=O)CC5)c3cn2)cn1,0.9684829485539352,pharmabench_hlm,CNC(=O)c1ccc(-c2cc3cccc(-c4nn(C5CCOCC5)c5c4CN(C(C)=O)CC5)c3cn2)cn1
Cc1cc(F)c(C(=O)Nc2cccc(-c3nncn3C(C)C)n2)cc1-n1cnc(C2CC2)c1,1.1139433523068367,pharmabench_hlm,Cc1cc(F)c(C(=O)Nc2cccc(-c3nncn3C(C)C)n2)cc1-n1cnc(C2CC2)c1
COc1cc(N2CC(NC(=O)c3cc4c(C)n(C)nc4cn3)C2)c(Cl)cn1,1.4471580313422192,pharmabench_hlm,COc1cc(N2CC(NC(=O)c3cc4c(C)n(C)nc4cn3)C2)c(Cl)cn1
Cc1nn(C)c2cnc(C(=O)NC3CN(c4cc(Cl)ncc4Cl)C3)cc12,1.4471580313422192,pharmabench_hlm,Cc1nn(C)c2cnc(C(=O)NC3CN(c4cc(Cl)ncc4Cl)C3)cc12
COc1nn(C)cc1C(=O)Nc1cccc(-c2cncn2C(C)C)n1,0.9542425094393248,pharmabench_hlm,COc1nn(C)cc1C(=O)Nc1cccc(-c2cncn2C(C)C)n1
COc1nn(-c2cncc(C3CC3)c2)cc1C(=O)Nc1cccc(-c2nncn2C(C)C)n1,1.380211241711606,pharmabench_hlm,COc1nn(-c2cncc(C3CC3)c2)cc1C(=O)Nc1cccc(-c2nncn2C(C)C)n1
c1cn2cc(-c3ccc4cn[nH]c4n3)nc(Nc3ccc(N4CCN(C5COC5)CC4)cc3)c2n1,0.6690378008851559,pharmabench_hlm,c1cn2cc(-c3ccc4cn[nH]c4n3)nc(Nc3ccc(N4CCN(C5COC5)CC4)cc3)c2n1
c1cn2cc(-c3ccc4nc[nH]c4n3)nc(Nc3ccc(N4CCN(C5COC5)CC4)cc3)c2n1,0.4522465745204372,pharmabench_hlm,c1cn2cc(-c3ccc4nc[nH]c4n3)nc(Nc3ccc(N4CCN(C5COC5)CC4)cc3)c2n1
c1cn2cc(-c3cnc4nc[nH]c4c3)nc(Nc3ccc(N4CCN(C5COC5)CC4)cc3)c2n1,0.4771212547196624,pharmabench_hlm,c1cn2cc(-c3cnc4nc[nH]c4c3)nc(Nc3ccc(N4CCN(C5COC5)CC4)cc3)c2n1
c1cn2cc(-c3ccc4cn[nH]c4c3)nc(Nc3ccc(N4CCOCC4)cc3)c2n1,0.7132384615456617,pharmabench_hlm,c1cn2cc(-c3ccc4cn[nH]c4c3)nc(Nc3ccc(N4CCOCC4)cc3)c2n1
c1cn2cc(-c3ccc4cn[nH]c4c3)nc(Nc3ccc(N4CC5(CCOCC5)C4)cc3)c2n1,0.6020599913279624,pharmabench_hlm,c1cn2cc(-c3ccc4cn[nH]c4c3)nc(Nc3ccc(N4CC5(CCOCC5)C4)cc3)c2n1
NC(=O)c1c(N)ncnc1N1CCC(c2nc(-c3ccc(F)c(C(F)(F)F)c3)cn2CCN2CCC2)CC1,1.662757831681574,pharmabench_hlm,NC(=O)c1c(N)ncnc1N1CCC(c2nc(-c3ccc(F)c(C(F)(F)F)c3)cn2CCN2CCC2)CC1
Cc1cn(-c2c(Cl)cccc2Cl)c(=O)c2cnc(Nc3ccc(N4CCN(C)CC4)cc3)nc12,1.591064607026499,pharmabench_hlm,Cc1cn(-c2c(Cl)cccc2Cl)c(=O)c2cnc(Nc3ccc(N4CCN(C)CC4)cc3)nc12
C=CCn1c(=O)c2cnc(Nc3ccc(N4CCN(C)CC4)cc3)nc2n1-c1ccc2c(n1)C(F)(F)CC2,1.6812412373755872,pharmabench_hlm,C=CCn1c(=O)c2cnc(Nc3ccc(N4CCN(C)CC4)cc3)nc2n1-c1ccc2c(n1)C(F)(F)CC2
CC(=O)N1CCC(NC(=O)c2ccc(Oc3ccc(C#C[C@]4(O)CN5CCC4CC5)cc3)cc2)CC1,0.3979400086720376,pharmabench_hlm,CC(=O)N1CCC(NC(=O)c2ccc(Oc3ccc(C#C[C@]4(O)CN5CCC4CC5)cc3)cc2)CC1
Cc1cc(C(=O)Nc2nc3cccc(Cl)c3n2[C@@H]2CCCCN(C(=O)/C=C/CN(C)C)C2)ccn1,1.5314789170422551,pharmabench_hlm,Cc1cc(C(=O)Nc2nc3cccc(Cl)c3n2[C@@H]2CCCCN(C(=O)/C=C/CN(C)C)C2)ccn1
CCOCCC1(Oc2ccc(-c3cccc(CNC(=O)c4nc5ccccc5c(=O)[nH]4)c3)cc2)C(=O)NC(=O)NC1=O,1.0791812460476249,pharmabench_hlm,CCOCCC1(Oc2ccc(-c3cccc(CNC(=O)c4nc5ccccc5c(=O)[nH]4)c3)cc2)C(=O)NC(=O)NC1=O
N[C@H]1CCCN(c2ccncc2Nc2ncc3ccc(-c4ccccc4Cl)nn23)C1,1.954242509439325,pharmabench_hlm,N[C@H]1CCCN(c2ccncc2Nc2ncc3ccc(-c4ccccc4Cl)nn23)C1
N[C@H]1CCN(c2ccncc2Nc2ncc3ccc(-c4c(F)cccc4F)nn23)C1,1.1760912590556811,pharmabench_hlm,N[C@H]1CCN(c2ccncc2Nc2ncc3ccc(-c4c(F)cccc4F)nn23)C1
C[C@H]1CCN(c2ccncc2Nc2ncc3ccc(-c4c(F)cccc4F)nn23)C[C@H]1N,2.113943352306837,pharmabench_hlm,C[C@H]1CCN(c2ccncc2Nc2ncc3ccc(-c4c(F)cccc4F)nn23)C[C@H]1N
Cn1c(SCCCN2CC[C@]3(C[C@@H]3c3ccc(C(F)(F)F)cc3)C2)nnc1-c1ccc(CC(N)=O)cc1,1.7634279935629371,pharmabench_hlm,Cn1c(SCCCN2CC[C@]3(C[C@@H]3c3ccc(C(F)(F)F)cc3)C2)nnc1-c1ccc(CC(N)=O)cc1
Cn1c(SCCCN2CC[C@]3(C[C@@H]3c3ccc(F)cc3F)C2)nnc1-c1cccnc1,2.4099331233312946,pharmabench_hlm,Cn1c(SCCCN2CC[C@]3(C[C@@H]3c3ccc(F)cc3F)C2)nnc1-c1cccnc1
Cn1c(SCCCN2CC[C@]3(C[C@@H]3c3ccc(C(F)(F)F)cc3)C2)nnc1-c1ccc(=O)n(C)c1,1.6127838567197357,pharmabench_hlm,Cn1c(SCCCN2CC[C@]3(C[C@@H]3c3ccc(C(F)(F)F)cc3)C2)nnc1-c1ccc(=O)n(C)c1
CC(C)c1c(-c2ccccc2)[nH]c2c(C#N)cnn2c1=O,0.7781512503836436,pharmabench_hlm,CC(C)c1c(-c2ccccc2)[nH]c2c(C#N)cnn2c1=O
CCNC(=O)Nc1ccc(-c2nccc([C@]34CCOC[C@H]3C4)n2)cc1,0.1760912590556812,pharmabench_hlm,CCNC(=O)Nc1ccc(-c2nccc([C@]34CCOC[C@H]3C4)n2)cc1
N[C@@H](CC(=O)NC1(c2nc3ccccc3s2)CCS(=O)(=O)CC1)Cc1ccccc1F,1.5390760987927767,pharmabench_hlm,N[C@@H](CC(=O)NC1(c2nc3ccccc3s2)CCS(=O)(=O)CC1)Cc1ccccc1F
Cc1cc(-c2cnc3cc(-c4ccc(C5COCCN5)cc4)ccn23)c2cc(F)cc(F)c2n1,2.143014800254095,pharmabench_hlm,Cc1cc(-c2cnc3cc(-c4ccc(C5COCCN5)cc4)ccn23)c2cc(F)cc(F)c2n1
COc1ccc(C2c3ccsc3CCN2C(=O)Nc2cccc(Cl)c2)cc1,1.3010299956639813,pharmabench_hlm,COc1ccc(C2c3ccsc3CCN2C(=O)Nc2cccc(Cl)c2)cc1
CCC(C(=O)Nc1ccc(Cl)cc1)N1CCC2(CCOc3cc(C(F)(F)F)ccc32)CC1,1.3424226808222062,pharmabench_hlm,CCC(C(=O)Nc1ccc(Cl)cc1)N1CCC2(CCOc3cc(C(F)(F)F)ccc32)CC1
COc1ccccc1-n1nc2c(c1C(C)C)[C@H](c1ccc(Cl)cc1C)N(c1cc(Cl)ccc1C)C2=O,5.060697840353612,pharmabench_hlm,COc1ccccc1-n1nc2c(c1C(C)C)[C@H](c1ccc(Cl)cc1C)N(c1cc(Cl)ccc1C)C2=O
C[C@@H](Oc1cccc2ncnc(Nc3ccc4c(cnn4Cc4nccs4)c3)c12)C(=O)N(C)C,2.164352855784437,pharmabench_hlm,C[C@@H](Oc1cccc2ncnc(Nc3ccc4c(cnn4Cc4nccs4)c3)c12)C(=O)N(C)C
CNC(=O)[C@@H](C)Oc1cccc2ncnc(Nc3ccc4c(cnn4Cc4ccccn4)c3)c12,1.4313637641589874,pharmabench_hlm,CNC(=O)[C@@H](C)Oc1cccc2ncnc(Nc3ccc4c(cnn4Cc4ccccn4)c3)c12
Cc1ccc2nc(N3CCS(=O)(=O)c4ccccc4C3)nc(NCC3(N)COC3)c2c1,1.1139433523068367,pharmabench_hlm,Cc1ccc2nc(N3CCS(=O)(=O)c4ccccc4C3)nc(NCC3(N)COC3)c2c1
CC(/C=C/C(=O)NO)=C\[C@@H](C)C(=O)c1ccc(N(C)C)cc1,2.0293837776852097,pharmabench_hlm,CC(/C=C/C(=O)NO)=C\[C@@H](C)C(=O)c1ccc(N(C)C)cc1
CC(C)NCC(O)COc1cccc2ccccc12,1.9030899869919435,pharmabench_hlm,CC(C)NCC(O)COc1cccc2ccccc12
Cc1ccc(-c2ncc(OCC3CCNCC3)cc2-c2ccc(C#N)cc2)cc1,1.1139433523068367,pharmabench_hlm,Cc1ccc(-c2ncc(OCC3CCNCC3)cc2-c2ccc(C#N)cc2)cc1
Cc1nc2c(-c3ccccc3S(C)(=O)=O)cnn2c(NCc2ccccn2)c1C,1.8701111553644008,pharmabench_hlm,Cc1nc2c(-c3ccccc3S(C)(=O)=O)cnn2c(NCc2ccccn2)c1C
COc1ccc2c(c1)NC(=O)CN2c1nc(Cl)nc2cccnc12,1.3053513694466237,pharmabench_hlm,COc1ccc2c(c1)NC(=O)CN2c1nc(Cl)nc2cccnc12
COc1ccc2c(c1)NC(=O)CN2c1nc(C)nc2c1CCC2,1.1139433523068367,pharmabench_hlm,COc1ccc2c(c1)NC(=O)CN2c1nc(C)nc2c1CCC2
O=C(c1cc(C(F)(F)F)no1)N1CCC(c2cc3ncccc3[nH]2)C1,1.8731002759733075,pharmabench_hlm,O=C(c1cc(C(F)(F)F)no1)N1CCC(c2cc3ncccc3[nH]2)C1
COCCOc1ccc2nc(C3(NC(=O)C[C@H](N)Cc4cc(F)c(F)cc4F)CCS(=O)(=O)CC3)sc2c1,1.66838591669,pharmabench_hlm,COCCOc1ccc2nc(C3(NC(=O)C[C@H](N)Cc4cc(F)c(F)cc4F)CCS(=O)(=O)CC3)sc2c1
COCCOc1ccc2nc(C3(NC(=O)C[C@H](N)Cc4cc(Cl)ccc4F)CCOCC3)sc2c1,1.534026106056135,pharmabench_hlm,COCCOc1ccc2nc(C3(NC(=O)C[C@H](N)Cc4cc(Cl)ccc4F)CCOCC3)sc2c1
O=C(c1ccccc1)N1CCC(O)(c2cc3ncccc3[nH]2)CC1,1.6036825187345358,pharmabench_hlm,O=C(c1ccccc1)N1CCC(O)(c2cc3ncccc3[nH]2)CC1
O=C1c2ccccc2CN1CCc1cc2ncccc2[nH]1,1.9582080987532169,pharmabench_hlm,O=C1c2ccccc2CN1CCc1cc2ncccc2[nH]1
COC(=O)c1ccc2c(c1)NC(=O)/C2=C(\Nc1ccc(N(C)C(=O)CN2CCN(C)CC2)cc1)c1ccccc1,1.802773725291976,pharmabench_hlm,COC(=O)c1ccc2c(c1)NC(=O)/C2=C(\Nc1ccc(N(C)C(=O)CN2CCN(C)CC2)cc1)c1ccccc1
O=C(N[C@H]1CN(S(=O)(=O)c2ccccc2)C[C@@H]1C(=O)N[C@H]1CCCNC1)c1nnc(-c2ccc(F)cc2)s1,0.9444826721501688,pharmabench_hlm,O=C(N[C@H]1CN(S(=O)(=O)c2ccccc2)C[C@@H]1C(=O)N[C@H]1CCCNC1)c1nnc(-c2ccc(F)cc2)s1
Cc1cc(-c2cnc3cc(-c4ccc(C5CNCCN5)cc4)ccn23)c2cc(F)ccc2n1,1.515873843711679,pharmabench_hlm,Cc1cc(-c2cnc3cc(-c4ccc(C5CNCCN5)cc4)ccn23)c2cc(F)ccc2n1
Cc1c(Cc2ccc(OC(C)C)cc2)c(O[C@@H]2O[C@H](CO)[C@@H](O)[C@H](O)[C@H]2O)nn1C(C)C,-0.0705810742857072,pharmabench_hlm,Cc1c(Cc2ccc(OC(C)C)cc2)c(O[C@@H]2O[C@H](CO)[C@@H](O)[C@H](O)[C@H]2O)nn1C(C)C
O=c1[nH]nc(-c2ccc(Cl)c(C(F)(F)F)c2)s1,0.8750612633917001,pharmabench_hlm,O=c1[nH]nc(-c2ccc(Cl)c(C(F)(F)F)c2)s1
CNC(=O)c1nn(C)c2ccc(Nc3nccc(-n4cc(NC5CNC5)c(C)n4)n3)cc12,0.9030899869919436,pharmabench_hlm,CNC(=O)c1nn(C)c2ccc(Nc3nccc(-n4cc(NC5CNC5)c(C)n4)n3)cc12
C[C@H](C(=O)Nc1ccc(Cl)cc1)[C@H]1CC[C@]2(CC1)COc1nc(C(F)(F)F)ccc12,0.2041199826559248,pharmabench_hlm,C[C@H](C(=O)Nc1ccc(Cl)cc1)[C@H]1CC[C@]2(CC1)COc1nc(C(F)(F)F)ccc12
CC(C(=O)Nc1ccc(Cl)cc1)N1CCC2(CCc3ccccc32)CC1,2.513217600067939,pharmabench_hlm,CC(C(=O)Nc1ccc(Cl)cc1)N1CCC2(CCc3ccccc32)CC1
Cc1ccc(OCCCc2nc3cc(Cl)cnc3[nH]2)cc1Cl,2.5171958979499744,pharmabench_hlm,Cc1ccc(OCCCc2nc3cc(Cl)cnc3[nH]2)cc1Cl
Cc1cnc(NC(=O)CCCOc2ccc(Cl)c(C)c2)s1,2.2430380486862944,pharmabench_hlm,Cc1cnc(NC(=O)CCCOc2ccc(Cl)c(C)c2)s1
CCOc1nc(Nc2ccc(C(=O)N3CCOCC3)cc2OC)nc2[nH]ccc12,0.041392685158225,pharmabench_hlm,CCOc1nc(Nc2ccc(C(=O)N3CCOCC3)cc2OC)nc2[nH]ccc12
CC[C@H]1Cc2[nH]nc(-c3ccccc3)c2CN1C(=O)Nc1cccc(Cl)c1,1.3424226808222062,pharmabench_hlm,CC[C@H]1Cc2[nH]nc(-c3ccccc3)c2CN1C(=O)Nc1cccc(Cl)c1
CC1=C(c2cccnc2)[C@H](c2ccc(OCCN3CC(CF)C3)cc2)Oc2ccc(O)cc21,1.2787536009528289,pharmabench_hlm,CC1=C(c2cccnc2)[C@H](c2ccc(OCCN3CC(CF)C3)cc2)Oc2ccc(O)cc21
N#Cc1cc(C(=O)NCCCN2CCCC2)cc(-c2ccccc2N2CCN(CCc3ccc(Cl)c(Cl)c3)CC2)c1,1.863322860120456,pharmabench_hlm,N#Cc1cc(C(=O)NCCCN2CCCC2)cc(-c2ccccc2N2CCN(CCc3ccc(Cl)c(Cl)c3)CC2)c1
O=C(Nc1ccc(Oc2ccc(F)cc2)nc1)N1CCc2ncccc2[C@@H]1c1ccc(F)cc1,0.52283531366053,pharmabench_hlm,O=C(Nc1ccc(Oc2ccc(F)cc2)nc1)N1CCc2ncccc2[C@@H]1c1ccc(F)cc1
O=C(c1ccc(-c2nc3ccccc3o2)cc1)N1CCN(C(=O)C2(O)CC2)CC1,0.8450980400142568,pharmabench_hlm,O=C(c1ccc(-c2nc3ccccc3o2)cc1)N1CCN(C(=O)C2(O)CC2)CC1
O=C1[C@@H](Cc2n[nH]c3ccccc23)c2nnc(-c3ccccc3)n2-c2ccccc2N1CC(=O)N1CCCCC1Cc1ccccc1,5.927370363039024,pharmabench_hlm,O=C1[C@@H](Cc2n[nH]c3ccccc23)c2nnc(-c3ccccc3)n2-c2ccccc2N1CC(=O)N1CCCCC1Cc1ccccc1
CC(C)(C)OC(=O)N1CCCC(c2cn3nc(Cl)ccc3n2)C1,2.267547172110773,pharmabench_hlm,CC(C)(C)OC(=O)N1CCCC(c2cn3nc(Cl)ccc3n2)C1
O=C(NCC1CCC(F)(F)CC1)c1c(Cl)ccc2nc(N3CCC(CCO)C3)ccc12,1.505149978319906,pharmabench_hlm,O=C(NCC1CCC(F)(F)CC1)c1c(Cl)ccc2nc(N3CCC(CCO)C3)ccc12
Cc1cc(C(=O)Nc2nc3cccc(C)c3n2[C@@H]2CCCCN(C(=O)/C=C/CN(C)C)C2)ccn1,1.414973347970818,pharmabench_hlm,Cc1cc(C(=O)Nc2nc3cccc(C)c3n2[C@@H]2CCCCN(C(=O)/C=C/CN(C)C)C2)ccn1
C[C@@H]1CCOc2ccccc2C(=O)Nc2cccc(n2)-c2nncn2C1,1.5314789170422551,pharmabench_hlm,C[C@@H]1CCOc2ccccc2C(=O)Nc2cccc(n2)-c2nncn2C1
Cc1cn(-c2ccc3n(c2=O)CCN(CC2CCOc4ccc(C(F)(F)F)cc42)C3=O)cn1,1.575187844927661,pharmabench_hlm,Cc1cn(-c2ccc3n(c2=O)CCN(CC2CCOc4ccc(C(F)(F)F)cc42)C3=O)cn1
Cn1cc2c3c(c[nH]c3c1=O)CN(CC1CC1)c1ccc(CS(C)(=O)=O)cc1-2,2.263233538439489,pharmabench_hlm,Cn1cc2c3c(c[nH]c3c1=O)CN(CC1CC1)c1ccc(CS(C)(=O)=O)cc1-2
O=C(CN1CC[C@@H](NC(=O)c2ccc(Cl)s2)C1)Nc1ccc(-n2ccccc2=O)cc1F,1.1818435879447726,pharmabench_hlm,O=C(CN1CC[C@@H](NC(=O)c2ccc(Cl)s2)C1)Nc1ccc(-n2ccccc2=O)cc1F
CCCc1nc(C)c2c(C)nc3scnc3n12,0.6020599913279624,pharmabench_hlm,CCCc1nc(C)c2c(C)nc3scnc3n12
Cc1cc(C)cc(C[C@H]2CCCCN2C(=O)CN2C(=O)[C@@H](Cc3n[nH]c4ccccc34)c3nnc(-c4ccccc4)n3-c3ccccc32)c1,6.361727836017593,pharmabench_hlm,Cc1cc(C)cc(C[C@H]2CCCCN2C(=O)CN2C(=O)[C@@H](Cc3n[nH]c4ccccc34)c3nnc(-c4ccccc4)n3-c3ccccc32)c1
COc1ccccc1C1(N2CCN(c3cccnc3)CC2)C(=O)N(S(=O)(=O)c2cccc3cccnc23)c2ccc(Cl)cc21,2.556302500767288,pharmabench_hlm,COc1ccccc1C1(N2CCN(c3cccnc3)CC2)C(=O)N(S(=O)(=O)c2cccc3cccnc23)c2ccc(Cl)cc21
CCOc1nc(Cl)ccc1C1(N2CCN(c3ccnc(C)c3)CC2)C(=O)N(S(=O)(=O)c2ccc(OC)cn2)c2ccc(C#N)cc21,0.8450980400142568,pharmabench_hlm,CCOc1nc(Cl)ccc1C1(N2CCN(c3ccnc(C)c3)CC2)C(=O)N(S(=O)(=O)c2ccc(OC)cn2)c2ccc(C#N)cc21
COC(=O)[C@@]12C[C@@H]1[C@@H](n1cnc3c(NC(C4CC4)C4CC4)nc(Cl)nc31)[C@H](O)[C@@H]2O,-0.1135092748275181,pharmabench_hlm,COC(=O)[C@@]12C[C@@H]1[C@@H](n1cnc3c(NC(C4CC4)C4CC4)nc(Cl)nc31)[C@H](O)[C@@H]2O
CCC1=C(c2cccc(O)c2)[C@H](c2ccc(OCCN3CC(CF)C3)cc2)Oc2ccc(O)cc21,1.0791812460476249,pharmabench_hlm,CCC1=C(c2cccc(O)c2)[C@H](c2ccc(OCCN3CC(CF)C3)cc2)Oc2ccc(O)cc21
COc1ccc(S(=O)(=O)N2C(=O)C(c3cccnc3OC)(N3CCN(C)C(=O)[C@H]3C)c3cc(Cl)ccc32)c(OC)c1,1.7075701760979365,pharmabench_hlm,COc1ccc(S(=O)(=O)N2C(=O)C(c3cccnc3OC)(N3CCN(C)C(=O)[C@H]3C)c3cc(Cl)ccc32)c(OC)c1
COc1ccc(S(=O)(=O)N2C(=O)C(c3cccnc3OC)(N3CCN(c4cccnc4)CC3)c3cc(Cl)ccc32)c(OC)c1,1.2787536009528289,pharmabench_hlm,COc1ccc(S(=O)(=O)N2C(=O)C(c3cccnc3OC)(N3CCN(c4cccnc4)CC3)c3cc(Cl)ccc32)c(OC)c1
CCOc1ccc(OC)cc1C1(N2CCN(c3ccncc3)CC2)C(=O)N(S(=O)(=O)c2ccc(F)c3cccnc23)c2ccc(C#N)cc21,2.1172712956557644,pharmabench_hlm,CCOc1ccc(OC)cc1C1(N2CCN(c3ccncc3)CC2)C(=O)N(S(=O)(=O)c2ccc(F)c3cccnc23)c2ccc(C#N)cc21
CC[C@@H]1CN2CCc3c([nH]c4cccc(OC)c34)[C@@H]2C[C@@H]1/C(=C\OC)C(=O)OC,1.4941545940184429,pharmabench_hlm,CC[C@@H]1CN2CCc3c([nH]c4cccc(OC)c34)[C@@H]2C[C@@H]1/C(=C\OC)C(=O)OC
O=C(Nc1ccnnc1)c1cc(N2C[C@H]3COC[C@H]3C2)ccc1OCc1ccccc1,0.6334684555795865,pharmabench_hlm,O=C(Nc1ccnnc1)c1cc(N2C[C@H]3COC[C@H]3C2)ccc1OCc1ccccc1
CC(C)c1ccc2c(c1)CC[C@H]1[C@](C)(CNS(=O)(=O)c3c(F)c(F)c(F)c(F)c3F)CCC[C@]21C,1.3486941902655412,pharmabench_hlm,CC(C)c1ccc2c(c1)CC[C@H]1[C@](C)(CNS(=O)(=O)c3c(F)c(F)c(F)c(F)c3F)CCC[C@]21C
CCNC(=O)c1cc2c(-c3cc(S(C)(=O)=O)ccc3Nc3c(C)cccc3C)cn(C)c(=O)c2[nH]1,2.066959197867122,pharmabench_hlm,CCNC(=O)c1cc2c(-c3cc(S(C)(=O)=O)ccc3Nc3c(C)cccc3C)cn(C)c(=O)c2[nH]1
CCNC(=O)c1cc2c(-c3cc(C(C)(C)O)ccc3Oc3c(C)cccc3C)cn(C)c(=O)c2[nH]1,2.790052821214746,pharmabench_hlm,CCNC(=O)c1cc2c(-c3cc(C(C)(C)O)ccc3Oc3c(C)cccc3C)cn(C)c(=O)c2[nH]1
CCNC(=O)c1cc2c(-c3cc(NS(=O)(=O)CC)ccc3Oc3c(C)cccc3C)cn(C)c(=O)c2[nH]1,2.263233538439489,pharmabench_hlm,CCNC(=O)c1cc2c(-c3cc(NS(=O)(=O)CC)ccc3Oc3c(C)cccc3C)cn(C)c(=O)c2[nH]1
CCNC(=O)c1cc2c(-c3cc(NS(=O)(=O)CC)ccc3Oc3c(C)cc(F)cc3C)cn(C)c(=O)c2[nH]1,2.500606922065987,pharmabench_hlm,CCNC(=O)c1cc2c(-c3cc(NS(=O)(=O)CC)ccc3Oc3c(C)cc(F)cc3C)cn(C)c(=O)c2[nH]1
Cc1cc(F)cc(C)c1Oc1ccc(C(C)(C)O)cc1-c1cn(C)c(=O)c2[nH]c(C(=O)NC3CC3)cc12,2.903089986991944,pharmabench_hlm,Cc1cc(F)cc(C)c1Oc1ccc(C(C)(C)O)cc1-c1cn(C)c(=O)c2[nH]c(C(=O)NC3CC3)cc12
CCN1CCCN(c2ncc(-c3ccc4c(Nc5cnccn5)ccnc4c3C)cn2)CC1,2.204119982655925,pharmabench_hlm,CCN1CCCN(c2ncc(-c3ccc4c(Nc5cnccn5)ccnc4c3C)cn2)CC1
CC(=O)c1ccc(N(C)S(=O)(=O)c2cccc(C(=O)Nc3ccc(C#N)cc3)c2)cc1,1.146128035678238,pharmabench_hlm,CC(=O)c1ccc(N(C)S(=O)(=O)c2cccc(C(=O)Nc3ccc(C#N)cc3)c2)cc1
COc1cc2c(cc1N1C[C@@H](C)N[C@@H](C)C1)N(C(=O)c1ccc(-c3cccc(C)n3)c3ccccc13)CC2,1.146128035678238,pharmabench_hlm,COc1cc2c(cc1N1C[C@@H](C)N[C@@H](C)C1)N(C(=O)c1ccc(-c3cccc(C)n3)c3ccccc13)CC2
COc1ccc(C(CN(C)C)C2(O)CCCCC2)cc1,1.7708520116421442,pharmabench_hlm,COc1ccc(C(CN(C)C)C2(O)CCCCC2)cc1
O=c1c(O)c(-c2ccc(O)cc2)oc2cc(O)cc(O)c12,2.429752280002408,pharmabench_hlm,O=c1c(O)c(-c2ccc(O)cc2)oc2cc(O)cc(O)c12
c1ccc(C2(c3ccccc3)CC2C2=NCCN2)cc1,1.4471580313422192,pharmabench_hlm,c1ccc(C2(c3ccccc3)CC2C2=NCCN2)cc1
O=C(Nc1cccc(-c2nc3ccccc3[nH]2)c1)c1ccc2c(c1)OCCO2,-0.5030703519267851,pharmabench_hlm,O=C(Nc1cccc(-c2nc3ccccc3[nH]2)c1)c1ccc2c(c1)OCCO2
CCP(=O)(OC)c1ccc2nc(-c3ccc4ccccc4c3)oc2c1,1.1986570869544226,pharmabench_hlm,CCP(=O)(OC)c1ccc2nc(-c3ccc4ccccc4c3)oc2c1
C[C@H]1C[C@H]2CC(F)(F)C(N)=N[C@@]2(c2cc(NC(=O)c3cnc(OCF)cn3)ccc2F)CO1,2.0755469613925306,pharmabench_hlm,C[C@H]1C[C@H]2CC(F)(F)C(N)=N[C@@]2(c2cc(NC(=O)c3cnc(OCF)cn3)ccc2F)CO1
COc1nn(C)cc1C(=O)Nc1cccc(-c2nncn2C(C)C)n1,1.146128035678238,pharmabench_hlm,COc1nn(C)cc1C(=O)Nc1cccc(-c2nncn2C(C)C)n1
COCCc1sc(S(=O)(=O)NC(=O)Nc2cc(C(F)(F)F)c(F)c(N)n2)cc1C,1.0,pharmabench_hlm,COCCc1sc(S(=O)(=O)NC(=O)Nc2cc(C(F)(F)F)c(F)c(N)n2)cc1C
OC(CC1c2c(F)cccc2-c2cncn21)C1CCCCC1,1.2766915288450398,pharmabench_hlm,OC(CC1c2c(F)cccc2-c2cncn21)C1CCCCC1
OC(CC1c2ccccc2-c2cncn21)C1CCC(F)(F)CC1,1.1643528557844371,pharmabench_hlm,OC(CC1c2ccccc2-c2cncn21)C1CCC(F)(F)CC1
OC1CCC(C(O)CC2c3c(F)cccc3-c3cncn32)CC1,0.608526033577194,pharmabench_hlm,OC1CCC(C(O)CC2c3c(F)cccc3-c3cncn32)CC1
CCNC(=O)c1cc2c(-c3cc(S(=O)(=O)CC)ccc3Oc3ccccc3Cl)cn(C)c(=O)c2[nH]1,2.3010299956639813,pharmabench_hlm,CCNC(=O)c1cc2c(-c3cc(S(=O)(=O)CC)ccc3Oc3ccccc3Cl)cn(C)c(=O)c2[nH]1
CCNC(=O)c1cc2c(-c3cc(S(=O)(=O)CC)ccc3Oc3ccccc3C(C)(C)C)cn(C)c(=O)c2[nH]1,3.208621379334218,pharmabench_hlm,CCNC(=O)c1cc2c(-c3cc(S(=O)(=O)CC)ccc3Oc3ccccc3C(C)(C)C)cn(C)c(=O)c2[nH]1
CCNC(=O)c1cc2c(-c3cc(S(=O)(=O)CC)ccc3Oc3c(C)cccc3C#N)cn(C)c(=O)c2[nH]1,2.834630487821257,pharmabench_hlm,CCNC(=O)c1cc2c(-c3cc(S(=O)(=O)CC)ccc3Oc3c(C)cccc3C#N)cn(C)c(=O)c2[nH]1
O=C(NCc1ccccc1)c1nnc(N[C@@H]2CCN(c3nccnn3)C2)s1,0.4771212547196624,pharmabench_hlm,O=C(NCc1ccccc1)c1nnc(N[C@@H]2CCN(c3nccnn3)C2)s1
CC(C)c1cc(C(=O)N2CCC(O)(c3cc4ncccc4[nH]3)CC2)on1,1.495645607489728,pharmabench_hlm,CC(C)c1cc(C(=O)N2CCC(O)(c3cc4ncccc4[nH]3)CC2)on1
CCN(C(=O)CCc1nc2ncccc2[nH]1)c1ccccc1,1.6192091159639823,pharmabench_hlm,CCN(C(=O)CCc1nc2ncccc2[nH]1)c1ccccc1
Cc1ccc(C(=O)Nc2cn3ncnc3c(CN3CCN(C(=O)C(C)C)[C@@H](C)C3)c2C)cn1,2.380211241711606,pharmabench_hlm,Cc1ccc(C(=O)Nc2cn3ncnc3c(CN3CCN(C(=O)C(C)C)[C@@H](C)C3)c2C)cn1
C=CC(=O)N1CCN2c3c(cnc4cc(-c5c(C)ccc6[nH]ncc56)c(Cl)cc34)OCC[C@@H]2C1,1.9084850188786493,pharmabench_hlm,C=CC(=O)N1CCN2c3c(cnc4cc(-c5c(C)ccc6[nH]ncc56)c(Cl)cc34)OCC[C@@H]2C1
C=CC(=O)N1CCN2c3c(cnc4c(F)c(-c5c(O)cccc5F)c(Cl)cc34)N(C)C(=O)[C@H]2C1,1.3222192947339193,pharmabench_hlm,C=CC(=O)N1CCN2c3c(cnc4c(F)c(-c5c(O)cccc5F)c(Cl)cc34)N(C)C(=O)[C@H]2C1
O=c1c2c([nH]n1Cc1ccccc1)CCNCC2,4.113943352306837,pharmabench_hlm,O=c1c2c([nH]n1Cc1ccccc1)CCNCC2
Cn1cc(Cn2c(=O)c3cc(S(=O)(=O)NC4(C)CC4)ccc3n(CC3CC3)c2=O)cn1,1.9084850188786493,pharmabench_hlm,Cn1cc(Cn2c(=O)c3cc(S(=O)(=O)NC4(C)CC4)ccc3n(CC3CC3)c2=O)cn1
c1cnc(Nc2ccnc3cc(-c4cnc(N5CCNCC5)nc4)ccc23)cn1,1.4771212547196624,pharmabench_hlm,c1cnc(Nc2ccnc3cc(-c4cnc(N5CCNCC5)nc4)ccc23)cn1
CN1C[C@H]2C[C@@H]1CN2c1ncc(-c2ccc3c(Nc4cnccn4)ccnc3c2)cn1,1.6127838567197357,pharmabench_hlm,CN1C[C@H]2C[C@@H]1CN2c1ncc(-c2ccc3c(Nc4cnccn4)ccnc3c2)cn1
CN1CC2(CCN(c3ncc(-c4ccc5c(Nc6cnccn6)ccnc5c4)cn3)C2)C1,1.6334684555795864,pharmabench_hlm,CN1CC2(CCN(c3ncc(-c4ccc5c(Nc6cnccn6)ccnc5c4)cn3)C2)C1
CS(=O)(=O)N1CCC(NC(=O)c2ccc(Oc3ccc(C#C[C@]4(O)CN5CCC4CC5)cc3)cc2)CC1,0.4623979978989561,pharmabench_hlm,CS(=O)(=O)N1CCC(NC(=O)c2ccc(Oc3ccc(C#C[C@]4(O)CN5CCC4CC5)cc3)cc2)CC1
CS(=O)(=O)c1cccc(CNC(=O)c2ccc(Oc3ccc(C#C[C@]4(O)CN5CCC4CC5)cc3)cc2)c1,1.0969100130080565,pharmabench_hlm,CS(=O)(=O)c1cccc(CNC(=O)c2ccc(Oc3ccc(C#C[C@]4(O)CN5CCC4CC5)cc3)cc2)c1
COc1cc2ccc(Br)cc2cc1[C@@H](c1ccccc1)[C@@](O)(CCN(C)C)c1cccc2ccsc12,1.3222192947339193,pharmabench_hlm,COc1cc2ccc(Br)cc2cc1[C@@H](c1ccccc1)[C@@](O)(CCN(C)C)c1cccc2ccsc12
COc1cc2ccc(Br)cc2cc1[C@@H](c1ccccc1)[C@@](O)(CCN(C)C)c1cccc2c1CCC2,1.1139433523068367,pharmabench_hlm,COc1cc2ccc(Br)cc2cc1[C@@H](c1ccccc1)[C@@](O)(CCN(C)C)c1cccc2c1CCC2
COc1cc2ccc(Br)cc2cc1[C@@H](c1ccnc(OC)c1OC)[C@@](O)(CCN(C)C)c1cccc2occc12,1.0791812460476249,pharmabench_hlm,COc1cc2ccc(Br)cc2cc1[C@@H](c1ccnc(OC)c1OC)[C@@](O)(CCN(C)C)c1cccc2occc12
COc1ccc(N(C)c2nc(C)nc3ccccc23)cc1,1.714329759745233,pharmabench_hlm,COc1ccc(N(C)c2nc(C)nc3ccccc23)cc1
O=C(c1ccc(F)cc1)N1CCCC(c2cc3ncccc3[nH]2)C1,1.599561933753104,pharmabench_hlm,O=C(c1ccc(F)cc1)N1CCCC(c2cc3ncccc3[nH]2)C1
O=C(c1cc(C(F)(F)F)no1)N1CCCC(c2cc3ncccc3[nH]2)C1,2.3862248510135293,pharmabench_hlm,O=C(c1cc(C(F)(F)F)no1)N1CCCC(c2cc3ncccc3[nH]2)C1
O=C(c1ccccc1)N1CCCC(c2cc3ncccc3[nH]2)C1,1.49084424023899,pharmabench_hlm,O=C(c1ccccc1)N1CCCC(c2cc3ncccc3[nH]2)C1
COc1cc(C(=O)N2CCCC(c3cc4ncccc4[nH]3)C2)on1,1.664472052342593,pharmabench_hlm,COc1cc(C(=O)N2CCCC(c3cc4ncccc4[nH]3)C2)on1
O=C(c1ccc(F)cc1)N1CCCC(c2cc3nc(C(F)(F)F)ccc3[nH]2)C1,1.9799777750219805,pharmabench_hlm,O=C(c1ccc(F)cc1)N1CCCC(c2cc3nc(C(F)(F)F)ccc3[nH]2)C1
N#Cc1cnc2cc(C3CCCN(C(=O)c4cc(C(F)(F)F)no4)C3)[nH]c2c1,1.6100455411001429,pharmabench_hlm,N#Cc1cnc2cc(C3CCCN(C(=O)c4cc(C(F)(F)F)no4)C3)[nH]c2c1
O=C(c1cc(C(F)(F)F)no1)N1CCCC(c2cc3ncc(Br)cc3[nH]2)C1,2.1147170978589447,pharmabench_hlm,O=C(c1cc(C(F)(F)F)no1)N1CCCC(c2cc3ncc(Br)cc3[nH]2)C1
C=CCn1c(=O)c2cnc(Nc3ccc(N4CCN(C)CC4)cc3)nc2n1-c1ccc2c(n1)[C@@](C)(O)CO2,1.230448921378274,pharmabench_hlm,C=CCn1c(=O)c2cnc(Nc3ccc(N4CCN(C)CC4)cc3)nc2n1-c1ccc2c(n1)[C@@](C)(O)CO2
C=CCn1c(=O)c2cnc(Nc3ccc(N4CCN(C)CC4)cc3)nc2n1-c1ccc2c(c1)[C@@](C)(O)CC2,1.414973347970818,pharmabench_hlm,C=CCn1c(=O)c2cnc(Nc3ccc(N4CCN(C)CC4)cc3)nc2n1-c1ccc2c(c1)[C@@](C)(O)CC2
C=CCn1c(=O)c2cnc(Nc3ccc(N4CCN(C)CC4)cc3)nc2n1-c1ccc2c(n1)C(O)(CC)CC2,1.6020599913279625,pharmabench_hlm,C=CCn1c(=O)c2cnc(Nc3ccc(N4CCN(C)CC4)cc3)nc2n1-c1ccc2c(n1)C(O)(CC)CC2
O=C(NCC1CCC(F)(F)CC1)c1c(Cl)ccc2nc(N3CC[C@@H](F)C3)ccc12,1.0791812460476249,pharmabench_hlm,O=C(NCC1CCC(F)(F)CC1)c1c(Cl)ccc2nc(N3CC[C@@H](F)C3)ccc12
C[C@@H]1CCC[C@@](O)(CNC(=O)c2c(Cl)ccc3nc(N4CCC(N(C)C)C4)ccc23)C1,1.6434526764861874,pharmabench_hlm,C[C@@H]1CCC[C@@](O)(CNC(=O)c2c(Cl)ccc3nc(N4CCC(N(C)C)C4)ccc23)C1
Cc1cccc2nc(NC(=O)c3cccc(C(F)(F)F)c3)n([C@@H]3CCCCN(C(=O)/C=C/CN(C)C)C3)c12,1.6901960800285136,pharmabench_hlm,Cc1cccc2nc(NC(=O)c3cccc(C(F)(F)F)c3)n([C@@H]3CCCCN(C(=O)/C=C/CN(C)C)C3)c12
O=C(NCc1cccc(-c2ccc(CS(=O)(=O)Cc3n[nH]c(=O)[nH]3)cc2)c1)c1nc2ccccc2c(=O)[nH]1,0.8450980400142568,pharmabench_hlm,O=C(NCc1cccc(-c2ccc(CS(=O)(=O)Cc3n[nH]c(=O)[nH]3)cc2)c1)c1nc2ccccc2c(=O)[nH]1
NCCNc1cc(N2CCCc3ccccc3C2)nc2ccccc12,1.0,pharmabench_hlm,NCCNc1cc(N2CCCc3ccccc3C2)nc2ccccc12
Cc1ccc2nc(N3CCCc4ccc(F)cc4C3)cc(NCC3(N)COC3)c2c1,1.230448921378274,pharmabench_hlm,Cc1ccc2nc(N3CCCc4ccc(F)cc4C3)cc(NCC3(N)COC3)c2c1
CCn1cncc1-c1c[nH]c2ccc(OC)cc12,0.5670263661590603,pharmabench_hlm,CCn1cncc1-c1c[nH]c2ccc(OC)cc12
COc1ccc([C@@H](Oc2ccc3c(cnn3-c3ccc(F)cc3)c2)[C@H](C)NC(=O)C2CC2)cn1,0.8633228601204559,pharmabench_hlm,COc1ccc([C@@H](Oc2ccc3c(cnn3-c3ccc(F)cc3)c2)[C@H](C)NC(=O)C2CC2)cn1
O=C(CF)CNC(=O)[C@H](Cc1ccccc1)NC(=O)c1cnnc2ccccc12,0.99563519459755,pharmabench_hlm,O=C(CF)CNC(=O)[C@H](Cc1ccccc1)NC(=O)c1cnnc2ccccc12
CCCc1nc(C)c2c(C)nc3sc(C)nc3n12,1.2041199826559248,pharmabench_hlm,CCCc1nc(C)c2c(C)nc3sc(C)nc3n12
COc1cc(F)cc2c1nnc1c2c(-c2cccnc2C)nn1C,0.6020599913279624,pharmabench_hlm,COc1cc(F)cc2c1nnc1c2c(-c2cccnc2C)nn1C
N#Cc1cc(S(=O)(=O)Nc2ccc(F)cn2)ccc1Oc1ccc(F)c(Cl)c1,2.2121876044039577,pharmabench_hlm,N#Cc1cc(S(=O)(=O)Nc2ccc(F)cn2)ccc1Oc1ccc(F)c(Cl)c1
O=S(=O)(Nc1cnc2ccccc2c1)c1ccccc1C(F)(F)F,2.184691430817599,pharmabench_hlm,O=S(=O)(Nc1cnc2ccccc2c1)c1ccccc1C(F)(F)F
C[C@@H]1C[C@H](N)CN(c2ccncc2Nc2ncc3ccc(-c4c(F)cccc4F)nn23)C1,1.8388490907372552,pharmabench_hlm,C[C@@H]1C[C@H](N)CN(c2ccncc2Nc2ncc3ccc(-c4c(F)cccc4F)nn23)C1
C[C@@H]1C[C@H](N)CN(c2ccncc2Nc2ncc3ccc(-c4ncccc4F)nn23)C1,1.5185139398778875,pharmabench_hlm,C[C@@H]1C[C@H](N)CN(c2ccncc2Nc2ncc3ccc(-c4ncccc4F)nn23)C1
N[C@@H]1CN(c2ccncc2Nc2ncc3ccc(-c4ncccc4F)nn23)C[C@H](N)[C@H]1O,1.3222192947339193,pharmabench_hlm,N[C@@H]1CN(c2ccncc2Nc2ncc3ccc(-c4ncccc4F)nn23)C[C@H](N)[C@H]1O
N#Cc1cc(NS(=O)(=O)c2ccccc2C(F)(F)F)ccc1C(F)(F)F,1.255272505103306,pharmabench_hlm,N#Cc1cc(NS(=O)(=O)c2ccccc2C(F)(F)F)ccc1C(F)(F)F
Cc1cn(-c2ccc3n(c2=O)CCN(C[C@@]24C[C@@H]2C(C)(C)Oc2ccc(OC(F)(F)F)cc24)C3=O)cn1,1.6273658565927327,pharmabench_hlm,Cc1cn(-c2ccc3n(c2=O)CCN(C[C@@]24C[C@@H]2C(C)(C)Oc2ccc(OC(F)(F)F)cc24)C3=O)cn1
O=C1Nc2cccc(n2)-c2nncn2CCCCOc2ccc(N3CCOCC3)cc21,1.1139433523068367,pharmabench_hlm,O=C1Nc2cccc(n2)-c2nncn2CCCCOc2ccc(N3CCOCC3)cc21
Cc1cn(-c2ccc3c(c2)C(=O)Nc2cccc(n2)-c2nncn2CCCCO3)cn1,1.0413926851582251,pharmabench_hlm,Cc1cn(-c2ccc3c(c2)C(=O)Nc2cccc(n2)-c2nncn2CCCCO3)cn1
CC(C)c1cn2c(NS(C)(=O)=O)nnc2cc1OCC12CC3CC(CC(C3)C1)C2,1.230448921378274,pharmabench_hlm,CC(C)c1cn2c(NS(C)(=O)=O)nnc2cc1OCC12CC3CC(CC(C3)C1)C2
O=S(=O)(Nc1cccc(F)n1)c1cc(F)c(O[C@H]2CCN(CC(F)(F)F)C[C@@H]2c2ccc(F)cc2)cc1F,1.0413926851582251,pharmabench_hlm,O=S(=O)(Nc1cccc(F)n1)c1cc(F)c(O[C@H]2CCN(CC(F)(F)F)C[C@@H]2c2ccc(F)cc2)cc1F
O=S(=O)(Nc1cscn1)c1cc(F)c(O[C@H]2CCN(CC(F)(F)F)C[C@@H]2c2ccc(F)c(F)c2)cc1F,1.146128035678238,pharmabench_hlm,O=S(=O)(Nc1cscn1)c1cc(F)c(O[C@H]2CCN(CC(F)(F)F)C[C@@H]2c2ccc(F)c(F)c2)cc1F
CCCCNC(=O)C[C@@H]1NC(=O)[C@H](C(C)C)NC(=O)[C@@H](CC(C)C)NC(=O)[C@H](CC(C)C)NC(=O)[C@H](Cc2c[nH]c3ccccc23)NC(=O)[C@@H](CCCN)NC1=O,0.2278867046136735,pharmabench_hlm,CCCCNC(=O)C[C@@H]1NC(=O)[C@H](C(C)C)NC(=O)[C@@H](CC(C)C)NC(=O)[C@H](CC(C)C)NC(=O)[C@H](Cc2c[nH]c3ccccc23)NC(=O)[C@@H](CCCN)NC1=O
C=CCn1c(=O)c2cnc(Nc3ccc(N4CCN(C)CC4)cc3)nc2n1-c1ccc2c(n1)[C@@](C)(O)CC2,1.255272505103306,pharmabench_hlm,C=CCn1c(=O)c2cnc(Nc3ccc(N4CCN(C)CC4)cc3)nc2n1-c1ccc2c(n1)[C@@](C)(O)CC2
CNC(=O)Nc1cc(Oc2ccccc2F)ccn1,1.462397997898956,pharmabench_hlm,CNC(=O)Nc1cc(Oc2ccccc2F)ccn1
N#Cc1cc(Oc2ccc(S(=O)(=O)Nc3ccc(F)cn3)cc2C#N)ccc1F,1.919078092376074,pharmabench_hlm,N#Cc1cc(Oc2ccc(S(=O)(=O)Nc3ccc(F)cn3)cc2C#N)ccc1F
CN[C@H]1CCCN(c2ccncc2Nc2ncc3ccc(-c4c(F)cccc4F)nn23)C1,1.8195439355418688,pharmabench_hlm,CN[C@H]1CCCN(c2ccncc2Nc2ncc3ccc(-c4c(F)cccc4F)nn23)C1
N[C@@H]1CN(c2ccncc2Nc2ncc3ccc(-c4c(F)cccc4F)nn23)CC[C@H]1F,2.646403726223069,pharmabench_hlm,N[C@@H]1CN(c2ccncc2Nc2ncc3ccc(-c4c(F)cccc4F)nn23)CC[C@H]1F
COc1ccc(CNC(=O)c2ccc(Oc3ccc(C#C[C@]4(O)CN5CCC4CC5)cc3)cc2)nc1,0.7481880270062004,pharmabench_hlm,COc1ccc(CNC(=O)c2ccc(Oc3ccc(C#C[C@]4(O)CN5CCC4CC5)cc3)cc2)nc1
O=C(NCc1ccnc2ccccc12)c1ccc(Oc2ccc(C#C[C@]3(O)CN4CCC3CC4)cc2)cc1,1.416640507338281,pharmabench_hlm,O=C(NCc1ccnc2ccccc12)c1ccc(Oc2ccc(C#C[C@]3(O)CN4CCC3CC4)cc2)cc1
O=C(NCc1ccncc1)c1ccc(Oc2ccc(C#C[C@]3(O)CN4CCC3CC4)cc2)cc1,1.0086001717619175,pharmabench_hlm,O=C(NCc1ccncc1)c1ccc(Oc2ccc(C#C[C@]3(O)CN4CCC3CC4)cc2)cc1
CCO[C@H]1CN(CC(=O)Nc2ccc(-n3ccccc3=O)cc2F)C[C@@H]1NC(=O)c1ccc(Cl)s1,1.8733206018153987,pharmabench_hlm,CCO[C@H]1CN(CC(=O)Nc2ccc(-n3ccccc3=O)cc2F)C[C@@H]1NC(=O)c1ccc(Cl)s1
C[C@@H](Oc1cccc2ncnc(Nc3ccc4c(cnn4Cc4cscn4)c3)c12)C(N)=O,1.3010299956639813,pharmabench_hlm,C[C@@H](Oc1cccc2ncnc(Nc3ccc4c(cnn4Cc4cscn4)c3)c12)C(N)=O
C[C@H](Oc1cccc2ncnc(Nc3ccc4c(cnn4Cc4ccccn4)c3)c12)C(=O)N1CCOCC1,1.3222192947339193,pharmabench_hlm,C[C@H](Oc1cccc2ncnc(Nc3ccc4c(cnn4Cc4ccccn4)c3)c12)C(=O)N1CCOCC1
C[C@@H](Oc1cccc2ncnc(Nc3ccc4c(cnn4Cc4ccccn4)c3)c12)C(N)=O,1.4313637641589874,pharmabench_hlm,C[C@@H](Oc1cccc2ncnc(Nc3ccc4c(cnn4Cc4ccccn4)c3)c12)C(N)=O
C[C@H](Oc1cccc2ncnc(Nc3ccc4c(cnn4Cc4ccccn4)c3)c12)C(=O)N(C)C,1.5185139398778875,pharmabench_hlm,C[C@H](Oc1cccc2ncnc(Nc3ccc4c(cnn4Cc4ccccn4)c3)c12)C(=O)N(C)C
O=S(=O)(Nc1cncc(C(F)(F)F)c1)c1ccccc1C(F)(F)F,1.0413926851582251,pharmabench_hlm,O=S(=O)(Nc1cncc(C(F)(F)F)c1)c1ccccc1C(F)(F)F
N[C@H]1CCCN(c2ccncc2Nc2ncc3ccc(-c4ccccc4F)nn23)C1,1.6812412373755872,pharmabench_hlm,N[C@H]1CCCN(c2ccncc2Nc2ncc3ccc(-c4ccccc4F)nn23)C1
Cc1cc(C)c(S(=O)(=O)N[C@@H](C)COc2cccc3c2cnn3-c2ccc(F)cc2)c(C)c1,2.1760912590556813,pharmabench_hlm,Cc1cc(C)c(S(=O)(=O)N[C@@H](C)COc2cccc3c2cnn3-c2ccc(F)cc2)c(C)c1
CCCCCS(=O)(=O)N[C@@H](C)[C@H](Oc1ccc2c(cnn2-c2ccc(F)cc2)c1)c1ccccc1,2.255272505103306,pharmabench_hlm,CCCCCS(=O)(=O)N[C@@H](C)[C@H](Oc1ccc2c(cnn2-c2ccc(F)cc2)c1)c1ccccc1
CCc1ccc([C@@H](Oc2ccc3c(cnn3-c3ccc(F)cc3)c2)[C@H](C)NC(=O)CO)cc1,1.9138138523837167,pharmabench_hlm,CCc1ccc([C@@H](Oc2ccc3c(cnn3-c3ccc(F)cc3)c2)[C@H](C)NC(=O)CO)cc1
O=C(Nc1ccnnc1)c1cc(N2CCC(F)CC2)ccc1OCc1ccccc1,0.7403626894942439,pharmabench_hlm,O=C(Nc1ccnnc1)c1cc(N2CCC(F)CC2)ccc1OCc1ccccc1
Cc1ccc(-c2nc(C)c3c(C)nc4scnc4n23)cn1,0.8450980400142568,pharmabench_hlm,Cc1ccc(-c2nc(C)c3c(C)nc4scnc4n23)cn1
O=C(NC1CCCCC1)c1ccc(Oc2ccc(C#C[C@]3(O)CN4CCC3CC4)cc2)cc1,0.4623979978989561,pharmabench_hlm,O=C(NC1CCCCC1)c1ccc(Oc2ccc(C#C[C@]3(O)CN4CCC3CC4)cc2)cc1
Cc1cc(Cn2c(=O)c3cc(S(=O)(=O)NC4(C)CC4)ccc3n(CC3CC3)c2=O)on1,1.9030899869919435,pharmabench_hlm,Cc1cc(Cn2c(=O)c3cc(S(=O)(=O)NC4(C)CC4)ccc3n(CC3CC3)c2=O)on1
C#CCn1c(=O)n(CC#N)c(=O)c2cc(S(=O)(=O)NC3(C)CC3)ccc21,1.0,pharmabench_hlm,C#CCn1c(=O)n(CC#N)c(=O)c2cc(S(=O)(=O)NC3(C)CC3)ccc21
CCOc1ccc(OC)cc1C1(N2CCN(c3ccncc3)CC2)C(=O)N(S(=O)(=O)c2ccc(OC)cc2OC)c2ccc(C#N)cc21,1.3617278360175928,pharmabench_hlm,CCOc1ccc(OC)cc1C1(N2CCN(c3ccncc3)CC2)C(=O)N(S(=O)(=O)c2ccc(OC)cc2OC)c2ccc(C#N)cc21
O=C(Cc1ccccc1)N1CCN(c2nc3ccccc3s2)CC1,2.211315474081214,pharmabench_hlm,O=C(Cc1ccccc1)N1CCN(c2nc3ccccc3s2)CC1
O=C(NCC1CCCC(F)(F)C1)c1c(Cl)ccc2nc(N3CC[C@@H](F)C3)ccc12,1.6127838567197357,pharmabench_hlm,O=C(NCC1CCCC(F)(F)C1)c1c(Cl)ccc2nc(N3CC[C@@H](F)C3)ccc12
O=C(c1ccccc1)N1CCCC(c2cn3nc(Cl)ccc3n2)C1,1.7554174628109362,pharmabench_hlm,O=C(c1ccccc1)N1CCCC(c2cn3nc(Cl)ccc3n2)C1
CC(C)(C)c1cc(C(=O)N2CCCC(c3cc4ncccc4[nH]3)C2)on1,2.3774397813299606,pharmabench_hlm,CC(C)(C)c1cc(C(=O)N2CCCC(c3cc4ncccc4[nH]3)C2)on1
Cc1c(-c2cnc(N3CCCNCC3)nc2)ccc2c(Nc3cnccn3)ccnc12,1.6127838567197357,pharmabench_hlm,Cc1c(-c2cnc(N3CCCNCC3)nc2)ccc2c(Nc3cnccn3)ccnc12
Cc1ncc(NC(=O)c2cccc(C(F)(F)F)c2)cc1-c1cnc(O)c(N2CCOCC2)c1,0.9731278535996988,pharmabench_hlm,Cc1ncc(NC(=O)c2cccc(C(F)(F)F)c2)cc1-c1cnc(O)c(N2CCOCC2)c1
O=C(CN(CC1CCC1)C(=O)c1ccc(-c2ccccn2)cc1)Nc1cc(F)cc(F)c1,0.3010299956639812,pharmabench_hlm,O=C(CN(CC1CCC1)C(=O)c1ccc(-c2ccccn2)cc1)Nc1cc(F)cc(F)c1
O=C(Nc1ccc(N2C(=O)CC3(CCCCC3)C2=O)c(Cl)c1)c1ccccn1,1.287801729930226,pharmabench_hlm,O=C(Nc1ccc(N2C(=O)CC3(CCCCC3)C2=O)c(Cl)c1)c1ccccn1
Cc1cccc(NC2CN(S(=O)(=O)c3cn(C)cn3)CC2c2ccccc2)c1,2.912046602271791,pharmabench_hlm,Cc1cccc(NC2CN(S(=O)(=O)c3cn(C)cn3)CC2c2ccccc2)c1
NC(=O)c1ccc2c(c1)[C@@H](O)[C@H]([C@H]1c3ccccc3-c3cncn31)CC2,0.8692317197309762,pharmabench_hlm,NC(=O)c1ccc2c(c1)[C@@H](O)[C@H]([C@H]1c3ccccc3-c3cncn31)CC2
Cc1nnc2ccc(C(=O)NC3CN(c4ncc(F)cc4Cl)C3)cc2c1C,1.8976270912904407,pharmabench_hlm,Cc1nnc2ccc(C(=O)NC3CN(c4ncc(F)cc4Cl)C3)cc2c1C
CCOC(=O)c1ccccc1C(=O)N1C[C@H](Oc2cc(C#N)ccn2)CC[C@H]1C,1.568201724066995,pharmabench_hlm,CCOC(=O)c1ccccc1C(=O)N1C[C@H](Oc2cc(C#N)ccn2)CC[C@H]1C
CCNC(=O)c1cc2c(-c3cc(S(=O)(=O)CC)ccc3Oc3ccc(F)cc3F)cn(C)c(=O)c2[nH]1,1.6989700043360187,pharmabench_hlm,CCNC(=O)c1cc2c(-c3cc(S(=O)(=O)CC)ccc3Oc3ccc(F)cc3F)cn(C)c(=O)c2[nH]1
CCNC(=O)c1cc2c(-c3cc(S(=O)(=O)CC)ccc3Oc3c(C)cccc3Cl)cn(C)c(=O)c2[nH]1,2.406540180433955,pharmabench_hlm,CCNC(=O)c1cc2c(-c3cc(S(=O)(=O)CC)ccc3Oc3c(C)cccc3Cl)cn(C)c(=O)c2[nH]1
CCNC(=O)c1cc2c(-c3cc(S(=O)(=O)CC)ccc3Oc3cc(C)cc(C)c3)cn(C)c(=O)c2[nH]1,2.726996013587268,pharmabench_hlm,CCNC(=O)c1cc2c(-c3cc(S(=O)(=O)CC)ccc3Oc3cc(C)cc(C)c3)cn(C)c(=O)c2[nH]1
CCNC(=O)c1cc2c(-c3ccccc3Cc3c(C)cccc3C)cn(C)c(=O)c2[nH]1,3.7269984565021264,pharmabench_hlm,CCNC(=O)c1cc2c(-c3ccccc3Cc3c(C)cccc3C)cn(C)c(=O)c2[nH]1
CCNC(=O)c1ccc(Oc2c(C)cccc2C)c(-c2cn(C)c(=O)c3[nH]c(C(=O)NCC)cc23)c1,2.335798783325365,pharmabench_hlm,CCNC(=O)c1ccc(Oc2c(C)cccc2C)c(-c2cn(C)c(=O)c3[nH]c(C(=O)NCC)cc23)c1
Cc1cc(F)cc(C)c1Oc1ccc(C(C)(C)O)cc1-c1cn(C)c(=O)c2[nH]c(C(=O)NC3(C)CC3(F)F)cc12,3.0479248487166863,pharmabench_hlm,Cc1cc(F)cc(C)c1Oc1ccc(C(C)(C)O)cc1-c1cn(C)c(=O)c2[nH]c(C(=O)NC3(C)CC3(F)F)cc12
N#C[C@H]1CCOC[C@@H]1n1cc(C(N)=O)c(Nc2ccnc(F)c2)n1,0.1760912590556812,pharmabench_hlm,N#C[C@H]1CCOC[C@@H]1n1cc(C(N)=O)c(Nc2ccnc(F)c2)n1
COc1cc(Nc2nn([C@H]3COCC[C@@H]3C#N)cc2C(N)=O)cc(F)n1,0.3010299956639812,pharmabench_hlm,COc1cc(Nc2nn([C@H]3COCC[C@@H]3C#N)cc2C(N)=O)cc(F)n1
CC(C)C1CCCCN1C(=O)CN1C(=O)C(Cc2c[nH]c3ccccc23)c2nnc(-c3ccccc3)n2-c2ccccc21,5.342422680822207,pharmabench_hlm,CC(C)C1CCCCN1C(=O)CN1C(=O)C(Cc2c[nH]c3ccccc23)c2nnc(-c3ccccc3)n2-c2ccccc21
COc1ccc(CN([C@@H]2CC(F)(F)CCNC2=O)S(=O)(=O)c2ccc(Cl)cc2)c(F)c1,1.1139433523068367,pharmabench_hlm,COc1ccc(CN([C@@H]2CC(F)(F)CCNC2=O)S(=O)(=O)c2ccc(Cl)cc2)c(F)c1
Cc1ccc(C(=O)Nc2cc(F)cc(CN3CCN(C(=O)C4CCCC4)[C@@H](C)C3)c2C)cn1,1.944482672150169,pharmabench_hlm,Cc1ccc(C(=O)Nc2cc(F)cc(CN3CCN(C(=O)C4CCCC4)[C@@H](C)C3)c2C)cn1
Cc1ccc(C(=O)Nc2cn3ncnc3c(CN3CCN(C(=O)c4ccccc4)[C@@H](C)C3)c2C)cn1,1.3222192947339193,pharmabench_hlm,Cc1ccc(C(=O)Nc2cn3ncnc3c(CN3CCN(C(=O)c4ccccc4)[C@@H](C)C3)c2C)cn1
CNCCCC12CCC(c3ccccc31)c1ccccc12,1.4913616938342726,pharmabench_hlm,CNCCCC12CCC(c3ccccc31)c1ccccc12
CN(Cc1ccccc1)C(=O)[C@@H](NC(=O)c1cc2cc(NC(=O)c3ccccc3-c3ccc(C(F)(F)F)cc3)ccc2n1C)c1ccccc1,1.9590413923210936,pharmabench_hlm,CN(Cc1ccccc1)C(=O)[C@@H](NC(=O)c1cc2cc(NC(=O)c3ccccc3-c3ccc(C(F)(F)F)cc3)ccc2n1C)c1ccccc1
CC(C)c1c(-c2cnn(C(C)(C)C)c2)[nH]c2c(C#N)cnn2c1=O,0.1760912590556812,pharmabench_hlm,CC(C)c1c(-c2cnn(C(C)(C)C)c2)[nH]c2c(C#N)cnn2c1=O
CC(C)c1c(-c2cnn(C)c2)[nH]c2c(C#N)cnn2c1=O,-0.1549019599857432,pharmabench_hlm,CC(C)c1c(-c2cnn(C)c2)[nH]c2c(C#N)cnn2c1=O
O=C(Nc1ccc(Oc2ccc(F)cc2)cc1)N1CCc2ncccc2[C@@H]1c1ccc(F)cc1,0.6989700043360189,pharmabench_hlm,O=C(Nc1ccc(Oc2ccc(F)cc2)cc1)N1CCc2ncccc2[C@@H]1c1ccc(F)cc1
N#Cc1cc(Oc2ccc(S(=O)(=O)Nc3ccc(F)cn3)cc2C#N)ccc1Cl,2.127104798364808,pharmabench_hlm,N#Cc1cc(Oc2ccc(S(=O)(=O)Nc3ccc(F)cn3)cc2C#N)ccc1Cl
C[C@@H](N[C@H]1CCCN(c2cccc(OC(F)(F)F)c2)C1)c1cccc2ccccc12,2.3521825181113627,pharmabench_hlm,C[C@@H](N[C@H]1CCCN(c2cccc(OC(F)(F)F)c2)C1)c1cccc2ccccc12
COCCN(CC(=O)Nc1cc(F)cc(F)c1)C(=O)c1ccc(-c2ccccn2)cc1,0.1760912590556812,pharmabench_hlm,COCCN(CC(=O)Nc1cc(F)cc(F)c1)C(=O)c1ccc(-c2ccccn2)cc1
CCOc1nc(Nc2ccc(C(=O)N3CCN4CCC[C@@H]4C3)cc2OC)nc2[nH]ccc12,0.3979400086720376,pharmabench_hlm,CCOc1nc(Nc2ccc(C(=O)N3CCN4CCC[C@@H]4C3)cc2OC)nc2[nH]ccc12
COC[C@H](C)c1c(NC(=O)Nc2cnc(-n3nccn3)c(Cl)c2)cnc2cc(Cl)nn12,1.9106244048892007,pharmabench_hlm,COC[C@H](C)c1c(NC(=O)Nc2cnc(-n3nccn3)c(Cl)c2)cnc2cc(Cl)nn12
CCNC(=O)Nc1ccc(-c2nccc([C@@]34CCOC[C@@H]3C4)n2)cc1,0.146128035678238,pharmabench_hlm,CCNC(=O)Nc1ccc(-c2nccc([C@@]34CCOC[C@@H]3C4)n2)cc1
CC(C)(c1cc([C@]23CCOC[C@H]2C3)nc(-c2ccc(NC(=S)NCCO)cc2)n1)S(C)(=O)=O,0.4913616938342727,pharmabench_hlm,CC(C)(c1cc([C@]23CCOC[C@H]2C3)nc(-c2ccc(NC(=S)NCCO)cc2)n1)S(C)(=O)=O
CSc1cc(-c2ccc(C[C@@H](C#N)NC(=O)[C@@H]3CCCCN3)cc2)ccc1C#N,0.8450980400142568,pharmabench_hlm,CSc1cc(-c2ccc(C[C@@H](C#N)NC(=O)[C@@H]3CCCCN3)cc2)ccc1C#N
Cc1ncoc1-c1nnc(SCCCN2CC[C@]3(C[C@H]3c3ccc(C(F)(F)F)cc3)C2)n1C,1.3424226808222062,pharmabench_hlm,Cc1ncoc1-c1nnc(SCCCN2CC[C@]3(C[C@H]3c3ccc(C(F)(F)F)cc3)C2)n1C
Cc1c(C(=O)NN2CCCCC2)nn(-c2ccc(Cl)cc2Cl)c1-c1ccc(Cl)cc1,1.6127838567197357,pharmabench_hlm,Cc1c(C(=O)NN2CCCCC2)nn(-c2ccc(Cl)cc2Cl)c1-c1ccc(Cl)cc1
Cc1ncc(NC(=O)c2cccc(C(F)(F)F)c2)cc1-c1cnc(OC2CCOCC2)c(N2CCOCC2)c1,1.9731278535996983,pharmabench_hlm,Cc1ncc(NC(=O)c2cccc(C(F)(F)F)c2)cc1-c1cnc(OC2CCOCC2)c(N2CCOCC2)c1
CNC(=O)Nc1cc(Oc2cccc(Cl)c2F)ccn1,2.225309281725863,pharmabench_hlm,CNC(=O)Nc1cc(Oc2cccc(Cl)c2F)ccn1
Cc1nc2sc(C(=O)c3ccccc3)c(N)c2c(C)c1C,2.6324572921847245,pharmabench_hlm,Cc1nc2sc(C(=O)c3ccccc3)c(N)c2c(C)c1C
O=S(=O)(c1ccc(-c2ccc3nccc(Nc4ccc(OCc5cccc(F)c5)cc4)c3c2)cc1)N1CCOCC1,1.9912260756924949,pharmabench_hlm,O=S(=O)(c1ccc(-c2ccc3nccc(Nc4ccc(OCc5cccc(F)c5)cc4)c3c2)cc1)N1CCOCC1
CN1CCN(c2cccc3c2CN(Cc2ccc(-c4ccc(Cl)cc4)cn2)CC3)CC1,-0.91721462968355,pharmabench_hlm,CN1CCN(c2cccc3c2CN(Cc2ccc(-c4ccc(Cl)cc4)cn2)CC3)CC1
COc1ccc(N2CCN(C)CC2)c2c1CCN(C(=O)Nc1ccc(-c3ccc(Cl)cc3Cl)cn1)C2,-1.3187587626244128,pharmabench_hlm,COc1ccc(N2CCN(C)CC2)c2c1CCN(C(=O)Nc1ccc(-c3ccc(Cl)cc3Cl)cn1)C2
C[C@@H]1CN(c2nc(C(F)(F)F)no2)CCN1c1ncc(OCc2ccncc2C#N)cn1,1.6020599913279625,pharmabench_hlm,C[C@@H]1CN(c2nc(C(F)(F)F)no2)CCN1c1ncc(OCc2ccncc2C#N)cn1
Cn1cnc(S(=O)(=O)N2CC(Nc3cccc(Cl)c3)C(c3cccc(F)c3)C2)c1,3.161368002234975,pharmabench_hlm,Cn1cnc(S(=O)(=O)N2CC(Nc3cccc(Cl)c3)C(c3cccc(F)c3)C2)c1
CN(C)CCn1cc(-c2ccc3c(c2)C(=O)Nc2cccc(n2)-c2nncn2CCCCO3)cn1,1.4913616938342726,pharmabench_hlm,CN(C)CCn1cc(-c2ccc3c(c2)C(=O)Nc2cccc(n2)-c2nncn2CCCCO3)cn1
CN1CCN(c2ncc(-c3ccc4c(N[C@@H]5CCCC[C@H]5O)ccnc4c3)cn2)CC1,2.204119982655925,pharmabench_hlm,CN1CCN(c2ncc(-c3ccc4c(N[C@@H]5CCCC[C@H]5O)ccnc4c3)cn2)CC1
O=C(O)CN1CCN(c2ncc(-c3ccc4c(Nc5cnccn5)ccnc4c3)cn2)CC1,1.724275869600789,pharmabench_hlm,O=C(O)CN1CCN(c2ncc(-c3ccc4c(Nc5cnccn5)ccnc4c3)cn2)CC1
Cc1c(-c2cnc(N3CCN(C)CC3)nc2)ccc2c(Nc3cnccn3)ccnc12,2.0791812460476247,pharmabench_hlm,Cc1c(-c2cnc(N3CCN(C)CC3)nc2)ccc2c(Nc3cnccn3)ccnc12
Cc1nnc2ccc(C(=O)NC3CN(c4ccc(F)c(F)c4)C3)cc2c1C,1.6989700043360187,pharmabench_hlm,Cc1nnc2ccc(C(=O)NC3CN(c4ccc(F)c(F)c4)C3)cc2c1C
Cn1c(SCCCN2CC[C@]3(C[C@@H]3c3ccc(C(F)(F)F)cc3)C2)nnc1-c1cccc(C(N)=O)c1,2.271841606536499,pharmabench_hlm,Cn1c(SCCCN2CC[C@]3(C[C@@H]3c3ccc(C(F)(F)F)cc3)C2)nnc1-c1cccc(C(N)=O)c1
COc1cc2ccc(Br)cc2cc1[C@@H](c1ccnc(OC)c1OC)[C@@](O)(CCN(C)C)c1ccc2occc2c1,1.255272505103306,pharmabench_hlm,COc1cc2ccc(Br)cc2cc1[C@@H](c1ccnc(OC)c1OC)[C@@](O)(CCN(C)C)c1ccc2occc2c1
COc1cc2ccc(C#N)cc2cc1[C@@H](c1ccnc(OC)c1OC)[C@@](O)(CCN(C)C)c1cccc2c1OCC2,1.3617278360175928,pharmabench_hlm,COc1cc2ccc(C#N)cc2cc1[C@@H](c1ccnc(OC)c1OC)[C@@](O)(CCN(C)C)c1cccc2c1OCC2
CN1CC2CCC1(C(NC(=O)c1cccc(C(F)(F)F)c1Cl)c1ccco1)CC2,2.1072099696478683,pharmabench_hlm,CN1CC2CCC1(C(NC(=O)c1cccc(C(F)(F)F)c1Cl)c1ccco1)CC2
COc1cc(N2CC(NC(=O)c3ccc4nc(C)cc(C)c4c3)C2)c(Cl)cn1,2.0253058652647704,pharmabench_hlm,COc1cc(N2CC(NC(=O)c3ccc4nc(C)cc(C)c4c3)C2)c(Cl)cn1
CCN(C)C(=O)N1C[C@@H]2[C@H](C1)[C@H]2C(=O)N[C@H]1CCN(c2nccc3scnc23)C1,2.093421685162235,pharmabench_hlm,CCN(C)C(=O)N1C[C@@H]2[C@H](C1)[C@H]2C(=O)N[C@H]1CCN(c2nccc3scnc23)C1
CCOc1cc([C@H](c2cc3cc(C#N)ccc3cc2OC)[C@@](O)(CCN(C)C)c2cccc3ccoc23)cc(OC)n1,0.4771212547196624,pharmabench_hlm,CCOc1cc([C@H](c2cc3cc(C#N)ccc3cc2OC)[C@@](O)(CCN(C)C)c2cccc3ccoc23)cc(OC)n1
Cc1nc2c(-c3cccc(S(C)(=O)=O)c3)cnn2c(NCc2ccccn2)c1C,1.082066934285113,pharmabench_hlm,Cc1nc2c(-c3cccc(S(C)(=O)=O)c3)cnn2c(NCc2ccccn2)c1C
Cc1nc2c(C3CCOCC3)cnn2c(NCc2ccccn2)c1C,1.3738311450738303,pharmabench_hlm,Cc1nc2c(C3CCOCC3)cnn2c(NCc2ccccn2)c1C
Cn1cnc(S(=O)(=O)N2C[C@H](Nc3cccc(OC(F)(F)F)c3)[C@@H](C3OCCCCO3)C2)c1,2.500606922065987,pharmabench_hlm,Cn1cnc(S(=O)(=O)N2C[C@H](Nc3cccc(OC(F)(F)F)c3)[C@@H](C3OCCCCO3)C2)c1
O=S(=O)(Nc1nnc2cc(OCC34CC5CC(CC(C5)C3)C4)c(C3CC3)cn12)C1CC1,0.8061799739838872,pharmabench_hlm,O=S(=O)(Nc1nnc2cc(OCC34CC5CC(CC(C5)C3)C4)c(C3CC3)cn12)C1CC1
COc1ccccc1C(=O)Nc1cccc(-c2nncn2C(C)C)n1,1.5314789170422551,pharmabench_hlm,COc1ccccc1C(=O)Nc1cccc(-c2nncn2C(C)C)n1
C[C@@H](Oc1cccc2ncnc(Nc3ccc4c(cnn4Cc4ccccn4)c3)c12)C(=O)N1CCOCC1,1.3617278360175928,pharmabench_hlm,C[C@@H](Oc1cccc2ncnc(Nc3ccc4c(cnn4Cc4ccccn4)c3)c12)C(=O)N1CCOCC1
Cc1nc(C(N)=O)ccc1-c1nnc(SCCCN2CC[C@]3(C[C@@H]3c3ccc(C(F)(F)F)cc3)C2)n1C,2.4756711883244296,pharmabench_hlm,Cc1nc(C(N)=O)ccc1-c1nnc(SCCCN2CC[C@]3(C[C@@H]3c3ccc(C(F)(F)F)cc3)C2)n1C
C[C@@H](Oc1cc(-c2cnn(C3CCNCC3)c2)cnc1N)c1c(Cl)ccc(F)c1Cl,1.6434526764861874,pharmabench_hlm,C[C@@H](Oc1cc(-c2cnn(C3CCNCC3)c2)cnc1N)c1c(Cl)ccc(F)c1Cl
O=C(CN(C(=O)c1ccc(-c2ccccn2)cc1)C1CCCCC1)Nc1cc(F)cc(F)c1,0.7160033436347992,pharmabench_hlm,O=C(CN(C(=O)c1ccc(-c2ccccn2)cc1)C1CCCCC1)Nc1cc(F)cc(F)c1
COc1ccc(C(=C(F)F)c2cc(OC)c(OC)c(OC)c2)cc1O,1.806179973983887,pharmabench_hlm,COc1ccc(C(=C(F)F)c2cc(OC)c(OC)c(OC)c2)cc1O
Cc1nc2ccc(C(=O)NC3CN(c4cc(Cl)ncc4Cl)C3)cn2c1C,1.591064607026499,pharmabench_hlm,Cc1nc2ccc(C(=O)NC3CN(c4cc(Cl)ncc4Cl)C3)cn2c1C
Cc1ccc2[nH]c(C(=O)N[C@H]3CN(S(=O)(=O)c4ccccc4)C[C@@H]3C(=O)N[C@@H]3CCCN(C)C3)cc2c1,1.6989700043360187,pharmabench_hlm,Cc1ccc2[nH]c(C(=O)N[C@H]3CN(S(=O)(=O)c4ccccc4)C[C@@H]3C(=O)N[C@@H]3CCCN(C)C3)cc2c1
CN(C(=O)[C@H]1CN(S(=O)(=O)c2ccccc2)C[C@@H]1NC(=O)c1cc(-c2ccccc2Cl)on1)[C@H]1CCCNC1,0.6232492903979004,pharmabench_hlm,CN(C(=O)[C@H]1CN(S(=O)(=O)c2ccccc2)C[C@@H]1NC(=O)c1cc(-c2ccccc2Cl)on1)[C@H]1CCCNC1
Cc1cc(Nc2cc(C)c(C#N)c(NC(C)CCCC(C)(C)O)n2)n[nH]1,1.845098040014257,pharmabench_hlm,Cc1cc(Nc2cc(C)c(C#N)c(NC(C)CCCC(C)(C)O)n2)n[nH]1
Cc1cc(Nc2cc(C)c(C#N)c(N[C@H](C)CCCC(C)(C)O)n2)n[nH]1,2.041392685158225,pharmabench_hlm,Cc1cc(Nc2cc(C)c(C#N)c(N[C@H](C)CCCC(C)(C)O)n2)n[nH]1
Cc1cc(/C=C/C#N)cc(C)c1Oc1nc(Nc2ccc(C#N)c(F)c2)nc2ccsc12,1.2155853507416283,pharmabench_hlm,Cc1cc(/C=C/C#N)cc(C)c1Oc1nc(Nc2ccc(C#N)c(F)c2)nc2ccsc12
Cc1cc(C#N)cc(C)c1Oc1nc(NC2CCN(Cc3ccc(S(N)(=O)=O)cc3)CC2)nc2ccsc12,2.73853534994981,pharmabench_hlm,Cc1cc(C#N)cc(C)c1Oc1nc(NC2CCN(Cc3ccc(S(N)(=O)=O)cc3)CC2)nc2ccsc12
N#Cc1ccc(NS(=O)(=O)c2ccccc2C(F)(F)F)c(Cl)c1,1.146128035678238,pharmabench_hlm,N#Cc1ccc(NS(=O)(=O)c2ccccc2C(F)(F)F)c(Cl)c1
COc1cccc(C(c2cc3cc(C#N)ccc3nc2OC)C(O)(CCN(C)C)c2cc(C)nc(C)c2)c1OC,0.8450980400142568,pharmabench_hlm,COc1cccc(C(c2cc3cc(C#N)ccc3nc2OC)C(O)(CCN(C)C)c2cc(C)nc(C)c2)c1OC
COc1cnc(OC)c(C(O)(CCN(C)C)C(c2cc3cc(Br)ccc3nc2OC)c2cccc(OC)c2F)c1,0.8450980400142568,pharmabench_hlm,COc1cnc(OC)c(C(O)(CCN(C)C)C(c2cc3cc(Br)ccc3nc2OC)c2cccc(OC)c2F)c1
CNS(=O)(=O)Nc1nnc2cc(OCC3CCCCC3)c(C3CC3)cn12,0.7075701760979364,pharmabench_hlm,CNS(=O)(=O)Nc1nnc2cc(OCC3CCCCC3)c(C3CC3)cn12
Cc1nc2ccccc2nc1-c1cc2nc(N3CC[C@@H](F)C3)cc(N(C)C3CCOCC3)n2n1,2.103803720955957,pharmabench_hlm,Cc1nc2ccccc2nc1-c1cc2nc(N3CC[C@@H](F)C3)cc(N(C)C3CCOCC3)n2n1
CCc1cc(O)c(F)cc1-c1cc(NS(=O)(=O)N(C)C)c2cn[nH]c2c1,1.6720978579357175,pharmabench_hlm,CCc1cc(O)c(F)cc1-c1cc(NS(=O)(=O)N(C)C)c2cn[nH]c2c1
NC(=O)[C@H](Cc1ccccc1)NC(=O)OCc1ccccc1,1.354108439147401,pharmabench_hlm,NC(=O)[C@H](Cc1ccccc1)NC(=O)OCc1ccccc1
Cc1ccc(Cc2cc3c(=O)n([C@H]4CCCC[C@@H]4O)cnc3c3ccccc23)cn1,1.1760912590556811,pharmabench_hlm,Cc1ccc(Cc2cc3c(=O)n([C@H]4CCCC[C@@H]4O)cnc3c3ccccc23)cn1
O=C1C(Cc2c[nH]c3ccccc23)c2nnc(-c3ccccc3)n2-c2ccccc2N1CC(=O)N1CCCCC1Cc1ccccc1,5.164352855784437,pharmabench_hlm,O=C1C(Cc2c[nH]c3ccccc23)c2nnc(-c3ccccc3)n2-c2ccccc2N1CC(=O)N1CCCCC1Cc1ccccc1
COCCC1CCCCN1C(=O)CN1C(=O)[C@@H](Cc2n[nH]c3ccccc23)c2nnc(-c3ccccc3)n2-c2ccccc21,5.187520720836463,pharmabench_hlm,COCCC1CCCCN1C(=O)CN1C(=O)[C@@H](Cc2n[nH]c3ccccc23)c2nnc(-c3ccccc3)n2-c2ccccc21
CC(=O)N(O)C(CS(=O)(=O)c1ccc(-c2cccc(CNC(=O)c3nc4ccccc4c(=O)[nH]3)c2)cc1)C(C)C,2.397940008672037,pharmabench_hlm,CC(=O)N(O)C(CS(=O)(=O)c1ccc(-c2cccc(CNC(=O)c3nc4ccccc4c(=O)[nH]3)c2)cc1)C(C)C
N#C[C@H]1CCOC[C@@H]1n1cc(C(N)=O)c(Nc2ccc(-n3ccnn3)cc2)n1,0.3979400086720376,pharmabench_hlm,N#C[C@H]1CCOC[C@@H]1n1cc(C(N)=O)c(Nc2ccc(-n3ccnn3)cc2)n1
Cc1ccccc1C(NC(=O)c1cccc(C(F)(F)F)c1Cl)C12CCC(CC1)CN2C,2.392696953259666,pharmabench_hlm,Cc1ccccc1C(NC(=O)c1cccc(C(F)(F)F)c1Cl)C12CCC(CC1)CN2C
COc1cc2c(cc1N1C[C@@H](C)N(C)[C@@H](C)C1)N(C(=O)c1ccc(-c3cccc(C)n3)c3ccccc13)CC2,1.5314789170422551,pharmabench_hlm,COc1cc2c(cc1N1C[C@@H](C)N(C)[C@@H](C)C1)N(C(=O)c1ccc(-c3cccc(C)n3)c3ccccc13)CC2
O=C(Nc1ccnnc1)c1cc(N2CCOCC2)ccc1OCc1ccccc1,0.3222192947339193,pharmabench_hlm,O=C(Nc1ccnnc1)c1cc(N2CCOCC2)ccc1OCc1ccccc1
COc1cc(OC)c2nnc3c(c(-c4cccc(C(N)=O)c4)nn3C)c2c1,0.6989700043360189,pharmabench_hlm,COc1cc(OC)c2nnc3c(c(-c4cccc(C(N)=O)c4)nn3C)c2c1
CN1CC/C=C/[C@H](OCCN2CC(F)(F)C2)[C@@H]2CC[C@H]2CN2C[C@@]3(CCCc4cc(Cl)ccc43)COc3ccc(cc32)[C@@](O)(C(=O)NS(=O)(=O)N(C)C)CC1=O,1.3010299956639813,pharmabench_hlm,CN1CC/C=C/[C@H](OCCN2CC(F)(F)C2)[C@@H]2CC[C@H]2CN2C[C@@]3(CCCc4cc(Cl)ccc43)COc3ccc(cc32)[C@@](O)(C(=O)NS(=O)(=O)N(C)C)CC1=O
COc1ccc2[nH]c(C3CCCN(C(=O)c4ccc(F)cc4)C3)cc2n1,1.4827537172851626,pharmabench_hlm,COc1ccc2[nH]c(C3CCCN(C(=O)c4ccc(F)cc4)C3)cc2n1
O=C(c1ccc(C(F)(F)F)nc1)N1CCCC(c2cc3ncccc3[nH]2)C1,1.5739489330490724,pharmabench_hlm,O=C(c1ccc(C(F)(F)F)nc1)N1CCCC(c2cc3ncccc3[nH]2)C1
Cn1nccc1C(=O)N1CCCC(c2cc3ncccc3[nH]2)C1,1.4819517332287035,pharmabench_hlm,Cn1nccc1C(=O)N1CCCC(c2cc3ncccc3[nH]2)C1
CC[C@@H](C)NC(=O)c1ccc(Oc2ccc(C#C[C@]3(O)CN4CCC3CC4)cc2)cc1,0.9493900066449128,pharmabench_hlm,CC[C@@H](C)NC(=O)c1ccc(Oc2ccc(C#C[C@]3(O)CN4CCC3CC4)cc2)cc1
CCN(C)C(=O)c1cc2c(-c3cc(S(C)(=O)=O)ccc3Oc3ccc(F)cc3F)cn(C)c(=O)c2[nH]1,1.8016094880273188,pharmabench_hlm,CCN(C)C(=O)c1cc2c(-c3cc(S(C)(=O)=O)ccc3Oc3ccc(F)cc3F)cn(C)c(=O)c2[nH]1
CCNC(=O)c1cc2c(-c3cc(S(=O)(=O)CC)ccc3Oc3c(C)cccc3C)cn(C)c(=O)c2[nH]1,1.954242509439325,pharmabench_hlm,CCNC(=O)c1cc2c(-c3cc(S(=O)(=O)CC)ccc3Oc3c(C)cccc3C)cn(C)c(=O)c2[nH]1
CCNC(=O)c1cc2c(-c3cc(S(=O)(=O)CC)ccc3-c3ccccc3C)cn(C)c(=O)c2[nH]1,2.047936516138079,pharmabench_hlm,CCNC(=O)c1cc2c(-c3cc(S(=O)(=O)CC)ccc3-c3ccccc3C)cn(C)c(=O)c2[nH]1
CCNC(=O)c1cc2c(-c3cc(C(C)(C)O)ccc3Oc3c(C)cc(F)cc3C)cn(C)c(=O)c2[nH]1,2.1563371008708097,pharmabench_hlm,CCNC(=O)c1cc2c(-c3cc(C(C)(C)O)ccc3Oc3c(C)cc(F)cc3C)cn(C)c(=O)c2[nH]1
Cc1cc(Cn2c(=O)n(CC#N)c(=O)c3cc(S(=O)(=O)NC4(C)CC4)ccc32)n(C)n1,1.3010299956639813,pharmabench_hlm,Cc1cc(Cn2c(=O)n(CC#N)c(=O)c3cc(S(=O)(=O)NC4(C)CC4)ccc32)n(C)n1
CCOc1ncccc1C1(N2CCN(c3ccncc3)CC2)C(=O)N(S(=O)(=O)c2ccc(OC)cc2OC)c2ccc(C#N)cc21,1.8864907251724816,pharmabench_hlm,CCOc1ncccc1C1(N2CCN(c3ccncc3)CC2)C(=O)N(S(=O)(=O)c2ccc(OC)cc2OC)c2ccc(C#N)cc21
Cc1ccc2nc(N3CCCc4ccc(F)cc4C3)cc(NC3(CN)COC3)c2c1,1.0791812460476249,pharmabench_hlm,Cc1ccc2nc(N3CCCc4ccc(F)cc4C3)cc(NC3(CN)COC3)c2c1
COc1ccc(C(=O)NCc2nc(C)no2)cc1S(=O)(=O)Nc1ccc(C)cc1,1.0,pharmabench_hlm,COc1ccc(C(=O)NCc2nc(C)no2)cc1S(=O)(=O)Nc1ccc(C)cc1
Cc1ccc2c(N3CCN(C(=O)N(c4nccc5ccccc45)[C@@H]4CCCNC4)CC3)noc2c1,1.110589710299249,pharmabench_hlm,Cc1ccc2c(N3CCN(C(=O)N(c4nccc5ccccc45)[C@@H]4CCCNC4)CC3)noc2c1
C#CCn1c(=O)n(Cc2cnc(C)s2)c(=O)c2cc(S(=O)(=O)NC3(C)CC3)ccc21,2.0,pharmabench_hlm,C#CCn1c(=O)n(Cc2cnc(C)s2)c(=O)c2cc(S(=O)(=O)NC3(C)CC3)ccc21
COc1ccc(S(=O)(=O)N2C(=O)C(c3cccnc3OC)(N3CCN(C)C(=O)C3)c3cc(Cl)ccc32)c(OC)c1,1.99563519459755,pharmabench_hlm,COc1ccc(S(=O)(=O)N2C(=O)C(c3cccnc3OC)(N3CCN(C)C(=O)C3)c3cc(Cl)ccc32)c(OC)c1
CS(=O)(=O)NC(=O)c1cc(Cl)c(OCC23CC4CC(CC(C4)C2)C3)cc1F,1.2787536009528289,pharmabench_hlm,CS(=O)(=O)NC(=O)c1cc(Cl)c(OCC23CC4CC(CC(C4)C2)C3)cc1F
O=C(Nc1ccc(-c2cc3ncccc3[nH]2)cc1)c1ccccc1,1.989093692610325,pharmabench_hlm,O=C(Nc1ccc(-c2cc3ncccc3[nH]2)cc1)c1ccccc1
COc1ccc(Cl)cc1C(=O)N1CCCC(c2cc3ncccc3[nH]2)C1,2.31527743947181,pharmabench_hlm,COc1ccc(Cl)cc1C(=O)N1CCCC(c2cc3ncccc3[nH]2)C1
C=CC(=O)N1C[C@@H]2C(=O)N(C)c3cnc4c(F)c(-c5c(O)cccc5F)c(Cl)cc4c3N2C[C@H]1C,1.3222192947339193,pharmabench_hlm,C=CC(=O)N1C[C@@H]2C(=O)N(C)c3cnc4c(F)c(-c5c(O)cccc5F)c(Cl)cc4c3N2C[C@H]1C
C=CC(=O)N1CCN2c3c(cnc4c(C)c(-c5c(O)cccc5F)c(Cl)cc34)OC[C@H]2C1,1.4471580313422192,pharmabench_hlm,C=CC(=O)N1CCN2c3c(cnc4c(C)c(-c5c(O)cccc5F)c(Cl)cc34)OC[C@H]2C1
C=CC(=O)N1CCN2c3c(cnc4c(OC)c(-c5c(O)cccc5F)c(Cl)cc34)OC[C@H]2C1,1.6020599913279625,pharmabench_hlm,C=CC(=O)N1CCN2c3c(cnc4c(OC)c(-c5c(O)cccc5F)c(Cl)cc34)OC[C@H]2C1
O=C(c1cccn2cncc12)N1CCC(F)(F)[C@@H](Oc2ccc3ccccc3n2)C1,1.792391689498254,pharmabench_hlm,O=C(c1cccn2cncc12)N1CCC(F)(F)[C@@H](Oc2ccc3ccccc3n2)C1
N[C@H]1CCCN(c2cnccc2Nc2ncc3ccc(-c4c(F)cccc4F)nn23)C1,1.8260748027008264,pharmabench_hlm,N[C@H]1CCCN(c2cnccc2Nc2ncc3ccc(-c4c(F)cccc4F)nn23)C1
N[C@H]1CCCN(c2ccncc2Nc2ncc3ccc(Cl)nn23)C1,1.255272505103306,pharmabench_hlm,N[C@H]1CCCN(c2ccncc2Nc2ncc3ccc(Cl)nn23)C1
N[C@H]1CCCN(c2ccncc2Nc2ncc3ccc(-c4ccc(Cl)cc4Cl)nn23)C1,2.0,pharmabench_hlm,N[C@H]1CCCN(c2ccncc2Nc2ncc3ccc(-c4ccc(Cl)cc4Cl)nn23)C1
N[C@H]1CCCN(c2ccncc2Nc2ncc3ccc(-c4ncccc4Cl)nn23)C1,1.7160033436347992,pharmabench_hlm,N[C@H]1CCCN(c2ccncc2Nc2ncc3ccc(-c4ncccc4Cl)nn23)C1
N[C@@H]1CCCN(c2ccncc2Nc2ncc3ccc(-c4c(F)cccc4F)nn23)C1,1.954242509439325,pharmabench_hlm,N[C@@H]1CCCN(c2ccncc2Nc2ncc3ccc(-c4c(F)cccc4F)nn23)C1
C[C@H]1CC[C@H](N)CN1c1ccncc1Nc1ncc2ccc(-c3c(F)cccc3F)nn12,1.9030899869919435,pharmabench_hlm,C[C@H]1CC[C@H](N)CN1c1ccncc1Nc1ncc2ccc(-c3c(F)cccc3F)nn12
CN1CC2CCC1([C@H](NC(=O)c1ccncc1Br)c1ccccc1)CC2,1.6989700043360187,pharmabench_hlm,CN1CC2CCC1([C@H](NC(=O)c1ccncc1Br)c1ccccc1)CC2
O=C(CN(C(=O)c1ccc(-c2ccccn2)cc1)C1CCCC1)Nc1cc(F)cc(F)c1,0.2787536009528289,pharmabench_hlm,O=C(CN(C(=O)c1ccc(-c2ccccn2)cc1)C1CCCC1)Nc1cc(F)cc(F)c1
COCC(C)N(CC(=O)Nc1cc(F)cc(F)c1)C(=O)c1ccc(-c2ccccn2)cc1,0.7634279935629372,pharmabench_hlm,COCC(C)N(CC(=O)Nc1cc(F)cc(F)c1)C(=O)c1ccc(-c2ccccn2)cc1
Cc1ccc(NC(=O)c2cccc(C(F)(F)F)c2)cc1-c1cc(N2CCOCC2)nc(NCCO)n1,1.6812412373755872,pharmabench_hlm,Cc1ccc(NC(=O)c2cccc(C(F)(F)F)c2)cc1-c1cc(N2CCOCC2)nc(NCCO)n1
Cc1ncc(Cn2c(=O)c3cc(S(=O)(=O)NC4(C)CC4)ccc3n(Cc3sc(C)nc3C)c2=O)s1,2.146128035678238,pharmabench_hlm,Cc1ncc(Cn2c(=O)c3cc(S(=O)(=O)NC4(C)CC4)ccc3n(Cc3sc(C)nc3C)c2=O)s1
COCCN1CCN(c2ccc(OCc3ccccc3)c(C(=O)Nc3ccnnc3)c2)CC1,0.1139433523068367,pharmabench_hlm,COCCN1CCN(c2ccc(OCc3ccccc3)c(C(=O)Nc3ccnnc3)c2)CC1
C=CC(=O)N1CCCC(c2c[nH]c3ncnc(-c4cc(F)cc(NC(=O)c5ccc(C6CC6)cc5)c4C)c23)C1,-0.2196826878598487,pharmabench_hlm,C=CC(=O)N1CCCC(c2c[nH]c3ncnc(-c4cc(F)cc(NC(=O)c5ccc(C6CC6)cc5)c4C)c23)C1
C[C@H]1CCCOc2ccccc2C(=O)Nc2cccc(n2)-c2nncn21,1.8976270912904407,pharmabench_hlm,C[C@H]1CCCOc2ccccc2C(=O)Nc2cccc(n2)-c2nncn21
Cc1c(NC(=O)c2cccc(C#N)c2)cnc2c1c(C1CCN(C(=O)C3CCCCC3)CC1)cn2C,2.3729120029701067,pharmabench_hlm,Cc1c(NC(=O)c2cccc(C#N)c2)cnc2c1c(C1CCN(C(=O)C3CCCCC3)CC1)cn2C
Cc1ccc(C(=O)Nc2cnc3c(c(C4CCN(C(=O)C(C)C)CC4)cn3C)c2C)cc1C#N,1.0413926851582251,pharmabench_hlm,Cc1ccc(C(=O)Nc2cnc3c(c(C4CCN(C(=O)C(C)C)CC4)cn3C)c2C)cc1C#N
Cn1cnc(S(=O)(=O)N2CC(Nc3cccc(Cl)c3)C(c3ccccc3F)C2)c1,2.790052821214746,pharmabench_hlm,Cn1cnc(S(=O)(=O)N2CC(Nc3cccc(Cl)c3)C(c3ccccc3F)C2)c1
Cn1cnc(S(=O)(=O)N2C[C@H](CNc3cccc(OC(F)(F)F)c3)[C@@H](c3ccc(F)cc3)C2)c1,4.108903127667313,pharmabench_hlm,Cn1cnc(S(=O)(=O)N2C[C@H](CNc3cccc(OC(F)(F)F)c3)[C@@H](c3ccc(F)cc3)C2)c1
Cn1cnc(S(=O)(=O)N2C[C@H]([C@H]3CCCCO3)[C@@H](Nc3cccc(OC(F)(F)F)c3)C2)c1,2.583572809143774,pharmabench_hlm,Cn1cnc(S(=O)(=O)N2C[C@H]([C@H]3CCCCO3)[C@@H](Nc3cccc(OC(F)(F)F)c3)C2)c1
CCCN1CCCN(c2ncc(-c3cc4nccc(Nc5cnccn5)c4cc3C)cn2)CC1,2.4771212547196626,pharmabench_hlm,CCCN1CCCN(c2ncc(-c3cc4nccc(Nc5cnccn5)c4cc3C)cn2)CC1
Cc1ccc(C(=O)Nc2cn3ncnc3c(O[C@H]3CCN(C(=O)CC(C(F)(F)F)C(F)(F)F)[C@@H](C)C3)c2C)cn1,1.0,pharmabench_hlm,Cc1ccc(C(=O)Nc2cn3ncnc3c(O[C@H]3CCN(C(=O)CC(C(F)(F)F)C(F)(F)F)[C@@H](C)C3)c2C)cn1
COc1cc2ccc(Br)cc2cc1[C@@H](c1ccnc(OC)c1OC)[C@@](O)(CCN(C)C)c1cccc2ccoc12,1.255272505103306,pharmabench_hlm,COc1cc2ccc(Br)cc2cc1[C@@H](c1ccnc(OC)c1OC)[C@@](O)(CCN(C)C)c1cccc2ccoc12
CCOc1ccc2oc(C(=O)NC(CS(C)(=O)=O)c3nc4ccccc4[nH]3)c(C)c2c1,0.4771212547196624,pharmabench_hlm,CCOc1ccc2oc(C(=O)NC(CS(C)(=O)=O)c3nc4ccccc4[nH]3)c(C)c2c1
c1cnc(Nc2ncnc3ccc(-c4cccc(N5CCOCC5)c4)cc23)nc1,1.5224442335063195,pharmabench_hlm,c1cnc(Nc2ncnc3ccc(-c4cccc(N5CCOCC5)c4)cc23)nc1
Cc1[nH]ncc1-c1cncc(-c2ccc(C(N)=O)c(OC(C)C)c2)c1,1.255272505103306,pharmabench_hlm,Cc1[nH]ncc1-c1cncc(-c2ccc(C(N)=O)c(OC(C)C)c2)c1
Cc1c(-c2cncc(-c3ccc(C(N)=O)c(OC(C)C)c3)c2)cnn1C,0.8976270912904415,pharmabench_hlm,Cc1c(-c2cncc(-c3ccc(C(N)=O)c(OC(C)C)c3)c2)cnn1C
CN(c1ccc(S(C)(=O)=O)cc1)S(=O)(=O)c1cccc(NC(=O)c2ccc(Br)cc2)c1,1.4913616938342726,pharmabench_hlm,CN(c1ccc(S(C)(=O)=O)cc1)S(=O)(=O)c1cccc(NC(=O)c2ccc(Br)cc2)c1
C[C@@H]1COCCN1c1nc(N2CCOC[C@@H]2C)nc2sc(-c3cc[nH]n3)nc12,1.963787827345556,pharmabench_hlm,C[C@@H]1COCCN1c1nc(N2CCOC[C@@H]2C)nc2sc(-c3cc[nH]n3)nc12
Cc1cc(NC(=O)Cn2nncc2-c2ccccc2)n(C2CCCCC2)n1,2.320354032817672,pharmabench_hlm,Cc1cc(NC(=O)Cn2nncc2-c2ccccc2)n(C2CCCCC2)n1
C[C@H]1c2cccc(C(C)(C)O)c2C[C@H](CO)N1C(=O)Cc1c(Cl)cccc1Cl,1.6334684555795864,pharmabench_hlm,C[C@H]1c2cccc(C(C)(C)O)c2C[C@H](CO)N1C(=O)Cc1c(Cl)cccc1Cl
O=C(c1ccc(F)cc1)N1CC=C(c2cc3ncccc3[nH]2)CC1,1.5462958351214424,pharmabench_hlm,O=C(c1ccc(F)cc1)N1CC=C(c2cc3ncccc3[nH]2)CC1
O=C(NCC1CCC(F)(F)CC1)c1c(Cl)ccc2nc(N3CCC(NCCO)C3)ccc12,1.230448921378274,pharmabench_hlm,O=C(NCC1CCC(F)(F)CC1)c1c(Cl)ccc2nc(N3CCC(NCCO)C3)ccc12
O=C(Nc1cccc(-c2cc3ncccc3[nH]2)c1)c1ccccc1,2.559439776827703,pharmabench_hlm,O=C(Nc1cccc(-c2cc3ncccc3[nH]2)c1)c1ccccc1
CN(C(=O)c1ccccc1)c1cccc(-c2cc3ncccc3[nH]2)c1,1.81340305314725,pharmabench_hlm,CN(C(=O)c1ccccc1)c1cccc(-c2cc3ncccc3[nH]2)c1
CN(C)[C@H]1CCN(c2ccc3c(C(=O)NCC4CCC(F)(F)CC4)c(Cl)ccc3n2)C1,1.9030899869919435,pharmabench_hlm,CN(C)[C@H]1CCN(c2ccc3c(C(=O)NCC4CCC(F)(F)CC4)c(Cl)ccc3n2)C1
O=C(NC[C@]1(O)CCCC(F)(F)C1)c1c(Cl)ccc2nc(N3CC[C@@H](F)C3)ccc12,1.6989700043360187,pharmabench_hlm,O=C(NC[C@]1(O)CCCC(F)(F)C1)c1c(Cl)ccc2nc(N3CC[C@@H](F)C3)ccc12
C[C@H]1CCC[C@@](O)(CNC(=O)c2c(Cl)ccc3nc(N4CC[C@@H](F)C4)ccc23)C1,1.3222192947339193,pharmabench_hlm,C[C@H]1CCC[C@@](O)(CNC(=O)c2c(Cl)ccc3nc(N4CC[C@@H](F)C4)ccc23)C1
Cc1nc(C)c(C(=O)N2CCCC(c3cc4ncccc4[nH]3)C2)s1,1.4443101532842584,pharmabench_hlm,Cc1nc(C)c(C(=O)N2CCCC(c3cc4ncccc4[nH]3)C2)s1
O=C(Nc1cnc(Oc2ccc(F)cc2)nc1)N1CCc2ncccc2[C@@H]1c1ccc(F)cc1,0.2219355998280053,pharmabench_hlm,O=C(Nc1cnc(Oc2ccc(F)cc2)nc1)N1CCc2ncccc2[C@@H]1c1ccc(F)cc1
COc1cncc(-c2cccc(-c3cn4ccc(OC)c(C(N)=O)c4n3)c2)c1,1.7481880270062005,pharmabench_hlm,COc1cncc(-c2cccc(-c3cn4ccc(OC)c(C(N)=O)c4n3)c2)c1
COc1cc2c(-c3cnc(-c4ccc[nH]4)o3)c[nH]c2cc1Br,1.146128035678238,pharmabench_hlm,COc1cc2c(-c3cnc(-c4ccc[nH]4)o3)c[nH]c2cc1Br
O=C(c1ccc(-c2ccccc2)cc1)N(c1nccc2ccccc12)[C@@H]1CCCNC1,1.0293837776852095,pharmabench_hlm,O=C(c1ccc(-c2ccccc2)cc1)N(c1nccc2ccccc12)[C@@H]1CCCNC1
O=c1oc2ccccc2c2oc3ccc(O)c(CN4CCCCC4)c3c12,1.7893287719563844,pharmabench_hlm,O=c1oc2ccccc2c2oc3ccc(O)c(CN4CCCCC4)c3c12
COc1ccc2nc(C3(NC(=O)C[C@H](N)Cc4cc(F)c(F)cc4F)CCS(=O)(=O)CC3)sc2c1,1.5092025223311027,pharmabench_hlm,COc1ccc2nc(C3(NC(=O)C[C@H](N)Cc4cc(F)c(F)cc4F)CCS(=O)(=O)CC3)sc2c1
N[C@@H](CC(=O)NC1(c2nc3ccc(OCCN4CCOCC4)cc3s2)CCS(=O)(=O)CC1)Cc1cc(F)c(F)cc1F,1.967547976218862,pharmabench_hlm,N[C@@H](CC(=O)NC1(c2nc3ccc(OCCN4CCOCC4)cc3s2)CCS(=O)(=O)CC1)Cc1cc(F)c(F)cc1F
CN(c1ccc(Cl)cc1)S(=O)(=O)c1cccc(C(=O)Nc2ccc(C#N)cc2)c1,1.230448921378274,pharmabench_hlm,CN(c1ccc(Cl)cc1)S(=O)(=O)c1cccc(C(=O)Nc2ccc(C#N)cc2)c1
O=C(c1c(O)cc(F)cc1F)N1CCC2(CCC2)C1,0.8195439355418687,pharmabench_hlm,O=C(c1c(O)cc(F)cc1F)N1CCC2(CCC2)C1
CC(C)c1nc(N2CCN(c3ncc(OCc4ccncc4C#N)cn3)[C@H](C)C2)no1,1.6812412373755872,pharmabench_hlm,CC(C)c1nc(N2CCN(c3ncc(OCc4ccncc4C#N)cn3)[C@H](C)C2)no1
COc1ccc2c(c1)[C@]1(CN3CCn4c(ccc(-n5cnc(C)c5)c4=O)C3=O)C[C@@H]1CO2,1.5276299008713388,pharmabench_hlm,COc1ccc2c(c1)[C@]1(CN3CCn4c(ccc(-n5cnc(C)c5)c4=O)C3=O)C[C@@H]1CO2
O=C(c1ccccc1)N1CCCC(c2cn3ncccc3n2)C1,2.177074668884578,pharmabench_hlm,O=C(c1ccccc1)N1CCCC(c2cn3ncccc3n2)C1
COC(=O)[C@@H]1CCCN1c1ncc(-c2ccc3c(Nc4cnccn4)ccnc3c2)cn1,2.342422680822206,pharmabench_hlm,COC(=O)[C@@H]1CCCN1c1ncc(-c2ccc3c(Nc4cnccn4)ccnc3c2)cn1
Cc1cc2c(Nc3cnccn3)ccnc2cc1-c1cnc(N2CCN(C)CC2)nc1,2.113943352306837,pharmabench_hlm,Cc1cc2c(Nc3cnccn3)ccnc2cc1-c1cnc(N2CCN(C)CC2)nc1
CCN1CCCN(c2ncc(-c3ccc4c(Nc5cnccn5)ccnc4c3)cn2)CC1,2.3010299956639813,pharmabench_hlm,CCN1CCCN(c2ncc(-c3ccc4c(Nc5cnccn5)ccnc4c3)cn2)CC1
Cc1cnc(Nc2ccnc3cc(-c4cnc(N5CCCN(C)CC5)nc4)ccc23)cn1,2.0,pharmabench_hlm,Cc1cnc(Nc2ccnc3cc(-c4cnc(N5CCCN(C)CC5)nc4)ccc23)cn1
CCn1cc/c(=N\c2cnccn2)c2ccc(-c3cnc(N4CCCN(C)CC4)nc3)cc21,1.57978359661681,pharmabench_hlm,CCn1cc/c(=N\c2cnccn2)c2ccc(-c3cnc(N4CCCN(C)CC4)nc3)cc21
CS(=O)(=O)Nc1nnc2cc(OCC34CC5CC(CC(C5)C3)C4)c(C3CC3)cn12,1.146128035678238,pharmabench_hlm,CS(=O)(=O)Nc1nnc2cc(OCC34CC5CC(CC(C5)C3)C4)c(C3CC3)cn12
CS(=O)(=O)Nc1nnc2cc(OCC34CC5CC(CC(C5)C3)C4)c(C3CCC3)cn12,1.0791812460476249,pharmabench_hlm,CS(=O)(=O)Nc1nnc2cc(OCC34CC5CC(CC(C5)C3)C4)c(C3CCC3)cn12
CNS(=O)(=O)Nc1nnc2cc(OCCC34CC5CC(CC(C5)C3)C4)c(C3CC3)cn12,1.2787536009528289,pharmabench_hlm,CNS(=O)(=O)Nc1nnc2cc(OCCC34CC5CC(CC(C5)C3)C4)c(C3CC3)cn12
CC(C)C[C@@H]1NC(=O)[C@H](Cc2c[nH]c3ccccc23)NC(=O)[C@@H](CCCN)NC(=O)[C@H](CC(=O)N2CCC(Oc3ccc(OC(F)(F)F)cc3)CC2)NC(=O)[C@H](C(C)C)NC(=O)[C@@H](CC(C)C)NC1=O,-0.3979400086720376,pharmabench_hlm,CC(C)C[C@@H]1NC(=O)[C@H](Cc2c[nH]c3ccccc23)NC(=O)[C@@H](CCCN)NC(=O)[C@H](CC(=O)N2CCC(Oc3ccc(OC(F)(F)F)cc3)CC2)NC(=O)[C@H](C(C)C)NC(=O)[C@@H](CC(C)C)NC1=O
CC(C)C[C@@H]1NC(=O)[C@H](Cc2c[nH]c3ccccc23)NC(=O)[C@@H](CCCN)NC(=O)[C@H](CC(=O)N2CCCCC2)NC(=O)[C@H](C(C)C)NC(=O)[C@@H](CC(C)C)NC1=O,0.2787536009528289,pharmabench_hlm,CC(C)C[C@@H]1NC(=O)[C@H](Cc2c[nH]c3ccccc23)NC(=O)[C@@H](CCCN)NC(=O)[C@H](CC(=O)N2CCCCC2)NC(=O)[C@H](C(C)C)NC(=O)[C@@H](CC(C)C)NC1=O
C[C@H](Oc1cccc2ncnc(Nc3ccc4c(cnn4Cc4cscn4)c3)c12)C(=O)N(C)C,1.414973347970818,pharmabench_hlm,C[C@H](Oc1cccc2ncnc(Nc3ccc4c(cnn4Cc4cscn4)c3)c12)C(=O)N(C)C
Cc1ccc(C(NC(=O)c2c(C)cccc2C)C23CCC(CC2)CN3C)o1,1.880813592280792,pharmabench_hlm,Cc1ccc(C(NC(=O)c2c(C)cccc2C)C23CCC(CC2)CN3C)o1
Cc1cccc(C)c1C(=O)NC(c1ccccc1)C12CC(CN1C)C2,1.6334684555795864,pharmabench_hlm,Cc1cccc(C)c1C(=O)NC(c1ccccc1)C12CC(CN1C)C2
Cc1ccc(C(NC(=O)c2cccc(C(F)(F)F)c2Cl)C23CCC(CC2)CN3C)cc1,1.8388490907372552,pharmabench_hlm,Cc1ccc(C(NC(=O)c2cccc(C(F)(F)F)c2Cl)C23CCC(CC2)CN3C)cc1
CCN1CC2CC1(C(NC(=O)c1c(C)cccc1C)c1ccccc1)C2,1.6020599913279625,pharmabench_hlm,CCN1CC2CC1(C(NC(=O)c1c(C)cccc1C)c1ccccc1)C2
NCCNc1cc(N2CCOc3ccccc3C2)nc2ccccc12,1.146128035678238,pharmabench_hlm,NCCNc1cc(N2CCOc3ccccc3C2)nc2ccccc12
C=CC(=O)N(C)Cc1c[nH]c2ncnc(-c3cc(F)cc(NC(=O)c4ccc(C5CC5)cc4)c3C)c12,-0.5114492834995558,pharmabench_hlm,C=CC(=O)N(C)Cc1c[nH]c2ncnc(-c3cc(F)cc(NC(=O)c4ccc(C5CC5)cc4)c3C)c12
CN(C)[C@H]1CC[C@H](Nc2ncnc3cscc23)CC1,1.591064607026499,pharmabench_hlm,CN(C)[C@H]1CC[C@H](Nc2ncnc3cscc23)CC1
CCOc1ccc(OC)cc1C1(N2CCN(c3ccncc3)CC2)C(=O)N(S(=O)(=O)c2ccc(OC)cc2)c2ccc(C#N)cc21,1.968482948553935,pharmabench_hlm,CCOc1ccc(OC)cc1C1(N2CCN(c3ccncc3)CC2)C(=O)N(S(=O)(=O)c2ccc(OC)cc2)c2ccc(C#N)cc21
CCOc1ccccc1C1(N2CCN(c3ccncc3)CC2)C(=O)N(S(=O)(=O)c2ccc(OC)cc2OC)c2ccc(C#N)cc21,1.6334684555795864,pharmabench_hlm,CCOc1ccccc1C1(N2CCN(c3ccncc3)CC2)C(=O)N(S(=O)(=O)c2ccc(OC)cc2OC)c2ccc(C#N)cc21
CCOc1cc(OC)ccc1C1(N2CCN(c3ccncc3)CC2)C(=O)N(S(=O)(=O)c2ccc(OC)cc2OC)c2ccc(C#N)cc21,1.7993405494535817,pharmabench_hlm,CCOc1cc(OC)ccc1C1(N2CCN(c3ccncc3)CC2)C(=O)N(S(=O)(=O)c2ccc(OC)cc2OC)c2ccc(C#N)cc21
O=C(Nc1ccc(S(=O)(=O)Nc2nccs2)cc1)C(c1ccccc1)c1ccccc1,1.1760912590556811,pharmabench_hlm,O=C(Nc1ccc(S(=O)(=O)Nc2nccs2)cc1)C(c1ccccc1)c1ccccc1
Nc1cc(S(=O)(=O)c2ccc(F)cc2)cnc1C(=O)NC[C@@H](O)C(F)(F)F,1.2219355998280053,pharmabench_hlm,Nc1cc(S(=O)(=O)c2ccc(F)cc2)cnc1C(=O)NC[C@@H](O)C(F)(F)F
C=CCn1c(=O)c2cnc(Nc3ccc4c(ccn4C4CCN(C)CC4)c3)nc2n1-c1ccc2c(n1)[C@@](O)(CC)CC2,2.4265112613645754,pharmabench_hlm,C=CCn1c(=O)c2cnc(Nc3ccc4c(ccn4C4CCN(C)CC4)c3)nc2n1-c1ccc2c(n1)[C@@](O)(CC)CC2
Cc1cc(F)c(NC(=O)c2cccc(C(C)(C)C#N)c2)cc1-c1cnc2c(=O)n(C)ncc2c1,1.0413926851582251,pharmabench_hlm,Cc1cc(F)c(NC(=O)c2cccc(C(C)(C)C#N)c2)cc1-c1cnc2c(=O)n(C)ncc2c1
Cn1cc(-c2ncc(C#N)c(N3C[C@@H]4C[C@H]3CN4c3cccc(F)c3)n2)cn1,1.880813592280792,pharmabench_hlm,Cn1cc(-c2ncc(C#N)c(N3C[C@@H]4C[C@H]3CN4c3cccc(F)c3)n2)cn1
Cc1c2cc(C(=O)NC3CN(c4cc(Cl)ncc4Cl)C3)ncc2nn1C,1.414973347970818,pharmabench_hlm,Cc1c2cc(C(=O)NC3CN(c4cc(Cl)ncc4Cl)C3)ncc2nn1C
Cc1c2c(ccc3c(NC4CN(c5cc(Cl)ncc5Cl)C4)ncnc32)nn1C,2.0791812460476247,pharmabench_hlm,Cc1c2c(ccc3c(NC4CN(c5cc(Cl)ncc5Cl)C4)ncnc32)nn1C
N#Cc1ccc(-c2ccc(C[C@@H](C#N)NC(=O)C3(N)CCOCC3)cc2)cc1,0.5563025007672873,pharmabench_hlm,N#Cc1ccc(-c2ccc(C[C@@H](C#N)NC(=O)C3(N)CCOCC3)cc2)cc1
COc1nc2ccc(C#N)cc2cc1C(c1cccc(F)c1)C(O)(CCN(C)C)c1cncc(C)c1,2.0863598306747484,pharmabench_hlm,COc1nc2ccc(C#N)cc2cc1C(c1cccc(F)c1)C(O)(CCN(C)C)c1cncc(C)c1
COc1cc(C(O)(CCN(C)C)C(c2cc3cc(Br)ccc3nc2OC)c2ccnc(OC)c2OC)cnc1OC,0.6989700043360189,pharmabench_hlm,COc1cc(C(O)(CCN(C)C)C(c2cc3cc(Br)ccc3nc2OC)c2ccnc(OC)c2OC)cnc1OC
COc1cccc(C(c2cc3cc(C#N)ccc3nc2OC)C(O)(CCN(C)C)c2cc(C)nc(C)c2)c1F,1.0791812460476249,pharmabench_hlm,COc1cccc(C(c2cc3cc(C#N)ccc3nc2OC)C(O)(CCN(C)C)c2cc(C)nc(C)c2)c1F
O=C(Nc1ccc(N2C(=O)[C@@H]3[C@H](C2=O)[C@@H]2C=C[C@H]3C2)c(Cl)c1)c1ccccn1,1.294466226161593,pharmabench_hlm,O=C(Nc1ccc(N2C(=O)[C@@H]3[C@H](C2=O)[C@@H]2C=C[C@H]3C2)c(Cl)c1)c1ccccn1
O=C(Nc1ccc(N2C(=O)CC(c3ccccc3)C2=O)c(Cl)c1)c1ccccn1,1.2988530764097066,pharmabench_hlm,O=C(Nc1ccc(N2C(=O)CC(c3ccccc3)C2=O)c(Cl)c1)c1ccccn1
Cn1cnc2ncn(Cc3nc(CCc4ccc(Cl)cc4)no3)c(=O)c21,1.0791812460476249,pharmabench_hlm,Cn1cnc2ncn(Cc3nc(CCc4ccc(Cl)cc4)no3)c(=O)c21
NC(=O)c1cccn2cc(-c3cccc(-c4cncc(OCCF)c4)c3)nc12,1.8750612633917,pharmabench_hlm,NC(=O)c1cccn2cc(-c3cccc(-c4cncc(OCCF)c4)c3)nc12
C[C@@H]1CCN(C(=O)c2ccc3occc3c2)C[C@H]1c1cc(C(F)F)nc2ncnn12,1.146128035678238,pharmabench_hlm,C[C@@H]1CCN(C(=O)c2ccc3occc3c2)C[C@H]1c1cc(C(F)F)nc2ncnn12
CC1(C)Cc2nc(NC(=O)[C@H]3CC[C@@H](n4cnc5c(N)nc(F)nc54)CC3)sc2C(C)(C)N1,1.7481880270062005,pharmabench_hlm,CC1(C)Cc2nc(NC(=O)[C@H]3CC[C@@H](n4cnc5c(N)nc(F)nc54)CC3)sc2C(C)(C)N1
CCCOc1cc([C@H](c2cc3cc(Br)ccc3cc2OC)[C@@](O)(CCN(C)C)c2cccc3ccoc23)cc(OC)n1,0.6989700043360189,pharmabench_hlm,CCCOc1cc([C@H](c2cc3cc(Br)ccc3cc2OC)[C@@](O)(CCN(C)C)c2cccc3ccoc23)cc(OC)n1
Cc1c(Cc2ccc(-n3cccn3)cc2)cc(C(=O)N[C@H]2CCCC[C@@H]2O)c(=O)n1C,1.3010299956639813,pharmabench_hlm,Cc1c(Cc2ccc(-n3cccn3)cc2)cc(C(=O)N[C@H]2CCCC[C@@H]2O)c(=O)n1C
Cc1nn2c(-c3c(C)nn(C)c3-c3ccc(C(F)(F)F)cc3)nc(C)c2c(=O)[nH]1,1.2041199826559248,pharmabench_hlm,Cc1nn2c(-c3c(C)nn(C)c3-c3ccc(C(F)(F)F)cc3)nc(C)c2c(=O)[nH]1
c1ccc2c(c1)Sc1ccccc1N2CC12CCN(CC1)CC2,1.5314789170422551,pharmabench_hlm,c1ccc2c(c1)Sc1ccccc1N2CC12CCN(CC1)CC2
CC(C)COCC(CN(Cc1ccccc1)c1ccccc1)N1CCCC1,1.9731278535996983,pharmabench_hlm,CC(C)COCC(CN(Cc1ccccc1)c1ccccc1)N1CCCC1
Cc1cc(Oc2nccc3occc23)ccc1-c1c(C)ncc2nccn12,1.3424226808222062,pharmabench_hlm,Cc1cc(Oc2nccc3occc23)ccc1-c1c(C)ncc2nccn12
CCCn1cc(-c2nc(Nc3ccc4c(c3)CCN4S(=O)(=O)c3ccc(C(F)(F)F)cc3)ncc2C)cn1,2.77129344262906,pharmabench_hlm,CCCn1cc(-c2nc(Nc3ccc4c(c3)CCN4S(=O)(=O)c3ccc(C(F)(F)F)cc3)ncc2C)cn1
N#CCCn1cc(-c2nc(Nc3ccc4c(c3)CCN4C(=O)c3ccc(C(F)(F)F)cc3)ncc2F)cn1,1.9074113607745864,pharmabench_hlm,N#CCCn1cc(-c2nc(Nc3ccc4c(c3)CCN4C(=O)c3ccc(C(F)(F)F)cc3)ncc2F)cn1
Cn1ccc2cc(Nc3ncc(F)c(-c4cnn(CCC#N)c4)n3)ccc21,2.2600713879850747,pharmabench_hlm,Cn1ccc2cc(Nc3ncc(F)c(-c4cnn(CCC#N)c4)n3)ccc21
CC(Cc1ccc(O)cc1)NCC(O)c1cc(O)cc(O)c1,1.5185139398778875,pharmabench_hlm,CC(Cc1ccc(O)cc1)NCC(O)c1cc(O)cc(O)c1
CN(C)C/C=C/C(=O)Nc1cc2c(Nc3ccc(F)c(Cl)c3)ncnc2cc1O[C@H]1CCOC1,0.146128035678238,pharmabench_hlm,CN(C)C/C=C/C(=O)Nc1cc2c(Nc3ccc(F)c(Cl)c3)ncnc2cc1O[C@H]1CCOC1
C#CCn1c(=O)n(Cc2cnn(C)c2)c(=O)c2cc(S(=O)(=O)NC3(C)CC3)ccc21,1.6232492903979006,pharmabench_hlm,C#CCn1c(=O)n(Cc2cnn(C)c2)c(=O)c2cc(S(=O)(=O)NC3(C)CC3)ccc21
Cn1cc(Cn2c(=O)c3cc(S(=O)(=O)NC4(C)CC4)ccc3n(CC3COC3)c2=O)cn1,0.9637878273455552,pharmabench_hlm,Cn1cc(Cn2c(=O)c3cc(S(=O)(=O)NC4(C)CC4)ccc3n(CC3COC3)c2=O)cn1
CCn1c(=O)n(Cc2cc(C)no2)c(=O)c2cc(S(=O)(=O)NC3(C)CC3)ccc21,1.414973347970818,pharmabench_hlm,CCn1c(=O)n(Cc2cc(C)no2)c(=O)c2cc(S(=O)(=O)NC3(C)CC3)ccc21
CC(C)OC(=O)[C@H](C)N[P@@](=O)(OC[C@H]1O[C@@H](n2ccc(=O)[nH]c2=O)[C@](F)(Br)[C@H]1O)Oc1ccccc1,1.8767949762007008,pharmabench_hlm,CC(C)OC(=O)[C@H](C)N[P@@](=O)(OC[C@H]1O[C@@H](n2ccc(=O)[nH]c2=O)[C@](F)(Br)[C@H]1O)Oc1ccccc1
O=C(c1ccccc1)c1cnc(NCc2cccnc2)nc1,4.4623979978989565,pharmabench_hlm,O=C(c1ccccc1)c1cnc(NCc2cccnc2)nc1
N#Cc1cccc(C(=O)c2cnc(NCc3cncnc3)nc2)c1,4.204119982655925,pharmabench_hlm,N#Cc1cccc(C(=O)c2cnc(NCc3cncnc3)nc2)c1
N#Cc1cccc(C(=O)c2cnc(NCc3ccccc3)nc2)c1,4.681241237375588,pharmabench_hlm,N#Cc1cccc(C(=O)c2cnc(NCc3ccccc3)nc2)c1
O=C(c1cnc(NC2(c3cnccn3)CCC2)nc1)N1CCC2(CCOCC2)C1,4.146128035678238,pharmabench_hlm,O=C(c1cnc(NC2(c3cnccn3)CCC2)nc1)N1CCC2(CCOCC2)C1
CC(C)(Nc1ncc(C(=O)N2CCC3(CCOCC3)C2)cn1)c1cncnc1,4.176091259055681,pharmabench_hlm,CC(C)(Nc1ncc(C(=O)N2CCC3(CCOCC3)C2)cn1)c1cncnc1
COc1ccc(Nc2ccnc3cc(-c4cnc(N5CCN(C)CC5)nc4)ccc23)cc1Cl,2.230448921378274,pharmabench_hlm,COc1ccc(Nc2ccnc3cc(-c4cnc(N5CCN(C)CC5)nc4)ccc23)cc1Cl
O[C@@H](C[C@H]1c2c(F)cccc2-c2cncn21)[C@H]1CC[C@H](O)CC1,0.7923916894982539,pharmabench_hlm,O[C@@H](C[C@H]1c2c(F)cccc2-c2cncn21)[C@H]1CC[C@H](O)CC1
Cc1cccc(CCN2CCN(c3ccccc3-c3cccc(C(=O)NCCCN4CCCC4)c3)CC2)c1,1.5440680443502757,pharmabench_hlm,Cc1cccc(CCN2CCN(c3ccccc3-c3cccc(C(=O)NCCCN4CCCC4)c3)CC2)c1
COc1cccc(CCN2CCN(c3ccccc3-c3cccc(C(=O)NCCCN4CCCC4)c3)CC2)c1,1.5563025007672873,pharmabench_hlm,COc1cccc(CCN2CCN(c3ccccc3-c3cccc(C(=O)NCCCN4CCCC4)c3)CC2)c1
O=C(Nc1ccc(Cl)cc1)C(=O)N1CC[C@@H](c2ccnc3ccc(F)cc23)[C@H](O)C1,0.6989700043360189,pharmabench_hlm,O=C(Nc1ccc(Cl)cc1)C(=O)N1CC[C@@H](c2ccnc3ccc(F)cc23)[C@H](O)C1
CC1(C)CN(C(=O)C(=O)Nc2ccc(Cl)cc2)CCC1c1ccnc2ccc(F)cc12,1.4593924877592308,pharmabench_hlm,CC1(C)CN(C(=O)C(=O)Nc2ccc(Cl)cc2)CCC1c1ccnc2ccc(F)cc12
N#Cc1ccc(NC(=O)C(=O)N2CCC(c3ccnc4ccc(F)cc34)CC2)cc1,1.0413926851582251,pharmabench_hlm,N#Cc1ccc(NC(=O)C(=O)N2CCC(c3ccnc4ccc(F)cc34)CC2)cc1
O=C(Nc1cccc(Cl)c1)N1Cc2c(-c3ccccc3)n[nH]c2C[C@@H]1CO,2.2121876044039577,pharmabench_hlm,O=C(Nc1cccc(Cl)c1)N1Cc2c(-c3ccccc3)n[nH]c2C[C@@H]1CO
Cc1cc(NC(=O)N2Cc3c(-c4cscn4)n[nH]c3C[C@@H]2C)ccc1F,1.146128035678238,pharmabench_hlm,Cc1cc(NC(=O)N2Cc3c(-c4cscn4)n[nH]c3C[C@@H]2C)ccc1F
C[C@H]1Cc2c(c(-c3cccs3)nn2C)CN1C(=O)Nc1cccc(Cl)c1,2.164352855784437,pharmabench_hlm,C[C@H]1Cc2c(c(-c3cccs3)nn2C)CN1C(=O)Nc1cccc(Cl)c1
COc1ccc(S(=O)(=O)N2C(=O)C(c3ccccc3OC)(N3CCN(c4cccnc4)CC3)c3cc(Cl)ccc32)c(OC)c1,1.6127838567197357,pharmabench_hlm,COc1ccc(S(=O)(=O)N2C(=O)C(c3ccccc3OC)(N3CCN(c4cccnc4)CC3)c3cc(Cl)ccc32)c(OC)c1
CC(=O)CC(c1ccc([N+](=O)[O-])cc1)c1c(O)c2ccccc2oc1=O,1.568201724066995,pharmabench_hlm,CC(=O)CC(c1ccc([N+](=O)[O-])cc1)c1c(O)c2ccccc2oc1=O
O=C(NC1CCN(C2CC2)CC1)c1ccc(Oc2ccc(C#C[C@]3(O)CN4CCC3CC4)cc2)cc1,0.6720978579357175,pharmabench_hlm,O=C(NC1CCN(C2CC2)CC1)c1ccc(Oc2ccc(C#C[C@]3(O)CN4CCC3CC4)cc2)cc1
C[C@H]1COCCN1c1cc(C(C)(C)S(C)(=O)=O)nc(-c2ccc(NC(=S)NCCO)cc2)n1,-0.0457574905606751,pharmabench_hlm,C[C@H]1COCCN1c1cc(C(C)(C)S(C)(=O)=O)nc(-c2ccc(NC(=S)NCCO)cc2)n1
COc1ccc(NC(=O)c2ccc(-c3cnc(N4CCCN(C)CC4)nc3)cc2O)cc1Cl,1.380211241711606,pharmabench_hlm,COc1ccc(NC(=O)c2ccc(-c3cnc(N4CCCN(C)CC4)nc3)cc2O)cc1Cl
CCCn1cc/c(=N\c2cnccn2)c2ccc(-c3cnc(N4CCCN(C)CC4)nc3)cc21,1.7075701760979365,pharmabench_hlm,CCCn1cc/c(=N\c2cnccn2)c2ccc(-c3cnc(N4CCCN(C)CC4)nc3)cc21
C#CCn1c(=O)n(Cc2cc(C)no2)c(=O)c2cc(S(=O)(=O)NC3(C)CC3)ccc21,1.8573324964312683,pharmabench_hlm,C#CCn1c(=O)n(Cc2cc(C)no2)c(=O)c2cc(S(=O)(=O)NC3(C)CC3)ccc21
Cc1cc(Cn2c(=O)c3cc(S(=O)(=O)NC4(C)CC4)ccc3n(Cc3cc(C)nn3C)c2=O)on1,1.568201724066995,pharmabench_hlm,Cc1cc(Cn2c(=O)c3cc(S(=O)(=O)NC4(C)CC4)ccc3n(Cc3cc(C)nn3C)c2=O)on1
CCOc1ccc2oc(C(=O)NC(c3ccccc3)c3nc4ccccc4[nH]3)c(C)c2c1,1.146128035678238,pharmabench_hlm,CCOc1ccc2oc(C(=O)NC(c3ccccc3)c3nc4ccccc4[nH]3)c(C)c2c1
O=C(CN(C(=O)c1ccc(-c2ccccn2)cc1)C1CCCOC1)Nc1cc(F)cc(F)c1,0.4623979978989561,pharmabench_hlm,O=C(CN(C(=O)c1ccc(-c2ccccn2)cc1)C1CCCOC1)Nc1cc(F)cc(F)c1
O=C1[C@H](CC[C@H](O)c2ccc(F)cc2)[C@@H](c2ccc(O)cc2)N1c1ccc(F)cc1,2.545499148876599,pharmabench_hlm,O=C1[C@H](CC[C@H](O)c2ccc(F)cc2)[C@@H](c2ccc(O)cc2)N1c1ccc(F)cc1
C[C@@H](N[C@H]1CCN(c2cccc(OC(F)(F)F)c2)C1)c1cccc2ccccc12,1.9242792860618816,pharmabench_hlm,C[C@@H](N[C@H]1CCN(c2cccc(OC(F)(F)F)c2)C1)c1cccc2ccccc12
C[C@@H](N[C@@H]1CCN(c2cccc(C(F)(F)F)c2)C1)c1cccc2ccccc12,2.6242820958356683,pharmabench_hlm,C[C@@H](N[C@@H]1CCN(c2cccc(C(F)(F)F)c2)C1)c1cccc2ccccc12
C[C@@H](N[C@@H]1CCCN(c2cccc(OC(F)(F)F)c2)C1)c1cccc2ccccc12,2.568201724066995,pharmabench_hlm,C[C@@H](N[C@@H]1CCCN(c2cccc(OC(F)(F)F)c2)C1)c1cccc2ccccc12
C[C@H]1c2cccc(-c3cnn(C4COC4)c3)c2C[C@H](CO)N1C(=O)Cc1c(Cl)cccc1Cl,1.8195439355418688,pharmabench_hlm,C[C@H]1c2cccc(-c3cnn(C4COC4)c3)c2C[C@H](CO)N1C(=O)Cc1c(Cl)cccc1Cl
Cn1cnc2ncn(Cc3nn([C@H]4C[C@H](Oc5cccc(Cl)c5)C4)c(=O)o3)c(=O)c21,0.7781512503836436,pharmabench_hlm,Cn1cnc2ncn(Cc3nn([C@H]4C[C@H](Oc5cccc(Cl)c5)C4)c(=O)o3)c(=O)c21
Cc1nn(C2COC2)cc1Nc1nc(N)c2c(C#N)c(N3CCC[C@H]3C)n(C)c2n1,1.669037800885156,pharmabench_hlm,Cc1nn(C2COC2)cc1Nc1nc(N)c2c(C#N)c(N3CCC[C@H]3C)n(C)c2n1
COc1cc(CNC(=O)c2ccc(Oc3ccc(C#C[C@]4(O)CN5CCC4CC5)cc3)cc2)cc(OC)c1,0.6812412373755872,pharmabench_hlm,COc1cc(CNC(=O)c2ccc(Oc3ccc(C#C[C@]4(O)CN5CCC4CC5)cc3)cc2)cc(OC)c1
O=C(NCCCN1CCCC1)c1cccc(-c2ccccc2N2CCN(CCc3c[nH]c4ccccc34)CC2)c1,1.2041199826559248,pharmabench_hlm,O=C(NCCCN1CCCC1)c1cccc(-c2ccccc2N2CCN(CCc3c[nH]c4ccccc34)CC2)c1
Cc1cccc(CCN2CCN(c3ccccc3-c3cc(C#N)cc(C(=O)NCCCN4CCCC4)c3)CC2)c1,1.6334684555795864,pharmabench_hlm,Cc1cccc(CCN2CCN(c3ccccc3-c3cc(C#N)cc(C(=O)NCCCN4CCCC4)c3)CC2)c1
CCN1CC2(CCN(CCc3cc(F)ccc3F)CC2)O[C@H](C)C1=O,0.380211241711606,pharmabench_hlm,CCN1CC2(CCN(CCc3cc(F)ccc3F)CC2)O[C@H](C)C1=O
CS(=O)(=O)n1ccc2cc(C(=O)N3CCCC(c4ccnc5ncnn45)C3)ccc21,1.505149978319906,pharmabench_hlm,CS(=O)(=O)n1ccc2cc(C(=O)N3CCCC(c4ccnc5ncnn45)C3)ccc21
C[C@@H](Oc1cccc2ncnc(Nc3ccc4c(cnn4Cc4ccccn4)c3)c12)C(=O)N(C)C,2.2624510897304293,pharmabench_hlm,C[C@@H](Oc1cccc2ncnc(Nc3ccc4c(cnn4Cc4ccccn4)c3)c12)C(=O)N(C)C
CC1CN(CC(=O)Nc2ccc(-n3ccccc3=O)cc2F)CC1NC(=O)c1ccc(Cl)s1,1.8825245379548805,pharmabench_hlm,CC1CN(CC(=O)Nc2ccc(-n3ccccc3=O)cc2F)CC1NC(=O)c1ccc(Cl)s1
c1cnc2c(Nc3ccc4c(-n5cccn5)nccc4c3)n[nH]c2c1,1.5526682161121932,pharmabench_hlm,c1cnc2c(Nc3ccc4c(-n5cccn5)nccc4c3)n[nH]c2c1
O=C(Cn1cc(CN2CCN(c3cc4c(cc3F)c(=O)c(C(=O)O)cn4C3CC3)CC2)nn1)Nc1ccc(S[C@@H]2O[C@H](CO)[C@H](O)[C@H](O)[C@H]2O)cc1,1.0,pharmabench_hlm,O=C(Cn1cc(CN2CCN(c3cc4c(cc3F)c(=O)c(C(=O)O)cn4C3CC3)CC2)nn1)Nc1ccc(S[C@@H]2O[C@H](CO)[C@H](O)[C@H](O)[C@H]2O)cc1
O=C(CN(C(=O)c1ccc(-c2ccccn2)cc1)C1CCOC1)Nc1cc(F)cc(F)c1,0.5910646070264992,pharmabench_hlm,O=C(CN(C(=O)c1ccc(-c2ccccn2)cc1)C1CCOC1)Nc1cc(F)cc(F)c1
N#Cc1ccc(-c2ccc(C[C@@H](C#N)NC(=O)C3(N)CCCCC3)cc2)cc1,1.3010299956639813,pharmabench_hlm,N#Cc1ccc(-c2ccc(C[C@@H](C#N)NC(=O)C3(N)CCCCC3)cc2)cc1
C[C@@H]1CC[C@@H](Oc2cc(C#N)ccn2)CN1C(=O)c1ccccc1-n1nccn1,1.2041199826559248,pharmabench_hlm,C[C@@H]1CC[C@@H](Oc2cc(C#N)ccn2)CN1C(=O)c1ccccc1-n1nccn1
C=CC(=O)Nc1cccc(-c2c[nH]c3ncnc(Nc4ccc(OCc5ccccn5)c(Cl)c4)c23)c1,1.4424797690644486,pharmabench_hlm,C=CC(=O)Nc1cccc(-c2c[nH]c3ncnc(Nc4ccc(OCc5ccccn5)c(Cl)c4)c23)c1
O=C(COc1cccc2ncnc(Nc3ccc4c(cnn4Cc4ccccn4)c3)c12)N1CCOCC1,0.8450980400142568,pharmabench_hlm,O=C(COc1cccc2ncnc(Nc3ccc4c(cnn4Cc4ccccn4)c3)c12)N1CCOCC1
O=C(Nc1ccc(F)cn1)c1cc2n(n1)CCCC2,1.4913616938342726,pharmabench_hlm,O=C(Nc1ccc(F)cn1)c1cc2n(n1)CCCC2
N[C@H]1CCCN(c2ccncc2Nc2ncc3ccc(-c4c(F)cccc4F)nn23)C1,1.8195439355418688,pharmabench_hlm,N[C@H]1CCCN(c2ccncc2Nc2ncc3ccc(-c4c(F)cccc4F)nn23)C1
N[C@H]1CCCN(c2sncc2Nc2ncc3ccc(-c4c(F)cccc4F)nn23)C1,1.4471580313422192,pharmabench_hlm,N[C@H]1CCCN(c2sncc2Nc2ncc3ccc(-c4c(F)cccc4F)nn23)C1
N[C@H]1CCCN(c2ccncc2Nc2ncc3ccc(-c4cccnc4F)nn23)C1,1.5314789170422551,pharmabench_hlm,N[C@H]1CCCN(c2ccncc2Nc2ncc3ccc(-c4cccnc4F)nn23)C1
O[C@H]1CCCN(c2ccncc2Nc2ncc3ccc(-c4c(F)cccc4F)nn23)C1,2.673941998634088,pharmabench_hlm,O[C@H]1CCCN(c2ccncc2Nc2ncc3ccc(-c4c(F)cccc4F)nn23)C1
C[C@@H]1[C@@H](N)CCCN1c1ccncc1Nc1ncc2ccc(-c3c(F)cccc3F)nn12,1.8976270912904407,pharmabench_hlm,C[C@@H]1[C@@H](N)CCCN1c1ccncc1Nc1ncc2ccc(-c3c(F)cccc3F)nn12
C[C@@H]1CCN(c2ccncc2Nc2ncc3ccc(-c4c(F)cccc4F)nn23)C[C@H]1N,1.8512583487190752,pharmabench_hlm,C[C@@H]1CCN(c2ccncc2Nc2ncc3ccc(-c4c(F)cccc4F)nn23)C[C@H]1N
CC(C)CNc1nc(C#N)nc(N2CCOCC2)c1N,1.0413926851582251,pharmabench_hlm,CC(C)CNc1nc(C#N)nc(N2CCOCC2)c1N
O=C(NCc1cccc(Cl)c1)c1ccc2c(c1)N=C(N1CCC(F)(F)CC1)c1ccccc1S2,1.6020599913279625,pharmabench_hlm,O=C(NCc1cccc(Cl)c1)c1ccc2c(c1)N=C(N1CCC(F)(F)CC1)c1ccccc1S2
Cc1cc(C)c(S(=O)(=O)N[C@H]2CCN(c3cccc4c3cnn4-c3ccc(F)cc3)C2)c(C)c1,1.7160033436347992,pharmabench_hlm,Cc1cc(C)c(S(=O)(=O)N[C@H]2CCN(c3cccc4c3cnn4-c3ccc(F)cc3)C2)c(C)c1
CC(C)S(=O)(=O)N[C@@H](C)[C@H](Oc1ccc2c(cnn2-c2ccc(F)cc2)c1)c1ccccc1,1.3424226808222062,pharmabench_hlm,CC(C)S(=O)(=O)N[C@@H](C)[C@H](Oc1ccc2c(cnn2-c2ccc(F)cc2)c1)c1ccccc1
C[C@@H](Oc1cccc2ncnc(Nc3ccc4c(cnn4Cc4ccccn4)c3)c12)C(=O)N1CCCC1,1.8750612633917,pharmabench_hlm,C[C@@H](Oc1cccc2ncnc(Nc3ccc4c(cnn4Cc4ccccn4)c3)c12)C(=O)N1CCCC1
O=C(CN1C[C@H](NC(=O)c2ccc(Cl)s2)[C@@H](OCCO)C1)Nc1ccc(-n2ccccc2=O)cc1F,0.9242792860618816,pharmabench_hlm,O=C(CN1C[C@H](NC(=O)c2ccc(Cl)s2)[C@@H](OCCO)C1)Nc1ccc(-n2ccccc2=O)cc1F
O=C(CN1C[C@H](NC(=O)c2ccc(Cl)s2)C[C@H]1C(=O)NCC1CC1)Nc1ccc(-n2ccccc2=O)cc1F,0.8750612633917001,pharmabench_hlm,O=C(CN1C[C@H](NC(=O)c2ccc(Cl)s2)C[C@H]1C(=O)NCC1CC1)Nc1ccc(-n2ccccc2=O)cc1F
CCN(CC)CCN(CC12CC(c3ccc(C(F)(F)F)cc3)(C1)C2)C(=O)Cn1c(SCc2ccc(F)cc2)nc(=O)c2c1CCC2,0.0863598306747482,pharmabench_hlm,CCN(CC)CCN(CC12CC(c3ccc(C(F)(F)F)cc3)(C1)C2)C(=O)Cn1c(SCc2ccc(F)cc2)nc(=O)c2c1CCC2
CCN1[C@H](C)CN(c2cc3c(cc2OC)CCN3C(=O)c2ccc(-c3cccc(C)n3)c3ccccc23)C[C@@H]1C,1.6720978579357175,pharmabench_hlm,CCN1[C@H](C)CN(c2cc3c(cc2OC)CCN3C(=O)c2ccc(-c3cccc(C)n3)c3ccccc23)C[C@@H]1C
COc1cc2c(cc1N1C[C@@H](C)N(C)[C@@H](C)C1)N(C(=O)Nc1cccc(Cl)c1Cl)CC2,0.4771212547196624,pharmabench_hlm,COc1cc2c(cc1N1C[C@@H](C)N(C)[C@@H](C)C1)N(C(=O)Nc1cccc(Cl)c1Cl)CC2
O=C(CN1C[C@H](CO)[C@@H](NC(=O)c2ccc(Cl)s2)C1)Nc1ccc(-n2ccccc2=O)cc1F,1.3364597338485296,pharmabench_hlm,O=C(CN1C[C@H](CO)[C@@H](NC(=O)c2ccc(Cl)s2)C1)Nc1ccc(-n2ccccc2=O)cc1F
O=C(CN1C[C@H](NC(=O)c2ccc(Cl)s2)C[C@H]1CO)Nc1ccc(-n2ccccc2=O)cc1F,0.8450980400142568,pharmabench_hlm,O=C(CN1C[C@H](NC(=O)c2ccc(Cl)s2)C[C@H]1CO)Nc1ccc(-n2ccccc2=O)cc1F
CN(C)[C@H]1CC[C@H](n2cc(C(N)=O)c(Nc3ccc(Cl)cc3)n2)[C@@H](C#N)C1,1.414973347970818,pharmabench_hlm,CN(C)[C@H]1CC[C@H](n2cc(C(N)=O)c(Nc3ccc(Cl)cc3)n2)[C@@H](C#N)C1
COc1cc(Nc2nn([C@H]3COCC[C@@H]3C#N)cc2C(N)=O)ccc1C#N,1.380211241711606,pharmabench_hlm,COc1cc(Nc2nn([C@H]3COCC[C@@H]3C#N)cc2C(N)=O)ccc1C#N
COc1ccnc2c(F)cc(Nc3nn([C@H]4COCC[C@@H]4C#N)cc3C(N)=O)cc12,1.1760912590556811,pharmabench_hlm,COc1ccnc2c(F)cc(Nc3nn([C@H]4COCC[C@@H]4C#N)cc3C(N)=O)cc12
CCOc1nc(Nc2ccc(C(=O)N3CC4(COC4)C3)cc2OC)nc2[nH]ccc12,0.041392685158225,pharmabench_hlm,CCOc1nc(Nc2ccc(C(=O)N3CC4(COC4)C3)cc2OC)nc2[nH]ccc12
CN1CCCN(c2ncc(-c3ccc4c(Nc5cnccn5)ccnc4c3)cn2)CC1,1.8864907251724816,pharmabench_hlm,CN1CCCN(c2ncc(-c3ccc4c(Nc5cnccn5)ccnc4c3)cn2)CC1
CN1CCN(c2ccc(-c3ccc4c(Nc5cnccn5)ccnc4c3)cc2)CC1,1.7853298350107671,pharmabench_hlm,CN1CCN(c2ccc(-c3ccc4c(Nc5cnccn5)ccnc4c3)cc2)CC1
c1ccc(CNc2ccc3[nH]nc(-c4ccc(N5CCNCC5)nc4)c3c2)cc1,1.0791812460476249,pharmabench_hlm,c1ccc(CNc2ccc3[nH]nc(-c4ccc(N5CCNCC5)nc4)c3c2)cc1
c1ccc(CCc2ccc3[nH]nc(-c4ccc(N5CCNCC5)nc4)c3c2)cc1,3.435525851498655,pharmabench_hlm,c1ccc(CCc2ccc3[nH]nc(-c4ccc(N5CCNCC5)nc4)c3c2)cc1
c1ccc(COc2ccc3[nH]nc(-c4ccc(N5CCNCC5)nc4)c3c2)cc1,2.841359470454855,pharmabench_hlm,c1ccc(COc2ccc3[nH]nc(-c4ccc(N5CCNCC5)nc4)c3c2)cc1
CCSC[C@@](O)([C@@H](Nc1cccc2nc(C)ccc12)c1ccc(OC)c(F)c1Cl)C(F)(F)F,1.2041199826559248,pharmabench_hlm,CCSC[C@@](O)([C@@H](Nc1cccc2nc(C)ccc12)c1ccc(OC)c(F)c1Cl)C(F)(F)F
N#Cc1ccc(NS(=O)(=O)c2ccccc2C(F)(F)F)cc1Cl,1.0413926851582251,pharmabench_hlm,N#Cc1ccc(NS(=O)(=O)c2ccccc2C(F)(F)F)cc1Cl
CC(C)(C)C1CCNC(=O)C(N(Cc2ccc(C(=O)NC3CC3)cc2)S(=O)(=O)c2ccc(Cl)cc2)C1,1.968482948553935,pharmabench_hlm,CC(C)(C)C1CCNC(=O)C(N(Cc2ccc(C(=O)NC3CC3)cc2)S(=O)(=O)c2ccc(Cl)cc2)C1
O=C(NN1CCCCC1)c1ccc2c(c1)N=C(C1CCCCC1)c1ccccc1S2,1.9242792860618816,pharmabench_hlm,O=C(NN1CCCCC1)c1ccc2c(c1)N=C(C1CCCCC1)c1ccccc1S2
O=C(NC1CC1)c1ccc(CN(C2CC(C(F)(F)F)CCNC2=O)S(=O)(=O)c2ccc(Cl)cc2)cc1,1.2787536009528289,pharmabench_hlm,O=C(NC1CC1)c1ccc(CN(C2CC(C(F)(F)F)CCNC2=O)S(=O)(=O)c2ccc(Cl)cc2)cc1
CCCCNC(=O)c1ccc2c(c1)N=C(c1ccc(Cl)cc1)c1ccccc1S2,1.380211241711606,pharmabench_hlm,CCCCNC(=O)c1ccc2c(c1)N=C(c1ccc(Cl)cc1)c1ccccc1S2
O=c1[nH]nc(-c2c(N3CCCCC3)nc3ccc(Cl)cc3c2-c2ccccc2)o1,1.2787536009528289,pharmabench_hlm,O=c1[nH]nc(-c2c(N3CCCCC3)nc3ccc(Cl)cc3c2-c2ccccc2)o1
COc1ccc(CN([C@@H]2CC(F)(F)CCNC2=O)S(=O)(=O)c2ccc(Cl)cc2)cn1,0.9542425094393248,pharmabench_hlm,COc1ccc(CN([C@@H]2CC(F)(F)CCNC2=O)S(=O)(=O)c2ccc(Cl)cc2)cn1
COc1ccc(CN([C@@H]2CC(F)(F)CCNC2=O)S(=O)(=O)c2ccc(Cl)cc2)c(F)c1F,1.2787536009528289,pharmabench_hlm,COc1ccc(CN([C@@H]2CC(F)(F)CCNC2=O)S(=O)(=O)c2ccc(Cl)cc2)c(F)c1F
O=C(NC1CC1)c1ccc(CN([C@@H]2CC(F)(F)CCNC2=O)S(=O)(=O)c2ccc(Cl)cc2)cc1,0.2787536009528289,pharmabench_hlm,O=C(NC1CC1)c1ccc(CN([C@@H]2CC(F)(F)CCNC2=O)S(=O)(=O)c2ccc(Cl)cc2)cc1
CC1(C)CCNC(=O)C(N(Cc2ccc(C(=O)NC3CC3)cc2)S(=O)(=O)c2ccc(Cl)cc2)C1,1.6532125137753435,pharmabench_hlm,CC1(C)CCNC(=O)C(N(Cc2ccc(C(=O)NC3CC3)cc2)S(=O)(=O)c2ccc(Cl)cc2)C1
C=CC(=O)N1CCCC[C@@H](n2c(NC(=O)c3cccc(C(F)(F)F)c3)nc3cccc(C)c32)C1,1.919078092376074,pharmabench_hlm,C=CC(=O)N1CCCC[C@@H](n2c(NC(=O)c3cccc(C(F)(F)F)c3)nc3cccc(C)c32)C1
NC(=O)c1c(NC(=O)Cn2nc(C(F)(F)F)c3c2CCNC3)sc2c1CCCC2,1.7558748556724917,pharmabench_hlm,NC(=O)c1c(NC(=O)Cn2nc(C(F)(F)F)c3c2CCNC3)sc2c1CCCC2
Cc1nc2c(-c3nnc[nH]3)cc(-c3ccncc3)cc2n1-c1ccnc2c(F)ccc(F)c12,0.8046904721253534,pharmabench_hlm,Cc1nc2c(-c3nnc[nH]3)cc(-c3ccncc3)cc2n1-c1ccnc2c(F)ccc(F)c12
CC(C)C[C@H](C(N)=O)N(Cc1ccc2c(c1)OCO2)S(=O)(=O)c1ccc(Cl)cc1,1.5314789170422551,pharmabench_hlm,CC(C)C[C@H](C(N)=O)N(Cc1ccc2c(c1)OCO2)S(=O)(=O)c1ccc(Cl)cc1
CCP(=O)(OC)c1ccc2oc(-c3cccc(C(F)(F)F)c3)nc2c1,0.9206450014067876,pharmabench_hlm,CCP(=O)(OC)c1ccc2oc(-c3cccc(C(F)(F)F)c3)nc2c1
COc1cc2ccc(Br)cc2cc1[C@@H](c1cccc(C)c1)[C@@](O)(CCN(C)C)c1cccc2c1OCCO2,0.6020599913279624,pharmabench_hlm,COc1cc2ccc(Br)cc2cc1[C@@H](c1cccc(C)c1)[C@@](O)(CCN(C)C)c1cccc2c1OCCO2
COc1cc2ccc(Br)cc2cc1[C@@H](c1ccnc(OC)c1OC)[C@@](O)(CCN(C)C)c1ccnc2c1OCCO2,0.9030899869919436,pharmabench_hlm,COc1cc2ccc(Br)cc2cc1[C@@H](c1ccnc(OC)c1OC)[C@@](O)(CCN(C)C)c1ccnc2c1OCCO2
Cn1cc2c3c(c[nH]c3c1=O)CN(C1CCC(F)(F)CC1)c1ccc(CS(C)(=O)=O)cc1-2,1.823930455125564,pharmabench_hlm,Cn1cc2c3c(c[nH]c3c1=O)CN(C1CCC(F)(F)CC1)c1ccc(CS(C)(=O)=O)cc1-2
Cc1noc(CNC(=O)c2ccc(C)c(S(=O)(=O)Nc3ccc(-c4cnco4)cc3)c2)n1,1.8388490907372552,pharmabench_hlm,Cc1noc(CNC(=O)c2ccc(C)c(S(=O)(=O)Nc3ccc(-c4cnco4)cc3)c2)n1
Cc1nc2c(-c3ccc(F)cc3)cnn2c(NCc2ccccn2)c1C,1.6918768225593313,pharmabench_hlm,Cc1nc2c(-c3ccc(F)cc3)cnn2c(NCc2ccccn2)c1C
O=S(=O)(c1ccc(Nc2ncc(N3CCOCC3)c(Nc3ccccc3)n2)cc1)N1CCCCC1,2.278753600952829,pharmabench_hlm,O=S(=O)(c1ccc(Nc2ncc(N3CCOCC3)c(Nc3ccccc3)n2)cc1)N1CCCCC1
CNC(=O)c1cnc(Nc2ccc(OC)cc2C)nc1NC1CCCC1,1.568201724066995,pharmabench_hlm,CNC(=O)c1cnc(Nc2ccc(OC)cc2C)nc1NC1CCCC1
Cc1ncccc1-c1cnc(NCc2c(F)cc(N)c3c2CCO3)n2cnnc12,1.1139433523068367,pharmabench_hlm,Cc1ncccc1-c1cnc(NCc2c(F)cc(N)c3c2CCO3)n2cnnc12
C=CC(=O)N(C)C(=O)Cc1c[nH]c2ncnc(-c3cc(F)cc(NC(=O)c4ccc(C5CC5)cc4)c3C)c12,-1.408935392973501,pharmabench_hlm,C=CC(=O)N(C)C(=O)Cc1c[nH]c2ncnc(-c3cc(F)cc(NC(=O)c4ccc(C5CC5)cc4)c3C)c12
C=CC(=O)N1CCC(c2c[nH]c3ncnc(-c4cc(F)cc(NC(=O)c5ccc(C6CC6)cc5)c4C)c23)C1,-0.9546770212133424,pharmabench_hlm,C=CC(=O)N1CCC(c2c[nH]c3ncnc(-c4cc(F)cc(NC(=O)c5ccc(C6CC6)cc5)c4C)c23)C1
O=C(CN(C(=O)c1ccc(-n2ccnc2)cc1)C1CCCCC1)Nc1cc(F)cc(F)c1,0.785329835010767,pharmabench_hlm,O=C(CN(C(=O)c1ccc(-n2ccnc2)cc1)C1CCCCC1)Nc1cc(F)cc(F)c1
C[C@@H](N[C@H]1CCN(c2ccc(CC(=O)O)cc2)C1)c1cccc2ccccc12,1.8325089127062364,pharmabench_hlm,C[C@@H](N[C@H]1CCN(c2ccc(CC(=O)O)cc2)C1)c1cccc2ccccc12
C[C@@H](N[C@H]1CCN(c2ccc(-c3nn[nH]n3)cc2)C1)c1cccc2ccccc12,2.494154594018443,pharmabench_hlm,C[C@@H](N[C@H]1CCN(c2ccc(-c3nn[nH]n3)cc2)C1)c1cccc2ccccc12
O=C(Nc1ccc(Cl)cn1)C(=O)N1CCC(c2ccnc3ccc(F)cc23)CC1,1.3617278360175928,pharmabench_hlm,O=C(Nc1ccc(Cl)cn1)C(=O)N1CCC(c2ccnc3ccc(F)cc23)CC1
Cc1cn(-c2ccc3n(c2=O)CCN(C[C@@]24C[C@@H]2COc2ccc(Cl)cc24)C3=O)cn1,1.6424645202421213,pharmabench_hlm,Cc1cn(-c2ccc3n(c2=O)CCN(C[C@@]24C[C@@H]2COc2ccc(Cl)cc24)C3=O)cn1
Cc1cn(-c2ccc3n(c2=O)CCN(CC2=CCOc4ccc(C(F)(F)F)cc42)C3=O)cn1,2.03342375548695,pharmabench_hlm,Cc1cn(-c2ccc3n(c2=O)CCN(CC2=CCOc4ccc(C(F)(F)F)cc42)C3=O)cn1
O=C(Nc1ccc(Cl)cn1)C(=O)N1CCC(c2cccc(Cl)c2Cl)CC1,1.6020599913279625,pharmabench_hlm,O=C(Nc1ccc(Cl)cn1)C(=O)N1CCC(c2cccc(Cl)c2Cl)CC1
C[C@H](Nc1ncc(F)c(N2CCOC2=O)n1)c1cn(-c2ccc(Cl)cc2)cn1,1.7708520116421442,pharmabench_hlm,C[C@H](Nc1ncc(F)c(N2CCOC2=O)n1)c1cn(-c2ccc(Cl)cc2)cn1
Cc1c(NC(=O)c2cccc(C#N)c2)cnc2c1c(C1CCN(C(=O)CC(C)C)CC1)cn2C,2.037426497940624,pharmabench_hlm,Cc1c(NC(=O)c2cccc(C#N)c2)cnc2c1c(C1CCN(C(=O)CC(C)C)CC1)cn2C
CNC(=O)c1csc2c(C(F)(F)F)cc(N3CCN(CC(O)COC(C)(C)C)CC3)nc12,1.7075701760979365,pharmabench_hlm,CNC(=O)c1csc2c(C(F)(F)F)cc(N3CCN(CC(O)COC(C)(C)C)CC3)nc12
CNC(=O)c1csc2c(C(F)(F)F)cc(N3CCC(OC(=O)NC(C)C)CC3)nc12,1.662757831681574,pharmabench_hlm,CNC(=O)c1csc2c(C(F)(F)F)cc(N3CCC(OC(=O)NC(C)C)CC3)nc12
Cc1cnc2c(-c3ccc(F)cc3)cnn2c1NCc1ccccn1,1.573799582215741,pharmabench_hlm,Cc1cnc2c(-c3ccc(F)cc3)cnn2c1NCc1ccccn1
C=CC(=O)N1CCC(c2c[nH]c3ncnc(-c4cc(F)cc(NC(=O)c5ccc(C6CC6)cc5)c4C)c23)CC1,-0.8996294548824371,pharmabench_hlm,C=CC(=O)N1CCC(c2c[nH]c3ncnc(-c4cc(F)cc(NC(=O)c5ccc(C6CC6)cc5)c4C)c23)CC1
C=CC(=O)N1CC=C(c2c[nH]c3ncnc(-c4cc(F)cc(NC(=O)c5ccc(C6CC6)cc5)c4C)c23)CC1,-0.1804560644581313,pharmabench_hlm,C=CC(=O)N1CC=C(c2c[nH]c3ncnc(-c4cc(F)cc(NC(=O)c5ccc(C6CC6)cc5)c4C)c23)CC1
C/C=C/C(=O)N1CC=C(c2c[nH]c3ncnc(-c4cc(F)cc(NC(=O)c5ccc(C6CC6)cc5)c4C)c23)CC1,-0.3381873144627387,pharmabench_hlm,C/C=C/C(=O)N1CC=C(c2c[nH]c3ncnc(-c4cc(F)cc(NC(=O)c5ccc(C6CC6)cc5)c4C)c23)CC1
NC(=O)c1ccc(-c2cnc(N)c(-c3ccc(Cl)cc3)c2)cc1,1.3424226808222062,pharmabench_hlm,NC(=O)c1ccc(-c2cnc(N)c(-c3ccc(Cl)cc3)c2)cc1
CC(C(=O)Nc1ccc(Cl)cc1)N1CCC2(CC1)COc1cc(C(F)(F)F)ccc12,1.0413926851582251,pharmabench_hlm,CC(C(=O)Nc1ccc(Cl)cc1)N1CCC2(CC1)COc1cc(C(F)(F)F)ccc12
COc1cc2ccc(C#N)cc2cc1[C@@H](c1cccc(OC)c1OC)[C@@](O)(CCN(C)C)c1cccc2c1CCC2,1.4913616938342726,pharmabench_hlm,COc1cc2ccc(C#N)cc2cc1[C@@H](c1cccc(OC)c1OC)[C@@](O)(CCN(C)C)c1cccc2c1CCC2
COc1cccc([C@@H](Oc2ccc3c(cnn3-c3ccc(F)cc3)c2)[C@H](C)NC(=O)C(C)(C)C)c1,2.113943352306837,pharmabench_hlm,COc1cccc([C@@H](Oc2ccc3c(cnn3-c3ccc(F)cc3)c2)[C@H](C)NC(=O)C(C)(C)C)c1
O=C(N[C@H]1CN(S(=O)(=O)c2ccccc2)C[C@@H]1C(=O)N[C@H]1CCCNC1)c1ccc(-c2cc(C(F)(F)F)ccc2Cl)o1,0.7403626894942439,pharmabench_hlm,O=C(N[C@H]1CN(S(=O)(=O)c2ccccc2)C[C@@H]1C(=O)N[C@H]1CCCNC1)c1ccc(-c2cc(C(F)(F)F)ccc2Cl)o1
Cn1ccc2c(-c3nc4c(-n5cc(N[C@@H]6CCOC[C@@H]6N)cn5)ccnc4[nH]3)cccc21,1.3010299956639813,pharmabench_hlm,Cn1ccc2c(-c3nc4c(-n5cc(N[C@@H]6CCOC[C@@H]6N)cn5)ccnc4[nH]3)cccc21
Cc1ccc(-n2c(C(=O)NC3CC3)cc3cccnc32)cc1Cl,2.2367890994092927,pharmabench_hlm,Cc1ccc(-n2c(C(=O)NC3CC3)cc3cccnc32)cc1Cl
O=C(c1nc2cccnc2n1-c1ccc(Cl)c(Cl)c1)N1CC(C(F)(F)F)C1,2.470704429722788,pharmabench_hlm,O=C(c1nc2cccnc2n1-c1ccc(Cl)c(Cl)c1)N1CC(C(F)(F)F)C1
O=C(c1cc2cccnc2n1-c1cc(F)c(Cl)c(F)c1)N1CC(F)(F)C1,1.5224442335063195,pharmabench_hlm,O=C(c1cc2cccnc2n1-c1cc(F)c(Cl)c(F)c1)N1CC(F)(F)C1
Cc1c2cc(C(=O)NC3CN(c4cc(Cl)ncc4Cl)C3)ccc2nn1C,1.316228646092362,pharmabench_hlm,Cc1c2cc(C(=O)NC3CN(c4cc(Cl)ncc4Cl)C3)ccc2nn1C
Cn1nnc2ccc3c(NC4CN(c5cc(Cl)ncc5Cl)C4)ncnc3c21,1.3222192947339193,pharmabench_hlm,Cn1nnc2ccc3c(NC4CN(c5cc(Cl)ncc5Cl)C4)ncnc3c21
C[C@H](NC(=O)C(C)(C)C)[C@H](Oc1ccc2c(cnn2-c2ccc(F)cc2)c1)c1ccccc1,1.792391689498254,pharmabench_hlm,C[C@H](NC(=O)C(C)(C)C)[C@H](Oc1ccc2c(cnn2-c2ccc(F)cc2)c1)c1ccccc1
COc1ccc2c(CN3CCC(F)(F)[C@H](CCc4cccc(F)c4)C3)c[nH]c2c1,2.4771212547196626,pharmabench_hlm,COc1ccc2c(CN3CCC(F)(F)[C@H](CCc4cccc(F)c4)C3)c[nH]c2c1
OC1CN(c2ccc(Nc3nc(-c4ccc5cn[nH]c5c4)cn4ccnc34)cc2)C1,1.0969100130080565,pharmabench_hlm,OC1CN(c2ccc(Nc3nc(-c4ccc5cn[nH]c5c4)cn4ccnc34)cc2)C1
CN1CC2CCC1(C(NC(=O)c1cccc(C(F)(F)F)c1Cl)c1ccccc1)CC2,1.9731278535996983,pharmabench_hlm,CN1CC2CCC1(C(NC(=O)c1cccc(C(F)(F)F)c1Cl)c1ccccc1)CC2
Cc1cccc(C)c1C(=O)NC(c1ccncc1)C12CCC(CC1)N2C(C)C,1.6334684555795864,pharmabench_hlm,Cc1cccc(C)c1C(=O)NC(c1ccncc1)C12CCC(CC1)N2C(C)C
CCNC(=O)c1cc2c(-c3cc(S(C)(=O)=O)ccc3Oc3ccc(F)cc3F)cn(C)c(=O)c2[nH]1,1.7781512503836436,pharmabench_hlm,CCNC(=O)c1cc2c(-c3cc(S(C)(=O)=O)ccc3Oc3ccc(F)cc3F)cn(C)c(=O)c2[nH]1
CCc1cn2c(NS(C)(=O)=O)nnc2cc1OCC12CC3CC(CC(C3)C1)C2,1.2041199826559248,pharmabench_hlm,CCc1cn2c(NS(C)(=O)=O)nnc2cc1OCC12CC3CC(CC(C3)C1)C2
C[C@H](NS(=O)(=O)C1CC1)[C@H](Oc1ccc2c(cnn2-c2ccc(F)cc2)c1)c1ccccc1,1.2041199826559248,pharmabench_hlm,C[C@H](NS(=O)(=O)C1CC1)[C@H](Oc1ccc2c(cnn2-c2ccc(F)cc2)c1)c1ccccc1
CSc1ccc([C@@H](Oc2ccc3c(cnn3-c3ccc(F)cc3)c2)[C@H](C)NS(=O)(=O)C2CC2)cc1,1.8920946026904804,pharmabench_hlm,CSc1ccc([C@@H](Oc2ccc3c(cnn3-c3ccc(F)cc3)c2)[C@H](C)NS(=O)(=O)C2CC2)cc1
CCOc1cc([C@H](c2cc3cc(C#N)ccc3cc2OC)[C@@](O)(CCN(C)C)c2cccc3ccoc23)cc(OCC)n1,1.812913356642856,pharmabench_hlm,CCOc1cc([C@H](c2cc3cc(C#N)ccc3cc2OC)[C@@](O)(CCN(C)C)c2cccc3ccoc23)cc(OCC)n1
COc1cc([C@H](c2cc3cc(C#N)ccc3cc2OC)[C@@](O)(CCN(C)C)c2cccc3ccoc23)cc(OC(C)C)n1,0.6901960800285137,pharmabench_hlm,COc1cc([C@H](c2cc3cc(C#N)ccc3cc2OC)[C@@](O)(CCN(C)C)c2cccc3ccoc23)cc(OC(C)C)n1
COc1cc2ccc(Br)cc2cc1[C@@H](c1ccccc1)[C@@](O)(CCN(C)C)c1ccc2c(c1)N(C)CC2,0.6627578316815741,pharmabench_hlm,COc1cc2ccc(Br)cc2cc1[C@@H](c1ccccc1)[C@@](O)(CCN(C)C)c1ccc2c(c1)N(C)CC2
COc1cc2ccc(C#N)cc2cc1[C@@H](c1cccc(C)c1)[C@@](O)(CCN(C)C)c1cccc2c1OCO2,1.1760912590556811,pharmabench_hlm,COc1cc2ccc(C#N)cc2cc1[C@@H](c1cccc(C)c1)[C@@](O)(CCN(C)C)c1cccc2c1OCO2
Cc1noc(CNC(=O)c2ccc(C)c(S(=O)(=O)Nc3ccc(-c4ccno4)cc3)c2)n1,1.3979400086720375,pharmabench_hlm,Cc1noc(CNC(=O)c2ccc(C)c(S(=O)(=O)Nc3ccc(-c4ccno4)cc3)c2)n1
CC[C@@H]1[C@H](F)C(=O)N[C@@H]1COc1ncc(C#CCN2CCC3(CC2)CCN(c2ncc(C(=O)N[C@H](C(=O)N4C[C@H](O)C[C@H]4C(=O)NCc4ccc(-c5scnc5C)cc4)C(C)(C)C)cn2)CC3)c2cc(C(N)=O)c(OC)cc12,1.110589710299249,pharmabench_hlm,CC[C@@H]1[C@H](F)C(=O)N[C@@H]1COc1ncc(C#CCN2CCC3(CC2)CCN(c2ncc(C(=O)N[C@H](C(=O)N4C[C@H](O)C[C@H]4C(=O)NCc4ccc(-c5scnc5C)cc4)C(C)(C)C)cn2)CC3)c2cc(C(N)=O)c(OC)cc12
OC(CC1c2ccccc2-c2cncn21)C1CCCCC1,1.255995726722402,pharmabench_hlm,OC(CC1c2ccccc2-c2cncn21)C1CCCCC1
COc1cc2ccc(Br)cc2cc1[C@@H](c1cnc(OC)c(OC)c1)[C@@](O)(CCN(C)C)c1cccc2ccoc12,1.2041199826559248,pharmabench_hlm,COc1cc2ccc(Br)cc2cc1[C@@H](c1cnc(OC)c(OC)c1)[C@@](O)(CCN(C)C)c1cccc2ccoc12
Cc1cnc(Nc2cc(N3CCN(C)CC3)cc(S(C)(=O)=O)c2)nc1Nc1cccc(CO)c1,1.7745169657285496,pharmabench_hlm,Cc1cnc(Nc2cc(N3CCN(C)CC3)cc(S(C)(=O)=O)c2)nc1Nc1cccc(CO)c1
Cc1ccc(C(=O)Nc2cn3ncnc3c(CN3CCN(C(=O)CC(C)C)[C@@H](C)C3)c2C)cn1,1.3010299956639813,pharmabench_hlm,Cc1ccc(C(=O)Nc2cn3ncnc3c(CN3CCN(C(=O)CC(C)C)[C@@H](C)C3)c2C)cn1
C[C@H]([C@H](O)C1CCCCC1)[C@H]1c2ccccc2-c2cncn21,1.2041199826559248,pharmabench_hlm,C[C@H]([C@H](O)C1CCCCC1)[C@H]1c2ccccc2-c2cncn21
C[C@]1(N)CCCN(c2ccncc2Nc2ncc3ccc(-c4c(F)cccc4F)nn23)C1,1.9590413923210936,pharmabench_hlm,C[C@]1(N)CCCN(c2ccncc2Nc2ncc3ccc(-c4c(F)cccc4F)nn23)C1
Cn1cc(-c2ccc3c(c2)C(=O)Nc2cccc(n2)-c2nncn2CCCCO3)cn1,1.0413926851582251,pharmabench_hlm,Cn1cc(-c2ccc3c(c2)C(=O)Nc2cccc(n2)-c2nncn2CCCCO3)cn1
O=C(CCc1ccc(-n2nnc3cccnc32)cc1)N(c1ncccc1Cl)[C@@H]1CCCNC1,0.9867717342662448,pharmabench_hlm,O=C(CCc1ccc(-n2nnc3cccnc32)cc1)N(c1ncccc1Cl)[C@@H]1CCCNC1
CCNC(=O)c1cc2c(-c3cc(C4(O)CCOCC4)ccc3Oc3c(C)cc(F)cc3C)cn(C)c(=O)c2[nH]1,3.937852260287463,pharmabench_hlm,CCNC(=O)c1cc2c(-c3cc(C4(O)CCOCC4)ccc3Oc3c(C)cc(F)cc3C)cn(C)c(=O)c2[nH]1
Cc1cccc2nc(NC(=O)c3ccnc(C(F)(F)F)c3)n([C@@H]3CCCCN(C(=O)/C=C/CN(C)C)C3)c12,1.8512583487190752,pharmabench_hlm,Cc1cccc2nc(NC(=O)c3ccnc(C(F)(F)F)c3)n([C@@H]3CCCCN(C(=O)/C=C/CN(C)C)C3)c12
c1cncc(Nc2ncnc3ccc(-c4cccc(N5CCOCC5)c4)cc23)c1,1.9469432706978247,pharmabench_hlm,c1cncc(Nc2ncnc3ccc(-c4cccc(N5CCOCC5)c4)cc23)c1
Nc1cccnc1Nc1ncnc2ccc(-c3cccc(N4CCOCC4)c3)cc12,1.670245853074124,pharmabench_hlm,Nc1cccnc1Nc1ncnc2ccc(-c3cccc(N4CCOCC4)c3)cc12
CC(=O)N1CCc2c(c(-c3cccc4cc(-c5cnn(C)c5C#N)ncc34)nn2C2CCOCC2)C1,1.0413926851582251,pharmabench_hlm,CC(=O)N1CCc2c(c(-c3cccc4cc(-c5cnn(C)c5C#N)ncc34)nn2C2CCOCC2)C1
COc1ccccc1C(NC(=O)c1cccc(C(F)(F)F)c1Cl)C12CCC(CC1)CN2C,1.9084850188786493,pharmabench_hlm,COc1ccccc1C(NC(=O)c1cccc(C(F)(F)F)c1Cl)C12CCC(CC1)CN2C
COc1cc2ccc(C#N)cc2cc1[C@@H](c1cccc(F)c1)[C@@](O)(CCN(C)C)c1cccc2ccoc12,1.0413926851582251,pharmabench_hlm,COc1cc2ccc(C#N)cc2cc1[C@@H](c1cccc(F)c1)[C@@](O)(CCN(C)C)c1cccc2ccoc12
CCOc1cc([C@H](c2cc3cc(Br)ccc3cc2OC)[C@@](O)(CCN(C)C)c2cccc3ccoc23)cc(OCC)n1,0.4771212547196624,pharmabench_hlm,CCOc1cc([C@H](c2cc3cc(Br)ccc3cc2OC)[C@@](O)(CCN(C)C)c2cccc3ccoc23)cc(OCC)n1
COc1cc2ccc(Br)cc2cc1[C@@H](c1ccccc1)[C@@](O)(CCN(C)C)c1ccc2occc2c1,1.5314789170422551,pharmabench_hlm,COc1cc2ccc(Br)cc2cc1[C@@H](c1ccccc1)[C@@](O)(CCN(C)C)c1ccc2occc2c1
COc1cc2ccc(Br)cc2cc1[C@@H](c1cccc(C)c1)[C@@](O)(CCN(C)C)c1cccc2c1OCO2,0.8450980400142568,pharmabench_hlm,COc1cc2ccc(Br)cc2cc1[C@@H](c1cccc(C)c1)[C@@](O)(CCN(C)C)c1cccc2c1OCO2
Cc1cnc2c(c1)nnn2-c1ccc(C(=O)N(c2ncccc2Cl)[C@@H]2CCCNC2)nc1,0.9684829485539352,pharmabench_hlm,Cc1cnc2c(c1)nnn2-c1ccc(C(=O)N(c2ncccc2Cl)[C@@H]2CCCNC2)nc1
Cn1cnc(S(=O)(=O)N2C[C@H](Nc3cccc(OC(F)(F)F)c3)[C@@H](C3OCCCO3)C2)c1,2.0,pharmabench_hlm,Cn1cnc(S(=O)(=O)N2C[C@H](Nc3cccc(OC(F)(F)F)c3)[C@@H](C3OCCCO3)C2)c1
Cc1cc2c(Nc3cnccn3)ccnc2cc1-c1cnc(N2CCCN(C)CC2)nc1,2.4149733479708178,pharmabench_hlm,Cc1cc2c(Nc3cnccn3)ccnc2cc1-c1cnc(N2CCCN(C)CC2)nc1
O[C@@H]1c2ccncc2CC[C@H]1[C@H]1c2ccccc2-c2cncn21,1.0413926851582251,pharmabench_hlm,O[C@@H]1c2ccncc2CC[C@H]1[C@H]1c2ccccc2-c2cncn21
CS(=O)(=O)c1ccc2c(c1)[C@@H](O)[C@H]([C@H]1c3ccccc3-c3cncn31)CC2,0.8195439355418687,pharmabench_hlm,CS(=O)(=O)c1ccc2c(c1)[C@@H](O)[C@H]([C@H]1c3ccccc3-c3cncn31)CC2
CS(=O)(=O)c1ccc2c(c1)CC[C@@H]([C@H]1c3ccccc3-c3cncn31)[C@@H]2O,0.8388490907372553,pharmabench_hlm,CS(=O)(=O)c1ccc2c(c1)CC[C@@H]([C@H]1c3ccccc3-c3cncn31)[C@@H]2O
CN([C@H]1CC[C@H](n2cc(C(N)=O)c(Nc3ccc(Cl)cc3)n2)[C@@H](C#N)C1)C1(C)COC1,1.505149978319906,pharmabench_hlm,CN([C@H]1CC[C@H](n2cc(C(N)=O)c(Nc3ccc(Cl)cc3)n2)[C@@H](C#N)C1)C1(C)COC1
N#C[C@H]1CCCC[C@@H]1n1cc(C(N)=O)c(Nc2ccccc2)n1,1.3979400086720375,pharmabench_hlm,N#C[C@H]1CCCC[C@@H]1n1cc(C(N)=O)c(Nc2ccccc2)n1
Cn1cc(-c2cc(S(C)(=O)=O)ccc2Oc2ccc(F)cc2F)c2cc(C(N)=O)[nH]c2c1=O,1.8846254632562345,pharmabench_hlm,Cn1cc(-c2cc(S(C)(=O)=O)ccc2Oc2ccc(F)cc2F)c2cc(C(N)=O)[nH]c2c1=O
CC(C)CNC(=O)c1ccc2c(c1)N=C(c1cccc(Cl)c1)c1ccccc1S2,1.5440680443502757,pharmabench_hlm,CC(C)CNC(=O)c1ccc2c(c1)N=C(c1cccc(Cl)c1)c1ccccc1S2
CC(C)CCNC(=O)c1ccc2c(c1)N=C(c1ccccn1)c1ccccc1S2,2.0569048513364727,pharmabench_hlm,CC(C)CCNC(=O)c1ccc2c(c1)N=C(c1ccccn1)c1ccccc1S2
Cc1cc(Nc2nc(Nc3ccccc3S(=O)(=O)C(C)C)c3cn[nH]c3n2)c(OC(C)C)cc1C1CCN(C)CC1,1.505149978319906,pharmabench_hlm,Cc1cc(Nc2nc(Nc3ccccc3S(=O)(=O)C(C)C)c3cn[nH]c3n2)c(OC(C)C)cc1C1CCN(C)CC1
COC(=O)N1CC[C@](CO)(Nc2cc(-c3cnc(N)nc3)nc(N3CCOCC3)n2)C1,1.1139433523068367,pharmabench_hlm,COC(=O)N1CC[C@](CO)(Nc2cc(-c3cnc(N)nc3)nc(N3CCOCC3)n2)C1
Cc1cc(-c2cnc3cc(-c4ccc(N5CCN(C)CC5)cc4)ccn23)c2ncnn2c1,1.678518379040114,pharmabench_hlm,Cc1cc(-c2cnc3cc(-c4ccc(N5CCN(C)CC5)cc4)ccn23)c2ncnn2c1
Cc1cc(-c2cnc3cc(-c4ccc(N5CCN(C)CC5)cc4)ccn23)c2cc(F)cc(F)c2n1,2.0791812460476247,pharmabench_hlm,Cc1cc(-c2cnc3cc(-c4ccc(N5CCN(C)CC5)cc4)ccn23)c2cc(F)cc(F)c2n1
Cc1cc(-c2cnc3cc(-c4ccc(N5C[C@@H](C)O[C@@H](C)C5)nc4)ccn23)c2ccccc2n1,2.0253058652647704,pharmabench_hlm,Cc1cc(-c2cnc3cc(-c4ccc(N5C[C@@H](C)O[C@@H](C)C5)nc4)ccn23)c2ccccc2n1
Cc1cc(-c2cnc3cc(-c4ccc(C5CNCCN5)cc4)ccn23)c2cc(F)cc(F)c2n1,1.6693168805661125,pharmabench_hlm,Cc1cc(-c2cnc3cc(-c4ccc(C5CNCCN5)cc4)ccn23)c2cc(F)cc(F)c2n1
Cc1cc(-c2cnc3cc(-c4ccc(C5COCCN5)cc4)ccn23)c2cc(F)ccc2n1,2.127104798364808,pharmabench_hlm,Cc1cc(-c2cnc3cc(-c4ccc(C5COCCN5)cc4)ccn23)c2cc(F)ccc2n1
Cc1nc(C)c(N2CCCn3c2nc2c(Cl)ccc(C(OC(F)F)C(F)(F)F)c23)c(C)n1,0.9542425094393248,pharmabench_hlm,Cc1nc(C)c(N2CCCn3c2nc2c(Cl)ccc(C(OC(F)F)C(F)(F)F)c23)c(C)n1
CC(C)(C)c1ccc(N2C(=O)c3cc(F)ccc3[C@H](CC(=O)O)[C@H]2c2ccc3c(c2)OCCO3)cc1Cl,1.4913616938342726,pharmabench_hlm,CC(C)(C)c1ccc(N2C(=O)c3cc(F)ccc3[C@H](CC(=O)O)[C@H]2c2ccc3c(c2)OCCO3)cc1Cl
Cc1cccc(C)c1C(=O)N[C@H](c1ccccc1)C12CCC(CC1)CN2C,2.0827853703164503,pharmabench_hlm,Cc1cccc(C)c1C(=O)N[C@H](c1ccccc1)C12CCC(CC1)CN2C
CN1CC2CCC1(C(NC(=O)c1cccc(C(F)(F)F)c1Cl)c1cccnc1)CC2,1.7481880270062005,pharmabench_hlm,CN1CC2CCC1(C(NC(=O)c1cccc(C(F)(F)F)c1Cl)c1cccnc1)CC2
CCN1C2CCC1(C(NC(=O)c1c(C)cccc1C)c1ccccc1)CC2,2.161368002234975,pharmabench_hlm,CCN1C2CCC1(C(NC(=O)c1c(C)cccc1C)c1ccccc1)CC2
Cc1cccc(C)c1C(=O)NC(c1ccccc1)C12CCC(CC1)N2,1.3424226808222062,pharmabench_hlm,Cc1cccc(C)c1C(=O)NC(c1ccccc1)C12CCC(CC1)N2
CCP(=O)(OC)c1ccc2nc(-c3ccc4ncccc4c3)oc2c1,0.978180516937414,pharmabench_hlm,CCP(=O)(OC)c1ccc2nc(-c3ccc4ncccc4c3)oc2c1
CCP(=O)(OC)c1ccc2oc(-c3ccc(F)cc3F)nc2c1,0.2013971243204515,pharmabench_hlm,CCP(=O)(OC)c1ccc2oc(-c3ccc(F)cc3F)nc2c1
c1cn2cc(-c3ccc4cn[nH]c4c3)nc(Nc3ccc(N4[C@H]5COC[C@@H]4COC5)cc3)c2n1,0.992686039162128,pharmabench_hlm,c1cn2cc(-c3ccc4cn[nH]c4c3)nc(Nc3ccc(N4[C@H]5COC[C@@H]4COC5)cc3)c2n1
c1cn2cc(-c3cnc4nc[nH]c4n3)nc(Nc3ccc(N4CCN(C5COC5)CC4)cc3)c2n1,0.4522465745204372,pharmabench_hlm,c1cn2cc(-c3cnc4nc[nH]c4n3)nc(Nc3ccc(N4CCN(C5COC5)CC4)cc3)c2n1
Cn1cc(-c2ncc(C#N)c(N3CC4CCC(C3)N4c3cccc(F)c3)n2)cn1,1.792391689498254,pharmabench_hlm,Cn1cc(-c2ncc(C#N)c(N3CC4CCC(C3)N4c3cccc(F)c3)n2)cn1
Cc1cc(C)c(-c2c(C)nn(C)c2C)cc1NC(=O)c1ccc(OCc2ccccn2)cc1,2.0863598306747484,pharmabench_hlm,Cc1cc(C)c(-c2c(C)nn(C)c2C)cc1NC(=O)c1ccc(OCc2ccccn2)cc1
Cc1[nH]nc2[nH]c(=O)cc([C@H]3CC[C@H](CC(=O)N4CCC(C)(C)CC4)CC3)c12,1.845098040014257,pharmabench_hlm,Cc1[nH]nc2[nH]c(=O)cc([C@H]3CC[C@H](CC(=O)N4CCC(C)(C)CC4)CC3)c12
CCOC(=O)c1c(-c2ccccc2)oc2ccc(O)c(CN3CCCCC3)c12,1.395606647144926,pharmabench_hlm,CCOC(=O)c1c(-c2ccccc2)oc2ccc(O)c(CN3CCCCC3)c12
Cc1ccc(NS(=O)(=O)c2cccc(C(=O)NCc3nc(C)no3)c2)cc1,0.9542425094393248,pharmabench_hlm,Cc1ccc(NS(=O)(=O)c2cccc(C(=O)NCc3nc(C)no3)c2)cc1
Nc1ncccc1Nc1ncnc2ccc(-c3cccc(N4CCOCC4)c3)cc12,1.711807229041191,pharmabench_hlm,Nc1ncccc1Nc1ncnc2ccc(-c3cccc(N4CCOCC4)c3)cc12
c1cc(-c2ccc3ncnc(Nc4ncco4)c3c2)cc(N2CCOCC2)c1,1.7067177823367587,pharmabench_hlm,c1cc(-c2ccc3ncnc(Nc4ncco4)c3c2)cc(N2CCOCC2)c1
CN1CC2CCC1([C@H](NC(=O)c1cccc(Cl)c1Cl)c1ccccc1)CC2,1.7558748556724917,pharmabench_hlm,CN1CC2CCC1([C@H](NC(=O)c1cccc(Cl)c1Cl)c1ccccc1)CC2
COc1ccc(C(NC(=O)c2cccc(C(F)(F)F)c2Cl)C23CCC(CC2)CN3C)cc1,1.863322860120456,pharmabench_hlm,COc1ccc(C(NC(=O)c2cccc(C(F)(F)F)c2Cl)C23CCC(CC2)CN3C)cc1
COc1cc2ccc(Br)cc2cc1[C@@H](c1ccccc1)[C@@](O)(CCN(C)C)c1cccc2ccoc12,1.146128035678238,pharmabench_hlm,COc1cc2ccc(Br)cc2cc1[C@@H](c1ccccc1)[C@@](O)(CCN(C)C)c1cccc2ccoc12
N[C@H]1CCCN(c2ncncc2Nc2ncc3ccc(-c4c(F)cccc4F)nn23)C1,1.4471580313422192,pharmabench_hlm,N[C@H]1CCCN(c2ncncc2Nc2ncc3ccc(-c4c(F)cccc4F)nn23)C1
CNC(=O)[C@@H](C)Oc1cccc2ncnc(Nc3ccc4c(cnn4Cc4nccs4)c3)c12,1.2041199826559248,pharmabench_hlm,CNC(=O)[C@@H](C)Oc1cccc2ncnc(Nc3ccc4c(cnn4Cc4nccs4)c3)c12
CCNC(=O)c1cc2c(-c3cc(S(=O)(=O)C4CC4)ccc3Oc3c(C)cccc3C)cn(C)c(=O)c2[nH]1,2.4771212547196626,pharmabench_hlm,CCNC(=O)c1cc2c(-c3cc(S(=O)(=O)C4CC4)ccc3Oc3c(C)cccc3C)cn(C)c(=O)c2[nH]1
Cc1noc(CNC(=O)c2ccc(C)c(S(=O)(=O)Nc3ccc(Cl)cc3)c2)n1,1.5440680443502757,pharmabench_hlm,Cc1noc(CNC(=O)c2ccc(C)c(S(=O)(=O)Nc3ccc(Cl)cc3)c2)n1
Cc1cnc(Nc2cc(N3C[C@@H]4C[C@H]3CN4C)cc(S(C)(=O)=O)c2)nc1Nc1cccc(CO)c1,0.8645110810583919,pharmabench_hlm,Cc1cnc(Nc2cc(N3C[C@@H]4C[C@H]3CN4C)cc(S(C)(=O)=O)c2)nc1Nc1cccc(CO)c1
CC(=O)N1CCc2c(c(-c3cccc4cc(-c5cnn(C)c5C(F)F)ncc34)nn2C2CCOCC2)C1,1.2041199826559248,pharmabench_hlm,CC(=O)N1CCc2c(c(-c3cccc4cc(-c5cnn(C)c5C(F)F)ncc34)nn2C2CCOCC2)C1
CC(=O)N1CCc2c(c(-c3cccc4cc(-c5cn(C)nc5C(F)F)ncc34)nn2C2CCOCC2)C1,1.1139433523068367,pharmabench_hlm,CC(=O)N1CCc2c(c(-c3cccc4cc(-c5cn(C)nc5C(F)F)ncc34)nn2C2CCOCC2)C1
O=C(CN1C(=O)C(Cc2c[nH]c3ccccc23)c2nnc(-c3ccccc3)n2-c2ccccc21)N1CCC(Cc2ccccc2)C1,5.1702617153949575,pharmabench_hlm,O=C(CN1C(=O)C(Cc2c[nH]c3ccccc23)c2nnc(-c3ccccc3)n2-c2ccccc21)N1CCC(Cc2ccccc2)C1
O=C1C(Cc2c[nH]c3ccccc23)c2nnc(-c3ccccc3)n2-c2ccccc2N1CC(=O)N1CCCCC1Cc1ccccn1,5.056904851336473,pharmabench_hlm,O=C1C(Cc2c[nH]c3ccccc23)c2nnc(-c3ccccc3)n2-c2ccccc2N1CC(=O)N1CCCCC1Cc1ccccn1
CC1(C)CCNC(=O)[C@H](N(Cc2ccc(C(=O)NC3CC3)cc2)S(=O)(=O)c2ccc(Cl)cc2)C1,1.5563025007672873,pharmabench_hlm,CC1(C)CCNC(=O)[C@H](N(Cc2ccc(C(=O)NC3CC3)cc2)S(=O)(=O)c2ccc(Cl)cc2)C1
O=C(CN1CC(NC(=O)c2ccc(Cl)s2)C(C2CC2)C1)Nc1ccc(-n2ccccc2=O)cc1F,2.426836453803508,pharmabench_hlm,O=C(CN1CC(NC(=O)c2ccc(Cl)s2)C(C2CC2)C1)Nc1ccc(-n2ccccc2=O)cc1F
COC[C@@H]1C[C@@H](NC(=O)c2ccc(Cl)s2)CN1CC(=O)Nc1ccc(-n2ccccc2=O)cc1F,1.5378190950732742,pharmabench_hlm,COC[C@@H]1C[C@@H](NC(=O)c2ccc(Cl)s2)CN1CC(=O)Nc1ccc(-n2ccccc2=O)cc1F
CCP(=O)(OC)c1ccc2nc(/C=C/c3ccccc3)oc2c1,-0.265200170411153,pharmabench_hlm,CCP(=O)(OC)c1ccc2nc(/C=C/c3ccccc3)oc2c1
c1cn2cc(-c3ccc4cn[nH]c4c3)nc(Nc3ccc(N4CC5CC(C4)O5)cc3)c2n1,0.7269715836828766,pharmabench_hlm,c1cn2cc(-c3ccc4cn[nH]c4c3)nc(Nc3ccc(N4CC5CC(C4)O5)cc3)c2n1
c1cn2cc(-c3cnc4cn[nH]c4n3)nc(Nc3ccc(N4CCN(C5COC5)CC4)cc3)c2n1,0.3679147387937526,pharmabench_hlm,c1cn2cc(-c3cnc4cn[nH]c4n3)nc(Nc3ccc(N4CCN(C5COC5)CC4)cc3)c2n1
Clc1cccc(-c2cc3n(n2)CCCC3)c1,2.586587304671755,pharmabench_hlm,Clc1cccc(-c2cc3n(n2)CCCC3)c1
COc1cccc(CNC(=O)c2ccc(Oc3ccc(C#C[C@]4(O)CN5CCC4CC5)cc3)cc2)c1,1.0374264979406236,pharmabench_hlm,COc1cccc(CNC(=O)c2ccc(Oc3ccc(C#C[C@]4(O)CN5CCC4CC5)cc3)cc2)c1
Cc1cc(C)c2[nH]ccc2c1CN1CCCCC1c1ccc(C(=O)O)cc1,1.7331972651065697,pharmabench_hlm,Cc1cc(C)c2[nH]ccc2c1CN1CCCCC1c1ccc(C(=O)O)cc1
CC/C(=C\c1ccccc1)[C@@H]1C[C@H]1NC1CCN(CCO)CC1,1.6127838567197357,pharmabench_hlm,CC/C(=C\c1ccccc1)[C@@H]1C[C@H]1NC1CCN(CCO)CC1
CN(C)CCOc1cncc(-c2cccc(-c3cn4cccc(C(N)=O)c4n3)c2)c1,1.6720978579357175,pharmabench_hlm,CN(C)CCOc1cncc(-c2cccc(-c3cn4cccc(C(N)=O)c4n3)c2)c1
O=c1ccc(-c2cc(C(F)(F)F)c3nn([C@H]4CCNC[C@@H]4F)cc3c2)c2n1CCC2,1.6812412373755872,pharmabench_hlm,O=c1ccc(-c2cc(C(F)(F)F)c3nn([C@H]4CCNC[C@@H]4F)cc3c2)c2n1CCC2
CN(C(=O)c1cc(-c2ccccc2Cl)on1)[C@H]1CN(S(=O)(=O)c2ccccc2)C[C@@H]1C(=O)N[C@H]1CCCNC1,1.1139433523068367,pharmabench_hlm,CN(C(=O)c1cc(-c2ccccc2Cl)on1)[C@H]1CN(S(=O)(=O)c2ccccc2)C[C@@H]1C(=O)N[C@H]1CCCNC1
CN1CCC[C@H](NC(=O)[C@H]2CN(S(=O)(=O)c3ccccc3)C[C@@H]2NC(=O)c2cc(-c3ccccc3Cl)on2)C1,2.0253058652647704,pharmabench_hlm,CN1CCC[C@H](NC(=O)[C@H]2CN(S(=O)(=O)c3ccccc3)C[C@@H]2NC(=O)c2cc(-c3ccccc3Cl)on2)C1
N[C@@H](CC(=O)NC1(c2nc3ccccc3s2)CCS(=O)(=O)CC1)Cc1cc(F)c(F)cc1F,1.6009728956867482,pharmabench_hlm,N[C@@H](CC(=O)NC1(c2nc3ccccc3s2)CCS(=O)(=O)CC1)Cc1cc(F)c(F)cc1F
CN(C)CCOc1ccc(/C(=C(/CCCl)c2ccccc2)c2ccccc2)cc1,1.4913616938342726,pharmabench_hlm,CN(C)CCOc1ccc(/C(=C(/CCCl)c2ccccc2)c2ccccc2)cc1
CC(C)(C)CNc1nc(C#N)nc(N2CCOCC2)c1N,1.255272505103306,pharmabench_hlm,CC(C)(C)CNc1nc(C#N)nc(N2CCOCC2)c1N
O=C1C(Cc2c[nH]c3ccccc23)c2nnc(-c3ccccc3)n2-c2ccccc2N1CC(=O)N1CCCC1Cc1ccccn1,5.326335860928752,pharmabench_hlm,O=C1C(Cc2c[nH]c3ccccc23)c2nnc(-c3ccccc3)n2-c2ccccc2N1CC(=O)N1CCCC1Cc1ccccn1
CN1CC2CCC1([C@@H](NC(=O)c1cccc(C(F)(F)F)c1Cl)c1ccccc1)CC2,2.012837224705172,pharmabench_hlm,CN1CC2CCC1([C@@H](NC(=O)c1cccc(C(F)(F)F)c1Cl)c1ccccc1)CC2
CN1CC2CCC1([C@H](NC(=O)c1ccnc(C(F)(F)F)c1F)c1ccccc1)CC2,2.294466226161593,pharmabench_hlm,CN1CC2CCC1([C@H](NC(=O)c1ccnc(C(F)(F)F)c1F)c1ccccc1)CC2
CN1CC2CCC1(C(NC(=O)c1cccc(C(F)(F)F)c1Cl)c1cccc(Br)c1)CC2,1.7634279935629371,pharmabench_hlm,CN1CC2CCC1(C(NC(=O)c1cccc(C(F)(F)F)c1Cl)c1cccc(Br)c1)CC2
Cc1cccc(C)c1C(=O)NC(c1ccccc1)C12CCC(CC1)N2C,1.9822712330395684,pharmabench_hlm,Cc1cccc(C)c1C(=O)NC(c1ccccc1)C12CCC(CC1)N2C
CN1CC[C@@H](NC(=O)Nc2ccc(C#N)cc2)C[C@@H]1c1nc2ccccc2[nH]1,0.7993405494535817,pharmabench_hlm,CN1CC[C@@H](NC(=O)Nc2ccc(C#N)cc2)C[C@@H]1c1nc2ccccc2[nH]1
Cc1cc(S(=O)(=O)NC(=O)Nc2ncc(Br)s2)ccc1-c1ccc(F)nc1,1.0569048513364727,pharmabench_hlm,Cc1cc(S(=O)(=O)NC(=O)Nc2ncc(Br)s2)ccc1-c1ccc(F)nc1
c1cn2cc(-c3ccc4cn[nH]c4c3)nc(Nc3ccc(N4C[C@H]5CC[C@@H](C4)O5)cc3)c2n1,0.9777236052888476,pharmabench_hlm,c1cn2cc(-c3ccc4cn[nH]c4c3)nc(Nc3ccc(N4C[C@H]5CC[C@@H](C4)O5)cc3)c2n1
c1cn2cc(-c3ccc4cn[nH]c4c3)nc(Nc3ccc(N4C[C@@H]5C[C@H]4CO5)cc3)c2n1,1.0413926851582251,pharmabench_hlm,c1cn2cc(-c3ccc4cn[nH]c4c3)nc(Nc3ccc(N4C[C@@H]5C[C@H]4CO5)cc3)c2n1
CCC(C)N(CC(=O)Nc1cc(F)cc(F)c1)C(=O)c1ccc(-c2ccccn2)cc1,0.6334684555795865,pharmabench_hlm,CCC(C)N(CC(=O)Nc1cc(F)cc(F)c1)C(=O)c1ccc(-c2ccccn2)cc1
CNC(=O)c1nc(C)n2ccc(Nc3nccc(-n4cc(N[C@@H]5CCOC[C@@H]5N)cn4)n3)cc12,1.3010299956639813,pharmabench_hlm,CNC(=O)c1nc(C)n2ccc(Nc3nccc(-n4cc(N[C@@H]5CCOC[C@@H]5N)cn4)n3)cc12
COC(=O)c1sccc1Nc1nc(Nc2cc3c(cc2OC)CCN3C(=O)CN(C)C)ncc1C(F)(F)F,1.8709888137605752,pharmabench_hlm,COC(=O)c1sccc1Nc1nc(Nc2cc3c(cc2OC)CCN3C(=O)CN(C)C)ncc1C(F)(F)F
Cc1cc2ncnn2cc1Nc1ncc2c(n1)n(C1CCCCC1)c(=O)n2C,1.968482948553935,pharmabench_hlm,Cc1cc2ncnn2cc1Nc1ncc2c(n1)n(C1CCCCC1)c(=O)n2C
CC(=O)N1CCc2nc(N3CCC(Oc4ccc(F)cc4F)CC3)c(N[C@@H]3CCOC3)nc2C1,1.792391689498254,pharmabench_hlm,CC(=O)N1CCc2nc(N3CCC(Oc4ccc(F)cc4F)CC3)c(N[C@@H]3CCOC3)nc2C1
CNCc1cn(CC(=O)Nc2sc3c(c2C(N)=O)CCCC3)nc1C(F)(F)F,1.5185139398778875,pharmabench_hlm,CNCc1cn(CC(=O)Nc2sc3c(c2C(N)=O)CCCC3)nc1C(F)(F)F
C[C@H](C(=O)Nc1ccc(Cl)cc1)[C@H]1CC[C@]2(CC1)COc1ncc(C(F)(F)F)cc12,0.4771212547196624,pharmabench_hlm,C[C@H](C(=O)Nc1ccc(Cl)cc1)[C@H]1CC[C@]2(CC1)COc1ncc(C(F)(F)F)cc12
N#Cc1cc(C(=O)NCCCN2CCCC2)cc(-c2ccccc2N2CCN(CCc3c[nH]c4ccccc34)CC2)c1,1.3222192947339193,pharmabench_hlm,N#Cc1cc(C(=O)NCCCN2CCCC2)cc(-c2ccccc2N2CCN(CCc3c[nH]c4ccccc34)CC2)c1
CCc1cc(C(O)(CCN(C)C)C(c2cc3cc(Br)ccc3nc2OC)c2cccc(OC)c2F)cc(CC)n1,0.9030899869919436,pharmabench_hlm,CCc1cc(C(O)(CCN(C)C)C(c2cc3cc(Br)ccc3nc2OC)c2cccc(OC)c2F)cc(CC)n1
O=C1Nc2cccc(n2)-c2nncn2CCCCOc2ccc(F)cc21,1.3222192947339193,pharmabench_hlm,O=C1Nc2cccc(n2)-c2nncn2CCCCOc2ccc(F)cc21
Cc1c(NC(=O)c2cccc(C#N)c2)cnc2c1c(C1CCN(C(=O)CC3CC3)CC1)cn2C,1.0,pharmabench_hlm,Cc1c(NC(=O)c2cccc(C#N)c2)cnc2c1c(C1CCN(C(=O)CC3CC3)CC1)cn2C
CSc1ccc([C@@H](Oc2ccc3c(cnn3-c3ccc(F)cc3)c2)[C@H](C)NC(=O)C(F)(F)F)cc1,2.041392685158225,pharmabench_hlm,CSc1ccc([C@@H](Oc2ccc3c(cnn3-c3ccc(F)cc3)c2)[C@H](C)NC(=O)C(F)(F)F)cc1
C[C@H](NC(=O)C1CC1)[C@H](Oc1ccc2c(cnn2-c2ccc(F)cc2)c1)c1cccnc1,1.3010299956639813,pharmabench_hlm,C[C@H](NC(=O)C1CC1)[C@H](Oc1ccc2c(cnn2-c2ccc(F)cc2)c1)c1cccnc1
CS(=O)(=O)Nc1nnc2cc(COc3ccc(Cl)c(Cl)c3)c(C3CC3)cn12,0.8633228601204559,pharmabench_hlm,CS(=O)(=O)Nc1nnc2cc(COc3ccc(Cl)c(Cl)c3)c(C3CC3)cn12
CC(C)C[C@@H]1NC(=O)[C@H](Cc2c[nH]c3ccccc23)NC(=O)[C@@H](CCCN)NC(=O)[C@H](CC(=O)NCc2ccccc2)NC(=O)[C@H](C(C)C)NC(=O)[C@@H](CC(C)C)NC1=O,-0.0555173278498313,pharmabench_hlm,CC(C)C[C@@H]1NC(=O)[C@H](Cc2c[nH]c3ccccc23)NC(=O)[C@@H](CCCN)NC(=O)[C@H](CC(=O)NCc2ccccc2)NC(=O)[C@H](C(C)C)NC(=O)[C@@H](CC(C)C)NC1=O
COC(=O)N[C@H](C(=O)N1CCC[C@H]1c1nc2ccc([C@H]3CC[C@H](c4ccc5nc([C@@H]6CCCN6C(=O)[C@@H](NC(=O)OC)C(C)C)[nH]c5c4)N3c3ccc(N4CCCCC4)c(F)c3)cc2[nH]1)C(C)C,2.146128035678238,pharmabench_hlm,COC(=O)N[C@H](C(=O)N1CCC[C@H]1c1nc2ccc([C@H]3CC[C@H](c4ccc5nc([C@@H]6CCCN6C(=O)[C@@H](NC(=O)OC)C(C)C)[nH]c5c4)N3c3ccc(N4CCCCC4)c(F)c3)cc2[nH]1)C(C)C
CCn1cc(C(=O)O)c(=O)c2cc(F)c(N3CCN(C)CC3)cc21,0.6989700043360189,pharmabench_hlm,CCn1cc(C(=O)O)c(=O)c2cc(F)c(N3CCN(C)CC3)cc21
CN(C)CCCC1(c2ccc(F)cc2)OCc2cc(C#N)ccc21,1.5563025007672873,pharmabench_hlm,CN(C)CCCC1(c2ccc(F)cc2)OCc2cc(C#N)ccc21
Cc1cc(-c2cc(-c3cnnc4c3ncn4C(C)C)ccc2F)ccn1,2.008600171761917,pharmabench_hlm,Cc1cc(-c2cc(-c3cnnc4c3ncn4C(C)C)ccc2F)ccn1
CCn1cnc2c(-c3ccc(F)c(-c4ccc(S(C)(=O)=O)cc4)c3)cnnc21,1.0,pharmabench_hlm,CCn1cnc2c(-c3ccc(F)c(-c4ccc(S(C)(=O)=O)cc4)c3)cnnc21
CCc1cnn2c(-c3ccc(F)c(-c4ccc(S(=O)(=O)CC)cc4)c3)cnnc12,1.5185139398778875,pharmabench_hlm,CCc1cnn2c(-c3ccc(F)c(-c4ccc(S(=O)(=O)CC)cc4)c3)cnnc12
CCn1cnc2c(-c3ccc(F)c(-c4ccc5c(c4)CN(C)C5=O)c3)cnnc21,1.5314789170422551,pharmabench_hlm,CCn1cnc2c(-c3ccc(F)c(-c4ccc5c(c4)CN(C)C5=O)c3)cnnc21
COc1cccc(-c2n[nH]c3ccc(NCc4ccccc4NS(C)(=O)=O)cc23)n1,2.9206450014067875,pharmabench_hlm,COc1cccc(-c2n[nH]c3ccc(NCc4ccccc4NS(C)(=O)=O)cc23)n1
O=C(CCc1ccccc1)c1ccccc1OCC(O)CNCCO,2.2581581933407944,pharmabench_hlm,O=C(CCc1ccccc1)c1ccccc1OCC(O)CNCCO
O=C(Nc1ccc2ccccc2n1)c1cc[nH]n1,0.8450980400142568,pharmabench_hlm,O=C(Nc1ccc2ccccc2n1)c1cc[nH]n1
O=C(O)c1ccc(NCc2c(-c3c(Cl)cccc3C(F)(F)F)noc2-c2cc[nH]c2)cc1,1.3159703454569178,pharmabench_hlm,O=C(O)c1ccc(NCc2c(-c3c(Cl)cccc3C(F)(F)F)noc2-c2cc[nH]c2)cc1
Cn1cc(-c2n[nH]c3ccc(NCc4cc(F)ccc4S(C)(=O)=O)cc23)cn1,2.105169427999332,pharmabench_hlm,Cn1cc(-c2n[nH]c3ccc(NCc4cc(F)ccc4S(C)(=O)=O)cc23)cn1
CCn1nccc1Nc1ncnc2ccc(-c3cccc(N4CCOCC4)c3)cc12,1.7846172926328754,pharmabench_hlm,CCn1nccc1Nc1ncnc2ccc(-c3cccc(N4CCOCC4)c3)cc12
Cc1nnc(Nc2ncnc3ccc(-c4cccc(N5CCOCC5)c4)cc23)nc1C,1.6138418218760693,pharmabench_hlm,Cc1nnc(Nc2ncnc3ccc(-c4cccc(N5CCOCC5)c4)cc23)nc1C
C[C@@H](Oc1cccc2ncnc(Nc3ccc4c(cnn4Cc4nccs4)c3)c12)C(=O)N1CCOCC1,1.3010299956639813,pharmabench_hlm,C[C@@H](Oc1cccc2ncnc(Nc3ccc4c(cnn4Cc4nccs4)c3)c12)C(=O)N1CCOCC1
CNC(=O)[C@@H](C)Oc1cccc2ncnc(Nc3ccc4c(cnn4Cc4cccc(F)c4)c3)c12,1.5563025007672873,pharmabench_hlm,CNC(=O)[C@@H](C)Oc1cccc2ncnc(Nc3ccc4c(cnn4Cc4cccc(F)c4)c3)c12
Cc1cc(Nc2nn(C3CC3)c3ccc(S(=O)(=O)N4CCOCC4)cc23)ccc1F,1.6127838567197357,pharmabench_hlm,Cc1cc(Nc2nn(C3CC3)c3ccc(S(=O)(=O)N4CCOCC4)cc23)ccc1F
CCOc1cc(C(O)(CCN(C)C)C(c2cc3cc(Br)ccc3nc2OC)c2ccnc(OC)c2OC)cc(OC(C)C)n1,0.9030899869919436,pharmabench_hlm,CCOc1cc(C(O)(CCN(C)C)C(c2cc3cc(Br)ccc3nc2OC)c2ccnc(OC)c2OC)cc(OC(C)C)n1
Cn1c(SCCCN2CC[C@]3(C[C@@H]3c3ccc(F)cc3)C2)nnc1-c1cccnc1,1.9590413923210936,pharmabench_hlm,Cn1c(SCCCN2CC[C@]3(C[C@@H]3c3ccc(F)cc3)C2)nnc1-c1cccnc1
N#Cc1cccc(Oc2ccc(S(=O)(=O)Nc3ccc(F)cn3)cc2C#N)c1,1.812913356642856,pharmabench_hlm,N#Cc1cccc(Oc2ccc(S(=O)(=O)Nc3ccc(F)cn3)cc2C#N)c1
CC/C(=C(/c1ccc(/C=C/C(=O)O)cc1)c1ccc2[nH]ncc2c1)c1ccc(F)cc1Cl,1.1760912590556811,pharmabench_hlm,CC/C(=C(/c1ccc(/C=C/C(=O)O)cc1)c1ccc2[nH]ncc2c1)c1ccc(F)cc1Cl
C[C@@H]1Cc2c([nH]c3ccccc23)[C@@H](c2c(F)cc(OCCN3CC(CF)C3)cc2F)N1CC(C)(C)F,0.7781512503836436,pharmabench_hlm,C[C@@H]1Cc2c([nH]c3ccccc23)[C@@H](c2c(F)cc(OCCN3CC(CF)C3)cc2F)N1CC(C)(C)F
C[C@@H]1Cc2c([nH]c3ccccc23)[C@@H](c2c(F)cc(OC3CN(CCCF)C3)cc2F)N1CC(C)(C)F,0.8450980400142568,pharmabench_hlm,C[C@@H]1Cc2c([nH]c3ccccc23)[C@@H](c2c(F)cc(OC3CN(CCCF)C3)cc2F)N1CC(C)(C)F
N#Cc1ccc(NC(=O)c2cc3n(n2)CCCC3)nc1,1.919078092376074,pharmabench_hlm,N#Cc1ccc(NC(=O)c2cc3n(n2)CCCC3)nc1
c1ccc(-c2cc3n(n2)CCCC3)nc1,1.9867717342662448,pharmabench_hlm,c1ccc(-c2cc3n(n2)CCCC3)nc1
COCCOc1ccc2nc(C3(NC(=O)C[C@H](N)Cc4cc(Cl)ccc4F)CCS(=O)(=O)CC3)sc2c1,1.8048206787211625,pharmabench_hlm,COCCOc1ccc2nc(C3(NC(=O)C[C@H](N)Cc4cc(Cl)ccc4F)CCS(=O)(=O)CC3)sc2c1
CO[C@H]1/C=C/CCN(C)C(=O)C[C@](O)(C(=O)NS(=O)(=O)N(C)C)c2ccc3c(c2)N(C[C@@H]2CC[C@H]21)C[C@@]1(CCCc2cc(Cl)ccc21)CO3,1.5314789170422551,pharmabench_hlm,CO[C@H]1/C=C/CCN(C)C(=O)C[C@](O)(C(=O)NS(=O)(=O)N(C)C)c2ccc3c(c2)N(C[C@@H]2CC[C@H]21)C[C@@]1(CCCc2cc(Cl)ccc21)CO3
CNC(=O)Nc1cc(Oc2ccccc2)ccn1,1.5563025007672873,pharmabench_hlm,CNC(=O)Nc1cc(Oc2ccccc2)ccn1
Cc1nc2c(-c3nnc[nH]3)cc(-c3ccnc(C#N)c3)cc2n1-c1ccnc2c(F)ccc(F)c12,0.4888846590457871,pharmabench_hlm,Cc1nc2c(-c3nnc[nH]3)cc(-c3ccnc(C#N)c3)cc2n1-c1ccnc2c(F)ccc(F)c12
COc1ccc(CCC(=O)N(c2nccc3ccccc23)[C@@H]2CCCNC2)cc1,1.3180432575515364,pharmabench_hlm,COc1ccc(CCC(=O)N(c2nccc3ccccc23)[C@@H]2CCCNC2)cc1
O=C(N[C@H]1CCCC[C@@H]1O)c1cn(Cc2ccc(-n3cccn3)cc2)c2cccnc12,1.7708520116421442,pharmabench_hlm,O=C(N[C@H]1CCCC[C@@H]1O)c1cn(Cc2ccc(-n3cccn3)cc2)c2cccnc12
CCCS(=O)(=O)N[C@@H](C)[C@H](Oc1ccc2c(cnn2-c2ccc(F)cc2)c1)c1ccccc1,1.880813592280792,pharmabench_hlm,CCCS(=O)(=O)N[C@@H](C)[C@H](Oc1ccc2c(cnn2-c2ccc(F)cc2)c1)c1ccccc1
Cn1cnc(S(=O)(=O)N2CC(NC(=O)c3cccc(C(F)(F)F)c3Cl)C(c3ccccc3)C2)c1,2.066959197867122,pharmabench_hlm,Cn1cnc(S(=O)(=O)N2CC(NC(=O)c3cccc(C(F)(F)F)c3Cl)C(c3ccccc3)C2)c1
Cn1cnc(S(=O)(=O)N2CC(Nc3cccc(C(F)(F)F)c3)C(c3ccc(F)cc3)C2)c1,3.151268697198816,pharmabench_hlm,Cn1cnc(S(=O)(=O)N2CC(Nc3cccc(C(F)(F)F)c3)C(c3ccc(F)cc3)C2)c1
Cn1cnc(S(=O)(=O)N2CC(Nc3cncc(C(F)(F)F)c3)C(c3ccc(F)cc3)C2)c1,2.2218574354191367,pharmabench_hlm,Cn1cnc(S(=O)(=O)N2CC(Nc3cncc(C(F)(F)F)c3)C(c3ccc(F)cc3)C2)c1
Cn1cnc(S(=O)(=O)N2C[C@H](Nc3cccc(OC(F)(F)F)c3)[C@@H](c3ccc(F)cc3)C2)c1,3.5778742241710004,pharmabench_hlm,Cn1cnc(S(=O)(=O)N2C[C@H](Nc3cccc(OC(F)(F)F)c3)[C@@H](c3ccc(F)cc3)C2)c1
Cn1cnc(S(=O)(=O)N2C[C@H](N[C@@H]3CCc4ccccc43)[C@@H](c3ccc(F)cc3)C2)c1,3.0,pharmabench_hlm,Cn1cnc(S(=O)(=O)N2C[C@H](N[C@@H]3CCc4ccccc43)[C@@H](c3ccc(F)cc3)C2)c1
Cn1cnc(S(=O)(=O)N2C[C@H](Oc3cc(C(F)(F)F)ncn3)[C@@H](c3ccc(F)cc3)C2)c1,1.6989700043360187,pharmabench_hlm,Cn1cnc(S(=O)(=O)N2C[C@H](Oc3cc(C(F)(F)F)ncn3)[C@@H](c3ccc(F)cc3)C2)c1
Cn1cnc(S(=O)(=O)N2C[C@H](C(=O)Nc3cccc(OC(F)(F)F)c3)[C@@H](c3ccc(F)cc3)C2)c1,2.1249278791105333,pharmabench_hlm,Cn1cnc(S(=O)(=O)N2C[C@H](C(=O)Nc3cccc(OC(F)(F)F)c3)[C@@H](c3ccc(F)cc3)C2)c1
O=C(Nc1cccc(Cl)c1)N1CCc2[nH]nc(-c3cscn3)c2C1,1.5185139398778875,pharmabench_hlm,O=C(Nc1cccc(Cl)c1)N1CCc2[nH]nc(-c3cscn3)c2C1
Cc1noc(C)c1-c1cc(O)cc(C(O)c2ccccc2)c1,1.541579243946581,pharmabench_hlm,Cc1noc(C)c1-c1cc(O)cc(C(O)c2ccccc2)c1
Cc1cc(C)c2c(n1)sc1c(NCc3ccc(S(C)(=O)=O)cc3)ncnc12,1.4471580313422192,pharmabench_hlm,Cc1cc(C)c2c(n1)sc1c(NCc3ccc(S(C)(=O)=O)cc3)ncnc12
O=C(Nc1ccc(Cl)cc1F)C(=O)N1CCC=C(c2ccnc3ccc(F)cc23)CC1,1.9912260756924949,pharmabench_hlm,O=C(Nc1ccc(Cl)cc1F)C(=O)N1CCC=C(c2ccnc3ccc(F)cc23)CC1
COc1cccc(C(O)(CCN(C)C)C(c2cc3cc(Br)ccc3nc2OC)c2cccc3c2OCO3)n1,0.9030899869919436,pharmabench_hlm,COc1cccc(C(O)(CCN(C)C)C(c2cc3cc(Br)ccc3nc2OC)c2cccc3c2OCO3)n1
COc1nc2ccc(Br)cc2cc1C(c1cccc(C)c1)C(O)(CCN(C)C)c1cccnc1C,1.5440680443502757,pharmabench_hlm,COc1nc2ccc(Br)cc2cc1C(c1cccc(C)c1)C(O)(CCN(C)C)c1cccnc1C
COc1nc2ccc(Br)cc2cc1C(c1cccc2c1OCO2)C(O)(CCN(C)C)c1cccnc1C,1.8512583487190752,pharmabench_hlm,COc1nc2ccc(Br)cc2cc1C(c1cccc2c1OCO2)C(O)(CCN(C)C)c1cccnc1C
COc1nc2ccc(Br)cc2cc1C(c1cccc2c1OCO2)C(O)(CCN(C)C)c1cccnc1OC,1.5563025007672873,pharmabench_hlm,COc1nc2ccc(Br)cc2cc1C(c1cccc2c1OCO2)C(O)(CCN(C)C)c1cccnc1OC
CCc1cc(C(O)(CCN(C)C)C(c2cc3cc(C#N)ccc3nc2OC)c2cccc(OC)c2F)cc(CC)n1,1.0,pharmabench_hlm,CCc1cc(C(O)(CCN(C)C)C(c2cc3cc(C#N)ccc3nc2OC)c2cccc(OC)c2F)cc(CC)n1
COc1cccc(CCN2CCN(c3ccccc3-c3cc(C#N)cc(C(=O)NCCCN4CCCC4)c3)CC2)c1,1.869231719730976,pharmabench_hlm,COc1cccc(CCN2CCN(c3ccccc3-c3cc(C#N)cc(C(=O)NCCCN4CCCC4)c3)CC2)c1
COc1nc(N[C@@H](C)c2cc3cc(Cl)ccc3[nH]c2=O)ncc1C#N,3.845098040014257,pharmabench_hlm,COc1nc(N[C@@H](C)c2cc3cc(Cl)ccc3[nH]c2=O)ncc1C#N
Cc1cc(Cn2ncn(-c3ccc(C(F)(F)F)cc3)c2=O)cc(Cl)c1OC(C)(C)C(=O)O,0.5976951859255123,pharmabench_hlm,Cc1cc(Cn2ncn(-c3ccc(C(F)(F)F)cc3)c2=O)cc(Cl)c1OC(C)(C)C(=O)O
CNC(=O)c1csc2c(C(F)(F)F)cc(N3CCC(OC(=O)N4CC(OC(F)(F)F)C4)CC3)nc12,1.6127838567197357,pharmabench_hlm,CNC(=O)c1csc2c(C(F)(F)F)cc(N3CCC(OC(=O)N4CC(OC(F)(F)F)C4)CC3)nc12
O=C(OC(C(F)(F)F)C(F)(F)F)N1CCN(Cc2ccc(C(F)(F)F)cc2N2CCCC2)CC1,1.2787536009528289,pharmabench_hlm,O=C(OC(C(F)(F)F)C(F)(F)F)N1CCN(Cc2ccc(C(F)(F)F)cc2N2CCCC2)CC1
c1cn2cc(-c3ccc4cn[nH]c4c3)nc(Nc3ccc(N4CC5(COC5)C4)cc3)c2n1,1.0413926851582251,pharmabench_hlm,c1cn2cc(-c3ccc4cn[nH]c4c3)nc(Nc3ccc(N4CC5(COC5)C4)cc3)c2n1
c1cn2cc(-c3ccc4c(n3)NCCO4)nc(Nc3ccc(N4CCN(C5COC5)CC4)cc3)c2n1,0.6367886890343748,pharmabench_hlm,c1cn2cc(-c3ccc4c(n3)NCCO4)nc(Nc3ccc(N4CCN(C5COC5)CC4)cc3)c2n1
O=C(Cn1nnc2ccccc2c1=O)NCCc1ccc(Cl)cc1,1.591064607026499,pharmabench_hlm,O=C(Cn1nnc2ccccc2c1=O)NCCc1ccc(Cl)cc1
O=C(Cn1nnc2ccccc2c1=O)NCCc1cccc(Cl)c1,1.6812412373755872,pharmabench_hlm,O=C(Cn1nnc2ccccc2c1=O)NCCc1cccc(Cl)c1
Cc1cccc([C@H](C)NC(=O)Cn2nnc3ccccc3c2=O)c1,1.0413926851582251,pharmabench_hlm,Cc1cccc([C@H](C)NC(=O)Cn2nnc3ccccc3c2=O)c1
COc1ccc([C@H](C)NC(=O)Cn2nnc3ccccc3c2=O)cc1,1.1139433523068367,pharmabench_hlm,COc1ccc([C@H](C)NC(=O)Cn2nnc3ccccc3c2=O)cc1
C[C@@H]1CCCN(c2nc(-c3cc(-c4ccon4)n(Cc4ccccc4F)n3)ncc2F)[C@@H]1C(=O)O,1.7993405494535817,pharmabench_hlm,C[C@@H]1CCCN(c2nc(-c3cc(-c4ccon4)n(Cc4ccccc4F)n3)ncc2F)[C@@H]1C(=O)O
Cc1cc(/C=C/C#N)cc(C)c1Oc1nc(Nc2ccc(C#N)cc2F)nc2sccc12,2.905138527212853,pharmabench_hlm,Cc1cc(/C=C/C#N)cc(C)c1Oc1nc(Nc2ccc(C#N)cc2F)nc2sccc12
COc1ccc(NC(=O)CC2SCCNC2=O)cc1,0.9030899869919436,pharmabench_hlm,COc1ccc(NC(=O)CC2SCCNC2=O)cc1
Cc1cccc(CN(CC2(c3ccccc3F)CCCC2)c2ccc(OCCn3cc(COCCOCCOc4cc(-c5scnc5C)ccc4CNC(=O)[C@@H]4C[C@@H](O)CN4C(=O)[C@@H](NC(=O)C4(F)CC4)C(C)(C)C)nn3)cc2)c1Cl,1.6720978579357175,pharmabench_hlm,Cc1cccc(CN(CC2(c3ccccc3F)CCCC2)c2ccc(OCCn3cc(COCCOCCOc4cc(-c5scnc5C)ccc4CNC(=O)[C@@H]4C[C@@H](O)CN4C(=O)[C@@H](NC(=O)C4(F)CC4)C(C)(C)C)nn3)cc2)c1Cl
CNC(=O)c1nn(C)c2ccc(Nc3nccc(-n4cc(CN5CC(O)C5)c(C)n4)n3)cc12,1.8920946026904804,pharmabench_hlm,CNC(=O)c1nn(C)c2ccc(Nc3nccc(-n4cc(CN5CC(O)C5)c(C)n4)n3)cc12
Cc1ccc2nc(N3CCCc4cc(F)ccc4C3)cc(NCCN)c2c1,0.9030899869919436,pharmabench_hlm,Cc1ccc2nc(N3CCCc4cc(F)ccc4C3)cc(NCCN)c2c1
NCCNc1ncc(-c2ccc3c(Nc4cnccn4)ccnc3c2)cn1,1.934498451243568,pharmabench_hlm,NCCNc1ncc(-c2ccc3c(Nc4cnccn4)ccnc3c2)cn1
CN1CCC2(CCN(c3ncc(-c4ccc5c(Nc6cnccn6)ccnc5c4)cn3)C2)C1,1.8864907251724816,pharmabench_hlm,CN1CCC2(CCN(c3ncc(-c4ccc5c(Nc6cnccn6)ccnc5c4)cn3)C2)C1
CN1CCN(c2ncc(Nc3ccc4c(Nc5cnccn5)ccnc4c3)cn2)CC1,1.662757831681574,pharmabench_hlm,CN1CCN(c2ncc(Nc3ccc4c(Nc5cnccn5)ccnc4c3)cn2)CC1
CC(C)(C)OC(=O)N1CCCC(c2cn3cccnc3n2)C1,1.6347611418918844,pharmabench_hlm,CC(C)(C)OC(=O)N1CCCC(c2cn3cccnc3n2)C1
CN(CC(O)c1cc2ncccc2n1S(=O)(=O)c1ccccc1)C(=O)c1ccccc1,2.276889949894526,pharmabench_hlm,CN(CC(O)c1cc2ncccc2n1S(=O)(=O)c1ccccc1)C(=O)c1ccccc1
COc1cc(OC)c2cc(C(=O)N3CCCC(c4cc5ncccc5[nH]4)C3)[nH]c2c1,2.9234150078518253,pharmabench_hlm,COc1cc(OC)c2cc(C(=O)N3CCCC(c4cc5ncccc5[nH]4)C3)[nH]c2c1
CCn1cnc2c(-c3ccc(F)cc3)cnnc21,2.0211892990699383,pharmabench_hlm,CCn1cnc2c(-c3ccc(F)cc3)cnnc21
CCc1cnn2c(-c3ccc(F)c(-c4ccc(S(=O)(=O)CC)cc4)c3)ccnc12,1.4771212547196624,pharmabench_hlm,CCc1cnn2c(-c3ccc(F)c(-c4ccc(S(=O)(=O)CC)cc4)c3)ccnc12
CCn1cnc2c(-c3ccc(F)c(-c4ccc(S(=O)(=O)CC)cc4Cl)c3)cnnc21,0.9542425094393248,pharmabench_hlm,CCn1cnc2c(-c3ccc(F)c(-c4ccc(S(=O)(=O)CC)cc4Cl)c3)cnnc21
CCn1cnc2c(-c3ccc(F)c(-c4ccc(S(=O)(=O)C(C)C)cc4OC)c3)cnnc21,1.9242792860618816,pharmabench_hlm,CCn1cnc2c(-c3ccc(F)c(-c4ccc(S(=O)(=O)C(C)C)cc4OC)c3)cnnc21
CCn1cnc2c(-c3ccc(F)c(-c4ccc5c(c4)C(=O)N(C)C5)c3)cnnc21,1.8864907251724816,pharmabench_hlm,CCn1cnc2c(-c3ccc(F)c(-c4ccc5c(c4)C(=O)N(C)C5)c3)cnnc21
CCn1cnc2c(-c3ccc(F)c(-c4cc5c(cc4OC)C(=O)N(C)C5)c3)cnnc21,1.146128035678238,pharmabench_hlm,CCn1cnc2c(-c3ccc(F)c(-c4cc5c(cc4OC)C(=O)N(C)C5)c3)cnnc21
C=CCn1c(=O)c2cnc(Nc3cccc(N4CCN(C)CC4)c3)nc2n1-c1ccc2c(n1)[C@@](O)(CC)CC2,2.130333768495006,pharmabench_hlm,C=CCn1c(=O)c2cnc(Nc3cccc(N4CCN(C)CC4)c3)nc2n1-c1ccc2c(n1)[C@@](O)(CC)CC2
CCn1nc(O[C@@H]2O[C@H](CO)[C@@H](O)[C@H](O)[C@H]2O)c(Cc2ccc(OC(C)C)cc2)c1C,0.6180480967120927,pharmabench_hlm,CCn1nc(O[C@@H]2O[C@H](CO)[C@@H](O)[C@H](O)[C@H]2O)c(Cc2ccc(OC(C)C)cc2)c1C
Cc1nn(-c2ccnc(Nc3ccc4c(c3)c(Cl)c(C)n4C)n2)cc1CN1CC(O)C1,1.6901960800285136,pharmabench_hlm,Cc1nn(-c2ccnc(Nc3ccc4c(c3)c(Cl)c(C)n4C)n2)cc1CN1CC(O)C1
CNC(=O)c1nn(C)c2c(C)cc(Nc3nccc(-n4cc(CN(C)C)cn4)n3)cc12,1.505149978319906,pharmabench_hlm,CNC(=O)c1nn(C)c2c(C)cc(Nc3nccc(-n4cc(CN(C)C)cn4)n3)cc12
CNC(=O)c1ncn2ccc(Nc3nccc(-n4cc(CN(C)C)cn4)n3)cc12,0.9542425094393248,pharmabench_hlm,CNC(=O)c1ncn2ccc(Nc3nccc(-n4cc(CN(C)C)cn4)n3)cc12
CCC(C)S(=O)(=O)N[C@@H](C)[C@H](Oc1ccc2c(cnn2-c2ccc(F)cc2)c1)c1ccccc1,2.0791812460476247,pharmabench_hlm,CCC(C)S(=O)(=O)N[C@@H](C)[C@H](Oc1ccc2c(cnn2-c2ccc(F)cc2)c1)c1ccccc1
COc1cccc([C@@H](Oc2ccc3c(cnn3-c3ccc(F)cc3)c2)[C@H](C)NS(=O)(=O)C2CC2)c1,1.724275869600789,pharmabench_hlm,COc1cccc([C@@H](Oc2ccc3c(cnn3-c3ccc(F)cc3)c2)[C@H](C)NS(=O)(=O)C2CC2)c1
CCNC(=O)c1cc2c(-c3cc(S(=O)(=O)CC)ccc3Oc3ccccc3C)cn(C)c(=O)c2[nH]1,2.151277893904123,pharmabench_hlm,CCNC(=O)c1cc2c(-c3cc(S(=O)(=O)CC)ccc3Oc3ccccc3C)cn(C)c(=O)c2[nH]1
CCNC(=O)c1cc2c(-c3cc(S(C)(=O)=O)ccc3Oc3c(C)cccc3C)cn(C)c(=O)c2[nH]1,1.962227231350085,pharmabench_hlm,CCNC(=O)c1cc2c(-c3cc(S(C)(=O)=O)ccc3Oc3c(C)cccc3C)cn(C)c(=O)c2[nH]1
CCNC(=O)c1cc2c(-c3cc(S(=O)(=O)CC)ccc3-c3c(C)cccc3C)cn(C)c(=O)c2[nH]1,2.740362689494244,pharmabench_hlm,CCNC(=O)c1cc2c(-c3cc(S(=O)(=O)CC)ccc3-c3c(C)cccc3C)cn(C)c(=O)c2[nH]1
CCNC(=O)c1cc2c(-c3cc(S(=O)(=O)CC)ccc3-n3ccc4ccccc43)cn(C)c(=O)c2[nH]1,2.6532125137753435,pharmabench_hlm,CCNC(=O)c1cc2c(-c3cc(S(=O)(=O)CC)ccc3-n3ccc4ccccc43)cn(C)c(=O)c2[nH]1
CCNC(=O)c1cc2c(-c3cc(S(=O)(=O)CC)ccc3Oc3c(C)cc(F)cc3C)cn(C)c(=O)c2[nH]1,2.2218574354191367,pharmabench_hlm,CCNC(=O)c1cc2c(-c3cc(S(=O)(=O)CC)ccc3Oc3c(C)cc(F)cc3C)cn(C)c(=O)c2[nH]1
CCNC(=O)c1cc2c(-c3cc(NC(=O)OC)ccc3Oc3c(C)cc(F)cc3C)cn(C)c(=O)c2[nH]1,2.740362689494244,pharmabench_hlm,CCNC(=O)c1cc2c(-c3cc(NC(=O)OC)ccc3Oc3c(C)cc(F)cc3C)cn(C)c(=O)c2[nH]1
O=S(=O)(Nc1nnc2cc(OCC34CC5CC(CC(C5)C3)C4)c(C3CC3)cn12)C(F)F,1.255272505103306,pharmabench_hlm,O=S(=O)(Nc1nnc2cc(OCC34CC5CC(CC(C5)C3)C4)c(C3CC3)cn12)C(F)F
CS(=O)(=O)Nc1noc2cc(COc3ccc(Cl)c(Cl)c3)c(Cl)cc12,0.8864907251724818,pharmabench_hlm,CS(=O)(=O)Nc1noc2cc(COc3ccc(Cl)c(Cl)c3)c(Cl)cc12
CS(=O)(=O)Nc1noc2cc(COc3ccc(Cl)c(Cl)c3)c(C3CC3)cc12,0.6901960800285137,pharmabench_hlm,CS(=O)(=O)Nc1noc2cc(COc3ccc(Cl)c(Cl)c3)c(C3CC3)cc12
CS(=O)(=O)Nc1nnc2cc(COc3cc(Cl)cc(Cl)c3)c(C3CC3)cn12,0.5910646070264992,pharmabench_hlm,CS(=O)(=O)Nc1nnc2cc(COc3cc(Cl)cc(Cl)c3)c(C3CC3)cn12
CC(C)C(=O)Nc1ccc2oc(-c3ccc(C(C)(C)C)cc3)nc2c1,1.38524868240322,pharmabench_hlm,CC(C)C(=O)Nc1ccc2oc(-c3ccc(C(C)(C)C)cc3)nc2c1
O=C(Nc1ccc(C(F)F)cc1)C(=O)N1CCC(c2ccnc3ccc(F)cc23)CC1,1.230448921378274,pharmabench_hlm,O=C(Nc1ccc(C(F)F)cc1)C(=O)N1CCC(c2ccnc3ccc(F)cc23)CC1
COc1ccc2cncc(Cc3nc4c([nH]3)c(=O)n(C)c(=O)n4CC(C)C)c2c1,3.6020599913279625,pharmabench_hlm,COc1ccc2cncc(Cc3nc4c([nH]3)c(=O)n(C)c(=O)n4CC(C)C)c2c1
COc1ccc2c(c1)[C@]13CCCC[C@@H]1[C@H](C2)N(C)CC3,1.5904040238746535,pharmabench_hlm,COc1ccc2c(c1)[C@]13CCCC[C@@H]1[C@H](C2)N(C)CC3
Cc1nnn(Cc2cc(C(F)(F)F)ccc2/C=C/C(=O)N2CCC(c3noc(C)n3)CC2)n1,1.2787536009528289,pharmabench_hlm,Cc1nnn(Cc2cc(C(F)(F)F)ccc2/C=C/C(=O)N2CCC(c3noc(C)n3)CC2)n1
C[C@]1(c2cc(/C=C(\F)c3ccc(C#N)cn3)ccc2F)N=C(N)S[C@@]2(C(=O)N3CCOCC3)C[C@H]21,1.9493900066449128,pharmabench_hlm,C[C@]1(c2cc(/C=C(\F)c3ccc(C#N)cn3)ccc2F)N=C(N)S[C@@]2(C(=O)N3CCOCC3)C[C@H]21
CC1=C(c2ccc(F)cc2)[C@H](c2ccc(OCCN3CC(CF)C3)cc2)Oc2ccc(O)c(F)c21,0.6020599913279624,pharmabench_hlm,CC1=C(c2ccc(F)cc2)[C@H](c2ccc(OCCN3CC(CF)C3)cc2)Oc2ccc(O)c(F)c21
CN(C)CCN(C)c1ncc(-c2ccc3c(Nc4cnccn4)ccnc3c2)cn1,1.6532125137753435,pharmabench_hlm,CN(C)CCN(C)c1ncc(-c2ccc3c(Nc4cnccn4)ccnc3c2)cn1
CN1CCN(c2ncc(-c3ccc4c(NCC5CCOCC5)ccnc4c3)cn2)CC1,2.230448921378274,pharmabench_hlm,CN1CCN(c2ncc(-c3ccc4c(NCC5CCOCC5)ccnc4c3)cn2)CC1
COc1cccc(C(=O)N2CCCC(c3cc4ncccc4[nH]3)C2)c1OC,2.0420633494321563,pharmabench_hlm,COc1cccc(C(=O)N2CCCC(c3cc4ncccc4[nH]3)C2)c1OC
Cc1ccoc1C(=O)N1CCCC(c2cc3ncccc3[nH]2)C1,2.1666362569514828,pharmabench_hlm,Cc1ccoc1C(=O)N1CCCC(c2cc3ncccc3[nH]2)C1
Cc1cc(Cn2c(=O)n(Cc3nnc(C)s3)c(=O)c3cc(S(=O)(=O)NC4(C)CC4)ccc32)n(C)n1,1.1760912590556811,pharmabench_hlm,Cc1cc(Cn2c(=O)n(Cc3nnc(C)s3)c(=O)c3cc(S(=O)(=O)NC4(C)CC4)ccc32)n(C)n1
COc1cccc(C(c2cc3cc(Br)ccc3nc2OC)C(O)(CCN(C)C)c2cccc(C)n2)c1F,1.0,pharmabench_hlm,COc1cccc(C(c2cc3cc(Br)ccc3nc2OC)C(O)(CCN(C)C)c2cccc(C)n2)c1F
CCOc1cc(C(O)(CCN(C)C)C(c2cc(OC)nc(OC)c2)c2cc3cc(Br)ccc3nc2OC)cc(OC(C)C)n1,0.0,pharmabench_hlm,CCOc1cc(C(O)(CCN(C)C)C(c2cc(OC)nc(OC)c2)c2cc3cc(Br)ccc3nc2OC)cc(OC(C)C)n1
Cc1cn(-c2ccc3n(c2=O)CCN([C@H](C)C2=CC(C)(C)Oc4ccc(C(F)(F)F)cc42)C3=O)cn1,2.383815365980431,pharmabench_hlm,Cc1cn(-c2ccc3n(c2=O)CCN([C@H](C)C2=CC(C)(C)Oc4ccc(C(F)(F)F)cc42)C3=O)cn1
N#CN[C@H]1CCc2ccc(-c3ncnc4[nH]ccc34)cc21,1.6989700043360187,pharmabench_hlm,N#CN[C@H]1CCc2ccc(-c3ncnc4[nH]ccc34)cc21
COc1ccc(S(=O)(=O)N2C(=O)C(c3cccnc3OC)(N3CCN(c4cccnc4)C(=O)C3)c3cc(Cl)ccc32)c(OC)c1,2.292256071356476,pharmabench_hlm,COc1ccc(S(=O)(=O)N2C(=O)C(c3cccnc3OC)(N3CCN(c4cccnc4)C(=O)C3)c3cc(Cl)ccc32)c(OC)c1
COc1cc(OC)c2nnc3c(c(C4CC4)nn3C)c2c1,0.6020599913279624,pharmabench_hlm,COc1cc(OC)c2nnc3c(c(C4CC4)nn3C)c2c1
N#CCCn1cc(-c2nc(Nc3ccc4c(c3)CCN4S(=O)(=O)c3ccc(C(F)(F)F)cc3)ncc2F)cn1,2.1760912590556813,pharmabench_hlm,N#CCCn1cc(-c2nc(Nc3ccc4c(c3)CCN4S(=O)(=O)c3ccc(C(F)(F)F)cc3)ncc2F)cn1
N#CCCn1cc(-c2nc(Nc3ccc4c(ccn4C(=O)C4CC4)c3)ncc2F)cn1,1.3010299956639813,pharmabench_hlm,N#CCCn1cc(-c2nc(Nc3ccc4c(ccn4C(=O)C4CC4)c3)ncc2F)cn1
Cc1c(NC(=O)c2cccc(C#N)c2)cnc2c1c(C1CCN(C(=O)C(C)C)CC1)cn2C,0.9030899869919436,pharmabench_hlm,Cc1c(NC(=O)c2cccc(C#N)c2)cnc2c1c(C1CCN(C(=O)C(C)C)CC1)cn2C
CC(C)C(=O)N1CCC(c2cn(C)c3ncc(NC(=O)c4cccc(C#N)c4)c(C(C)C)c23)CC1,0.9542425094393248,pharmabench_hlm,CC(C)C(=O)N1CCC(c2cn(C)c3ncc(NC(=O)c4cccc(C#N)c4)c(C(C)C)c23)CC1
COc1c(NC(=O)c2cccc(C#N)c2)cnc2c1c(C1CCN(C(=O)C(C)C)CC1)cn2C,1.414973347970818,pharmabench_hlm,COc1c(NC(=O)c2cccc(C#N)c2)cnc2c1c(C1CCN(C(=O)C(C)C)CC1)cn2C
Cc1c(NC(=O)c2cccc(C#N)c2)cnc2c1c(C1CCN(C(=O)C3CCCC3)CC1)cn2C,2.096910013008056,pharmabench_hlm,Cc1c(NC(=O)c2cccc(C#N)c2)cnc2c1c(C1CCN(C(=O)C3CCCC3)CC1)cn2C
CCOc1nc(Nc2ccc(C(=O)N3CCOC[C@H]3C)cc2OC)nc2[nH]ccc12,-0.0969100130080563,pharmabench_hlm,CCOc1nc(Nc2ccc(C(=O)N3CCOC[C@H]3C)cc2OC)nc2[nH]ccc12
CCOc1nc(Nc2ccc(C(=O)N3CCOC[C@@H]3C)cc2OC)nc2[nH]ccc12,0.146128035678238,pharmabench_hlm,CCOc1nc(Nc2ccc(C(=O)N3CCOC[C@@H]3C)cc2OC)nc2[nH]ccc12
COc1cncc(-c2n[nH]c3ccc(NCc4ccccc4NS(C)(=O)=O)cc23)c1,2.3364597338485296,pharmabench_hlm,COc1cncc(-c2n[nH]c3ccc(NCc4ccccc4NS(C)(=O)=O)cc23)c1
COc1ccc(OC)c2[nH]c(C(=O)N3CCCC(c4cc5ncccc5[nH]4)C3)cc12,2.3710678622717363,pharmabench_hlm,COc1ccc(OC)c2[nH]c(C(=O)N3CCCC(c4cc5ncccc5[nH]4)C3)cc12
O=C(c1cc(C2CC2)on1)N1CCCC(c2cc3ncccc3[nH]2)C1,1.5141491344754374,pharmabench_hlm,O=C(c1cc(C2CC2)on1)N1CCCC(c2cc3ncccc3[nH]2)C1
O=C(c1ccc(F)cc1)N1CCC(c2cc3ncccc3[nH]2)C1,1.7430022598719064,pharmabench_hlm,O=C(c1ccc(F)cc1)N1CCC(c2cc3ncccc3[nH]2)C1
OC1(c2cc3ncccc3[nH]2)CCN(Cc2ccccc2)CC1,2.0654120096286683,pharmabench_hlm,OC1(c2cc3ncccc3[nH]2)CCN(Cc2ccccc2)CC1
O[C@@H]1CCC[C@H]1[C@H]1c2ccccc2-c2cncn21,0.6989700043360189,pharmabench_hlm,O[C@@H]1CCC[C@H]1[C@H]1c2ccccc2-c2cncn21
O=C(c1ccc(F)cc1)N1CCCC(c2cc3nc(Cl)ccc3[nH]2)C1,1.9958527556868848,pharmabench_hlm,O=C(c1ccc(F)cc1)N1CCCC(c2cc3nc(Cl)ccc3[nH]2)C1
O=C(c1cc(C2CC2)no1)N1CCCC(c2cc3ncccc3[nH]2)C1,1.562692643700678,pharmabench_hlm,O=C(c1cc(C2CC2)no1)N1CCCC(c2cc3ncccc3[nH]2)C1
O=C(NCC1CCC(F)(F)CC1)c1c(Cl)ccc2nc(N3CCCC3)ccc12,1.9395192526186185,pharmabench_hlm,O=C(NCC1CCC(F)(F)CC1)c1c(Cl)ccc2nc(N3CCCC3)ccc12
O=C1c2ccc(COc3cccc(F)c3)nc2CCN1c1ccc(F)cc1,0.9444826721501688,pharmabench_hlm,O=C1c2ccc(COc3cccc(F)c3)nc2CCN1c1ccc(F)cc1
O=C1C(Cc2c[nH]c3ccccc23)c2nnc(-c3ccccc3)n2-c2ccccc2N1CC(=O)N1CCCCC1CC1CCCCC1,4.880813592280791,pharmabench_hlm,O=C1C(Cc2c[nH]c3ccccc23)c2nnc(-c3ccccc3)n2-c2ccccc2N1CC(=O)N1CCCCC1CC1CCCCC1
O=C1C(Cc2c[nH]c3ccccc23)c2nnc(-c3ccccc3)n2-c2ccccc2N1CC(=O)N1CCCCC1Cc1ccncc1,5.045322978786658,pharmabench_hlm,O=C1C(Cc2c[nH]c3ccccc23)c2nnc(-c3ccccc3)n2-c2ccccc2N1CC(=O)N1CCCCC1Cc1ccncc1
O=C(CN1C[C@H](NC(=O)c2ccc(Cl)s2)C[C@H]1CN1CCCC1)Nc1ccc(-n2ccccc2=O)cc1F,1.7881683711411678,pharmabench_hlm,O=C(CN1C[C@H](NC(=O)c2ccc(Cl)s2)C[C@H]1CN1CCCC1)Nc1ccc(-n2ccccc2=O)cc1F
CNC(=O)Nc1ccc2c(c1)CC[C@@]21OC(=O)N(CC(=O)N2Cc3cc(F)ccc3OC[C@H]2C2CC2)C1=O,1.541579243946581,pharmabench_hlm,CNC(=O)Nc1ccc2c(c1)CC[C@@]21OC(=O)N(CC(=O)N2Cc3cc(F)ccc3OC[C@H]2C2CC2)C1=O
Cc1c(Cl)nnc2sc(C(=O)NC3CN(c4cc(C(F)(F)F)ncc4Cl)C3)c(N)c12,1.167317334748176,pharmabench_hlm,Cc1c(Cl)nnc2sc(C(=O)NC3CN(c4cc(C(F)(F)F)ncc4Cl)C3)c(N)c12
CCn1cnc2c(-c3ccc(F)c(-c4cccnc4)c3)cnnc21,1.8920946026904804,pharmabench_hlm,CCn1cnc2c(-c3ccc(F)c(-c4cccnc4)c3)cnnc21
COc1ccc(-c2n[nH]c3ccc(NCc4ccccc4NS(C)(=O)=O)cc23)cn1,2.55509444857832,pharmabench_hlm,COc1ccc(-c2n[nH]c3ccc(NCc4ccccc4NS(C)(=O)=O)cc23)cn1
CS(=O)(=O)Nc1ccccc1CNc1ccc2[nH]nc(-c3ccc(NC4CCNCC4)nc3)c2c1,2.2648178230095364,pharmabench_hlm,CS(=O)(=O)Nc1ccccc1CNc1ccc2[nH]nc(-c3ccc(NC4CCNCC4)nc3)c2c1
CN(Cc1ccccc1)c1ccc2[nH]nc(-c3ccc(N4CCNCC4)nc3)c2c1,2.6201360549737576,pharmabench_hlm,CN(Cc1ccccc1)c1ccc2[nH]nc(-c3ccc(N4CCNCC4)nc3)c2c1
CS(=O)(=O)c1ccccc1CNc1ccc2[nH]nc(-c3ccc(N4CCNCC4)nc3)c2c1,1.869231719730976,pharmabench_hlm,CS(=O)(=O)c1ccccc1CNc1ccc2[nH]nc(-c3ccc(N4CCNCC4)nc3)c2c1
O[C@@H]1c2cnccc2CC[C@H]1[C@H]1c2ccccc2-c2cncn21,0.8388490907372553,pharmabench_hlm,O[C@@H]1c2cnccc2CC[C@H]1[C@H]1c2ccccc2-c2cncn21
CCNC(=O)c1cc2c(-c3cc(S(=O)(=O)CC)ccc3Oc3c(C)cccc3F)cn(C)c(=O)c2[nH]1,2.1760912590556813,pharmabench_hlm,CCNC(=O)c1cc2c(-c3cc(S(=O)(=O)CC)ccc3Oc3c(C)cccc3F)cn(C)c(=O)c2[nH]1
CNC(=O)c1cc2c(-c3cc(C(C)(C)O)ccc3Oc3c(C)cc(F)cc3C)cn(C)c(=O)c2[nH]1,2.6020599913279625,pharmabench_hlm,CNC(=O)c1cc2c(-c3cc(C(C)(C)O)ccc3Oc3c(C)cc(F)cc3C)cn(C)c(=O)c2[nH]1
O=S(=O)(Nc1cccc(F)n1)c1cc(F)c(OC2CCN(CC(F)(F)F)CC2c2ccc(F)c(F)c2)cc1F,0.8996702747267908,pharmabench_hlm,O=S(=O)(Nc1cccc(F)n1)c1cc(F)c(OC2CCN(CC(F)(F)F)CC2c2ccc(F)c(F)c2)cc1F
Cc1ncccc1-c1nn(C)c2nnc3c(F)cc(F)cc3c12,0.0,pharmabench_hlm,Cc1ncccc1-c1nn(C)c2nnc3c(F)cc(F)cc3c12
COc1cc(OC)c2nnc3c(c(-c4cccnc4C)nn3C)c2c1,0.3010299956639812,pharmabench_hlm,COc1cc(OC)c2nnc3c(c(-c4cccnc4C)nn3C)c2c1
CCn1cnc2c(-c3ccc(F)c(Oc4cnc(C#N)nc4)c3)cnnc21,1.6901960800285136,pharmabench_hlm,CCn1cnc2c(-c3ccc(F)c(Oc4cnc(C#N)nc4)c3)cnnc21
COc1ccc2cc(C(=O)N3CCCC(c4cc5ncccc5[nH]4)C3)[nH]c2c1,3.209962482575429,pharmabench_hlm,COc1ccc2cc(C(=O)N3CCCC(c4cc5ncccc5[nH]4)C3)[nH]c2c1
CCn1cnc2c(-c3ccc(F)c(OCc4ccccn4)c3)cnnc21,1.6127838567197357,pharmabench_hlm,CCn1cnc2c(-c3ccc(F)c(OCc4ccccn4)c3)cnnc21
CCCCCOc1cccc(CCNCC(=O)N(C)C)c1,1.462397997898956,pharmabench_hlm,CCCCCOc1cccc(CCNCC(=O)N(C)C)c1
CCNC(=O)c1cc2c(-c3cc(S(=O)(=O)CC)ccc3-n3ccc4cccc(C)c43)cn(C)c(=O)c2[nH]1,2.845098040014257,pharmabench_hlm,CCNC(=O)c1cc2c(-c3cc(S(=O)(=O)CC)ccc3-n3ccc4cccc(C)c43)cn(C)c(=O)c2[nH]1
CCNC(=O)c1cc2c(-c3cc(CO)ccc3Oc3c(C)cccc3C)cn(C)c(=O)c2[nH]1,2.619792232630352,pharmabench_hlm,CCNC(=O)c1cc2c(-c3cc(CO)ccc3Oc3c(C)cccc3C)cn(C)c(=O)c2[nH]1
O=C(c1ccc(F)cc1)N1CCCC(c2cc3nc(N4CCCC4)ccc3[nH]2)C1,1.8332063350477348,pharmabench_hlm,O=C(c1ccc(F)cc1)N1CCCC(c2cc3nc(N4CCCC4)ccc3[nH]2)C1
O=C(c1ccc(F)cc1)N1CCCC(c2cc3ncc(Cl)cc3[nH]2)C1,1.7214091698588816,pharmabench_hlm,O=C(c1ccc(F)cc1)N1CCCC(c2cc3ncc(Cl)cc3[nH]2)C1
Cc1cc(NC(=O)Cn2nnc(-c3ccccc3)n2)n(CC2CCCCC2)n1,2.876852647601344,pharmabench_hlm,Cc1cc(NC(=O)Cn2nnc(-c3ccccc3)n2)n(CC2CCCCC2)n1
Cc1nnc2ccc(C(=O)NC3CN(c4ncc(Cl)cc4F)C3)cc2c1C,1.7323937598229686,pharmabench_hlm,Cc1nnc2ccc(C(=O)NC3CN(c4ncc(Cl)cc4F)C3)cc2c1C
Cc1nnc2ccc(C(=O)NC3CN(c4ncc(C#N)cc4Cl)C3)cc2c1C,1.7993405494535817,pharmabench_hlm,Cc1nnc2ccc(C(=O)NC3CN(c4ncc(C#N)cc4Cl)C3)cc2c1C
Cc1cc(/C=C/C#N)cc(C)c1Oc1nc(Nc2ccc(C#N)c(F)c2)nc2sccc12,1.604714609752221,pharmabench_hlm,Cc1cc(/C=C/C#N)cc(C)c1Oc1nc(Nc2ccc(C#N)c(F)c2)nc2sccc12
Cc1cc(-c2cnc3cc(-c4ccc(N5CCN(C)CC5)cc4)ccn23)c2cc(F)ccc2n1,2.071882007306125,pharmabench_hlm,Cc1cc(-c2cnc3cc(-c4ccc(N5CCN(C)CC5)cc4)ccn23)c2cc(F)ccc2n1
Cc1cnc2c(c1)nnn2-c1ccc(C(=O)N(c2ncccc2Cl)[C@@H]2CCCNC2)cc1,0.9444826721501688,pharmabench_hlm,Cc1cnc2c(c1)nnn2-c1ccc(C(=O)N(c2ncccc2Cl)[C@@H]2CCCNC2)cc1
COc1ccc(S(=O)(=O)N2C(=O)C(c3ccccc3OC)(N3CCN(c4ccncc4)CC3)c3cc(C#N)ccc32)c(OC)c1,1.6334684555795864,pharmabench_hlm,COc1ccc(S(=O)(=O)N2C(=O)C(c3ccccc3OC)(N3CCN(c4ccncc4)CC3)c3cc(C#N)ccc32)c(OC)c1
CCOc1ccc(OC)cc1C1(N2CCN(c3ccncc3)CC2)C(=O)N(S(=O)(=O)c2ccc(OC)c3cccnc23)c2ccc(C#N)cc21,1.5185139398778875,pharmabench_hlm,CCOc1ccc(OC)cc1C1(N2CCN(c3ccncc3)CC2)C(=O)N(S(=O)(=O)c2ccc(OC)c3cccnc23)c2ccc(C#N)cc21
O=C(Nc1ccccc1)N1CCc2sccc2C1c1ccc(Cl)cc1,1.2219355998280053,pharmabench_hlm,O=C(Nc1ccccc1)N1CCc2sccc2C1c1ccc(Cl)cc1
N#C[C@H]1CCOC[C@@H]1n1cc(C(N)=O)c(Nc2ccc(Cl)cc2)n1,1.9294189257142929,pharmabench_hlm,N#C[C@H]1CCOC[C@@H]1n1cc(C(N)=O)c(Nc2ccc(Cl)cc2)n1
Cc1cnc(Nc2ccc3c(c2)CCN3S(=O)(=O)c2ccc(C(F)(F)F)cc2)nc1-c1cnn(C)c1,2.2755416884013098,pharmabench_hlm,Cc1cnc(Nc2ccc3c(c2)CCN3S(=O)(=O)c2ccc(C(F)(F)F)cc2)nc1-c1cnn(C)c1
Cc1cnc(Nc2ccc3c(c2)CCN3S(=O)(=O)c2ccc(C(F)(F)F)cc2)nc1-c1cnn(CCC#N)c1,1.7993405494535817,pharmabench_hlm,Cc1cnc(Nc2ccc3c(c2)CCN3S(=O)(=O)c2ccc(C(F)(F)F)cc2)nc1-c1cnn(CCC#N)c1
Cc1nc2cnc(C(=O)NC3CN(c4cc(Cl)ncc4Cl)C3)cn2c1C,1.5185139398778875,pharmabench_hlm,Cc1nc2cnc(C(=O)NC3CN(c4cc(Cl)ncc4Cl)C3)cn2c1C
Cc1[nH]nc2[nH]c(=O)cc([C@H]3CC[C@H](CC(=O)N4CC(Cc5ccccc5)C4)CC3)c12,1.9395192526186185,pharmabench_hlm,Cc1[nH]nc2[nH]c(=O)cc([C@H]3CC[C@H](CC(=O)N4CC(Cc5ccccc5)C4)CC3)c12
Cn1nnc2ccc(C(=O)NC3CN(c4cc(Cl)ncc4Cl)C3)cc21,1.3222192947339193,pharmabench_hlm,Cn1nnc2ccc(C(=O)NC3CN(c4cc(Cl)ncc4Cl)C3)cc21
CCn1cnc2c(-c3ccc(F)c(-c4cc(C#N)ccc4OC)c3)cnnc21,1.8195439355418688,pharmabench_hlm,CCn1cnc2c(-c3ccc(F)c(-c4cc(C#N)ccc4OC)c3)cnnc21
CCn1cnc2c(-c3ccc(F)c(-c4ccc(C#N)cc4OC)c3)cnnc21,1.505149978319906,pharmabench_hlm,CCn1cnc2c(-c3ccc(F)c(-c4ccc(C#N)cc4OC)c3)cnnc21
CCn1cnc2c(-c3ccc(F)c(-c4ccccc4S(=O)(=O)CC)c3)cnnc21,0.9542425094393248,pharmabench_hlm,CCn1cnc2c(-c3ccc(F)c(-c4ccccc4S(=O)(=O)CC)c3)cnnc21
CN(C)[C@@H]1CCN(c2ccc3c(C(=O)NCC4CCC(F)(F)CC4)c(Cl)ccc3n2)C1,1.6532125137753435,pharmabench_hlm,CN(C)[C@@H]1CCN(c2ccc3c(C(=O)NCC4CCC(F)(F)CC4)c(Cl)ccc3n2)C1
O=C(NCC1CCC(F)(F)CC1)c1c(Cl)ccc2nc(N3CC[C@H](F)C3)ccc12,1.0,pharmabench_hlm,O=C(NCC1CCC(F)(F)CC1)c1c(Cl)ccc2nc(N3CC[C@H](F)C3)ccc12
O=C(NCC1(O)CCCC(F)(F)C1)c1c(Cl)ccc2nc(N3CC[C@H](F)C3)ccc12,1.3010299956639813,pharmabench_hlm,O=C(NCC1(O)CCCC(F)(F)C1)c1c(Cl)ccc2nc(N3CC[C@H](F)C3)ccc12
C[C@@H]1CCC[C@@](O)(CNC(=O)c2c(Cl)ccc3nc(N4CC[C@@H](C(C)(C)O)C4)ccc23)C1,1.8750612633917,pharmabench_hlm,C[C@@H]1CCC[C@@](O)(CNC(=O)c2c(Cl)ccc3nc(N4CC[C@@H](C(C)(C)O)C4)ccc23)C1
CC(C)c1noc(N2CCN(c3ncc(OCc4ccncc4C#N)cn3)[C@H](C)C2)n1,1.740362689494244,pharmabench_hlm,CC(C)c1noc(N2CCN(c3ncc(OCc4ccncc4C#N)cn3)[C@H](C)C2)n1
CS(=O)(=O)Nc1nnc2cc(OCC34CC5CC(CC(C5)C3)C4)c(Br)cn12,1.1139433523068367,pharmabench_hlm,CS(=O)(=O)Nc1nnc2cc(OCC34CC5CC(CC(C5)C3)C4)c(Br)cn12
O=S(=O)(Nc1nnc2cc(OCC34CC5CC(CC(C5)C3)C4)c(C3CC3)cn12)C1CCC1,1.0791812460476249,pharmabench_hlm,O=S(=O)(Nc1nnc2cc(OCC34CC5CC(CC(C5)C3)C4)c(C3CC3)cn12)C1CCC1
CC[C@@H]1CN2CCc3c([nH]c4ccccc34)[C@@H]2C[C@@H]1/C(=C\OC)C(=O)OC,2.0132586652835167,pharmabench_hlm,CC[C@@H]1CN2CCc3c([nH]c4ccccc34)[C@@H]2C[C@@H]1/C(=C\OC)C(=O)OC
COc1ccc(C2c3ccsc3CCN2C(=O)Nc2cc(OC)cc(OC)c2)cc1,1.335858911319818,pharmabench_hlm,COc1ccc(C2c3ccsc3CCN2C(=O)Nc2cc(OC)cc(OC)c2)cc1
Cc1cc(Nc2nn(C3CC3)c3cnc(S(=O)(=O)N4CCOCC4)cc23)ccc1F,1.57978359661681,pharmabench_hlm,Cc1cc(Nc2nn(C3CC3)c3cnc(S(=O)(=O)N4CCOCC4)cc23)ccc1F
Cc1nnn(Cc2cc(Cl)ccc2/C=C/C(=O)N2CCN(Cc3ccc(F)cc3)C[C@H]2C)n1,2.361727836017593,pharmabench_hlm,Cc1nnn(Cc2cc(Cl)ccc2/C=C/C(=O)N2CCN(Cc3ccc(F)cc3)C[C@H]2C)n1
C[C@@H](C(=O)Nc1ccc(Cl)cc1)[C@H]1CC[C@@H](c2ccnc3ccc(F)cc32)CC1,1.3283796034387378,pharmabench_hlm,C[C@@H](C(=O)Nc1ccc(Cl)cc1)[C@H]1CC[C@@H](c2ccnc3ccc(F)cc32)CC1
O=C(Nc1ccc(Cl)cc1)C(=O)N1CC[C@H](c2ccnc3ccc(F)cc23)[C@@H](O)C1,0.6020599913279624,pharmabench_hlm,O=C(Nc1ccc(Cl)cc1)C(=O)N1CC[C@H](c2ccnc3ccc(F)cc23)[C@@H](O)C1
O=C(Nc1ccc(Cl)cc1)C(=O)N1CCC(c2ccnc3ccc(F)cc23)C(F)(F)C1,1.0644579892269184,pharmabench_hlm,O=C(Nc1ccc(Cl)cc1)C(=O)N1CCC(c2ccnc3ccc(F)cc23)C(F)(F)C1
O=C(Nc1ccc(Cl)cc1)C(=O)N1CCC(c2ccnc3ccc(F)cc23)CC1,0.9542425094393248,pharmabench_hlm,O=C(Nc1ccc(Cl)cc1)C(=O)N1CCC(c2ccnc3ccc(F)cc23)CC1
O=C(CN1C[C@H](NC(=O)c2ccc(Cl)s2)[C@@H](OCC(F)F)C1)Nc1ccc(-n2ccccc2=O)cc1F,0.9542425094393248,pharmabench_hlm,O=C(CN1C[C@H](NC(=O)c2ccc(Cl)s2)[C@@H](OCC(F)F)C1)Nc1ccc(-n2ccccc2=O)cc1F
N#Cc1ccc(Nc2nn([C@H]3COCC[C@@H]3C#N)cc2C(N)=O)cc1,0.4771212547196624,pharmabench_hlm,N#Cc1ccc(Nc2nn([C@H]3COCC[C@@H]3C#N)cc2C(N)=O)cc1
O=S(=O)(Nc1cccc(F)n1)c1cc(F)c(O[C@H]2CCN(CC(F)(F)F)C[C@@H]2c2ccccc2F)cc1F,1.230448921378274,pharmabench_hlm,O=S(=O)(Nc1cccc(F)n1)c1cc(F)c(O[C@H]2CCN(CC(F)(F)F)C[C@@H]2c2ccccc2F)cc1F
Cc1cc(C)c(-c2ccc(N)cn2)cc1NC(=O)c1ccc(OCc2ccccn2)cc1,0.9542425094393248,pharmabench_hlm,Cc1cc(C)c(-c2ccc(N)cn2)cc1NC(=O)c1ccc(OCc2ccccn2)cc1
COc1cc2ccc(Br)cc2cc1[C@@H](c1ccccc1)[C@@](O)(CCN(C)C)c1cccc2c1CCN2C,1.0791812460476249,pharmabench_hlm,COc1cc2ccc(Br)cc2cc1[C@@H](c1ccccc1)[C@@](O)(CCN(C)C)c1cccc2c1CCN2C
CC(O)c1ccc(N(C)S(=O)(=O)c2cccc(C(=O)Nc3ccc(C#N)cc3)c2)cc1,1.230448921378274,pharmabench_hlm,CC(O)c1ccc(N(C)S(=O)(=O)c2cccc(C(=O)Nc3ccc(C#N)cc3)c2)cc1
CN(c1ccc(Cl)cc1)S(=O)(=O)c1cccc(NC(=O)c2ccc(C#N)cc2)c1,1.5786392099680724,pharmabench_hlm,CN(c1ccc(Cl)cc1)S(=O)(=O)c1cccc(NC(=O)c2ccc(C#N)cc2)c1
COc1cc(N2CC(NC(=O)c3ccc4nn(C)c(C)c4c3N)C2)c(Cl)cn1,0.9542425094393248,pharmabench_hlm,COc1cc(N2CC(NC(=O)c3ccc4nn(C)c(C)c4c3N)C2)c(Cl)cn1
Cc1c2c(N)c(C(=O)NC3CN(c4cc(Cl)ncc4Cl)C3)ccc2nn1C,1.6989700043360187,pharmabench_hlm,Cc1c2c(N)c(C(=O)NC3CN(c4cc(Cl)ncc4Cl)C3)ccc2nn1C
OC[C@H]1CN(c2ccc(Nc3nc(-c4ccc5cn[nH]c5c4)cn4ccnc34)cc2)CCO1,0.6367886890343748,pharmabench_hlm,OC[C@H]1CN(c2ccc(Nc3nc(-c4ccc5cn[nH]c5c4)cn4ccnc34)cc2)CCO1
CCN1CCN(c2ccc(Nc3nc(-c4ccc5cn[nH]c5c4)cn4ccnc34)cc2)CC1,0.52283531366053,pharmabench_hlm,CCN1CCN(c2ccc(Nc3nc(-c4ccc5cn[nH]c5c4)cn4ccnc34)cc2)CC1
c1cn2cc(-c3cnc4cn[nH]c4c3)nc(Nc3ccc(N4CCN(C5COC5)CC4)cc3)c2n1,0.5006480633719119,pharmabench_hlm,c1cn2cc(-c3cnc4cn[nH]c4c3)nc(Nc3ccc(N4CCN(C5COC5)CC4)cc3)c2n1
Nc1cccc(-c2cn3ccnc3c(Nc3ccc(N4CCN(C5COC5)CC4)cc3)n2)n1,0.3358589113198179,pharmabench_hlm,Nc1cccc(-c2cn3ccnc3c(Nc3ccc(N4CCN(C5COC5)CC4)cc3)n2)n1
c1cn2cc(-c3cnc4cc[nH]c4c3)nc(Nc3ccc(N4CCN(C5COC5)CC4)cc3)c2n1,0.5835388192543521,pharmabench_hlm,c1cn2cc(-c3cnc4cc[nH]c4c3)nc(Nc3ccc(N4CCN(C5COC5)CC4)cc3)c2n1
COc1nn(-c2ccncc2)cc1C(=O)Nc1cccc(-c2nncn2C(C)C)n1,1.2041199826559248,pharmabench_hlm,COc1nn(-c2ccncc2)cc1C(=O)Nc1cccc(-c2nncn2C(C)C)n1
CCCN(CCC)[C@H](c1ccccn1)[C@@H](c1ccccn1)N(CCC)CCC,1.7634279935629371,pharmabench_hlm,CCCN(CCC)[C@H](c1ccccn1)[C@@H](c1ccccn1)N(CCC)CCC
Cc1c(Cc2ccc(C(F)(F)F)nc2)c[nH]c1C(=O)NC(C)c1cn[nH]c1,4.409771967770935,pharmabench_hlm,Cc1c(Cc2ccc(C(F)(F)F)nc2)c[nH]c1C(=O)NC(C)c1cn[nH]c1
CCn1cnc2c(-c3ccc(F)c(Oc4cccc(S(=O)(=O)CC)c4)c3)cnnc21,2.103803720955957,pharmabench_hlm,CCn1cnc2c(-c3ccc(F)c(Oc4cccc(S(=O)(=O)CC)c4)c3)cnnc21
N#Cc1ccc(Oc2cc(-c3cnnc4c3ncn4C3CC3)ccc2F)nc1,1.230448921378274,pharmabench_hlm,N#Cc1ccc(Oc2cc(-c3cnnc4c3ncn4C3CC3)ccc2F)nc1
CCn1cnc2c(-c3ccc(F)c(-c4cccc(C(=O)NC)c4)c3)cnnc21,1.6020599913279625,pharmabench_hlm,CCn1cnc2c(-c3ccc(F)c(-c4cccc(C(=O)NC)c4)c3)cnnc21
CCn1cnc2c(-c3ccc(F)c(-c4ccc(C(=O)NC)cc4)c3)cnnc21,1.2041199826559248,pharmabench_hlm,CCn1cnc2c(-c3ccc(F)c(-c4ccc(C(=O)NC)cc4)c3)cnnc21
CCn1nnc2c(-c3ccc(F)c(-c4ccc(S(=O)(=O)CC)cc4)c3)cnnc21,1.3979400086720375,pharmabench_hlm,CCn1nnc2c(-c3ccc(F)c(-c4ccc(S(=O)(=O)CC)cc4)c3)cnnc21
CN1CCN(c2ncc(-c3ccc4c(NC5CCOCC5)ccnc4c3)cn2)CC1,1.9731278535996983,pharmabench_hlm,CN1CCN(c2ncc(-c3ccc4c(NC5CCOCC5)ccnc4c3)cn2)CC1
CN1CCN(Nc2ncc(Nc3ccc4c(Nc5cnccn5)ccnc4c3)cn2)CC1,1.2041199826559248,pharmabench_hlm,CN1CCN(Nc2ncc(Nc3ccc4c(Nc5cnccn5)ccnc4c3)cn2)CC1
CN1CCCN(c2ncc(-c3ccc4c(N(C)c5cnccn5)ccnc4c3)cn2)CC1,2.230448921378274,pharmabench_hlm,CN1CCCN(c2ncc(-c3ccc4c(N(C)c5cnccn5)ccnc4c3)cn2)CC1
O=C(Nc1ccnnc1)c1cc(N2CCCC2)ccc1OCc1ccccc1,0.9912260756924948,pharmabench_hlm,O=C(Nc1ccnnc1)c1cc(N2CCCC2)ccc1OCc1ccccc1
O=C(Nc1ccnnc1)c1cc(N2CCNCC2)ccc1OCc1ccccc1,-0.3979400086720376,pharmabench_hlm,O=C(Nc1ccnnc1)c1cc(N2CCNCC2)ccc1OCc1ccccc1
COc1ncc(-c2nc3c(n2C(C)C)[C@H](c2ccc(Cl)cc2C)N(c2cc(Cl)ccc2C)C3=O)c(OC)n1,4.857332496431268,pharmabench_hlm,COc1ncc(-c2nc3c(n2C(C)C)[C@H](c2ccc(Cl)cc2C)N(c2cc(Cl)ccc2C)C3=O)c(OC)n1
OC(CC1c2c(F)cccc2-c2cncn21)C1CCC(F)(F)CC1,1.1838390370564211,pharmabench_hlm,OC(CC1c2c(F)cccc2-c2cncn21)C1CCC(F)(F)CC1
O[C@@H](C[C@H]1c2c(F)cccc2-c2cncn21)[C@H]1CC[C@@H](O)CC1,1.1051694279993316,pharmabench_hlm,O[C@@H](C[C@H]1c2c(F)cccc2-c2cncn21)[C@H]1CC[C@@H](O)CC1
Cc1ccc2nc(N3CCCc4ccc(F)cc4C3)cc(NCCO)c2c1,1.5563025007672873,pharmabench_hlm,Cc1ccc2nc(N3CCCc4ccc(F)cc4C3)cc(NCCO)c2c1
Cc1cc(C)c2cc(C(=O)NC3CN(c4cc(Cl)ncc4Cl)C3)ccc2n1,2.204119982655925,pharmabench_hlm,Cc1cc(C)c2cc(C(=O)NC3CN(c4cc(Cl)ncc4Cl)C3)ccc2n1
COC(=O)N[C@H](C(=O)N1CCC[C@H]1c1nc2ccc([C@H]3CC[C@H](c4ccc5nc([C@@H]6CCCN6C(=O)[C@@H](NC(=O)OC)C(C)C)[nH]c5c4)N3c3ccc(N4CCOCC4)cc3)cc2[nH]1)C(C)C,2.0543448887676306,pharmabench_hlm,COC(=O)N[C@H](C(=O)N1CCC[C@H]1c1nc2ccc([C@H]3CC[C@H](c4ccc5nc([C@@H]6CCCN6C(=O)[C@@H](NC(=O)OC)C(C)C)[nH]c5c4)N3c3ccc(N4CCOCC4)cc3)cc2[nH]1)C(C)C
Cn1cnc(S(=O)(=O)N2C[C@H](C(=O)c3cccc(OC(F)(F)F)c3)[C@@H](c3ccc(F)cc3)C2)c1,3.085172799583078,pharmabench_hlm,Cn1cnc(S(=O)(=O)N2C[C@H](C(=O)c3cccc(OC(F)(F)F)c3)[C@@H](c3ccc(F)cc3)C2)c1
O=c1nc(Nc2ncnc3ccc(-c4cccc(N5CCOCC5)c4)cc23)c(F)c[nH]1,1.290034611362518,pharmabench_hlm,O=c1nc(Nc2ncnc3ccc(-c4cccc(N5CCOCC5)c4)cc23)c(F)c[nH]1
Cc1cc(C(F)(F)F)cc(NC(=O)NS(=O)(=O)c2cc(C)c(CCO)s2)n1,1.4471580313422192,pharmabench_hlm,Cc1cc(C(F)(F)F)cc(NC(=O)NS(=O)(=O)c2cc(C)c(CCO)s2)n1
O=S(=O)(c1ccc(-c2ccc3nccc(Nc4ccncn4)c3c2)cc1)N1CCOCC1,2.317018101048112,pharmabench_hlm,O=S(=O)(c1ccc(-c2ccc3nccc(Nc4ccncn4)c3c2)cc1)N1CCOCC1
C[C@H](Oc1cccc2ncnc(Nc3ccc4c(cnn4Cc4nccs4)c3)c12)C(=O)N1CCOCC1,1.4471580313422192,pharmabench_hlm,C[C@H](Oc1cccc2ncnc(Nc3ccc4c(cnn4Cc4nccs4)c3)c12)C(=O)N1CCOCC1
C[C@@H](Oc1cccc2ncnc(Nc3ccc4c(cnn4Cc4cccc(F)c4)c3)c12)C(=O)N(C)C,2.484299839346786,pharmabench_hlm,C[C@@H](Oc1cccc2ncnc(Nc3ccc4c(cnn4Cc4cccc(F)c4)c3)c12)C(=O)N(C)C
C[C@H]1CN(C(=O)CC[C@@]2(C3CC3)NC(=O)NC2=O)CCN1c1cc(F)cc(F)c1,1.2260841159758238,pharmabench_hlm,C[C@H]1CN(C(=O)CC[C@@]2(C3CC3)NC(=O)NC2=O)CCN1c1cc(F)cc(F)c1
OCCOCc1cn(CCNc2nonc2/C(=N/O)Nc2ccc(F)c(Br)c2)nn1,1.4785664955938431,pharmabench_hlm,OCCOCc1cn(CCNc2nonc2/C(=N/O)Nc2ccc(F)c(Br)c2)nn1
CCNC(=O)Nc1ccc(-c2nccc(N3CCOC[C@@H]3C)n2)cc1,0.0791812460476248,pharmabench_hlm,CCNC(=O)Nc1ccc(-c2nccc(N3CCOC[C@@H]3C)n2)cc1
N#Cc1ccc(C(=O)N2CCCC(c3cc4ncccc4[nH]3)C2)cc1,1.711807229041191,pharmabench_hlm,N#Cc1ccc(C(=O)N2CCCC(c3cc4ncccc4[nH]3)C2)cc1
O[C@@H](C[C@H]1c2ccccc2-c2cncn21)C1CCCCC1,1.255272505103306,pharmabench_hlm,O[C@@H](C[C@H]1c2ccccc2-c2cncn21)C1CCCCC1
Cc1ncoc1-c1nnc(SCCCN2CC[C@@]3(C[C@H]3c3ccc(F)cc3C(F)(F)F)C2)n1C,2.505149978319906,pharmabench_hlm,Cc1ncoc1-c1nnc(SCCCN2CC[C@@]3(C[C@H]3c3ccc(F)cc3C(F)(F)F)C2)n1C
Cn1c(SCCCN2CC[C@]3(C[C@@H]3c3ccc(C(F)(F)F)cc3)C2)nnc1-c1ccc(C(N)=O)cc1,2.1903316981702914,pharmabench_hlm,Cn1c(SCCCN2CC[C@]3(C[C@@H]3c3ccc(C(F)(F)F)cc3)C2)nnc1-c1ccc(C(N)=O)cc1
Cn1c(SCCCN2CC[C@]3(C[C@@H]3c3ccc(C(F)(F)F)cc3)C2)nnc1-c1ccn(C)c(=O)c1,1.6020599913279625,pharmabench_hlm,Cn1c(SCCCN2CC[C@]3(C[C@@H]3c3ccc(C(F)(F)F)cc3)C2)nnc1-c1ccn(C)c(=O)c1
Cn1c(SCCCN2CC[C@]3(C[C@@H]3c3ccc(C(F)(F)F)cc3)C2)nnc1C1CCNC(=O)C1,1.3979400086720375,pharmabench_hlm,Cn1c(SCCCN2CC[C@]3(C[C@@H]3c3ccc(C(F)(F)F)cc3)C2)nnc1C1CCNC(=O)C1
Cc1ccc(NC(=O)c2ccnc(C(F)(F)F)c2)cc1-c1cc(OCCO)nc(N2CCOCC2)c1,1.130333768495006,pharmabench_hlm,Cc1ccc(NC(=O)c2ccnc(C(F)(F)F)c2)cc1-c1cc(OCCO)nc(N2CCOCC2)c1
Cc1ccc(NC(=O)c2ccnc(C(F)(F)F)c2)cc1-c1cc(NCCO)nc(N2CCOCC2)c1,1.3117538610557542,pharmabench_hlm,Cc1ccc(NC(=O)c2ccnc(C(F)(F)F)c2)cc1-c1cc(NCCO)nc(N2CCOCC2)c1
Cc1ccc(NC(=O)c2ccnc(C(C)(C)C#N)c2)cc1-c1cc(N2CCOCC2)c(=O)n(C)n1,1.1903316981702914,pharmabench_hlm,Cc1ccc(NC(=O)c2ccnc(C(C)(C)C#N)c2)cc1-c1cc(N2CCOCC2)c(=O)n(C)n1
CN(C)c1noc(-c2cccc(CNc3ccc4[nH]nc(C(=O)O)c4c3)c2O)n1,0.8388490907372553,pharmabench_hlm,CN(C)c1noc(-c2cccc(CNc3ccc4[nH]nc(C(=O)O)c4c3)c2O)n1
CC(C)c1noc(-c2cccc(CNc3ccc4[nH]nc(C(=O)O)c4c3)c2O)n1,0.380211241711606,pharmabench_hlm,CC(C)c1noc(-c2cccc(CNc3ccc4[nH]nc(C(=O)O)c4c3)c2O)n1
Cc1cc(-c2cc(-c3cnnc4c3ncn4C3CC3)ccc2F)ccn1,1.6232492903979006,pharmabench_hlm,Cc1cc(-c2cc(-c3cnnc4c3ncn4C3CC3)ccc2F)ccn1
CCn1cnc2c(-c3ccc(F)c(-c4ccc(C(=O)N(C)C)cc4)c3)cnnc21,1.1139433523068367,pharmabench_hlm,CCn1cnc2c(-c3ccc(F)c(-c4ccc(C(=O)N(C)C)cc4)c3)cnnc21
CCc1cc(O)c(F)cc1-c1cc(N[C@@H](C)CO)c2nc(NCCCCCN(C)C)ncc2c1,0.414973347970818,pharmabench_hlm,CCc1cc(O)c(F)cc1-c1cc(N[C@@H](C)CO)c2nc(NCCCCCN(C)C)ncc2c1
Cc1cc(CN2CCC[C@H](c3cc(C(F)F)nc4ncnn34)C2)cc(Cl)n1,1.6901960800285136,pharmabench_hlm,Cc1cc(CN2CCC[C@H](c3cc(C(F)F)nc4ncnn34)C2)cc(Cl)n1
C[C@H]1CN(CC[C@H]2CC[C@H](NC(=O)N(C)C)CC2)CCc2ccc(Cl)cc21,1.6273658565927327,pharmabench_hlm,C[C@H]1CN(CC[C@H]2CC[C@H](NC(=O)N(C)C)CC2)CCc2ccc(Cl)cc21
COc1cc(N2CCOCC2)c(-c2cnn(C)c2)cc1Nc1ncc(Cl)c(Nc2ccccc2P(C)(C)=O)n1,1.6901960800285136,pharmabench_hlm,COc1cc(N2CCOCC2)c(-c2cnn(C)c2)cc1Nc1ncc(Cl)c(Nc2ccccc2P(C)(C)=O)n1
CCc1ccc(-n2cnn(Cc3cc(C)c(OC(C)(C)C(=O)O)c(C)c3)c2=O)cc1,0.670245853074124,pharmabench_hlm,CCc1ccc(-n2cnn(Cc3cc(C)c(OC(C)(C)C(=O)O)c(C)c3)c2=O)cc1
Cc1cc(Cn2ncn(-c3ccc(OC(F)(F)F)cc3)c2=O)cc(C(F)(F)F)c1OC(C)(C)C(=O)O,-1.0457574905606752,pharmabench_hlm,Cc1cc(Cn2ncn(-c3ccc(OC(F)(F)F)cc3)c2=O)cc(C(F)(F)F)c1OC(C)(C)C(=O)O
C=CC(=O)N1CCN(c2ncnc3cc(-c4c(C)ccc5[nH]ncc45)c(Cl)cc23)CC1,1.57978359661681,pharmabench_hlm,C=CC(=O)N1CCN(c2ncnc3cc(-c4c(C)ccc5[nH]ncc45)c(Cl)cc23)CC1
C=CC(=O)N1C[C@@H]2COc3cnc4cc(-c5c(O)cccc5F)c(Cl)cc4c3N2C[C@@H]1C,2.0,pharmabench_hlm,C=CC(=O)N1C[C@@H]2COc3cnc4cc(-c5c(O)cccc5F)c(Cl)cc4c3N2C[C@@H]1C
C=CC(=O)N1CCN2c3c(cnc4c(F)c(-c5c(O)cccc5F)c(Cl)cc34)OC[C@H]2C1,1.230448921378274,pharmabench_hlm,C=CC(=O)N1CCN2c3c(cnc4c(F)c(-c5c(O)cccc5F)c(Cl)cc34)OC[C@H]2C1
CCc1cc(O)c(F)cc1-c1cc(NS(=O)(=O)CC)c2cn[nH]c2c1,1.230448921378274,pharmabench_hlm,CCc1cc(O)c(F)cc1-c1cc(NS(=O)(=O)CC)c2cn[nH]c2c1
Cc1cc(/C=C/C#N)cc([N+](=O)[O-])c1Nc1nc(Nc2ccc(C#N)cc2)nc2ccc(Cl)cc12,1.1583624920952498,pharmabench_hlm,Cc1cc(/C=C/C#N)cc([N+](=O)[O-])c1Nc1nc(Nc2ccc(C#N)cc2)nc2ccc(Cl)cc12
Cc1cc(/C=C/C#N)cc([N+](=O)[O-])c1Nc1nc(Nc2ccc(C#N)cc2)nc2ccccc12,1.5378190950732742,pharmabench_hlm,Cc1cc(/C=C/C#N)cc([N+](=O)[O-])c1Nc1nc(Nc2ccc(C#N)cc2)nc2ccccc12
FC(F)(F)c1cccc(COC2CCN(Cc3cn4ccccc4n3)CC2)c1,1.649334858712142,pharmabench_hlm,FC(F)(F)c1cccc(COC2CCN(Cc3cn4ccccc4n3)CC2)c1
CCc1cc2ccc(CN3CCN(c4ccc(F)cc4F)CC3)cc2[nH]c1=O,1.2041199826559248,pharmabench_hlm,CCc1cc2ccc(CN3CCN(c4ccc(F)cc4F)CC3)cc2[nH]c1=O
Cn1cc2c3c(c[nH]c(=O)c31)-c1cc(CS(C)(=O)=O)ccc1N(c1ccc(F)cc1)C2,1.962227231350085,pharmabench_hlm,Cn1cc2c3c(c[nH]c(=O)c31)-c1cc(CS(C)(=O)=O)ccc1N(c1ccc(F)cc1)C2
COc1cc(Nc2ncc(CCc3c(F)c(OC)cc(OC)c3F)cn2)ccc1N1CCC(N2CCN(C)CC2)CC1,2.2329961103921536,pharmabench_hlm,COc1cc(Nc2ncc(CCc3c(F)c(OC)cc(OC)c3F)cn2)ccc1N1CCC(N2CCN(C)CC2)CC1
COc1cc(Nc2ncc(CCc3c(F)c(OC)cc(OC)c3F)cn2)ccc1N1CCN(C2CCN(C)CC2)CC1,1.7075701760979365,pharmabench_hlm,COc1cc(Nc2ncc(CCc3c(F)c(OC)cc(OC)c3F)cn2)ccc1N1CCN(C2CCN(C)CC2)CC1
CON(C)C(=O)c1n[nH]c2c1CN(C(=O)Nc1cccc(Cl)c1)CC2,1.5185139398778875,pharmabench_hlm,CON(C)C(=O)c1n[nH]c2c1CN(C(=O)Nc1cccc(Cl)c1)CC2
CN1O[C@@H](CO)Cn2nc3c(c2C1=O)CN(C(=O)Nc1ccc(F)c(Cl)c1)CC3,0.8450980400142568,pharmabench_hlm,CN1O[C@@H](CO)Cn2nc3c(c2C1=O)CN(C(=O)Nc1ccc(F)c(Cl)c1)CC3
Cc1cc2ncccc2cc1Nc1ncc2c(n1)n([C@@H]1CN(C)C[C@@H]1F)c(=O)n2C,1.5440680443502757,pharmabench_hlm,Cc1cc2ncccc2cc1Nc1ncc2c(n1)n([C@@H]1CN(C)C[C@@H]1F)c(=O)n2C
O=C(Cc1cccnc1)N(Cc1cccc(Cl)c1)c1ccc(-c2cn[nH]c2)cc1,2.991669007379949,pharmabench_hlm,O=C(Cc1cccnc1)N(Cc1cccc(Cl)c1)c1ccc(-c2cn[nH]c2)cc1
COc1cc(N2CC(Nc3ncnc4c3ccc3nn(C)c(C)c34)C2)c(Cl)cn1,1.740362689494244,pharmabench_hlm,COc1cc(N2CC(Nc3ncnc4c3ccc3nn(C)c(C)c34)C2)c(Cl)cn1
Clc1nnc2ccc(N[C@H]3CC[C@@H](Nc4ccncn4)CC3)nn12,1.3979400086720375,pharmabench_hlm,Clc1nnc2ccc(N[C@H]3CC[C@@H](Nc4ccncn4)CC3)nn12
FC(F)(F)c1cccc(N[C@H]2CC[C@@H](Nc3ccc4nnc(Cl)n4n3)CC2)c1,0.9637878273455552,pharmabench_hlm,FC(F)(F)c1cccc(N[C@H]2CC[C@@H](Nc3ccc4nnc(Cl)n4n3)CC2)c1
Cc1onc(-c2ccc(F)cc2)c1COc1ccc2c(n1)CCN(C)C2=O,1.4471580313422192,pharmabench_hlm,Cc1onc(-c2ccc(F)cc2)c1COc1ccc2c(n1)CCN(C)C2=O
CC(=O)N1CCc2nc(OCc3c(-c4ccc(F)cc4)noc3C)ccc2C1,1.869231719730976,pharmabench_hlm,CC(=O)N1CCc2nc(OCc3c(-c4ccc(F)cc4)noc3C)ccc2C1
CC(=O)N1CCc2nc(OCc3c(C)nnn3-c3ccc(F)cc3)ccc2C1,1.255272505103306,pharmabench_hlm,CC(=O)N1CCc2nc(OCc3c(C)nnn3-c3ccc(F)cc3)ccc2C1
CCOc1ccccc1NC(=O)c1ccccc1NS(=O)(=O)C1CC1,1.791690649020118,pharmabench_hlm,CCOc1ccccc1NC(=O)c1ccccc1NS(=O)(=O)C1CC1
CCOc1ccccc1NC(=O)c1cc(F)ccc1NS(=O)(=O)C1CC1,1.657055852857104,pharmabench_hlm,CCOc1ccccc1NC(=O)c1cc(F)ccc1NS(=O)(=O)C1CC1
CCOc1ccc(F)cc1NC(=O)c1cc(Cl)ccc1NS(=O)(=O)C1CC1,2.141136090120739,pharmabench_hlm,CCOc1ccc(F)cc1NC(=O)c1cc(Cl)ccc1NS(=O)(=O)C1CC1
CCOc1ccc(F)cc1NC(=O)c1cc(F)ccc1NS(=O)(=O)CC,1.8394780473741985,pharmabench_hlm,CCOc1ccc(F)cc1NC(=O)c1cc(F)ccc1NS(=O)(=O)CC
Cc1onc(-c2ccc(F)cc2)c1COc1ccc2c(n1)CCN(CCS(C)(=O)=O)C2=O,0.8450980400142568,pharmabench_hlm,Cc1onc(-c2ccc(F)cc2)c1COc1ccc2c(n1)CCN(CCS(C)(=O)=O)C2=O
CC(C(=O)O)c1nn(Cc2cn3cc(OCC4CC4)c(C(F)(F)F)cc3n2)c2ccccc2c1=O,1.2631624649622166,pharmabench_hlm,CC(C(=O)O)c1nn(Cc2cn3cc(OCC4CC4)c(C(F)(F)F)cc3n2)c2ccccc2c1=O
CC(=O)N1CCC(n2cc(Nc3nc(NC4(C)CC4)c4c(=O)n(C)ccc4n3)cn2)CC1,-1.080921907623926,pharmabench_hlm,CC(=O)N1CCC(n2cc(Nc3nc(NC4(C)CC4)c4c(=O)n(C)ccc4n3)cn2)CC1
C[C@H](F)Cn1ccc2nc(Nc3cnn(C4CCN(C)CC4)c3)nc(NC3(C)CC3)c2c1=O,-1.3279021420642825,pharmabench_hlm,C[C@H](F)Cn1ccc2nc(Nc3cnn(C4CCN(C)CC4)c3)nc(NC3(C)CC3)c2c1=O
CC[C@@H]1CN2CCc3c([nH]c4cccc(O)c34)[C@@H]2C[C@@H]1/C(=C\OC)C(=O)OC,0.5314789170422551,pharmabench_hlm,CC[C@@H]1CN2CCc3c([nH]c4cccc(O)c34)[C@@H]2C[C@@H]1/C(=C\OC)C(=O)OC
Cc1cc(C)c2c(n1)sc1c(N3CCC3)ncnc12,2.4712917110589387,pharmabench_hlm,Cc1cc(C)c2c(n1)sc1c(N3CCC3)ncnc12
Cc1cnc2[nH]c(N3CCN(c4ccc(C)c(Cl)c4)CC3)nc2c1,2.060697840353612,pharmabench_hlm,Cc1cnc2[nH]c(N3CCN(c4ccc(C)c(Cl)c4)CC3)nc2c1
CC(=O)N1C=Cc2nc(N3CCC(Oc4ccc(F)cc4F)CC3)c(NC(C)C)nc2C1,1.6532125137753435,pharmabench_hlm,CC(=O)N1C=Cc2nc(N3CCC(Oc4ccc(F)cc4F)CC3)c(NC(C)C)nc2C1
C=CC(=O)N(C)CCOc1cnccc1-c1ccc(CN2CCN(CC3CCC3)CC2=O)c(C)c1,2.836324115706752,pharmabench_hlm,C=CC(=O)N(C)CCOc1cnccc1-c1ccc(CN2CCN(CC3CCC3)CC2=O)c(C)c1
O=C(Nc1ccc(OC(F)(F)F)cc1)c1cncc(-c2cccnc2)c1,1.2041199826559248,pharmabench_hlm,O=C(Nc1ccc(OC(F)(F)F)cc1)c1cncc(-c2cccnc2)c1
C[C@@H]1CNCCN1C(=O)[C@H](C)N1CCC(n2c(=O)[nH]c3ccccc32)CC1,1.0791812460476249,pharmabench_hlm,C[C@@H]1CNCCN1C(=O)[C@H](C)N1CCC(n2c(=O)[nH]c3ccccc32)CC1
C[C@@]1(S(C)(=O)=O)CC[C@@](CF)(c2cc(NC(=O)c3cc4c(cn3)OCCCO4)ccc2F)N=C1N,1.2227164711475833,pharmabench_hlm,C[C@@]1(S(C)(=O)=O)CC[C@@](CF)(c2cc(NC(=O)c3cc4c(cn3)OCCCO4)ccc2F)N=C1N
[2H]C1([2H])Oc2cnc(C(=O)Nc3ccc(F)c([C@]4(CF)CC[C@@](C)(S(C)(=O)=O)C(N)=N4)c3)cc2OC1([2H])[2H],0.8976270912904415,pharmabench_hlm,[2H]C1([2H])Oc2cnc(C(=O)Nc3ccc(F)c([C@]4(CF)CC[C@@](C)(S(C)(=O)=O)C(N)=N4)c3)cc2OC1([2H])[2H]
C=CC(=O)N(C)CCOc1cnccc1-c1ccc(CN2CCN(CC(C)C)CC2=O)c(C)c1,2.801403710017355,pharmabench_hlm,C=CC(=O)N(C)CCOc1cnccc1-c1ccc(CN2CCN(CC(C)C)CC2=O)c(C)c1
Cc1cc2c(Nc3ccccc3F)cc(C(=O)NCC(C)(C)C#N)nc2cn1,1.5314789170422551,pharmabench_hlm,Cc1cc2c(Nc3ccccc3F)cc(C(=O)NCC(C)(C)C#N)nc2cn1
Cc1cc2c(Nc3ccccc3)cc(C(=O)NC3CC3)nc2cn1,1.740362689494244,pharmabench_hlm,Cc1cc2c(Nc3ccccc3)cc(C(=O)NC3CC3)nc2cn1
CNC(=O)c1cnc(Nc2ccnc(N3CCC(O)CC3)n2)cc1NC(C)C,0.6020599913279624,pharmabench_hlm,CNC(=O)c1cnc(Nc2ccnc(N3CCC(O)CC3)n2)cc1NC(C)C
CC(C)c1ncc(N2C[C@H](O)[C@H]2C)c2cnc(Nc3ccnc(N4CC[C@@H](O)[C@@](C)(F)C4)n3)cc12,1.6532125137753435,pharmabench_hlm,CC(C)c1ncc(N2C[C@H](O)[C@H]2C)c2cnc(Nc3ccnc(N4CC[C@@H](O)[C@@](C)(F)C4)n3)cc12
CCn1c(=O)[nH]c(=O)c2c1nc(Sc1nc3ccccc3[nH]1)n2Cc1ccccc1,3.173186268412274,pharmabench_hlm,CCn1c(=O)[nH]c(=O)c2c1nc(Sc1nc3ccccc3[nH]1)n2Cc1ccccc1
Cc1ccnc(Nc2ncnc3ccc(-c4cccc(N5CCOCC5)c4)cc23)n1,1.6232492903979006,pharmabench_hlm,Cc1ccnc(Nc2ncnc3ccc(-c4cccc(N5CCOCC5)c4)cc23)n1
Cc1cc(Nc2ncnc3ccc(-c4cccc(N5CCOCC5)c4)cc23)on1,1.7611758131557314,pharmabench_hlm,Cc1cc(Nc2ncnc3ccc(-c4cccc(N5CCOCC5)c4)cc23)on1
c1ccc(Nc2ncnc3ccc(-c4cccc(N5CCOCC5)c4)cc23)nc1,2.247973266361807,pharmabench_hlm,c1ccc(Nc2ncnc3ccc(-c4cccc(N5CCOCC5)c4)cc23)nc1
Cn1cnc(S(=O)(=O)N2CC(Nc3cccc(Cl)c3)C(c3ccc(F)cc3)C2)c1,3.5293443596530216,pharmabench_hlm,Cn1cnc(S(=O)(=O)N2CC(Nc3cccc(Cl)c3)C(c3ccc(F)cc3)C2)c1
Cn1cnc(S(=O)(=O)N2C[C@H](Cc3ccccc3)[C@@H](c3ccccc3)C2)c1,2.425974160919376,pharmabench_hlm,Cn1cnc(S(=O)(=O)N2C[C@H](Cc3ccccc3)[C@@H](c3ccccc3)C2)c1
Cn1cnc(S(=O)(=O)N2C[C@H]([C@@H]3CCCO3)[C@@H](Nc3cccc(OC(F)(F)F)c3)C2)c1,2.452292561617729,pharmabench_hlm,Cn1cnc(S(=O)(=O)N2C[C@H]([C@@H]3CCCO3)[C@@H](Nc3cccc(OC(F)(F)F)c3)C2)c1
Cn1cc2c3c(c[nH]c3c1=O)CN(c1ccccn1)c1ccc(CS(C)(=O)=O)cc1-2,1.6989700043360187,pharmabench_hlm,Cn1cc2c3c(c[nH]c3c1=O)CN(c1ccccn1)c1ccc(CS(C)(=O)=O)cc1-2
Cn1cc2c3c(c[nH]c(=O)c31)-c1cc(CS(C)(=O)=O)ccc1N(c1ccccn1)C2,1.812913356642856,pharmabench_hlm,Cn1cc2c3c(c[nH]c(=O)c31)-c1cc(CS(C)(=O)=O)ccc1N(c1ccccn1)C2
CC(C)ON(C)C(=O)c1n[nH]c2c1CN(C(=O)Nc1cccc(Cl)c1)CC2,1.812913356642856,pharmabench_hlm,CC(C)ON(C)C(=O)c1n[nH]c2c1CN(C(=O)Nc1cccc(Cl)c1)CC2
NC(=O)c1sc(N2CCOCC2)cc1OCCc1ccccc1,0.5440680443502757,pharmabench_hlm,NC(=O)c1sc(N2CCOCC2)cc1OCCc1ccccc1
Cc1cc(Cl)ccc1-c1ccc(C(=O)N[C@H]2CCc3c(C)ccc(-c4cccnc4)c3C2)nc1,1.7558748556724917,pharmabench_hlm,Cc1cc(Cl)ccc1-c1ccc(C(=O)N[C@H]2CCc3c(C)ccc(-c4cccnc4)c3C2)nc1
Fc1ccc(CC[C@@H]2CN(Cc3c[nH]c4cc(Cl)ccc34)CCC2(F)F)cc1,1.99563519459755,pharmabench_hlm,Fc1ccc(CC[C@@H]2CN(Cc3c[nH]c4cc(Cl)ccc34)CCC2(F)F)cc1
COc1cc(N2CCC(N3CCN(C)CC3)CC2)c(-c2cnn(C)c2)cc1Nc1ncc(Cl)c(Nc2ccccc2P(C)(C)=O)n1,1.3222192947339193,pharmabench_hlm,COc1cc(N2CCC(N3CCN(C)CC3)CC2)c(-c2cnn(C)c2)cc1Nc1ncc(Cl)c(Nc2ccccc2P(C)(C)=O)n1
O=C(c1ccc(Cl)cc1)N1CCC(CNCCCc2c[nH]c3ccc(F)cc23)CC1,1.850891184135924,pharmabench_hlm,O=C(c1ccc(Cl)cc1)N1CCC(CNCCCc2c[nH]c3ccc(F)cc23)CC1
CCP(=O)(OC)c1ccc2oc(-c3cnc4ccccc4c3)nc2c1,0.4969296480732149,pharmabench_hlm,CCP(=O)(OC)c1ccc2oc(-c3cnc4ccccc4c3)nc2c1
CCP(=O)(OC)c1ccc2oc(-c3ccc(F)cc3)nc2c1,0.5587085705331657,pharmabench_hlm,CCP(=O)(OC)c1ccc2oc(-c3ccc(F)cc3)nc2c1
CCP(=O)(OC)c1ccc2nc(-c3ccc(F)cc3)oc2c1,0.6464037262230695,pharmabench_hlm,CCP(=O)(OC)c1ccc2nc(-c3ccc(F)cc3)oc2c1
CNC(=O)Nc1cc2c(cc1F)[C@@]1(CC2)OC(=O)N(CC(=O)N2Cc3ccc(F)cc3CC[C@H]2C2CC2)C1=O,2.206825876031849,pharmabench_hlm,CNC(=O)Nc1cc2c(cc1F)[C@@]1(CC2)OC(=O)N(CC(=O)N2Cc3ccc(F)cc3CC[C@H]2C2CC2)C1=O
Cn1ncc(-c2cc(Cl)c3c(=O)[nH]nc(CN)c3c2)c1-c1sc2ccccc2c1C#N,1.8512583487190752,pharmabench_hlm,Cn1ncc(-c2cc(Cl)c3c(=O)[nH]nc(CN)c3c2)c1-c1sc2ccccc2c1C#N
Cn1ncc(-c2cc(C(F)F)c3c(=O)[nH]nc(CN)c3c2)c1-c1sc2ccccc2c1C#N,1.6434526764861874,pharmabench_hlm,Cn1ncc(-c2cc(C(F)F)c3c(=O)[nH]nc(CN)c3c2)c1-c1sc2ccccc2c1C#N
Cc1cccc2[nH]c(-c3cncc(-c4cc(F)cc(C#N)c4)c3N3CC[C@H](N)C3)nc12,0.3010299956639812,pharmabench_hlm,Cc1cccc2[nH]c(-c3cncc(-c4cc(F)cc(C#N)c4)c3N3CC[C@H](N)C3)nc12
CC(C)O[C@H]1CC[C@H](C(=O)N2c3cc(N4C[C@@H]5C[C@H]4CO5)ccc3Nc3ncccc3C2C)CC1,2.155336037465062,pharmabench_hlm,CC(C)O[C@H]1CC[C@H](C(=O)N2c3cc(N4C[C@@H]5C[C@H]4CO5)ccc3Nc3ncccc3C2C)CC1
CC(C)O[C@H]1CC[C@H](C(=O)N2Cc3cncnc3Nc3ccc(N4C[C@@H]5C[C@H]4CO5)cc32)CC1,2.247973266361807,pharmabench_hlm,CC(C)O[C@H]1CC[C@H](C(=O)N2Cc3cncnc3Nc3ccc(N4C[C@@H]5C[C@H]4CO5)cc32)CC1
CC(C)O[C@H]1CC[C@H](C(=O)N2Cc3nccnc3Nc3ccc(C4CCOCC4)cc32)CC1,1.963787827345556,pharmabench_hlm,CC(C)O[C@H]1CC[C@H](C(=O)N2Cc3nccnc3Nc3ccc(C4CCOCC4)cc32)CC1
C[C@@H](CN1CCC2(CC1)OC(=O)Nc1cccnc12)NC(=O)c1ccc(F)cc1,1.1139433523068367,pharmabench_hlm,C[C@@H](CN1CCC2(CC1)OC(=O)Nc1cccnc12)NC(=O)c1ccc(F)cc1
O=C(Cn1nnc2ccccc21)N(Cc1cccc(Cl)c1)c1ccc(-c2cn[nH]c2)cc1,3.4184670209466006,pharmabench_hlm,O=C(Cn1nnc2ccccc21)N(Cc1cccc(Cl)c1)c1ccc(-c2cn[nH]c2)cc1
COc1ccc(-n2cc(-c3n[nH]c4cc(Cl)c(N[C@H]5CNCC56CC6)cc34)cn2)cc1,1.9190257645873603,pharmabench_hlm,COc1ccc(-n2cc(-c3n[nH]c4cc(Cl)c(N[C@H]5CNCC56CC6)cc34)cn2)cc1
C=CCn1c(=O)c2cnc(Nc3ccc(N4CCN(C)CC4)cc3)nc2n1-c1ccc2c(n1)[C@](O)(C(F)(F)F)CC2,1.8512583487190752,pharmabench_hlm,C=CCn1c(=O)c2cnc(Nc3ccc(N4CCN(C)CC4)cc3)nc2n1-c1ccc2c(n1)[C@](O)(C(F)(F)F)CC2
CC(=O)N(C)CCOc1cncnc1-c1ccc(CN2CCN(CC(C)(C)C)CC2=O)c(C)c1,2.724275869600789,pharmabench_hlm,CC(=O)N(C)CCOc1cncnc1-c1ccc(CN2CCN(CC(C)(C)C)CC2=O)c(C)c1
C=CC(=O)N(C)CCOc1cncnc1-c1ccc(CN2CCN(CC3(C)CC3)CC2=O)c(C)c1,2.747411807886423,pharmabench_hlm,C=CC(=O)N(C)CCOc1cncnc1-c1ccc(CN2CCN(CC3(C)CC3)CC2=O)c(C)c1
Cc1cnc(N2CCN(Cc3ccc4c5c(c(=O)[nH]c4c3)COCC5)CC2)n1C,0.9030899869919436,pharmabench_hlm,Cc1cnc(N2CCN(Cc3ccc4c5c(c(=O)[nH]c4c3)COCC5)CC2)n1C
CN1CCCn2nc3c(c2C1=O)CN(C(=O)Nc1ccc(F)c(Cl)c1)CC3,1.0413926851582251,pharmabench_hlm,CN1CCCn2nc3c(c2C1=O)CN(C(=O)Nc1ccc(F)c(Cl)c1)CC3
CN1CC(F)(F)Cn2nc3c(c2C1=O)CN(C(=O)Nc1ccc(F)c(Cl)c1)CC3,0.9084850188786496,pharmabench_hlm,CN1CC(F)(F)Cn2nc3c(c2C1=O)CN(C(=O)Nc1ccc(F)c(Cl)c1)CC3
CN1CC(F)Cn2nc3c(c2C1=O)CN(C(=O)Nc1ccc(F)c(C(F)(F)F)c1)CC3,1.230448921378274,pharmabench_hlm,CN1CC(F)Cn2nc3c(c2C1=O)CN(C(=O)Nc1ccc(F)c(C(F)(F)F)c1)CC3
CC(C)c1cnc(N2C[C@H](O)[C@H]2C)c2cnc(Nc3ccnc(N4CC[C@@H](O)[C@@](C)(F)C4)n3)cc12,1.3979400086720375,pharmabench_hlm,CC(C)c1cnc(N2C[C@H](O)[C@H]2C)c2cnc(Nc3ccnc(N4CC[C@@H](O)[C@@](C)(F)C4)n3)cc12
O=C(Nc1ccccc1)c1cc(O)cc(-c2ccc(C(=O)N3CCNCC3)cc2)c1,0.9777236052888476,pharmabench_hlm,O=C(Nc1ccccc1)c1cc(O)cc(-c2ccc(C(=O)N3CCNCC3)cc2)c1
COc1ccc(-c2cc(Nc3ccnc(N4CCOCC4)n3)on2)cc1,2.070037866607755,pharmabench_hlm,COc1ccc(-c2cc(Nc3ccnc(N4CCOCC4)n3)on2)cc1
Fc1cccc(COC2CCN(Cc3ncn4ccccc34)CC2)c1,2.531478917042255,pharmabench_hlm,Fc1cccc(COC2CCN(Cc3ncn4ccccc34)CC2)c1
CCN(CC)c1ccc(Cl)c2nc3n(c12)CCCN3c1ccc(Cl)cc1Cl,2.2648178230095364,pharmabench_hlm,CCN(CC)c1ccc(Cl)c2nc3n(c12)CCCN3c1ccc(Cl)cc1Cl
Cn1cnc2ncn(Cc3nn([C@@H]4CC[C@@H](Oc5cccc(F)c5)C4)c(=O)o3)c(=O)c21,0.9030899869919436,pharmabench_hlm,Cn1cnc2ncn(Cc3nn([C@@H]4CC[C@@H](Oc5cccc(F)c5)C4)c(=O)o3)c(=O)c21
Cn1cnc(S(=O)(=O)N2CC(Nc3ccccc3)C(c3ccccc3)C2)c1,2.397940008672037,pharmabench_hlm,Cn1cnc(S(=O)(=O)N2CC(Nc3ccccc3)C(c3ccccc3)C2)c1
Cn1cnc(S(=O)(=O)N2CC(Nc3ccc(F)c(C(F)(F)F)c3)C(c3ccc(F)cc3)C2)c1,3.140925795498442,pharmabench_hlm,Cn1cnc(S(=O)(=O)N2CC(Nc3ccc(F)c(C(F)(F)F)c3)C(c3ccc(F)cc3)C2)c1
Cn1cnc(S(=O)(=O)N2C[C@H](Nc3cc(C(F)(F)F)ccn3)[C@@H](c3ccc(F)cc3)C2)c1,2.397940008672037,pharmabench_hlm,Cn1cnc(S(=O)(=O)N2C[C@H](Nc3cc(C(F)(F)F)ccn3)[C@@H](c3ccc(F)cc3)C2)c1
O=C(OC(C(F)(F)F)C(F)(F)F)N1CCN(Cc2ccc(Cl)cc2N2CCOCC2)CC1,1.6532125137753435,pharmabench_hlm,O=C(OC(C(F)(F)F)C(F)(F)F)N1CCN(Cc2ccc(Cl)cc2N2CCOCC2)CC1
COc1cc(Nc2ncc(OCc3c(F)c(OC)cc(OC)c3F)cn2)cnc1N1CCC(N2CCN(C)CC2)CC1,1.414973347970818,pharmabench_hlm,COc1cc(Nc2ncc(OCc3c(F)c(OC)cc(OC)c3F)cn2)cnc1N1CCC(N2CCN(C)CC2)CC1
Nc1nc(Cl)cc(N(Cc2cccs2)C2CC2)n1,2.556302500767288,pharmabench_hlm,Nc1nc(Cl)cc(N(Cc2cccs2)C2CC2)n1
c1cnc(Nc2ncnc3ccc(-c4nccc(N5CCOCC5)n4)cc23)nc1,1.0043213737826426,pharmabench_hlm,c1cnc(Nc2ncnc3ccc(-c4nccc(N5CCOCC5)n4)cc23)nc1
c1cc(-c2ccc3ncnc(Nc4ccncn4)c3c2)cc(N2CCOCC2)c1,2.132899769944483,pharmabench_hlm,c1cc(-c2ccc3ncnc(Nc4ccncn4)c3c2)cc(N2CCOCC2)c1
c1cc(-c2ccc3ncnc(Nc4ccncc4)c3c2)cc(N2CCOCC2)c1,1.904174368284164,pharmabench_hlm,c1cc(-c2ccc3ncnc(Nc4ccncc4)c3c2)cc(N2CCOCC2)c1
Cc1cn(-c2ccc3n(c2=O)CCN(C[C@@]24C[C@@H]2C(C)(C)Oc2ccc(C(F)(F)F)cc24)C3=O)cn1,1.5378190950732742,pharmabench_hlm,Cc1cn(-c2ccc3n(c2=O)CCN(C[C@@]24C[C@@H]2C(C)(C)Oc2ccc(C(F)(F)F)cc24)C3=O)cn1
Cc1cn(-c2ccc3n(c2=O)CCN(C[C@@]24C[C@@H]2COc2ccc(C(F)(F)F)cc24)C3=O)cn1,1.5786392099680724,pharmabench_hlm,Cc1cn(-c2ccc3n(c2=O)CCN(C[C@@]24C[C@@H]2COc2ccc(C(F)(F)F)cc24)C3=O)cn1
O=C(NCc1cccc(Cl)c1)c1ccc2c(c1)N=C(c1ccc(F)cc1)c1ccccc1S2,1.5440680443502757,pharmabench_hlm,O=C(NCc1cccc(Cl)c1)c1ccc2c(c1)N=C(c1ccc(F)cc1)c1ccccc1S2
O=C(Nc1ccc(Cl)cn1)C(=O)N1CCC(c2ccnc(C(F)(F)F)c2Cl)CC1,0.5440680443502757,pharmabench_hlm,O=C(Nc1ccc(Cl)cn1)C(=O)N1CCC(c2ccnc(C(F)(F)F)c2Cl)CC1
O=S1(=O)CCN(c2ccc(Nc3nc(-c4ccc5cn[nH]c5c4)cn4ccnc34)cc2)CC1,0.9120625555885024,pharmabench_hlm,O=S1(=O)CCN(c2ccc(Nc3nc(-c4ccc5cn[nH]c5c4)cn4ccnc34)cc2)CC1
CN(C)C[C@@H]1CN(c2ccc(Nc3nc(-c4ccc5cn[nH]c5c4)cn4ccnc34)cc2)CCO1,0.5835388192543521,pharmabench_hlm,CN(C)C[C@@H]1CN(c2ccc(Nc3nc(-c4ccc5cn[nH]c5c4)cn4ccnc34)cc2)CCO1
COCCN1CCN(c2ccc(Nc3nc(-c4ccc5cn[nH]c5c4)cn4ccnc34)cc2)CC1,0.9378687965638594,pharmabench_hlm,COCCN1CCN(c2ccc(Nc3nc(-c4ccc5cn[nH]c5c4)cn4ccnc34)cc2)CC1
c1cn2cc(-c3ccc4cc[nH]c4c3)nc(Nc3ccc(N4CCN(C5COC5)CC4)cc3)c2n1,0.7132384615456617,pharmabench_hlm,c1cn2cc(-c3ccc4cc[nH]c4c3)nc(Nc3ccc(N4CCN(C5COC5)CC4)cc3)c2n1
Nc1cncc(-c2cn3ccnc3c(Nc3ccc(N4CCN(C5COC5)CC4)cc3)n2)c1,0.6367886890343748,pharmabench_hlm,Nc1cncc(-c2cn3ccnc3c(Nc3ccc(N4CCN(C5COC5)CC4)cc3)n2)c1
COc1cc(N2CCC(N(C)C)CC2)c(-c2cnn(C)c2)cc1Nc1ncc(Cl)c(Nc2ccccc2P(C)(C)=O)n1,1.4913616938342726,pharmabench_hlm,COc1cc(N2CCC(N(C)C)CC2)c(-c2cnn(C)c2)cc1Nc1ncc(Cl)c(Nc2ccccc2P(C)(C)=O)n1
O=C(NCc1cccc(Cl)c1)c1ccc2c(c1)N=C(N1CCCCC1)c1ccccc1S2,2.423245873936808,pharmabench_hlm,O=C(NCc1cccc(Cl)c1)c1ccc2c(c1)N=C(N1CCCCC1)c1ccccc1S2
Cc1nc2c(-c3ccc(F)cc3)cnn2c(NCc2ccccn2)c1Cl,1.6495295659478189,pharmabench_hlm,Cc1nc2c(-c3ccc(F)cc3)cnn2c(NCc2ccccn2)c1Cl
Cc1nc2c(-c3ccc(OC(F)(F)F)cc3)cnn2c(NCc2ccccn2)c1C,0.9425041061680808,pharmabench_hlm,Cc1nc2c(-c3ccc(OC(F)(F)F)cc3)cnn2c(NCc2ccccn2)c1C
Cc1nccnc1Nc1ccnc2cc(-c3cnc(N4CCCN(C)CC4)nc3)ccc12,1.8976270912904407,pharmabench_hlm,Cc1nccnc1Nc1ccnc2cc(-c3cnc(N4CCCN(C)CC4)nc3)ccc12
Cc1cncc(Nc2ccnc3cc(-c4cnc(N5CCCN(C)CC5)nc4)ccc23)n1,1.8573324964312683,pharmabench_hlm,Cc1cncc(Nc2ccnc3cc(-c4cnc(N5CCCN(C)CC5)nc4)ccc23)n1
C[C@@H]1Cc2c([nH]c3ccc(F)cc23)[C@@H](c2c(F)cc(NC3CN(CCCF)C3)cc2F)N1CC(F)(F)CO,1.0,pharmabench_hlm,C[C@@H]1Cc2c([nH]c3ccc(F)cc23)[C@@H](c2c(F)cc(NC3CN(CCCF)C3)cc2F)N1CC(F)(F)CO
C[C@@H]1Cc2c([nH]c3cc(F)ccc23)[C@@H](c2c(F)cc(NC3CN(CCCF)C3)cc2F)N1CC(F)(F)CO,0.9542425094393248,pharmabench_hlm,C[C@@H]1Cc2c([nH]c3cc(F)ccc23)[C@@H](c2c(F)cc(NC3CN(CCCF)C3)cc2F)N1CC(F)(F)CO
Cc1cc(Nc2cc(C)[nH]n2)nc(N2CCC3(CCCN([C@@H](C)c4cnc(-n5cc(F)cn5)cn4)C3=O)CC2)n1,1.4955443375464486,pharmabench_hlm,Cc1cc(Nc2cc(C)[nH]n2)nc(N2CCC3(CCCN([C@@H](C)c4cnc(-n5cc(F)cn5)cn4)C3=O)CC2)n1
COc1cc(F)cc2c1nnc1c2c(-c2ccccc2Cl)nn1C,0.6020599913279624,pharmabench_hlm,COc1cc(F)cc2c1nnc1c2c(-c2ccccc2Cl)nn1C
COc1cc(OC)c2nnc3c(c(-c4sc(C)nc4C)nn3C)c2c1,0.3010299956639812,pharmabench_hlm,COc1cc(OC)c2nnc3c(c(-c4sc(C)nc4C)nn3C)c2c1
CC1=C(c2ccc(N)nc2)[C@H](c2ccc(OCCN3CC(CF)C3)cc2)Oc2ccc(O)cc21,1.146128035678238,pharmabench_hlm,CC1=C(c2ccc(N)nc2)[C@H](c2ccc(OCCN3CC(CF)C3)cc2)Oc2ccc(O)cc21
COC/C=C/C1=C(C)c2cc(O)ccc2O[C@H]1c1ccc(OCCN2CC(CF)C2)cc1,1.1139433523068367,pharmabench_hlm,COC/C=C/C1=C(C)c2cc(O)ccc2O[C@H]1c1ccc(OCCN2CC(CF)C2)cc1
CC1=C(C2CCCCC2)[C@H](c2ccc(OCCN3CC(CF)C3)cc2)Oc2ccc(O)cc21,1.230448921378274,pharmabench_hlm,CC1=C(C2CCCCC2)[C@H](c2ccc(OCCN3CC(CF)C3)cc2)Oc2ccc(O)cc21
Cc1ccc2nc(N3CCCc4ccc(F)cc4C3)cc(NCCN)c2c1,0.7781512503836436,pharmabench_hlm,Cc1ccc2nc(N3CCCc4ccc(F)cc4C3)cc(NCCN)c2c1
Cc1ccc2nc(N3CCS(=O)(=O)c4ccccc4C3)cc(NCCN)c2c1,0.6989700043360189,pharmabench_hlm,Cc1ccc2nc(N3CCS(=O)(=O)c4ccccc4C3)cc(NCCN)c2c1
O=S(=O)(Nc1cccc(F)n1)c1cnc(O[C@H]2CCN(CC(F)(F)F)C[C@@H]2c2ccc(F)c(F)c2)c(F)c1,0.9242792860618816,pharmabench_hlm,O=S(=O)(Nc1cccc(F)n1)c1cnc(O[C@H]2CCN(CC(F)(F)F)C[C@@H]2c2ccc(F)c(F)c2)c(F)c1
COC(=O)Nc1cc(C(F)(F)F)c(-c2nc(N3CCOCC3)c3cc(CN4CCN(S(C)(=O)=O)CC4)cn3n2)cn1,0.4842998393467858,pharmabench_hlm,COC(=O)Nc1cc(C(F)(F)F)c(-c2nc(N3CCOCC3)c3cc(CN4CCN(S(C)(=O)=O)CC4)cn3n2)cn1
CC1=C(c2ccc(F)cc2)[C@H](c2ccc(OCCN3CC(CF)C3)cc2)Oc2cc(Cl)c(O)cc21,0.7781512503836436,pharmabench_hlm,CC1=C(c2ccc(F)cc2)[C@H](c2ccc(OCCN3CC(CF)C3)cc2)Oc2cc(Cl)c(O)cc21
CCOc1cc2ncc(C#N)c(Nc3ccc(OCc4ccccn4)c(Cl)c3)c2cc1NC(=O)/C=C/CN(C)C,1.6232492903979006,pharmabench_hlm,CCOc1cc2ncc(C#N)c(Nc3ccc(OCc4ccccn4)c(Cl)c3)c2cc1NC(=O)/C=C/CN(C)C
CN[C@@H](C)C(=O)N[C@H](C(=O)N1CCC[C@H]1c1nc(C(=O)c2ccc(F)cc2)cs1)C1CCN(C(=O)c2cnc(N3CCC(CCCOc4cc5ncnc(Nc6n[nH]c(C)c6C)c5cc4S(=O)(=O)C(C)(C)C)CC3)nc2)CC1,0.561101383649056,pharmabench_hlm,CN[C@@H](C)C(=O)N[C@H](C(=O)N1CCC[C@H]1c1nc(C(=O)c2ccc(F)cc2)cs1)C1CCN(C(=O)c2cnc(N3CCC(CCCOc4cc5ncnc(Nc6n[nH]c(C)c6C)c5cc4S(=O)(=O)C(C)(C)C)CC3)nc2)CC1
CN[C@@H](C)C(=O)N[C@H](C(=O)N1CCC[C@H]1c1nc(C(=O)c2ccc(F)cc2)cs1)C1CCN(C(=O)c2cnc(N3CCN(CCOc4cc5ncnc(Nc6n[nH]c(C)c6C)c5cc4S(=O)(=O)C(C)(C)C)CC3)nc2)CC1,-0.1307682802690238,pharmabench_hlm,CN[C@@H](C)C(=O)N[C@H](C(=O)N1CCC[C@H]1c1nc(C(=O)c2ccc(F)cc2)cs1)C1CCN(C(=O)c2cnc(N3CCN(CCOc4cc5ncnc(Nc6n[nH]c(C)c6C)c5cc4S(=O)(=O)C(C)(C)C)CC3)nc2)CC1
CN[C@@H](C)C(=O)N[C@H](C(=O)N1CCC[C@H]1c1nc(C(=O)c2ccc(F)cc2)cs1)C1CCN(C(=O)c2ccc(N3CCN(CCOc4cc5ncnc(Nc6n[nH]c(C)c6C)c5cc4S(=O)(=O)C(C)(C)C)CC3)nc2)CC1,0.0681858617461616,pharmabench_hlm,CN[C@@H](C)C(=O)N[C@H](C(=O)N1CCC[C@H]1c1nc(C(=O)c2ccc(F)cc2)cs1)C1CCN(C(=O)c2ccc(N3CCN(CCOc4cc5ncnc(Nc6n[nH]c(C)c6C)c5cc4S(=O)(=O)C(C)(C)C)CC3)nc2)CC1
CCn1cnc2c(-c3ccc(F)c(Oc4ccc(C#N)cn4)c3)cnnc21,1.812913356642856,pharmabench_hlm,CCn1cnc2c(-c3ccc(F)c(Oc4ccc(C#N)cn4)c3)cnnc21
Cc1cnc(Nc2ccc3c(c2)CCN3S(=O)(=O)c2ccc(C(F)(F)F)cc2)nc1-c1cnn(C(C)C)c1,2.5462958351214424,pharmabench_hlm,Cc1cnc(Nc2ccc3c(c2)CCN3S(=O)(=O)c2ccc(C(F)(F)F)cc2)nc1-c1cnn(C(C)C)c1
CCn1cc(C(=O)Nc2cccc(-c3nncn3C(C)C)n2)c(OC)n1,1.3222192947339193,pharmabench_hlm,CCn1cc(C(=O)Nc2cccc(-c3nncn3C(C)C)n2)c(OC)n1
COc1nn(-c2ccccn2)cc1C(=O)Nc1cccc(-c2nncn2C(C)C)n1,0.8450980400142568,pharmabench_hlm,COc1nn(-c2ccccn2)cc1C(=O)Nc1cccc(-c2nncn2C(C)C)n1
COc1nn(-c2cccnc2)cc1C(=O)Nc1cccc(-c2nncn2C(C)C)n1,0.9030899869919436,pharmabench_hlm,COc1nn(-c2cccnc2)cc1C(=O)Nc1cccc(-c2nncn2C(C)C)n1
COc1nn(-c2cncc(N(C)C)c2)cc1C(=O)Nc1cccc(-c2nncn2C(C)C)n1,1.9084850188786493,pharmabench_hlm,COc1nn(-c2cncc(N(C)C)c2)cc1C(=O)Nc1cccc(-c2nncn2C(C)C)n1
C[C@@H](C[C@@]1(C2CC2)NC(=O)NC1=O)C(=O)N1CCN(c2ccc(F)c(F)c2)[C@@H](C)C1,1.488973524726508,pharmabench_hlm,C[C@@H](C[C@@]1(C2CC2)NC(=O)NC1=O)C(=O)N1CCN(c2ccc(F)c(F)c2)[C@@H](C)C1
Cc1noc(C)c1-c1cc(O)cc(C(O)c2cccnc2)c1,0.5526682161121932,pharmabench_hlm,Cc1noc(C)c1-c1cc(O)cc(C(O)c2cccnc2)c1
c1cc(Nc2ncnc3ccc(-c4ccnc(N5CCOCC5)n4)cc23)ccn1,2.143014800254095,pharmabench_hlm,c1cc(Nc2ncnc3ccc(-c4ccnc(N5CCOCC5)n4)cc23)ccn1
c1cc(-c2ccc3ncnc(Nc4ccnnc4)c3c2)cc(N2CCOCC2)c1,1.9827233876685453,pharmabench_hlm,c1cc(-c2ccc3ncnc(Nc4ccnnc4)c3c2)cc(N2CCOCC2)c1
CC(=O)Nc1cccnc1Nc1ncnc2ccc(-c3cccc(N4CCOCC4)c3)cc12,1.7185016888672742,pharmabench_hlm,CC(=O)Nc1cccnc1Nc1ncnc2ccc(-c3cccc(N4CCOCC4)c3)cc12
COc1cccc2nnn(CC(=O)N[C@@H](C)c3ccc(C)cc3)c(=O)c12,1.442680610015756,pharmabench_hlm,COc1cccc2nnn(CC(=O)N[C@@H](C)c3ccc(C)cc3)c(=O)c12
Cc1ccc([C@H](C)NC(=O)Cn2nnc3c(F)cc(C)cc3c2=O)cc1,1.7172844520170996,pharmabench_hlm,Cc1ccc([C@H](C)NC(=O)Cn2nnc3c(F)cc(C)cc3c2=O)cc1
O=C(Cn1nnc2ccccc2c1=O)NCCc1ccccc1Cl,1.57978359661681,pharmabench_hlm,O=C(Cn1nnc2ccccc2c1=O)NCCc1ccccc1Cl
Cn1cnc(S(=O)(=O)N2C[C@H](Nc3cc(C(F)(F)F)ncn3)[C@@H](c3ccc(F)cc3)C2)c1,1.9208013818256544,pharmabench_hlm,Cn1cnc(S(=O)(=O)N2C[C@H](Nc3cc(C(F)(F)F)ncn3)[C@@H](c3ccc(F)cc3)C2)c1
CN(C)c1cc(Nc2nn([C@H]3COCC[C@@H]3C#N)cc2C(N)=O)cc(F)n1,0.6020599913279624,pharmabench_hlm,CN(C)c1cc(Nc2nn([C@H]3COCC[C@@H]3C#N)cc2C(N)=O)cc(F)n1
N#C[C@H]1CCOC[C@@H]1n1cc(C(N)=O)c(Nc2ccc(C3CC3)cc2)n1,1.6127838567197357,pharmabench_hlm,N#C[C@H]1CCOC[C@@H]1n1cc(C(N)=O)c(Nc2ccc(C3CC3)cc2)n1
CCCCNC(=O)c1ccc2c(c1)N=C(c1ccc(F)c(Cl)c1)c1ccccc1S2,1.2041199826559248,pharmabench_hlm,CCCCNC(=O)c1ccc2c(c1)N=C(c1ccc(F)c(Cl)c1)c1ccccc1S2
CC(C)CNC(=O)c1ccc2c(c1)N=C(c1ccc(Cl)s1)c1ccccc1S2,1.662757831681574,pharmabench_hlm,CC(C)CNC(=O)c1ccc2c(c1)N=C(c1ccc(Cl)s1)c1ccccc1S2
CCC(=O)c1ccc(Cl)c2nc3n(c12)CCCN3c1ccc(Cl)cc1Cl,1.8573324964312683,pharmabench_hlm,CCC(=O)c1ccc(Cl)c2nc3n(c12)CCCN3c1ccc(Cl)cc1Cl
CCC(c1ccc(Cl)c2nc3n(c12)CCCN3c1ccc(Cl)cc1Cl)n1ccnc1,1.146128035678238,pharmabench_hlm,CCC(c1ccc(Cl)c2nc3n(c12)CCCN3c1ccc(Cl)cc1Cl)n1ccnc1
CCc1nc(C)c(N2CCCn3c2nc2c(Cl)ccc(C(OC(F)F)C(F)(F)F)c23)c(C)n1,1.724275869600789,pharmabench_hlm,CCc1nc(C)c(N2CCCn3c2nc2c(Cl)ccc(C(OC(F)F)C(F)(F)F)c23)c(C)n1
C=CCn1c(=O)c2cnc(Nc3ccc(N4CCN(C)CC4)cc3)nc2n1-c1ccc2c(n1)C(O)CC2,1.0093502493331217,pharmabench_hlm,C=CCn1c(=O)c2cnc(Nc3ccc(N4CCN(C)CC4)cc3)nc2n1-c1ccc2c(n1)C(O)CC2
C=CCn1c(=O)c2cnc(Nc3ccc(N4CCN(C)CC4)cc3)nc2n1-c1ccc2c(n1)[C@@](O)(C(F)F)CC2,1.6720978579357175,pharmabench_hlm,C=CCn1c(=O)c2cnc(Nc3ccc(N4CCN(C)CC4)cc3)nc2n1-c1ccc2c(n1)[C@@](O)(C(F)F)CC2
CNS(=O)(=O)Nc1nnc2cc(OCC3C[C@@H]4C[C@@H](C3)C4(C)C)c(C3CC3)cn12,1.255272505103306,pharmabench_hlm,CNS(=O)(=O)Nc1nnc2cc(OCC3C[C@@H]4C[C@@H](C3)C4(C)C)c(C3CC3)cn12
CS(=O)(=O)Nc1noc2cc(OCc3ccc(Cl)c(Cl)c3)c(Cl)cc12,0.4313637641589873,pharmabench_hlm,CS(=O)(=O)Nc1noc2cc(OCc3ccc(Cl)c(Cl)c3)c(Cl)cc12
CCNC(=O)c1cc2c(-c3cc(S(=O)(=O)CC)ccc3Oc3c(C)cccc3Br)cn(C)c(=O)c2[nH]1,2.425974160919376,pharmabench_hlm,CCNC(=O)c1cc2c(-c3cc(S(=O)(=O)CC)ccc3Oc3c(C)cccc3Br)cn(C)c(=O)c2[nH]1
CCNC(=O)c1cc2c(-c3cc(S(=O)(=O)CC)ccc3Oc3c(C)cccc3C(F)(F)F)cn(C)c(=O)c2[nH]1,1.8750612633917,pharmabench_hlm,CCNC(=O)c1cc2c(-c3cc(S(=O)(=O)CC)ccc3Oc3c(C)cccc3C(F)(F)F)cn(C)c(=O)c2[nH]1
CCNC(=O)c1cc2c(-c3cc(S(=O)(=O)CC)ccc3-c3cccc4cc[nH]c34)cn(C)c(=O)c2[nH]1,2.146128035678238,pharmabench_hlm,CCNC(=O)c1cc2c(-c3cc(S(=O)(=O)CC)ccc3-c3cccc4cc[nH]c34)cn(C)c(=O)c2[nH]1
CC(C)(Nc1ncc(C(=O)N2CCC3(CCOCC3)C2)cn1)c1cnccn1,4.2552725051033065,pharmabench_hlm,CC(C)(Nc1ncc(C(=O)N2CCC3(CCOCC3)C2)cn1)c1cnccn1
Cc1cc(C)c2c(n1)sc1c(N3CC4(COC4)C3)ncnc12,2.110589710299249,pharmabench_hlm,Cc1cc(C)c2c(n1)sc1c(N3CC4(COC4)C3)ncnc12
C[C@H]1Cc2[nH]nc(-c3cscn3)c2CN1C(=O)Nc1ccc(F)c(Br)c1,1.380211241711606,pharmabench_hlm,C[C@H]1Cc2[nH]nc(-c3cscn3)c2CN1C(=O)Nc1ccc(F)c(Br)c1
C[C@H]1Cc2[nH]nc(-c3cscn3)c2CN1C(=O)Nc1ccnc(Br)c1F,1.0791812460476249,pharmabench_hlm,C[C@H]1Cc2[nH]nc(-c3cscn3)c2CN1C(=O)Nc1ccnc(Br)c1F
C[C@H]1Cc2[nH]nc(-c3cccs3)c2CN1C(=O)Nc1cccc(Cl)c1,1.230448921378274,pharmabench_hlm,C[C@H]1Cc2[nH]nc(-c3cccs3)c2CN1C(=O)Nc1cccc(Cl)c1
Cc1cc(F)c(C(=O)NCCCC(C)(C)C)cc1-c1ccc2c(=O)n(C)ncc2c1,1.255272505103306,pharmabench_hlm,Cc1cc(F)c(C(=O)NCCCC(C)(C)C)cc1-c1ccc2c(=O)n(C)ncc2c1
Cc1cc(F)c(NC(=O)c2cccc(C(C)(C)C#N)c2)cc1-c1ccc2c(=O)n(C)ncc2c1,1.2041199826559248,pharmabench_hlm,Cc1cc(F)c(NC(=O)c2cccc(C(C)(C)C#N)c2)cc1-c1ccc2c(=O)n(C)ncc2c1
Cc1ccc(S(=O)(=O)N[C@@H](CC(=O)NC(C)(C)C)C(=O)NCCNC(=O)c2ccccc2F)cc1,2.150449409460881,pharmabench_hlm,Cc1ccc(S(=O)(=O)N[C@@H](CC(=O)NC(C)(C)C)C(=O)NCCNC(=O)c2ccccc2F)cc1
CN(C)CCNC(=O)[C@@H]1c2ccccc2C[C@H]1NC(=O)c1cc2ccccc2[nH]1,0.4771212547196624,pharmabench_hlm,CN(C)CCNC(=O)[C@@H]1c2ccccc2C[C@H]1NC(=O)c1cc2ccccc2[nH]1
Cc1ccc2[nH]c(C(=O)N[C@H]3Cc4ccccc4[C@@H]3C(=O)N[C@H]3CCCN(C)C3)cc2c1,2.12057393120585,pharmabench_hlm,Cc1ccc2[nH]c(C(=O)N[C@H]3Cc4ccccc4[C@@H]3C(=O)N[C@H]3CCCN(C)C3)cc2c1
CCCC1=Nc2cc(C(=O)NC3CCN(C(=O)OCC)CC3)ccc2Sc2ccccc21,2.4456042032735974,pharmabench_hlm,CCCC1=Nc2cc(C(=O)NC3CCN(C(=O)OCC)CC3)ccc2Sc2ccccc21
COC(=O)N[C@H](C(=O)N1CCC[C@H]1c1nc2cc([C@H]3CC[C@H](c4ccc5[nH]c([C@@H]6CCCN6C(=O)[C@@H](NC(=O)OC)C(C)C)nc5c4)N3c3cc(F)c(N4CCCCC4)c(F)c3)ccc2[nH]1)C(C)C,2.2430380486862944,pharmabench_hlm,COC(=O)N[C@H](C(=O)N1CCC[C@H]1c1nc2cc([C@H]3CC[C@H](c4ccc5[nH]c([C@@H]6CCCN6C(=O)[C@@H](NC(=O)OC)C(C)C)nc5c4)N3c3cc(F)c(N4CCCCC4)c(F)c3)ccc2[nH]1)C(C)C
Cc1[nH]c2ccccc2c1CC(=O)N[C@@H](Cc1ccccc1)C(=O)N(C)c1ccccc1,3.4187496330759224,pharmabench_hlm,Cc1[nH]c2ccccc2c1CC(=O)N[C@@H](Cc1ccccc1)C(=O)N(C)c1ccccc1
C[C@H](C(=O)O)n1nc(Cn2cc3cc(OCC4CC4)c(Cl)cc3n2)c2ccccc2c1=O,1.3010299956639813,pharmabench_hlm,C[C@H](C(=O)O)n1nc(Cn2cc3cc(OCC4CC4)c(Cl)cc3n2)c2ccccc2c1=O
O=C(c1cnc(NCc2cccnc2)nc1)c1cccs1,4.161368002234975,pharmabench_hlm,O=C(c1cnc(NCc2cccnc2)nc1)c1cccs1
C[C@@H](C(=O)N1CCC(F)(F)C1)N1CCC(n2c(=O)[nH]c3ccccc32)CC1,1.0,pharmabench_hlm,C[C@@H](C(=O)N1CCC(F)(F)C1)N1CCC(n2c(=O)[nH]c3ccccc32)CC1
O=C(O)Cc1nn(Cc2cn3cc(OCC4CC4)c(Cl)cc3n2)c2ccccc2c1=O,1.2631624649622166,pharmabench_hlm,O=C(O)Cc1nn(Cc2cn3cc(OCC4CC4)c(Cl)cc3n2)c2ccccc2c1=O
CC(C(=O)O)c1nn(Cc2cn3cc(OCC4CC4)c(Cl)cc3n2)c2ccccc2c1=O,1.5440680443502757,pharmabench_hlm,CC(C(=O)O)c1nn(Cc2cn3cc(OCC4CC4)c(Cl)cc3n2)c2ccccc2c1=O
O=C(Nc1ccc(F)cn1)c1cc[nH]n1,1.230448921378274,pharmabench_hlm,O=C(Nc1ccc(F)cn1)c1cc[nH]n1
Cc1ccccc1NC(=O)c1cncc(-c2ccc(C(=O)N3CCNCC3)cc2)c1,1.1139433523068367,pharmabench_hlm,Cc1ccccc1NC(=O)c1cncc(-c2ccc(C(=O)N3CCNCC3)cc2)c1
COc1c(O)cc(O)c2c(=O)cc(-c3ccccc3)oc12,1.0530784434834195,pharmabench_hlm,COc1c(O)cc(O)c2c(=O)cc(-c3ccccc3)oc12
Cc1cc2nnccc2cc1Nc1ncc2c(n1)n(C1CCOCC1)c(=O)n2C,1.146128035678238,pharmabench_hlm,Cc1cc2nnccc2cc1Nc1ncc2c(n1)n(C1CCOCC1)c(=O)n2C
Cc1nc(CN2CCC(OCc3cccc(C(F)(F)F)c3)CC2)c2ccccn12,1.930949031167523,pharmabench_hlm,Cc1nc(CN2CCC(OCc3cccc(C(F)(F)F)c3)CC2)c2ccccn12
COCCCn1cc(CN(C(=O)[C@H]2CNCCO2)C2CC2)c2ccccc21,1.9867717342662448,pharmabench_hlm,COCCCn1cc(CN(C(=O)[C@H]2CNCCO2)C2CC2)c2ccccc21
C#CCN(Cc1ccc(F)cc1)c1cc(C)c(NC(=O)OC)c(C)c1,1.7972675408307164,pharmabench_hlm,C#CCN(Cc1ccc(F)cc1)c1cc(C)c(NC(=O)OC)c(C)c1
C[C@H](NC(=O)c1c(CCc2ccc(F)cc2)sc2c1CCOC2)c1ccc(C(=O)O)cc1,1.4548448600085102,pharmabench_hlm,C[C@H](NC(=O)c1c(CCc2ccc(F)cc2)sc2c1CCOC2)c1ccc(C(=O)O)cc1
COc1cccc(C(c2cc3cc(Br)ccc3nc2OC)C(O)(CCN(C)C)c2cc(C)cnc2C)c1OC,0.8450980400142568,pharmabench_hlm,COc1cccc(C(c2cc3cc(Br)ccc3nc2OC)C(O)(CCN(C)C)c2cc(C)cnc2C)c1OC
COc1nc(C)nc(OC)c1N1CCCn2c1nc1c(Cl)ccc(C(OC(F)F)C(F)(F)F)c12,1.9138138523837167,pharmabench_hlm,COc1nc(C)nc(OC)c1N1CCCn2c1nc1c(Cl)ccc(C(OC(F)F)C(F)(F)F)c12
COc1ccc(N2CCCn3c2nc2c(Cl)ccc(C(OC(F)F)C(F)(F)F)c23)c(C)n1,1.414973347970818,pharmabench_hlm,COc1ccc(N2CCCn3c2nc2c(Cl)ccc(C(OC(F)F)C(F)(F)F)c23)c(C)n1
CN[C@@H](C)C(=O)N[C@H](C(=O)N1CCC[C@H]1c1nc(C(=O)c2ccc(F)cc2)cs1)C1CCN(C(=O)c2cnc(N3CCC(COc4cc5ncnc(Nc6n[nH]c(C)c6C)c5cc4S(=O)(=O)C(C)(C)C)CC3)nc2)CC1,0.3944516808262163,pharmabench_hlm,CN[C@@H](C)C(=O)N[C@H](C(=O)N1CCC[C@H]1c1nc(C(=O)c2ccc(F)cc2)cs1)C1CCN(C(=O)c2cnc(N3CCC(COc4cc5ncnc(Nc6n[nH]c(C)c6C)c5cc4S(=O)(=O)C(C)(C)C)CC3)nc2)CC1
CN[C@@H](C)C(=O)N[C@H](C(=O)N1CCC[C@H]1c1nc(C(=O)c2ccc(F)cc2)cs1)C1CCN(C(=O)c2cnc(N3CCN(CCOc4cc5ncnc(Nc6n[nH]c(C)c6C)c5cc4S(=O)(=O)C(C)(C)C)CC3)cn2)CC1,-0.2441251443275086,pharmabench_hlm,CN[C@@H](C)C(=O)N[C@H](C(=O)N1CCC[C@H]1c1nc(C(=O)c2ccc(F)cc2)cs1)C1CCN(C(=O)c2cnc(N3CCN(CCOc4cc5ncnc(Nc6n[nH]c(C)c6C)c5cc4S(=O)(=O)C(C)(C)C)CC3)cn2)CC1
N#CCCn1cc(-c2nc(Nc3ccc4c(c3)CCN4S(=O)(=O)C(F)(F)F)ncc2F)cn1,2.15106325335375,pharmabench_hlm,N#CCCn1cc(-c2nc(Nc3ccc4c(c3)CCN4S(=O)(=O)C(F)(F)F)ncc2F)cn1
N#CC1CCN(c2ccc(OCc3ccccc3)c(C(=O)Nc3ccnnc3)c2)CC1,0.7403626894942439,pharmabench_hlm,N#CC1CCN(c2ccc(OCc3ccccc3)c(C(=O)Nc3ccnnc3)c2)CC1
Cc1cc(-c2nc(C)c3c(C)nc4scnc4n23)ccn1,0.7781512503836436,pharmabench_hlm,Cc1cc(-c2nc(C)c3c(C)nc4scnc4n23)ccn1
COc1cc(F)cc2c1nnc1c2c(-c2ccncc2C)nn1C,0.7781512503836436,pharmabench_hlm,COc1cc(F)cc2c1nnc1c2c(-c2ccncc2C)nn1C
C[C@H]1CNC(=O)c2cnn3ccc(nc23)N[C@H](C)c2cc(F)ccc2O1,1.462397997898956,pharmabench_hlm,C[C@H]1CNC(=O)c2cnn3ccc(nc23)N[C@H](C)c2cc(F)ccc2O1
Fc1ccc(Cl)c(-c2ccc(NC[C@@H]3CC34CCN(CC3CCOCC3)CC4)nn2)c1,1.1760912590556811,pharmabench_hlm,Fc1ccc(Cl)c(-c2ccc(NC[C@@H]3CC34CCN(CC3CCOCC3)CC4)nn2)c1
Cn1cc(Nc2nc(NC3(C)CC3)c3nc(CC#N)ccc3n2)cn1,-1.0861861476162833,pharmabench_hlm,Cn1cc(Nc2nc(NC3(C)CC3)c3nc(CC#N)ccc3n2)cn1
Cn1cc(Nc2nc(NC3(C)CC3)c3c(=O)n(C)ccc3n2)cn1,-1.8860566476931635,pharmabench_hlm,Cn1cc(Nc2nc(NC3(C)CC3)c3c(=O)n(C)ccc3n2)cn1
CN1CC(n2cc(Nc3nc(NC4(C)CC4)c4c(=O)n(C)ccc4n3)cn2)CCC1=O,-1.0506099933550872,pharmabench_hlm,CN1CC(n2cc(Nc3nc(NC4(C)CC4)c4c(=O)n(C)ccc4n3)cn2)CCC1=O
CN1CC[C@H](n2cc(Nc3nc(NC4(C)CC4)c4c(=O)n(C)ccc4n3)cn2)[C@H](F)C1,-1.214670164989233,pharmabench_hlm,CN1CC[C@H](n2cc(Nc3nc(NC4(C)CC4)c4c(=O)n(C)ccc4n3)cn2)[C@H](F)C1
CN1C[C@@H]2C[C@H]1C[C@@H]2n1cc(Nc2nc(NC3(C)CC3)c3c(=O)n(C)ccc3n2)cn1,-1.769551078621726,pharmabench_hlm,CN1C[C@@H]2C[C@H]1C[C@@H]2n1cc(Nc2nc(NC3(C)CC3)c3c(=O)n(C)ccc3n2)cn1
CN1CCC(n2cc(Nc3nc(NC4(C)CC4)c4c(=O)n(CC(F)F)ccc4n3)cn2)CC1,-1.3010299956639813,pharmabench_hlm,CN1CCC(n2cc(Nc3nc(NC4(C)CC4)c4c(=O)n(CC(F)F)ccc4n3)cn2)CC1
C[C@H](CF)n1ccc2nc(Nc3cnn(C4CCN(C)CC4)c3)nc(NC3(C)CC3)c2c1=O,-1.3279021420642825,pharmabench_hlm,C[C@H](CF)n1ccc2nc(Nc3cnn(C4CCN(C)CC4)c3)nc(NC3(C)CC3)c2c1=O
CN1CCC(n2cc(Nc3nc(NC4(C)CC4)c4c(=O)n(-c5nnc[nH]5)ccc4n3)cn2)CC1,-2.3279021420642825,pharmabench_hlm,CN1CCC(n2cc(Nc3nc(NC4(C)CC4)c4c(=O)n(-c5nnc[nH]5)ccc4n3)cn2)CC1
CC(C)c1cc(C(=O)N2CCCC(c3cc4ncccc4[nH]3)C2)on1,1.6998117705660083,pharmabench_hlm,CC(C)c1cc(C(=O)N2CCCC(c3cc4ncccc4[nH]3)C2)on1
COc1cc(N2CCOCC2)c(-c2cn[nH]c2)cc1Nc1ncc(Cl)c(Nc2ccccc2P(C)(C)=O)n1,1.4471580313422192,pharmabench_hlm,COc1cc(N2CCOCC2)c(-c2cn[nH]c2)cc1Nc1ncc(Cl)c(Nc2ccccc2P(C)(C)=O)n1
COCCN1CCC(N(CC23CC(c4ccc(C(F)(F)F)cc4)(C2)C3)C(=O)Cn2c(SCc3cccc(F)c3F)cc(=O)c3ccccc32)CC1,-0.1191864077192086,pharmabench_hlm,COCCN1CCC(N(CC23CC(c4ccc(C(F)(F)F)cc4)(C2)C3)C(=O)Cn2c(SCc3cccc(F)c3F)cc(=O)c3ccccc32)CC1
C[C@@H](CN1CCC2(CC1)OC(=O)Nc1ccncc12)NC(=O)c1ccc(F)cc1,1.0791812460476249,pharmabench_hlm,C[C@@H](CN1CCC2(CC1)OC(=O)Nc1ccncc12)NC(=O)c1ccc(F)cc1
c1ccc(-c2ccc(NC[C@@H]3CC34CCN(CC3CCOCC3)CC4)nn2)cc1,0.9030899869919436,pharmabench_hlm,c1ccc(-c2ccc(NC[C@@H]3CC34CCN(CC3CCOCC3)CC4)nn2)cc1
C=CC(=O)N(C)CCOc1cncnc1-c1ccc(CN2CCN(C3CCOC3)CC2=O)c(F)c1,1.9084850188786493,pharmabench_hlm,C=CC(=O)N(C)CCOc1cncnc1-c1ccc(CN2CCN(C3CCOC3)CC2=O)c(F)c1
CNC(=O)c1sc(N2CC3CC2(CNC(=O)c2c[nH]c4ncccc24)C3)nc1C(F)(F)F,2.3010299956639813,pharmabench_hlm,CNC(=O)c1sc(N2CC3CC2(CNC(=O)c2c[nH]c4ncccc24)C3)nc1C(F)(F)F
CN1CC(C(F)F)Cn2nc3c(c2C1=O)CN(C(=O)Nc1ccc(F)c(Cl)c1)CC3,1.1760912590556811,pharmabench_hlm,CN1CC(C(F)F)Cn2nc3c(c2C1=O)CN(C(=O)Nc1ccc(F)c(Cl)c1)CC3
CN1CC(F)Cn2nc3c(c2C1=O)CN(C(=O)Nc1ccc(F)c(C#N)c1)CC3,0.7160033436347992,pharmabench_hlm,CN1CC(F)Cn2nc3c(c2C1=O)CN(C(=O)Nc1ccc(F)c(C#N)c1)CC3
O=C(Nc1cc(Cl)cc(Cl)c1)N1CCc2sccc2C1c1ccc(Cl)cc1,1.06707085604537,pharmabench_hlm,O=C(Nc1cc(Cl)cc(Cl)c1)N1CCc2sccc2C1c1ccc(Cl)cc1
O=C(Nc1ccc(Oc2ccc(F)cc2)cc1)N1CCc2ncccc2[C@@H]1c1ccc(Cl)cc1,0.52283531366053,pharmabench_hlm,O=C(Nc1ccc(Oc2ccc(F)cc2)cc1)N1CCc2ncccc2[C@@H]1c1ccc(Cl)cc1
O=C(c1ccc(-c2cc(O)c3c(=O)cc(-c4ccccc4)oc3c2)cc1)N1CCNCC1,1.110589710299249,pharmabench_hlm,O=C(c1ccc(-c2cc(O)c3c(=O)cc(-c4ccccc4)oc3c2)cc1)N1CCNCC1
CCC/N=C1\S/C(=C\c2ccc(O)cc2)C(=O)N1c1ccccc1C,0.380211241711606,pharmabench_hlm,CCC/N=C1\S/C(=C\c2ccc(O)cc2)C(=O)N1c1ccccc1C
O=c1c2cccnc2cnn1Cc1nc([C@H]2[C@@H]3CN(c4cc(Cl)ccn4)C[C@@H]32)no1,1.146128035678238,pharmabench_hlm,O=c1c2cccnc2cnn1Cc1nc([C@H]2[C@@H]3CN(c4cc(Cl)ccn4)C[C@@H]32)no1
CN1CC/C=C/[C@H](OCCN2CCOCC2)[C@@H]2CC[C@H]2CN2C[C@@]3(CCCc4cc(Cl)ccc43)COc3ccc(cc32)[C@@](O)(C(=O)NS(=O)(=O)N(C)C)CC1=O,1.3222192947339193,pharmabench_hlm,CN1CC/C=C/[C@H](OCCN2CCOCC2)[C@@H]2CC[C@H]2CN2C[C@@]3(CCCc4cc(Cl)ccc43)COc3ccc(cc32)[C@@](O)(C(=O)NS(=O)(=O)N(C)C)CC1=O
c1cnc(Nc2ncnc3ccc(-c4ccnc(N5CCOCC5)n4)cc23)nc1,1.8530895298518653,pharmabench_hlm,c1cnc(Nc2ncnc3ccc(-c4ccnc(N5CCOCC5)n4)cc23)nc1
c1cc(-c2ccc3ncnc(Nc4cnccn4)c3c2)cc(N2CCOCC2)c1,1.986323777050765,pharmabench_hlm,c1cc(-c2ccc3ncnc(Nc4cnccn4)c3c2)cc(N2CCOCC2)c1
COc1cnc(Nc2ncnc3ccc(-c4cccc(N5CCOCC5)c4)cc23)cn1,1.887617300335736,pharmabench_hlm,COc1cnc(Nc2ncnc3ccc(-c4cccc(N5CCOCC5)c4)cc23)cn1
O=S(=O)(Nc1cccc(F)n1)c1cc(F)c(O[C@H]2CCN(CC(F)(F)F)C[C@@H]2c2ccc(F)c(F)c2)c(F)c1,1.146128035678238,pharmabench_hlm,O=S(=O)(Nc1cccc(F)n1)c1cc(F)c(O[C@H]2CCN(CC(F)(F)F)C[C@@H]2c2ccc(F)c(F)c2)c(F)c1
O=C(CCCN1CCCCC1)Nc1cnc(-c2ccc(F)cc2)s1,1.1760912590556811,pharmabench_hlm,O=C(CCCN1CCCCC1)Nc1cnc(-c2ccc(F)cc2)s1
Cc1ncccc1-c1cnc(NCc2c(F)cc(Cl)c3c2CCO3)n2cnnc12,1.3010299956639813,pharmabench_hlm,Cc1ncccc1-c1cnc(NCc2c(F)cc(Cl)c3c2CCO3)n2cnnc12
Cc1onc(-c2ccc(F)cc2)c1COc1ccc2c(n1)CCN(C(=O)N(C)C)C2,1.6901960800285136,pharmabench_hlm,Cc1onc(-c2ccc(F)cc2)c1COc1ccc2c(n1)CCN(C(=O)N(C)C)C2
Cc1noc2c1-c1ccc(-c3ccc(=O)n(C)c3)cc1N(c1ccc(C#N)cc1)CC2C,1.7160033436347992,pharmabench_hlm,Cc1noc2c1-c1ccc(-c3ccc(=O)n(C)c3)cc1N(c1ccc(C#N)cc1)CC2C
Cc1nnc(N[C@H](C)c2cccc(C#N)c2)c2cc(N3CCOCC3)ncc12,2.3138672203691533,pharmabench_hlm,Cc1nnc(N[C@H](C)c2cccc(C#N)c2)c2cc(N3CCOCC3)ncc12
Cc1c(C(F)F)nnc2sc(C(=O)NC3CN(c4ncc(C(F)(F)F)cn4)C3)c(N)c12,1.0043213737826426,pharmabench_hlm,Cc1c(C(F)F)nnc2sc(C(=O)NC3CN(c4ncc(C(F)(F)F)cn4)C3)c(N)c12
COc1ccc(C2c3ccsc3CCN2C(=O)Nc2cc(Cl)cc(Cl)c2)cc1,1.335858911319818,pharmabench_hlm,COc1ccc(C2c3ccsc3CCN2C(=O)Nc2cc(Cl)cc(Cl)c2)cc1
O=C(Nc1cc(Cl)cc(Cl)c1)N1CCc2sccc2C1c1cccnc1,1.3010299956639813,pharmabench_hlm,O=C(Nc1cc(Cl)cc(Cl)c1)N1CCc2sccc2C1c1cccnc1
O[C@@H]1CCCC[C@H]1[C@H]1c2ccccc2-c2cncn21,0.9867717342662448,pharmabench_hlm,O[C@@H]1CCCC[C@H]1[C@H]1c2ccccc2-c2cncn21
C[C@H](O)CNC(=O)c1ncc(S(=O)(=O)c2ccc(OC(F)(F)F)cc2)cc1N,1.3010299956639813,pharmabench_hlm,C[C@H](O)CNC(=O)c1ncc(S(=O)(=O)c2ccc(OC(F)(F)F)cc2)cc1N
COc1ncccc1C1(N2CCN(c3cccnc3)CC2)C(=O)N(S(=O)(=O)c2cccc3cccnc23)c2ccc(Cl)cc21,2.74350976472843,pharmabench_hlm,COc1ncccc1C1(N2CCN(c3cccnc3)CC2)C(=O)N(S(=O)(=O)c2cccc3cccnc23)c2ccc(Cl)cc21
COc1ncccc1C1(N2CCN(c3cccnc3)CC2)C(=O)N(S(=O)(=O)c2cccc3cccnc23)c2ccc(C#N)cc21,2.513217600067939,pharmabench_hlm,COc1ncccc1C1(N2CCN(c3cccnc3)CC2)C(=O)N(S(=O)(=O)c2cccc3cccnc23)c2ccc(C#N)cc21
CCOc1nc(Cl)ccc1C1(N2CCN(c3ccncc3)CC2)C(=O)N(S(=O)(=O)c2ccc(OC)cc2OC)c2ccc(C#N)cc21,1.3617278360175928,pharmabench_hlm,CCOc1nc(Cl)ccc1C1(N2CCN(c3ccncc3)CC2)C(=O)N(S(=O)(=O)c2ccc(OC)cc2OC)c2ccc(C#N)cc21
CC1(NS(=O)(=O)c2ccc3c(c2)c(=O)n(CC#N)c(=O)n3CC2CC2)CC1,1.230448921378274,pharmabench_hlm,CC1(NS(=O)(=O)c2ccc3c(c2)c(=O)n(CC#N)c(=O)n3CC2CC2)CC1
Cc1ccc(N2CCN(C)CC2)c2c1CCN(C(=O)N1CCC(Oc3ccc(OC(F)(F)F)cc3)CC1)C2,-1.3187587626244128,pharmabench_hlm,Cc1ccc(N2CCN(C)CC2)c2c1CCN(C(=O)N1CCC(Oc3ccc(OC(F)(F)F)cc3)CC1)C2
C[C@@H]1CC[C@@H](Oc2cc(C#N)ccn2)CN1C(=O)c1ccccc1OC(F)F,1.6334684555795864,pharmabench_hlm,C[C@@H]1CC[C@@H](Oc2cc(C#N)ccn2)CN1C(=O)c1ccccc1OC(F)F
C=CC(=O)N1CC(O)(c2c[nH]c3ncnc(-c4cc(F)cc(NC(=O)c5ccc(C6CC6)cc5)c4C)c23)C1,-2.5228787452803374,pharmabench_hlm,C=CC(=O)N1CC(O)(c2c[nH]c3ncnc(-c4cc(F)cc(NC(=O)c5ccc(C6CC6)cc5)c4C)c23)C1
Cc1cc(C)c2cc(C(=O)NC3CN(c4ccc(C(F)(F)F)nc4)C3)ccc2n1,1.5563025007672873,pharmabench_hlm,Cc1cc(C)c2cc(C(=O)NC3CN(c4ccc(C(F)(F)F)nc4)C3)ccc2n1
O=C(CCCN1CCCCCC1)Nc1cnc(-c2ccc(F)cc2)s1,1.462397997898956,pharmabench_hlm,O=C(CCCN1CCCCCC1)Nc1cnc(-c2ccc(F)cc2)s1
O=C(CCCN1CCCCCC1)Nc1nnc(-c2ccc(F)cc2)s1,1.591064607026499,pharmabench_hlm,O=C(CCCN1CCCCCC1)Nc1nnc(-c2ccc(F)cc2)s1
O=C(c1nc2cccnc2n1-c1ccc(Cl)c(Cl)c1)N1CC(F)(F)C1,1.987219229908005,pharmabench_hlm,O=C(c1nc2cccnc2n1-c1ccc(Cl)c(Cl)c1)N1CC(F)(F)C1
COc1nnc2sc(C(=O)NC3CN(c4ncc(C(F)(F)F)cn4)C3)c(N)c2c1C,0.4014005407815441,pharmabench_hlm,COc1nnc2sc(C(=O)NC3CN(c4ncc(C(F)(F)F)cn4)C3)c(N)c2c1C
O/N=C(\c1ccc(F)cc1)C1CCN(c2ncnc3c2nc(-c2ccccc2Cl)n3-c2ccc(Cl)cc2)CC1,1.178967423500227,pharmabench_hlm,O/N=C(\c1ccc(F)cc1)C1CCN(c2ncnc3c2nc(-c2ccccc2Cl)n3-c2ccc(Cl)cc2)CC1
CCNC(=O)c1cc2c(-c3cc(C4(O)CCC4)ccc3Oc3c(C)cc(F)cc3C)cn(C)c(=O)c2[nH]1,3.7659165457982855,pharmabench_hlm,CCNC(=O)c1cc2c(-c3cc(C4(O)CCC4)ccc3Oc3c(C)cc(F)cc3C)cn(C)c(=O)c2[nH]1
Cc1cc(NC(=O)Cn2nnc(-c3ccc(Cl)c(Cl)c3)n2)n(C2CCCCC2)n1,1.9995654882259823,pharmabench_hlm,Cc1cc(NC(=O)Cn2nnc(-c3ccc(Cl)c(Cl)c3)n2)n(C2CCCCC2)n1
Cc1cc(NC(=O)Cn2nnc(-c3cccc(F)c3)n2)n(C2CCCCC2)n1,2.2105860249051563,pharmabench_hlm,Cc1cc(NC(=O)Cn2nnc(-c3cccc(F)c3)n2)n(C2CCCCC2)n1
Cn1cnc(S(=O)(=O)N2C[C@H](Nc3cccc(C(F)(F)F)c3)[C@@H](c3ccc(F)cc3)C2)c1,2.937853763611335,pharmabench_hlm,Cn1cnc(S(=O)(=O)N2C[C@H](Nc3cccc(C(F)(F)F)c3)[C@@H](c3ccc(F)cc3)C2)c1
Cn1cc(S(=O)(=O)N2C[C@H](Nc3ccc(F)c(C(F)(F)F)c3)[C@@H](c3ccc(F)cc3)C2)nn1,3.459894350670316,pharmabench_hlm,Cn1cc(S(=O)(=O)N2C[C@H](Nc3ccc(F)c(C(F)(F)F)c3)[C@@H](c3ccc(F)cc3)C2)nn1
CCP(=O)(CC)c1ccccc1Nc1nc(Nc2cc(-c3cnn(C)c3)c(N3CCOCC3)cc2OC)ncc1Cl,1.8512583487190752,pharmabench_hlm,CCP(=O)(CC)c1ccccc1Nc1nc(Nc2cc(-c3cnn(C)c3)c(N3CCOCC3)cc2OC)ncc1Cl
CCCCOc1cccc(CCNCC(=O)N(C)C)c1,1.1139433523068367,pharmabench_hlm,CCCCOc1cccc(CCNCC(=O)N(C)C)c1
Cc1nnc2n1-c1ccccc1N(c1ccc(Cl)cc1)C(C)C2,1.3979400086720375,pharmabench_hlm,Cc1nnc2n1-c1ccccc1N(c1ccc(Cl)cc1)C(C)C2
Cc1nnc2n1-c1ccccc1N(c1ccc(Cl)cc1)CC2,2.187520720836463,pharmabench_hlm,Cc1nnc2n1-c1ccccc1N(c1ccc(Cl)cc1)CC2
CN(C)C(=O)[C@]12C[C@H]1[C@@](C)(c1cc(/C=C(\F)c3ccc(C#N)cn3)ccc1F)N=C(N)S2,1.7708520116421442,pharmabench_hlm,CN(C)C(=O)[C@]12C[C@H]1[C@@](C)(c1cc(/C=C(\F)c3ccc(C#N)cn3)ccc1F)N=C(N)S2
C[C@]1(c2cc(/C=C(\F)c3ccc(C#N)cn3)ccc2F)N=C(N)S[C@@]2(C(=O)N3CCCC3)C[C@H]21,2.2380461031287955,pharmabench_hlm,C[C@]1(c2cc(/C=C(\F)c3ccc(C#N)cn3)ccc2F)N=C(N)S[C@@]2(C(=O)N3CCCC3)C[C@H]21
O=C(NCCCN1CCCC1)c1cccc(-c2ccccc2N2CCN(CCc3ccc(Cl)cc3)CC2)c1,1.4771212547196624,pharmabench_hlm,O=C(NCCCN1CCCC1)c1cccc(-c2ccccc2N2CCN(CCc3ccc(Cl)cc3)CC2)c1
O=C(NCCCN1CCCC1)c1cccc(-c2ccccc2N2CCN(CCc3ccc(Cl)c(Cl)c3)CC2)c1,1.8325089127062364,pharmabench_hlm,O=C(NCCCN1CCCC1)c1cccc(-c2ccccc2N2CCN(CCc3ccc(Cl)c(Cl)c3)CC2)c1
O=C(Nc1ccc(Cl)cc1F)C(=O)N1CCC(c2ccnc3ccc(F)cc23)CC1,1.0,pharmabench_hlm,O=C(Nc1ccc(Cl)cc1F)C(=O)N1CCC(c2ccnc3ccc(F)cc23)CC1
Cc1csc(-c2cc(NC(=O)c3ccc(OCc4ccccn4)cc3)c(C)cc2C)n1,2.710117365111816,pharmabench_hlm,Cc1csc(-c2cc(NC(=O)c3ccc(OCc4ccccn4)cc3)c(C)cc2C)n1
Cc1cc(C)c(-c2ccccn2)cc1NC(=O)c1ccc(OCc2ccccn2)cc1,2.3201462861110542,pharmabench_hlm,Cc1cc(C)c(-c2ccccn2)cc1NC(=O)c1ccc(OCc2ccccn2)cc1
CC(C)N(C)C(=O)N1C[C@@H]2[C@H](C1)[C@H]2C(=O)N[C@H]1CCN(c2nccn3ccnc23)C1,1.9242792860618816,pharmabench_hlm,CC(C)N(C)C(=O)N1C[C@@H]2[C@H](C1)[C@H]2C(=O)N[C@H]1CCN(c2nccn3ccnc23)C1
CCN(C)C(=O)N1C[C@@H]2[C@H](C1)[C@H]2C(=O)N[C@H]1CCN(c2nccn3nccc23)C1,1.568201724066995,pharmabench_hlm,CCN(C)C(=O)N1C[C@@H]2[C@H](C1)[C@H]2C(=O)N[C@H]1CCN(c2nccn3nccc23)C1
Cc1nc2c(-c3ccccn3)cnn2c(NCc2ccccn2)c1C,2.3866772839608377,pharmabench_hlm,Cc1nc2c(-c3ccccn3)cnn2c(NCc2ccccn2)c1C
CN(Cc1ccc2nccn2c1)c1nnc(-c2ccc(OC3CCCC3)cc2)o1,2.1760912590556813,pharmabench_hlm,CN(Cc1ccc2nccn2c1)c1nnc(-c2ccc(OC3CCCC3)cc2)o1
CNC(=O)c1nc(C)n2ccc(Nc3nccc(-n4cc([C@@H]5C[C@H](O)CN5C)cn4)n3)cc12,2.041392685158225,pharmabench_hlm,CNC(=O)c1nc(C)n2ccc(Nc3nccc(-n4cc([C@@H]5C[C@H](O)CN5C)cn4)n3)cc12
CNC(=O)c1nn(C)c2ccc(Nc3nccc(-n4cc(CN(C)C)c(F)n4)n3)cc12,1.9242792860618816,pharmabench_hlm,CNC(=O)c1nn(C)c2ccc(Nc3nccc(-n4cc(CN(C)C)c(F)n4)n3)cc12
O=C(N[C@H]1CCN(c2nccn3ccnc23)C1)C1CCCN(C(=O)[C@H]2C[C@@H]3CC[C@H]2O3)CC1,1.230448921378274,pharmabench_hlm,O=C(N[C@H]1CCN(c2nccn3ccnc23)C1)C1CCCN(C(=O)[C@H]2C[C@@H]3CC[C@H]2O3)CC1
O=C(NC1CCC1)C(=O)C(Cc1ccccc1)NC(=O)[C@H]1CCC(=O)N1Cc1ccccc1,1.568201724066995,pharmabench_hlm,O=C(NC1CCC1)C(=O)C(Cc1ccccc1)NC(=O)[C@H]1CCC(=O)N1Cc1ccccc1
Cc1cc(-c2cnc3cc(-c4ccc(N5CCNCC5)cc4)ccn23)c2cc(F)cc(F)c2n1,-0.0861861476162833,pharmabench_hlm,Cc1cc(-c2cnc3cc(-c4ccc(N5CCNCC5)cc4)ccn23)c2cc(F)cc(F)c2n1
CC(C(=O)Nc1ccc(Cl)cc1)C1CCC2(CC1)c1ccc(C(F)(F)F)cc1CN2C,0.146128035678238,pharmabench_hlm,CC(C(=O)Nc1ccc(Cl)cc1)C1CCC2(CC1)c1ccc(C(F)(F)F)cc1CN2C
CC[C@H](C(=O)Nc1ccc(Cl)cc1)N1CCC2(CC1)COc1cc(C(F)(F)F)ccc12,1.230448921378274,pharmabench_hlm,CC[C@H](C(=O)Nc1ccc(Cl)cc1)N1CCC2(CC1)COc1cc(C(F)(F)F)ccc12
C[C@@H]1Cc2c([nH]c3cccc(F)c23)[C@@H](c2c(F)cc(NC3CN(CCCF)C3)cc2F)N1CC(F)(F)CO,1.0791812460476249,pharmabench_hlm,C[C@@H]1Cc2c([nH]c3cccc(F)c23)[C@@H](c2c(F)cc(NC3CN(CCCF)C3)cc2F)N1CC(F)(F)CO
C[C@@H](C(=O)Nc1ccc(Cl)cc1)[C@H]1CC[C@]2(CC1)COc1cc(C(F)(F)F)ccc12,0.568201724066995,pharmabench_hlm,C[C@@H](C(=O)Nc1ccc(Cl)cc1)[C@H]1CC[C@]2(CC1)COc1cc(C(F)(F)F)ccc12
CNC(=O)c1nn(C)c2ccc(Nc3nccc(-n4cc(CN(C)C)c(C)n4)n3)cc12,1.7708520116421442,pharmabench_hlm,CNC(=O)c1nn(C)c2ccc(Nc3nccc(-n4cc(CN(C)C)c(C)n4)n3)cc12
Cc1nn(-c2ccnc3[nH]c(-c4cccc5c4ccn5C)nc23)cc1CN(C)C,1.568201724066995,pharmabench_hlm,Cc1nn(-c2ccnc3[nH]c(-c4cccc5c4ccn5C)nc23)cc1CN(C)C
CNC(=O)c1nn(C)c2ccc(Nc3nccc(-n4cc(N[C@H]5CNC[C@@H]5F)c(C)n4)n3)cc12,1.4471580313422192,pharmabench_hlm,CNC(=O)c1nn(C)c2ccc(Nc3nccc(-n4cc(N[C@H]5CNC[C@@H]5F)c(C)n4)n3)cc12
COc1cccc2nnn(CC(=O)N[C@@H](C)c3ccc(OC(F)(F)F)cc3F)c(=O)c12,1.6127838567197357,pharmabench_hlm,COc1cccc2nnn(CC(=O)N[C@@H](C)c3ccc(OC(F)(F)F)cc3F)c(=O)c12
O=C(Cn1nnc2ccccc2c1=O)NC1CCCc2ccccc21,1.4471580313422192,pharmabench_hlm,O=C(Cn1nnc2ccccc2c1=O)NC1CCCc2ccccc21
Cc1cccc(CN(CC2(c3ccccc3F)CCCC2)c2ccc(OCCn3cc(COCCOc4cc(-c5scnc5C)ccc4CNC(=O)[C@@H]4C[C@@H](O)CN4C(=O)[C@@H](NC(=O)C4(F)CC4)C(C)(C)C)nn3)cc2)c1Cl,1.6232492903979006,pharmabench_hlm,Cc1cccc(CN(CC2(c3ccccc3F)CCCC2)c2ccc(OCCn3cc(COCCOc4cc(-c5scnc5C)ccc4CNC(=O)[C@@H]4C[C@@H](O)CN4C(=O)[C@@H](NC(=O)C4(F)CC4)C(C)(C)C)nn3)cc2)c1Cl
CNCCCN(C)Cc1coc2cc(-c3ccc(C)cc3)c(-c3ccc(C#N)cc3)cc12,2.1383026981662816,pharmabench_hlm,CNCCCN(C)Cc1coc2cc(-c3ccc(C)cc3)c(-c3ccc(C#N)cc3)cc12
Cc1ccc(S(=O)(=O)N[C@@H](CC(=O)NC(C)(C)C)C(=O)NCCNC(=O)c2ccc(F)cc2)cc1,2.173186268412274,pharmabench_hlm,Cc1ccc(S(=O)(=O)N[C@@H](CC(=O)NC(C)(C)C)C(=O)NCCNC(=O)c2ccc(F)cc2)cc1
O=C1Nc2cccc(n2)-c2nncn2CCCOc2ccccc21,1.740362689494244,pharmabench_hlm,O=C1Nc2cccc(n2)-c2nncn2CCCOc2ccccc21
O=C1Nc2cccc(n2)-c2nncn2CCCCOc2ccc(N3CC4(COC4)C3)cc21,0.9542425094393248,pharmabench_hlm,O=C1Nc2cccc(n2)-c2nncn2CCCCOc2ccc(N3CC4(COC4)C3)cc21
O=C1N(c2cccnc2C(F)(F)F)CC2(CCN(CCc3ccccc3F)CC2)OC12CC2,1.3010299956639813,pharmabench_hlm,O=C1N(c2cccnc2C(F)(F)F)CC2(CCN(CCc3ccccc3F)CC2)OC12CC2
O=C(Nc1ccnnc1)c1cc(N2CCC(CO)CC2)ccc1OCc1ccccc1,0.0,pharmabench_hlm,O=C(Nc1ccnnc1)c1cc(N2CCC(CO)CC2)ccc1OCc1ccccc1
Nc1ccc(-c2cnc(N)c(-c3ccc(Cl)cc3)c2)cn1,1.6232492903979006,pharmabench_hlm,Nc1ccc(-c2cnc(N)c(-c3ccc(Cl)cc3)c2)cn1
Cn1nc(-c2ccccc2Cl)c2c3cc(F)cc(F)c3nnc21,1.4471580313422192,pharmabench_hlm,Cn1nc(-c2ccccc2Cl)c2c3cc(F)cc(F)c3nnc21
C=CC(=O)N1C[C@@H]2COc3cnc4cc(-c5c(O)cccc5F)c(Cl)cc4c3N2C[C@H]1C,1.505149978319906,pharmabench_hlm,C=CC(=O)N1C[C@@H]2COc3cnc4cc(-c5c(O)cccc5F)c(Cl)cc4c3N2C[C@H]1C
Cc1ccc2[nH]c(C(=O)N[C@H]3CCN(S(=O)(=O)c4ccccc4Cl)C[C@@H]3C(=O)N[C@H]3CCCN(C)C3)cc2c1,2.387389826338729,pharmabench_hlm,Cc1ccc2[nH]c(C(=O)N[C@H]3CCN(S(=O)(=O)c4ccccc4Cl)C[C@@H]3C(=O)N[C@H]3CCCN(C)C3)cc2c1
O=C(N[C@H]1CN(S(=O)(=O)c2ccccc2)C[C@@H]1C(=O)NC[C@@H]1CCCN1)c1cc(-c2ccccc2Cl)on1,0.9867717342662448,pharmabench_hlm,O=C(N[C@H]1CN(S(=O)(=O)c2ccccc2)C[C@@H]1C(=O)NC[C@@H]1CCCN1)c1cc(-c2ccccc2Cl)on1
CN(C(=O)[C@H]1CN(S(=O)(=O)c2ccccc2)C[C@@H]1N(C)C(=O)c1cc(-c2ccccc2Cl)on1)[C@H]1CCCNC1,1.3010299956639813,pharmabench_hlm,CN(C(=O)[C@H]1CN(S(=O)(=O)c2ccccc2)C[C@@H]1N(C)C(=O)c1cc(-c2ccccc2Cl)on1)[C@H]1CCCNC1
CC[C@@H]1CN2CCc3c([nH]c4cccc(OC)c34)[C@H]2C[C@@H]1/C(=C\OC)C(=O)OC,1.173186268412274,pharmabench_hlm,CC[C@@H]1CN2CCc3c([nH]c4cccc(OC)c34)[C@H]2C[C@@H]1/C(=C\OC)C(=O)OC
NC1=N[C@@]2(c3cc(NC(=O)c4cnc(OCF)cn4)ccc3F)CO[C@@H](CF)C[C@H]2CC1(F)F,1.3961993470957363,pharmabench_hlm,NC1=N[C@@]2(c3cc(NC(=O)c4cnc(OCF)cn4)ccc3F)CO[C@@H](CF)C[C@H]2CC1(F)F
CC/C(=C\c1ccccc1)[C@@H]1C[C@H]1NC1CC2(C1)CN(CCO)C2,0.9542425094393248,pharmabench_hlm,CC/C(=C\c1ccccc1)[C@@H]1C[C@H]1NC1CC2(C1)CN(CCO)C2
CC/C(=C\c1ccccc1)[C@@H]1C[C@H]1NC1CC2(C1)CN(S(C)(=O)=O)C2,1.8260748027008264,pharmabench_hlm,CC/C(=C\c1ccccc1)[C@@H]1C[C@H]1NC1CC2(C1)CN(S(C)(=O)=O)C2
CN1[C@@H]2CC[C@H]1C[C@@H](OC(=O)c1c[nH]c3ccccc13)C2,1.3424226808222062,pharmabench_hlm,CN1[C@@H]2CC[C@H]1C[C@@H](OC(=O)c1c[nH]c3ccccc13)C2
Cc1[nH]nc2[nH]c(=O)cc([C@H]3CC[C@H](CC(=O)N4CCC(c5ccccc5)C4)CC3)c12,1.8750612633917,pharmabench_hlm,Cc1[nH]nc2[nH]c(=O)cc([C@H]3CC[C@H](CC(=O)N4CCC(c5ccccc5)C4)CC3)c12
COCCOc1ccc2nc(C3(NC(=O)C[C@H](N)Cc4cc(F)c(F)cc4F)CCOCC3)sc2c1,1.3404441148401185,pharmabench_hlm,COCCOc1ccc2nc(C3(NC(=O)C[C@H](N)Cc4cc(F)c(F)cc4F)CCOCC3)sc2c1
FC(F)(F)n1cc(-c2n[nH]c3cc(Cl)c(N[C@@H]4CCN(C5COC5)C4)cc23)cn1,1.187520720836463,pharmabench_hlm,FC(F)(F)n1cc(-c2n[nH]c3cc(Cl)c(N[C@@H]4CCN(C5COC5)C4)cc23)cn1
CC(C)NC(=O)CN1CCN(c2cc(C(F)(F)F)c3scc(C(=O)N4CCC4)c3n2)CC1,1.4313637641589874,pharmabench_hlm,CC(C)NC(=O)CN1CCN(c2cc(C(F)(F)F)c3scc(C(=O)N4CCC4)c3n2)CC1
CCC(=O)c1csc2c(C(F)(F)F)cc(N3CCN(CC(=O)NC(C)C)CC3)nc12,1.5563025007672873,pharmabench_hlm,CCC(=O)c1csc2c(C(F)(F)F)cc(N3CCN(CC(=O)NC(C)C)CC3)nc12
CNC(=O)c1csc2c(C(F)(F)F)cc(N3CCN(CCOC(C)C)CC3)nc12,1.9822712330395684,pharmabench_hlm,CNC(=O)c1csc2c(C(F)(F)F)cc(N3CCN(CCOC(C)C)CC3)nc12
Cc1cccc(F)c1C(=O)N1CCC(c2cn(C)c3ncc(NC(=O)c4cccc(C#N)c4)c(C)c23)CC1,1.954242509439325,pharmabench_hlm,Cc1cccc(F)c1C(=O)N1CCC(c2cn(C)c3ncc(NC(=O)c4cccc(C#N)c4)c(C)c23)CC1
COc1cc(N2CC(NC(=O)c3cn4c(C)c(C)nc4cn3)C2)c(Cl)cn1,1.3979400086720375,pharmabench_hlm,COc1cc(N2CC(NC(=O)c3cn4c(C)c(C)nc4cn3)C2)c(Cl)cn1
Cn1nnc2ccc(C(=O)NC3CN(c4cc(Cl)ncc4Cl)C3)c(N)c21,1.4313637641589874,pharmabench_hlm,Cn1nnc2ccc(C(=O)NC3CN(c4cc(Cl)ncc4Cl)C3)c(N)c21
CS(=O)(=O)c1ccc(F)cc1CNc1ccc2[nH]nc(-c3ccccn3)c2c1,2.646109521978848,pharmabench_hlm,CS(=O)(=O)c1ccc(F)cc1CNc1ccc2[nH]nc(-c3ccccn3)c2c1
Cn1c(SCCCN2CC[C@]3(C[C@@H]3c3ccc(C(F)(F)F)cc3)C2)nnc1-c1ccc(C(N)=O)nc1,2.0253058652647704,pharmabench_hlm,Cn1c(SCCCN2CC[C@]3(C[C@@H]3c3ccc(C(F)(F)F)cc3)C2)nnc1-c1ccc(C(N)=O)nc1
Cn1c(SCCCN2CC[C@]3(C[C@@H]3c3ccc(C(F)(F)F)cc3)C2)nnc1C1CCOCC1,1.5314789170422551,pharmabench_hlm,Cn1c(SCCCN2CC[C@]3(C[C@@H]3c3ccc(C(F)(F)F)cc3)C2)nnc1C1CCOCC1
Cn1c(SCCCN2CC[C@]3(C[C@@H]3c3ccc(C(F)(F)F)cc3)C2)nnc1C1CCCCC1,2.530199698203082,pharmabench_hlm,Cn1c(SCCCN2CC[C@]3(C[C@@H]3c3ccc(C(F)(F)F)cc3)C2)nnc1C1CCCCC1
Cc1ccc(S(=O)(=O)N[C@@H](CC(=O)NC(C)(C)C)C(=O)NCCNC(=O)c2ccccc2)cc1,2.0863598306747484,pharmabench_hlm,Cc1ccc(S(=O)(=O)N[C@@H](CC(=O)NC(C)(C)C)C(=O)NCCNC(=O)c2ccccc2)cc1
C[C@@H]1CCOc2cc(F)ccc2C(=O)Nc2cccc(n2)-c2nncn2C1,1.2041199826559248,pharmabench_hlm,C[C@@H]1CCOc2cc(F)ccc2C(=O)Nc2cccc(n2)-c2nncn2C1
Cc1nc(-c2ccccc2C(=O)N2C[C@H](Oc3cc(C#N)ccn3)CC[C@H]2C)no1,1.3617278360175928,pharmabench_hlm,Cc1nc(-c2ccccc2C(=O)N2C[C@H](Oc3cc(C#N)ccn3)CC[C@H]2C)no1
COc1cc2nc([S+]([O-])CC(=O)Nc3ccc(C#N)cc3)nc(Nc3c(C)cc(/C=C/C#N)cc3C)c2cc1OC,0.9268567089496924,pharmabench_hlm,COc1cc2nc([S+]([O-])CC(=O)Nc3ccc(C#N)cc3)nc(Nc3c(C)cc(/C=C/C#N)cc3C)c2cc1OC
O=C(Cc1ccccc1)Nc1ccc(-c2nc3cc(NC(=O)Cc4ccccc4)ccc3[nH]2)cc1,0.7671558660821804,pharmabench_hlm,O=C(Cc1ccccc1)Nc1ccc(-c2nc3cc(NC(=O)Cc4ccccc4)ccc3[nH]2)cc1
CCNC(=O)c1cc2c(-c3cc(S(=O)(=O)CC)ccc3Oc3c(C)cc(Cl)cc3C)cn(C)c(=O)c2[nH]1,2.8939447594865166,pharmabench_hlm,CCNC(=O)c1cc2c(-c3cc(S(=O)(=O)CC)ccc3Oc3c(C)cc(Cl)cc3C)cn(C)c(=O)c2[nH]1
C[C@@H]1CN(C(=O)[C@H](C)N2CCC(n3c(=O)[nH]c4ccccc43)CC2)C[C@@H](C)N1,0.7781512503836436,pharmabench_hlm,C[C@@H]1CN(C(=O)[C@H](C)N2CCC(n3c(=O)[nH]c4ccccc43)CC2)C[C@@H](C)N1
O=C(c1cnc(NCc2cncnc2)nc1)N1CCC2(CCOCC2)C1,4.079181246047625,pharmabench_hlm,O=C(c1cnc(NCc2cncnc2)nc1)N1CCC2(CCOCC2)C1
CC(C)O[C@H]1CC[C@H](C(=O)N2Cc3cccnc3Nc3cc(F)c(C4COCCO4)cc32)OC1,1.7634279935629371,pharmabench_hlm,CC(C)O[C@H]1CC[C@H](C(=O)N2Cc3cccnc3Nc3cc(F)c(C4COCCO4)cc32)OC1
C[C@]1(c2cc(/C=C(\F)c3cnc(C#N)cn3)ccc2F)N=C(N)S[C@@]2(C(=O)N3CCOCC3)C[C@H]21,1.7323937598229686,pharmabench_hlm,C[C@]1(c2cc(/C=C(\F)c3cnc(C#N)cn3)ccc2F)N=C(N)S[C@@]2(C(=O)N3CCOCC3)C[C@H]21
Cn1cc(-c2ccc(C(=O)N(c3nccc4ccccc34)[C@@H]3CCCNC3)cc2)cn1,1.1238516409670858,pharmabench_hlm,Cn1cc(-c2ccc(C(=O)N(c3nccc4ccccc34)[C@@H]3CCCNC3)cc2)cn1
CNc1cncc(-c2ccc(C(=O)N(c3ncccc3Cl)[C@@H]3CCCNC3)cc2)n1,0.9395192526186184,pharmabench_hlm,CNc1cncc(-c2ccc(C(=O)N(c3ncccc3Cl)[C@@H]3CCCNC3)cc2)n1
C=CCn1c(=O)c2cnc(Nc3ccc(N4CCN(C)CC4)cc3)nc2n1-c1cccc(C(C)(C)O)n1,1.5314789170422551,pharmabench_hlm,C=CCn1c(=O)c2cnc(Nc3ccc(N4CCN(C)CC4)cc3)nc2n1-c1cccc(C(C)(C)O)n1
C=CCn1c(=O)c2cnc(Nc3ccc(N4CCN(C)CC4)c(C)c3)nc2n1-c1ccc2c(n1)[C@@](O)(CC)CC2,2.008600171761917,pharmabench_hlm,C=CCn1c(=O)c2cnc(Nc3ccc(N4CCN(C)CC4)c(C)c3)nc2n1-c1ccc2c(n1)[C@@](O)(CC)CC2
COc1cc(-c2ncc(COc3cccc([C@@H](CC(=O)O)C4CC4)c3)nc2CC(C)C)c(F)cn1,0.9493900066449128,pharmabench_hlm,COc1cc(-c2ncc(COc3cccc([C@@H](CC(=O)O)C4CC4)c3)nc2CC(C)C)c(F)cn1
Cn1c(SCCCN2CC[C@]3(C[C@@H]3c3ccc(C(F)(F)F)cc3F)C2)nnc1-c1cccnc1,2.6857417386022635,pharmabench_hlm,Cn1c(SCCCN2CC[C@]3(C[C@@H]3c3ccc(C(F)(F)F)cc3F)C2)nnc1-c1cccnc1
CNC(=O)c1csc2c(C(F)(F)F)cc(N3CCN(C(C)C(=O)NC4CC4)CC3)nc12,1.5314789170422551,pharmabench_hlm,CNC(=O)c1csc2c(C(F)(F)F)cc(N3CCN(C(C)C(=O)NC4CC4)CC3)nc12
CNC(=O)c1csc2c(C(F)(F)F)cc(N3CCC(OC(=O)N[C@@H](C)C4CC4)CC3)nc12,1.845098040014257,pharmabench_hlm,CNC(=O)c1csc2c(C(F)(F)F)cc(N3CCC(OC(=O)N[C@@H](C)C4CC4)CC3)nc12
N#C[C@H]1CCOC[C@@H]1n1cc(C(N)=O)c(Nc2cc(F)c3nccc(Cl)c3c2)n1,1.3979400086720375,pharmabench_hlm,N#C[C@H]1CCOC[C@@H]1n1cc(C(N)=O)c(Nc2cc(F)c3nccc(Cl)c3c2)n1
Cc1cc(-c2cnc3cc(-c4ccc(C5COCCN5)cc4)ccn23)c2ccccc2n1,2.143014800254095,pharmabench_hlm,Cc1cc(-c2cnc3cc(-c4ccc(C5COCCN5)cc4)ccn23)c2ccccc2n1
Cc1ncoc1-c1nnc(SCCCN2CC[C@]3(C[C@@H]3c3ccc(C(F)(F)F)cc3)C2)n1C,1.934498451243568,pharmabench_hlm,Cc1ncoc1-c1nnc(SCCCN2CC[C@]3(C[C@@H]3c3ccc(C(F)(F)F)cc3)C2)n1C
Cn1c(SCCCN2CC[C@]3(C[C@@H]3c3ccc(C(F)(F)F)cc3)C2)nnc1-c1ccc(-c2ncco2)cc1,2.546542663478131,pharmabench_hlm,Cn1c(SCCCN2CC[C@]3(C[C@@H]3c3ccc(C(F)(F)F)cc3)C2)nnc1-c1ccc(-c2ncco2)cc1
Cc1cc2ncnn2cc1Nc1ncc2c(n1)n(C1CCC(F)(F)CC1)c(=O)n2C,1.8325089127062364,pharmabench_hlm,Cc1cc2ncnn2cc1Nc1ncc2c(n1)n(C1CCC(F)(F)CC1)c(=O)n2C
Cc1c(Cc2ccc(OC(C)C)cc2)c(O[C@@H]2O[C@H](CO)[C@@H](O)[C@H](O)[C@H]2O)nn1C,0.5717088318086876,pharmabench_hlm,Cc1c(Cc2ccc(OC(C)C)cc2)c(O[C@@H]2O[C@H](CO)[C@@H](O)[C@H](O)[C@H]2O)nn1C
Cc1cc2c(cc1C)C(=O)CC1(CCN(C(=O)c3cc(C)c4[nH]ncc4c3)CC1)O2,1.934498451243568,pharmabench_hlm,Cc1cc2c(cc1C)C(=O)CC1(CCN(C(=O)c3cc(C)c4[nH]ncc4c3)CC1)O2
O=c1[nH]nc(-c2ccc(Cl)c(C(F)(F)F)c2)o1,0.255272505103306,pharmabench_hlm,O=c1[nH]nc(-c2ccc(Cl)c(C(F)(F)F)c2)o1
C[C@H](C(=O)Nc1ccc(Cl)cc1)[C@H]1CC[C@@]2(CC1)COc1cc(C(F)(F)F)ccc12,1.8260748027008264,pharmabench_hlm,C[C@H](C(=O)Nc1ccc(Cl)cc1)[C@H]1CC[C@@]2(CC1)COc1cc(C(F)(F)F)ccc12
O=C(Nc1ccc(Cl)cc1)C(CC1CC1)N1CCC2(CC1)COc1cc(C(F)(F)F)ccc12,1.1139433523068367,pharmabench_hlm,O=C(Nc1ccc(Cl)cc1)C(CC1CC1)N1CCC2(CC1)COc1cc(C(F)(F)F)ccc12
CCP(=O)(OC)c1ccc2oc(-c3cccc(F)c3)nc2c1,0.8020892578817327,pharmabench_hlm,CCP(=O)(OC)c1ccc2oc(-c3cccc(F)c3)nc2c1
CCP(=O)(OC)c1ccc2oc(-c3cccc(Cl)c3Cl)nc2c1,-0.1870866433571444,pharmabench_hlm,CCP(=O)(OC)c1ccc2oc(-c3cccc(Cl)c3Cl)nc2c1
CCOc1nc(Nc2ccc(C(=O)N3CCN4CCC[C@H]4C3)cc2OC)nc2[nH]ccc12,0.505149978319906,pharmabench_hlm,CCOc1nc(Nc2ccc(C(=O)N3CCN4CCC[C@H]4C3)cc2OC)nc2[nH]ccc12
Cc1nnc(-c2nn(C)c3ccc(Nc4nccc(-c5cc(CN(C)C)n(C)n5)n4)cc23)o1,1.863322860120456,pharmabench_hlm,Cc1nnc(-c2nn(C)c3ccc(Nc4nccc(-c5cc(CN(C)C)n(C)n5)n4)cc23)o1
COc1nn(-c2cnccn2)cc1C(=O)Nc1cccc(-c2nncn2C(C)C)n1,0.7781512503836436,pharmabench_hlm,COc1nn(-c2cnccn2)cc1C(=O)Nc1cccc(-c2nncn2C(C)C)n1
Cc1ncn(C2CCN(C(=O)/C=C/c3ccc(C(F)(F)F)cc3Cn3nnc(C)n3)CC2)n1,1.2041199826559248,pharmabench_hlm,Cc1ncn(C2CCN(C(=O)/C=C/c3ccc(C(F)(F)F)cc3Cn3nnc(C)n3)CC2)n1
COc1ccccc1C(=O)Nc1cccc(-c2nncn2C)n1,1.230448921378274,pharmabench_hlm,COc1ccccc1C(=O)Nc1cccc(-c2nncn2C)n1
C[C@@H]1CCn2cnnc2-c2cccc(n2)NC(=O)c2ccccc2OC1,1.806179973983887,pharmabench_hlm,C[C@@H]1CCn2cnnc2-c2cccc(n2)NC(=O)c2ccccc2OC1
C[C@H]1CCCn2cnnc2-c2cccc(n2)NC(=O)c2ccccc2O1,1.0791812460476249,pharmabench_hlm,C[C@H]1CCCn2cnnc2-c2cccc(n2)NC(=O)c2ccccc2O1
Cc1c(NC(=O)c2ccc(Cl)c(C#N)c2)cnc2c1c(C1CCN(C(=O)C(C)C)CC1)cn2C,1.3010299956639813,pharmabench_hlm,Cc1c(NC(=O)c2ccc(Cl)c(C#N)c2)cnc2c1c(C1CCN(C(=O)C(C)C)CC1)cn2C
COc1cc(OC)c2nnc3c(c(-c4ccccc4Cl)nn3C)c2c1,0.6989700043360189,pharmabench_hlm,COc1cc(OC)c2nnc3c(c(-c4ccccc4Cl)nn3C)c2c1
CCNC(=O)c1cc2c(-c3cc(S(=O)(=O)CC)ccc3Oc3c(C)cccc3C(F)F)cn(C)c(=O)c2[nH]1,1.8750612633917,pharmabench_hlm,CCNC(=O)c1cc2c(-c3cc(S(=O)(=O)CC)ccc3Oc3c(C)cccc3C(F)F)cn(C)c(=O)c2[nH]1
CCNC(=O)c1cc2c(-c3cc(NC(C)=O)ccc3Oc3c(C)cccc3C)cn(C)c(=O)c2[nH]1,1.9208013818256544,pharmabench_hlm,CCNC(=O)c1cc2c(-c3cc(NC(C)=O)ccc3Oc3c(C)cccc3C)cn(C)c(=O)c2[nH]1
CCNC(=O)c1cc2c(-c3cc(C4(O)COC4)ccc3Oc3c(C)cc(F)cc3C)cn(C)c(=O)c2[nH]1,2.544068044350276,pharmabench_hlm,CCNC(=O)c1cc2c(-c3cc(C4(O)COC4)ccc3Oc3c(C)cc(F)cc3C)cn(C)c(=O)c2[nH]1
Cc1cc(F)cc(C)c1Oc1ccc(C(C)(C)O)cc1-c1cn(C)c(=O)c2[nH]c(C(=O)NC34CC(C3)C4)cc12,3.3010299956639813,pharmabench_hlm,Cc1cc(F)cc(C)c1Oc1ccc(C(C)(C)O)cc1-c1cn(C)c(=O)c2[nH]c(C(=O)NC34CC(C3)C4)cc12
Cc1cc(F)cc(C)c1Oc1ccc(C(C)(C)O)cc1-c1cn(C)c(=O)c2[nH]c(C(=O)NC(C)(C)C(F)(F)F)cc12,3.977723605288848,pharmabench_hlm,Cc1cc(F)cc(C)c1Oc1ccc(C(C)(C)O)cc1-c1cn(C)c(=O)c2[nH]c(C(=O)NC(C)(C)C(F)(F)F)cc12
NC(=O)[C@H](Cc1ccccc1)NC(=O)[C@@H](N)Cc1ccccc1,1.988112840268352,pharmabench_hlm,NC(=O)[C@H](Cc1ccccc1)NC(=O)[C@@H](N)Cc1ccccc1
NC(=O)[C@@H]1[C@H](c2ccccc2)CCN1C(=O)[C@@H](N)Cc1ccccc1,1.1430148002540952,pharmabench_hlm,NC(=O)[C@@H]1[C@H](c2ccccc2)CCN1C(=O)[C@@H](N)Cc1ccccc1
CCCc1nc(C)c2c(C)nc3ccc(OC)nc3n12,1.414973347970818,pharmabench_hlm,CCCc1nc(C)c2c(C)nc3ccc(OC)nc3n12
CN1CCN(c2ccc(OCc3ccccc3)c(C(=O)Nc3ccnnc3)c2)CC1,0.2041199826559248,pharmabench_hlm,CN1CCN(c2ccc(OCc3ccccc3)c(C(=O)Nc3ccnnc3)c2)CC1
O=C(Nc1ccnnc1)c1cc(N2CC(F)(F)C2)ccc1OCc1ccccc1,0.9777236052888476,pharmabench_hlm,O=C(Nc1ccnnc1)c1cc(N2CC(F)(F)C2)ccc1OCc1ccccc1
O=C(N[C@H]1CCN(c2nccn3ccnc23)C1)[C@@H]1CCCN(C(=O)[C@H]2C[C@@H]3CC[C@H]2O3)CC1,1.2787536009528289,pharmabench_hlm,O=C(N[C@H]1CCN(c2nccn3ccnc23)C1)[C@@H]1CCCN(C(=O)[C@H]2C[C@@H]3CC[C@H]2O3)CC1
Cn1cc(-c2ncc(C#N)c(N3CCN(c4cccc(F)c4)C(C)(C)C3)n2)cn1,1.9590413923210936,pharmabench_hlm,Cn1cc(-c2ncc(C#N)c(N3CCN(c4cccc(F)c4)C(C)(C)C3)n2)cn1
C[C@@H]1CN(c2nc(-c3cnn(C)c3)cnc2C#N)CCN1C(=O)C1CC1,1.6989700043360187,pharmabench_hlm,C[C@@H]1CN(c2nc(-c3cnn(C)c3)cnc2C#N)CCN1C(=O)C1CC1
C=CC(=O)N1CCN2c3c(cnc4cc(-c5c(C)ccc6[nH]ncc56)c(Cl)cc34)OC[C@@H]2C1,2.047811297510811,pharmabench_hlm,C=CC(=O)N1CCN2c3c(cnc4cc(-c5c(C)ccc6[nH]ncc56)c(Cl)cc34)OC[C@@H]2C1
Cc1nc2c(-c3ccc(F)cc3)cnn2c(NCc2ccccn2)c1S(C)(=O)=O,0.9425041061680808,pharmabench_hlm,Cc1nc2c(-c3ccc(F)cc3)cnn2c(NCc2ccccn2)c1S(C)(=O)=O
Cc1nc2c(-c3ccc(S(C)(=O)=O)cc3)cnn2c(NCc2ccccn2)c1C,1.338057875419756,pharmabench_hlm,Cc1nc2c(-c3ccc(S(C)(=O)=O)cc3)cnn2c(NCc2ccccn2)c1C
N#Cc1ccc2c(c1)[C@@H](O)[C@H]([C@H]1c3ccccc3-c3cncn31)CC2,1.146128035678238,pharmabench_hlm,N#Cc1ccc2c(c1)[C@@H](O)[C@H]([C@H]1c3ccccc3-c3cncn31)CC2
COc1ccc(C[C@H](C)NC(=O)Cn2nnc3ccccc3c2=O)cc1,1.5563025007672873,pharmabench_hlm,COc1ccc(C[C@H](C)NC(=O)Cn2nnc3ccccc3c2=O)cc1
COc1cc(C)ccc1[C@H](C)NC(=O)Cn1nnc2ccccc2c1=O,1.4771212547196624,pharmabench_hlm,COc1cc(C)ccc1[C@H](C)NC(=O)Cn1nnc2ccccc2c1=O
CC(C)c1cc(C(=O)N2CCCC(O)(c3cc4ncccc4[nH]3)C2)on1,1.4913616938342726,pharmabench_hlm,CC(C)c1cc(C(=O)N2CCCC(O)(c3cc4ncccc4[nH]3)C2)on1
CCc1nc(C)nc(CC)c1N1CCCn2c1nc1c(Cl)ccc(C(OC(F)F)C(F)(F)F)c12,1.9138138523837167,pharmabench_hlm,CCc1nc(C)nc(CC)c1N1CCCn2c1nc1c(Cl)ccc(C(OC(F)F)C(F)(F)F)c12
CC(C)c1nnc(N2CCN(c3ncc(OCc4ccncc4C#N)cn3)[C@H](C)C2)o1,1.6720978579357175,pharmabench_hlm,CC(C)c1nnc(N2CCN(c3ncc(OCc4ccncc4C#N)cn3)[C@H](C)C2)o1
Cc1cc(C)c(-c2c[nH]nc2C)cc1NC(=O)c1ccc(OCc2ccccn2)cc1,1.3010299956639813,pharmabench_hlm,Cc1cc(C)c(-c2c[nH]nc2C)cc1NC(=O)c1ccc(OCc2ccccn2)cc1
COCCn1cc(C(=O)Nc2cccc(-c3nncn3C(C)C)n2)c(OC)n1,0.6989700043360189,pharmabench_hlm,COCCn1cc(C(=O)Nc2cccc(-c3nncn3C(C)C)n2)c(OC)n1
c1cn2cc(-c3ccc4cn[nH]c4c3)nc(Nc3ccc(N4CCN(C5COC5)CC4)cc3)c2n1,0.4771212547196624,pharmabench_hlm,c1cn2cc(-c3ccc4cn[nH]c4c3)nc(Nc3ccc(N4CCN(C5COC5)CC4)cc3)c2n1
c1cn2cc(-c3ccc4cc[nH]c4n3)nc(Nc3ccc(N4CCN(C5COC5)CC4)cc3)c2n1,0.8016094880273188,pharmabench_hlm,c1cn2cc(-c3ccc4cc[nH]c4n3)nc(Nc3ccc(N4CCN(C5COC5)CC4)cc3)c2n1
c1cn2cc(-c3ccc4c(c3)NCCO4)nc(Nc3ccc(N4CCN(C5COC5)CC4)cc3)c2n1,1.1809855807867304,pharmabench_hlm,c1cn2cc(-c3ccc4c(c3)NCCO4)nc(Nc3ccc(N4CCN(C5COC5)CC4)cc3)c2n1
Cc1cc(Cl)ccc1-c1ccc(CN2CCc3c(C)ccc(N4CCN(C)CC4)c3C2)nc1,-1.0362121726544449,pharmabench_hlm,Cc1cc(Cl)ccc1-c1ccc(CN2CCc3c(C)ccc(N4CCN(C)CC4)c3C2)nc1
CNC(=O)c1nn(C)c2ccc(Nc3nccc(-n4cc(NCC5(N)CC5)c(C)n4)n3)cc12,1.4471580313422192,pharmabench_hlm,CNC(=O)c1nn(C)c2ccc(Nc3nccc(-n4cc(NCC5(N)CC5)c(C)n4)n3)cc12
Cc1nnc(-c2nn(C)c3ccc(Nc4nccc(-n5cc(N[C@@H]6CCOC[C@@H]6N)c(C)n5)n4)cc23)o1,2.110589710299249,pharmabench_hlm,Cc1nnc(-c2nn(C)c3ccc(Nc4nccc(-n5cc(N[C@@H]6CCOC[C@@H]6N)c(C)n5)n4)cc23)o1
c1cc(-c2ccc3ncnc(Nc4cncnc4)c3c2)cc(N2CCOCC2)c1,1.8195439355418688,pharmabench_hlm,c1cc(-c2ccc3ncnc(Nc4cncnc4)c3c2)cc(N2CCOCC2)c1
c1cc(-c2ccc3ncnc(Nc4cccnn4)c3c2)cc(N2CCOCC2)c1,1.9334872878487053,pharmabench_hlm,c1cc(-c2ccc3ncnc(Nc4cccnn4)c3c2)cc(N2CCOCC2)c1
O=S(=O)(Nc1cccc(F)n1)c1cc(F)c(O[C@H]2CCN(CC(F)(F)F)C[C@@H]2c2cccc(F)c2)cc1F,1.1139433523068367,pharmabench_hlm,O=S(=O)(Nc1cccc(F)n1)c1cc(F)c(O[C@H]2CCN(CC(F)(F)F)C[C@@H]2c2cccc(F)c2)cc1F
Cc1cc(C)c(CN2CCc3c(Cl)cc(-c4c(C)noc4C)c(Cl)c3C2=O)c(=O)[nH]1,2.0293837776852097,pharmabench_hlm,Cc1cc(C)c(CN2CCc3c(Cl)cc(-c4c(C)noc4C)c(Cl)c3C2=O)c(=O)[nH]1
C[C@@H]1CCCN1C(=O)N1C[C@@H]2[C@H](C1)[C@H]2C(=O)N[C@H]1CCN(c2nccn3ccnc23)C1,1.7075701760979365,pharmabench_hlm,C[C@@H]1CCCN1C(=O)N1C[C@@H]2[C@H](C1)[C@H]2C(=O)N[C@H]1CCN(c2nccn3ccnc23)C1
O=C(Nc1ccc(C(F)(F)F)cc1)C(=O)N1CCC(c2ccnc3ccc(F)cc23)CC1,0.7403626894942439,pharmabench_hlm,O=C(Nc1ccc(C(F)(F)F)cc1)C(=O)N1CCC(c2ccnc3ccc(F)cc23)CC1
O=C(Nc1ccc(Cl)cc1)C(=O)N1CCC(c2ccnc3cc(F)ccc23)CC1,1.414973347970818,pharmabench_hlm,O=C(Nc1ccc(Cl)cc1)C(=O)N1CCC(c2ccnc3cc(F)ccc23)CC1
Cc1nc2c(-c3cnn(C)c3)cnn2c(NCc2ccccn2)c1C,1.6515687388657918,pharmabench_hlm,Cc1nc2c(-c3cnn(C)c3)cnn2c(NCc2ccccn2)c1C
Cc1c(-c2ccc(N3CC[C@@H](F)C3)cc2)[nH]c2cc(F)cc(F)c2c1=O,2.2427898094786767,pharmabench_hlm,Cc1c(-c2ccc(N3CC[C@@H](F)C3)cc2)[nH]c2cc(F)cc(F)c2c1=O
C=CCn1c(=O)c2cnc(Nc3ccc(N4CCN(C)CC4)cc3)nc2n1-c1ccc2c(n1)[C@@](O)(CC)CCC2,1.8512583487190752,pharmabench_hlm,C=CCn1c(=O)c2cnc(Nc3ccc(N4CCN(C)CC4)cc3)nc2n1-c1ccc2c(n1)[C@@](O)(CC)CCC2
C=CCn1c(=O)c2cnc(Nc3ccc(N4CCNCC4)cc3)nc2n1-c1ccc2c(n1)[C@@](O)(CC)CC2,1.414973347970818,pharmabench_hlm,C=CCn1c(=O)c2cnc(Nc3ccc(N4CCNCC4)cc3)nc2n1-c1ccc2c(n1)[C@@](O)(CC)CC2
CCn1cnc2c(-c3ccc(F)c(Oc4ccnc(C)c4)c3)cnnc21,1.812913356642856,pharmabench_hlm,CCn1cnc2c(-c3ccc(F)c(Oc4ccnc(C)c4)c3)cnnc21
CS(=O)(=O)c1ccc(F)cc1CNc1ccc2[nH]nc(-c3cccnc3)c2c1,2.899492196138132,pharmabench_hlm,CS(=O)(=O)c1ccc(F)cc1CNc1ccc2[nH]nc(-c3cccnc3)c2c1
Cc1ccc(-c2cc3occ(CNC4CCNC4)c3cc2-c2ccc(C#N)cc2)cc1,1.1643528557844371,pharmabench_hlm,Cc1ccc(-c2cc3occ(CNC4CCNC4)c3cc2-c2ccc(C#N)cc2)cc1
COc1cc(N2CC(NC(=O)c3sc4nnc(Cl)c(C)c4c3N)C2)c(Cl)cn1,1.0681858617461617,pharmabench_hlm,COc1cc(N2CC(NC(=O)c3sc4nnc(Cl)c(C)c4c3N)C2)c(Cl)cn1
Cc1nnc2sc(C(=O)NC3CN(c4ncc(C(F)(F)F)cn4)C3)c(N)c2c1C,0.6424645202421213,pharmabench_hlm,Cc1nnc2sc(C(=O)NC3CN(c4ncc(C(F)(F)F)cn4)C3)c(N)c2c1C
Cc1c(CF)nnc2sc(C(=O)NC3CN(c4ncc(C(F)(F)F)cn4)C3)c(N)c12,1.0334237554869496,pharmabench_hlm,Cc1c(CF)nnc2sc(C(=O)NC3CN(c4ncc(C(F)(F)F)cn4)C3)c(N)c12
Cc1cn(-c2ccc3n(c2=O)CCN(CC2=CC(C)(C)Oc4ccc(C(F)(F)F)cc42)C3=O)cn1,1.6794278966121188,pharmabench_hlm,Cc1cn(-c2ccc3n(c2=O)CCN(CC2=CC(C)(C)Oc4ccc(C(F)(F)F)cc42)C3=O)cn1
C[C@@H]1Cc2c([nH]c3ccccc23)[C@@H](c2c(F)cc(OC3CN(CCCF)C3)cc2F)N1CC(F)(F)CO,1.2041199826559248,pharmabench_hlm,C[C@@H]1Cc2c([nH]c3ccccc23)[C@@H](c2c(F)cc(OC3CN(CCCF)C3)cc2F)N1CC(F)(F)CO
CN(c1ccc(Cl)cc1)S(=O)(=O)c1cc(C(=O)Nc2ccc(C#N)cc2F)ccn1,1.1760912590556811,pharmabench_hlm,CN(c1ccc(Cl)cc1)S(=O)(=O)c1cc(C(=O)Nc2ccc(C#N)cc2F)ccn1
Cc1n[nH]c(C)c1N1CCN(c2cc(-c3nn[nH]n3)ccc2F)CC1,1.2648178230095364,pharmabench_hlm,Cc1n[nH]c(C)c1N1CCN(c2cc(-c3nn[nH]n3)ccc2F)CC1
C[C@@H](N[C@H]1CCN(c2ccc(C(=O)O)cc2)C1)c1cccc2ccccc12,1.9867717342662448,pharmabench_hlm,C[C@@H](N[C@H]1CCN(c2ccc(C(=O)O)cc2)C1)c1cccc2ccccc12
CC(=O)c1ccc(S(=O)(=O)c2c(C)c(C(=O)O)n(CCCOc3cc(C)c(Cl)c(C)c3)c2C)cc1,1.8293037728310249,pharmabench_hlm,CC(=O)c1ccc(S(=O)(=O)c2c(C)c(C(=O)O)n(CCCOc3cc(C)c(Cl)c(C)c3)c2C)cc1
O=C(Nc1cc(Cl)cc(Cl)c1)N1CCc2sccc2C1c1ccccc1F,1.2631624649622166,pharmabench_hlm,O=C(Nc1cc(Cl)cc(Cl)c1)N1CCc2sccc2C1c1ccccc1F
Cn1c(-c2cc3c(s2)CNCC3)nc2c(C(N)=O)cc(F)cc21,1.4471580313422192,pharmabench_hlm,Cn1c(-c2cc3c(s2)CNCC3)nc2c(C(N)=O)cc(F)cc21
N#CCCn1cc(-c2nc(Nc3ccc4c(ccn4S(=O)(=O)c4ccc(C(F)(F)F)cc4)c3)ncc2F)cn1,1.561101383649056,pharmabench_hlm,N#CCCn1cc(-c2nc(Nc3ccc4c(ccn4S(=O)(=O)c4ccc(C(F)(F)F)cc4)c3)ncc2F)cn1
CC(C)n1cnnc1-c1cccc(NC(=O)c2ccn(C)n2)n1,1.0,pharmabench_hlm,CC(C)n1cnnc1-c1cccc(NC(=O)c2ccn(C)n2)n1
CC(=O)NC[C@H]1CN(c2ccc(N3CCC(Nc4ccc(Br)cc4)CC3)c(F)c2)C(=O)O1,0.5390760987927766,pharmabench_hlm,CC(=O)NC[C@H]1CN(c2ccc(N3CCC(Nc4ccc(Br)cc4)CC3)c(F)c2)C(=O)O1
c1cn2cc(-c3ccc4cn[nH]c4c3)nc(Nc3ccc(N4CC5COCC5C4)cc3)c2n1,0.6532125137753437,pharmabench_hlm,c1cn2cc(-c3ccc4cn[nH]c4c3)nc(Nc3ccc(N4CC5COCC5C4)cc3)c2n1
C[C@@H]1CN(c2ccc(Nc3nc(-c4ccc5cn[nH]c5c4)cn4ccnc34)cc2)C[C@H](C)O1,0.3979400086720376,pharmabench_hlm,C[C@@H]1CN(c2ccc(Nc3nc(-c4ccc5cn[nH]c5c4)cn4ccnc34)cc2)C[C@H](C)O1
c1cn2cc(-c3cnc4cc[nH]c4n3)nc(Nc3ccc(N4CCN(C5COC5)CC4)cc3)c2n1,0.52283531366053,pharmabench_hlm,c1cn2cc(-c3cnc4cc[nH]c4n3)nc(Nc3ccc(N4CCN(C5COC5)CC4)cc3)c2n1
Nc1cccc(-c2cn3ccnc3c(Nc3ccc(N4CCN(C5COC5)CC4)cc3)n2)c1,0.5835388192543521,pharmabench_hlm,Nc1cccc(-c2cn3ccnc3c(Nc3ccc(N4CCN(C5COC5)CC4)cc3)n2)c1
C[N+]1(CC2CC2)CC[C@]23c4c5ccc(O)c4O[C@H]2C(=O)CC[C@@]3(O)[C@H]1C5,1.505149978319906,pharmabench_hlm,C[N+]1(CC2CC2)CC[C@]23c4c5ccc(O)c4O[C@H]2C(=O)CC[C@@]3(O)[C@H]1C5
CCn1cncc1-c1c[nH]c2ccc(I)cc12,0.7993405494535817,pharmabench_hlm,CCn1cncc1-c1c[nH]c2ccc(I)cc12
COc1ccc(Nc2ncc3c(n2)n([C@H]2CC[C@H](O)CC2)c(=O)n3C)c(C)c1,1.6901960800285136,pharmabench_hlm,COc1ccc(Nc2ncc3c(n2)n([C@H]2CC[C@H](O)CC2)c(=O)n3C)c(C)c1
CC[C@H](C(=O)Nc1ccc(Cl)cn1)[C@H]1CC[C@]2(CC1)COc1cc(C(F)(F)F)ccc12,0.7708520116421442,pharmabench_hlm,CC[C@H](C(=O)Nc1ccc(Cl)cn1)[C@H]1CC[C@]2(CC1)COc1cc(C(F)(F)F)ccc12
CNC(=O)c1nn(C)c2c(C)cc(Nc3nccc(-c4cc(CN(C)C)n(C)n4)n3)cc12,2.0253058652647704,pharmabench_hlm,CNC(=O)c1nn(C)c2c(C)cc(Nc3nccc(-c4cc(CN(C)C)n(C)n4)n3)cc12
CNC(=O)c1nn(C)c2ccc(Nc3nccc(-n4cc(N[C@@H]5CCOC[C@@H]5N)cn4)n3)cc12,1.230448921378274,pharmabench_hlm,CNC(=O)c1nn(C)c2ccc(Nc3nccc(-n4cc(N[C@@H]5CCOC[C@@H]5N)cn4)n3)cc12
N[C@H]1CCCN(c2ccncc2Nc2ncc3ccc(-c4ncccc4F)nn23)C1,1.5563025007672873,pharmabench_hlm,N[C@H]1CCCN(c2ccncc2Nc2ncc3ccc(-c4ncccc4F)nn23)C1
N[C@H]1CCCN(c2ccncc2Nc2ncc3ccc(-c4nccs4)nn23)C1,1.4313637641589874,pharmabench_hlm,N[C@H]1CCCN(c2ccncc2Nc2ncc3ccc(-c4nccs4)nn23)C1
O=c1oc2cc(O)ccc2c2oc3ccc(O)c(CN4CCCCC4)c3c12,1.038865589826196,pharmabench_hlm,O=c1oc2cc(O)ccc2c2oc3ccc(O)c(CN4CCCCC4)c3c12
CN1CCCN(c2ncc(-c3ccc4/c(=N/c5cnccn5)ccn(C)c4c3)cn2)CC1,1.3424226808222062,pharmabench_hlm,CN1CCCN(c2ncc(-c3ccc4/c(=N/c5cnccn5)ccn(C)c4c3)cn2)CC1
CC(=O)N1CCc2c(c(-c3cccc4cc(-c5cn(C)nc5C#N)ncc34)nn2C2CCOCC2)C1,1.0413926851582251,pharmabench_hlm,CC(=O)N1CCc2c(c(-c3cccc4cc(-c5cn(C)nc5C#N)ncc34)nn2C2CCOCC2)C1
C=CC(=O)Nc1ccc2nccc(Oc3ccc(C(=O)Nc4cc(CC)ccn4)cc3)c2c1,1.5185139398778875,pharmabench_hlm,C=CC(=O)Nc1ccc2nccc(Oc3ccc(C(=O)Nc4cc(CC)ccn4)cc3)c2c1
CC(=O)[C@]12C[C@H]1[C@@](C)(c1cc(/C=C(\F)c3ccc(C#N)cn3)ccc1F)N=C(N)S2,1.4771212547196624,pharmabench_hlm,CC(=O)[C@]12C[C@H]1[C@@](C)(c1cc(/C=C(\F)c3ccc(C#N)cn3)ccc1F)N=C(N)S2
N#Cc1ccc(CC(=O)c2nn3c(c2Cl)CCCC3)nc1,1.8976270912904407,pharmabench_hlm,N#Cc1ccc(CC(=O)c2nn3c(c2Cl)CCCC3)nc1
N#Cc1ccc(COc2cc3n(n2)CCCC3)nc1,1.9294189257142929,pharmabench_hlm,N#Cc1ccc(COc2cc3n(n2)CCCC3)nc1
CN1CCCC[C@H]1[C@@H](NC(=O)c1cccc(C(F)(F)F)c1Cl)c1ccccc1,2.3483048630481607,pharmabench_hlm,CN1CCCC[C@H]1[C@@H](NC(=O)c1cccc(C(F)(F)F)c1Cl)c1ccccc1
CN1CC2CCC1([C@H](NC(=O)c1cccc(C(F)(F)F)c1Cl)c1ccccc1)CC2,2.037426497940624,pharmabench_hlm,CN1CC2CCC1([C@H](NC(=O)c1cccc(C(F)(F)F)c1Cl)c1ccccc1)CC2
Cc1cccc(C)c1C(=O)NC(c1ccccc1)C12CCC(CC1)N2C1CC1,2.1522883443830563,pharmabench_hlm,Cc1cccc(C)c1C(=O)NC(c1ccccc1)C12CCC(CC1)N2C1CC1
Cc1cc(Nc2nc(Nc3ccccc3S(=O)(=O)C(C)C)c3c(C)[nH]nc3n2)c(OC(C)C)cc1C1CCN(C)CC1,1.2787536009528289,pharmabench_hlm,Cc1cc(Nc2nc(Nc3ccccc3S(=O)(=O)C(C)C)c3c(C)[nH]nc3n2)c(OC(C)C)cc1C1CCN(C)CC1
O=C(Nc1ccc(Oc2cc(NC(=O)C3CC3)ncn2)cc1)Nc1ccc(CN2CCn3ccnc3C2)c(C(F)(F)F)c1,1.2041199826559248,pharmabench_hlm,O=C(Nc1ccc(Oc2cc(NC(=O)C3CC3)ncn2)cc1)Nc1ccc(CN2CCn3ccnc3C2)c(C(F)(F)F)c1
Cc1cc(F)c(NC(=O)NCCC(C)(C)C)cc1-c1ccc2c(=O)n(C)ncc2c1,1.146128035678238,pharmabench_hlm,Cc1cc(F)c(NC(=O)NCCC(C)(C)C)cc1-c1ccc2c(=O)n(C)ncc2c1
CNC(=O)c1nn(C)c2ccc(Nc3nccc(-n4cc(O[C@H]5CNC[C@H]5F)c(C)n4)n3)cc12,1.6434526764861874,pharmabench_hlm,CNC(=O)c1nn(C)c2ccc(Nc3nccc(-n4cc(O[C@H]5CNC[C@H]5F)c(C)n4)n3)cc12
Cc1cc(-c2cnc3cc(-c4ccc(N5CCNCC5)cc4)ccn23)c2ccccc2n1,1.4608978427565478,pharmabench_hlm,Cc1cc(-c2cnc3cc(-c4ccc(N5CCNCC5)cc4)ccn23)c2ccccc2n1
Cc1cc(-c2cnc3cc(-c4ccc(N5CCN(C(C)C)CC5)cc4)ccn23)c2cc(F)ccc2n1,1.9656719712201067,pharmabench_hlm,Cc1cc(-c2cnc3cc(-c4ccc(N5CCN(C(C)C)CC5)cc4)ccn23)c2cc(F)ccc2n1
C[C@@H](N[C@H]1CCN(c2ccc(C(=O)NCCO)cc2)C1)c1cccc2ccccc12,2.294466226161593,pharmabench_hlm,C[C@@H](N[C@H]1CCN(c2ccc(C(=O)NCCO)cc2)C1)c1cccc2ccccc12
C[C@@H](N[C@@H]1CCN(c2cccc(OC(F)(F)F)c2)C1)c1cccc2ccccc12,2.3138672203691533,pharmabench_hlm,C[C@@H](N[C@@H]1CCN(c2cccc(OC(F)(F)F)c2)C1)c1cccc2ccccc12
CCn1cnc2c(-c3ccc(F)c(-c4cnn(C)c4)c3)cnnc21,1.6720978579357175,pharmabench_hlm,CCn1cnc2c(-c3ccc(F)c(-c4cnn(C)c4)c3)cnnc21
O=C(Cc1cccc(OC(F)(F)F)c1)Nc1ccc(CCCCc2nnc(NC(=O)Cc3ccccn3)s2)nn1,1.1760912590556811,pharmabench_hlm,O=C(Cc1cccc(OC(F)(F)F)c1)Nc1ccc(CCCCc2nnc(NC(=O)Cc3ccccn3)s2)nn1
O=C(Cc1ccccc1)Nc1nnc(N[C@@H]2CCN(c3cccnn3)C2)s1,0.4771212547196624,pharmabench_hlm,O=C(Cc1ccccc1)Nc1nnc(N[C@@H]2CCN(c3cccnn3)C2)s1
CC1=C(c2cccc(O)c2)[C@H](c2ccc(OCCN3CC(CF)C3)cc2)Oc2c(O)cccc21,0.9542425094393248,pharmabench_hlm,CC1=C(c2cccc(O)c2)[C@H](c2ccc(OCCN3CC(CF)C3)cc2)Oc2c(O)cccc21
Cc1[nH]nc(O[C@@H]2O[C@H](CO)[C@@H](O)[C@H](O)[C@H]2O)c1Cc1ccc(OC(C)C)cc1,0.1583624920952496,pharmabench_hlm,Cc1[nH]nc(O[C@@H]2O[C@H](CO)[C@@H](O)[C@H](O)[C@H]2O)c1Cc1ccc(OC(C)C)cc1
CC(=O)N1CCN(c2ccc(CN3C[C@H](C)OC[C@H](c4ccccc4)S3(=O)=O)c(F)c2)CC1,1.2787536009528289,pharmabench_hlm,CC(=O)N1CCN(c2ccc(CN3C[C@H](C)OC[C@H](c4ccccc4)S3(=O)=O)c(F)c2)CC1
CC(C)c1c(-c2cnn(C(C)C)c2)[nH]c2c(C#N)cnn2c1=O,0.8260748027008264,pharmabench_hlm,CC(C)c1c(-c2cnn(C(C)C)c2)[nH]c2c(C#N)cnn2c1=O
CCCn1nc(O[C@@H]2O[C@H](CO)[C@@H](O)[C@H](O)[C@H]2O)c(Cc2ccc(OC(C)C)cc2)c1C,0.829303772831025,pharmabench_hlm,CCCn1nc(O[C@@H]2O[C@H](CO)[C@@H](O)[C@H](O)[C@H]2O)c(Cc2ccc(OC(C)C)cc2)c1C
Oc1cccc(C2=C(Cl)c3cc(O)ccc3O[C@H]2c2ccc(OCCN3CC(CF)C3)cc2)c1,1.146128035678238,pharmabench_hlm,Oc1cccc(C2=C(Cl)c3cc(O)ccc3O[C@H]2c2ccc(OCCN3CC(CF)C3)cc2)c1
Cn1cc(-c2ccc(F)c(C(F)(F)F)c2)nc1C1CCN(c2ncnc(N)c2-c2ccc(F)cc2)CC1,1.3617278360175928,pharmabench_hlm,Cn1cc(-c2ccc(F)c(C(F)(F)F)c2)nc1C1CCN(c2ncnc(N)c2-c2ccc(F)cc2)CC1
O=C(c1ccc(-n2nnc3cccnc32)cc1)N(c1nccc2ccccc12)[C@@H]1CCCNC1,1.3384564936046048,pharmabench_hlm,O=C(c1ccc(-n2nnc3cccnc32)cc1)N(c1nccc2ccccc12)[C@@H]1CCCNC1
Cc1ccc2[nH]c(C(=O)N[C@H]3CCN(S(=O)(=O)c4ccccc4Cl)C[C@@H]3C(=O)N[C@H]3CCCNC3)cc2c1,1.3979400086720375,pharmabench_hlm,Cc1ccc2[nH]c(C(=O)N[C@H]3CCN(S(=O)(=O)c4ccccc4Cl)C[C@@H]3C(=O)N[C@H]3CCCNC3)cc2c1
c1cc(Nc2ncnc3ccc(-c4nccc(N5CCOCC5)n4)cc23)ccn1,2.130333768495006,pharmabench_hlm,c1cc(Nc2ncnc3ccc(-c4nccc(N5CCOCC5)n4)cc23)ccn1
CCn1cnc2c(-c3ccnc(Oc4ccccc4)c3)cnnc21,1.7075701760979365,pharmabench_hlm,CCn1cnc2c(-c3ccnc(Oc4ccccc4)c3)cnnc21
C[C@@H](N[C@@H]1CCCN(c2cccc(C(F)(F)F)c2)C1)c1cccc2ccccc12,2.8208579894397,pharmabench_hlm,C[C@@H](N[C@@H]1CCCN(c2cccc(C(F)(F)F)c2)C1)c1cccc2ccccc12
CCc1cc(O)c(F)cc1-c1cc(NS(C)(=O)=O)c2cn[nH]c2c1,1.1139433523068367,pharmabench_hlm,CCc1cc(O)c(F)cc1-c1cc(NS(C)(=O)=O)c2cn[nH]c2c1
C[C@@H](C(=O)Nc1ccc(Cl)cc1)[C@H]1CC[C@@]2(CC1)COc1cc(C(F)(F)F)ccc12,1.6334684555795864,pharmabench_hlm,C[C@@H](C(=O)Nc1ccc(Cl)cc1)[C@H]1CC[C@@]2(CC1)COc1cc(C(F)(F)F)ccc12
CC1=C(c2ccc(F)cc2)[C@H](c2ccc(OCCN3CC(CF)C3)cc2)Oc2ccc(O)c(Cl)c21,0.6020599913279624,pharmabench_hlm,CC1=C(c2ccc(F)cc2)[C@H](c2ccc(OCCN3CC(CF)C3)cc2)Oc2ccc(O)c(Cl)c21
C=CCn1c(=O)c2cnc(Nc3ccc(N4CCN(C)CC4)cc3)nc2n1-c1ccc2c(n1)[C@](C)(O)CC2,1.3010299956639813,pharmabench_hlm,C=CCn1c(=O)c2cnc(Nc3ccc(N4CCN(C)CC4)cc3)nc2n1-c1ccc2c(n1)[C@](C)(O)CC2
CCN(C)C(=O)N1C[C@@H]2[C@H](C1)[C@H]2C(=O)N[C@H]1CCN(c2nccc3cccnc23)C1,2.0644579892269186,pharmabench_hlm,CCN(C)C(=O)N1C[C@@H]2[C@H](C1)[C@H]2C(=O)N[C@H]1CCN(c2nccc3cccnc23)C1
CC1=C(C2=CCNCC2)[C@H](c2ccc(OCCN3CC(CF)C3)cc2)Oc2ccc(O)cc21,0.9542425094393248,pharmabench_hlm,CC1=C(C2=CCNCC2)[C@H](c2ccc(OCCN3CC(CF)C3)cc2)Oc2ccc(O)cc21
CC/C(=C\c1ccccc1)[C@@H]1C[C@H]1NC1CC2(CCN(CCO)CC2)C1,1.0,pharmabench_hlm,CC/C(=C\c1ccccc1)[C@@H]1C[C@H]1NC1CC2(CCN(CCO)CC2)C1
Cc1nc2c(-c3ccccc3F)cnn2c(NCc2ccccn2)c1C,1.9241241531858249,pharmabench_hlm,Cc1nc2c(-c3ccccc3F)cnn2c(NCc2ccccn2)c1C
Cc1nc2c(-c3cccc(F)c3)cnn2c(NCc2ccccn2)c1C,1.7732743483374538,pharmabench_hlm,Cc1nc2c(-c3cccc(F)c3)cnn2c(NCc2ccccn2)c1C
CN(C)C(=O)CNCCc1cccc(OCCCC(C)(F)F)c1,0.8450980400142568,pharmabench_hlm,CN(C)C(=O)CNCCc1cccc(OCCCC(C)(F)F)c1
C[C@@H](Oc1cccc2ncnc(Nc3ccc4c(cnn4Cc4cscn4)c3)c12)C(=O)N(C)C,2.421603926869832,pharmabench_hlm,C[C@@H](Oc1cccc2ncnc(Nc3ccc4c(cnn4Cc4cscn4)c3)c12)C(=O)N(C)C
CC(C)(C)c1ccc(N2C(=O)c3ccccc3[C@H](C(=O)O)[C@H]2c2ccc3c(c2)OCCO3)cc1Cl,1.4471580313422192,pharmabench_hlm,CC(C)(C)c1ccc(N2C(=O)c3ccccc3[C@H](C(=O)O)[C@H]2c2ccc3c(c2)OCCO3)cc1Cl
C[C@H]1c2cccc(-c3cnn(C)c3)c2C[C@H](CO)N1C(=O)Cc1c(Cl)cccc1Cl,1.6020599913279625,pharmabench_hlm,C[C@H]1c2cccc(-c3cnn(C)c3)c2C[C@H](CO)N1C(=O)Cc1c(Cl)cccc1Cl
C[C@H]1c2cccc(-c3cnn(C4CC4)c3)c2C[C@H](CO)N1C(=O)Cc1c(Cl)cccc1Cl,1.9912260756924949,pharmabench_hlm,C[C@H]1c2cccc(-c3cnn(C4CC4)c3)c2C[C@H](CO)N1C(=O)Cc1c(Cl)cccc1Cl
CNC(=O)c1csc2c(C(F)(F)F)cc(N3CCN(C(=O)COC(C)C)CC3)nc12,1.6232492903979006,pharmabench_hlm,CNC(=O)c1csc2c(C(F)(F)F)cc(N3CCN(C(=O)COC(C)C)CC3)nc12
CNC(=O)c1csc2c(C(F)(F)F)cc(N3CCC(OC(=O)N[C@@H](C)COC(F)(F)F)CC3)nc12,1.863322860120456,pharmabench_hlm,CNC(=O)c1csc2c(C(F)(F)F)cc(N3CCC(OC(=O)N[C@@H](C)COC(F)(F)F)CC3)nc12
CCC/N=C1\S/C(=C\c2ccc(O)c(Cl)c2)C(=O)N1c1ccccc1C,0.2041199826559248,pharmabench_hlm,CCC/N=C1\S/C(=C\c2ccc(O)c(Cl)c2)C(=O)N1c1ccccc1C
CNC(=O)c1nc(C)n2ccc(Nc3nccc(-n4cc(N[C@@H]5CCOC[C@@H]5N)c(C)n4)n3)cc12,1.505149978319906,pharmabench_hlm,CNC(=O)c1nc(C)n2ccc(Nc3nccc(-n4cc(N[C@@H]5CCOC[C@@H]5N)c(C)n4)n3)cc12
Cc1nnc2n1-c1ccc(-c3ccc(N)nc3)cc1N(c1ccc(Cl)cc1)CC2C,0.8061799739838872,pharmabench_hlm,Cc1nnc2n1-c1ccc(-c3ccc(N)nc3)cc1N(c1ccc(Cl)cc1)CC2C
Cc1nnc2n1-c1ccc(-c3cnn(C)c3)cc1N(c1ccc(Cl)cc1)CC2,1.146128035678238,pharmabench_hlm,Cc1nnc2n1-c1ccc(-c3cnn(C)c3)cc1N(c1ccc(Cl)cc1)CC2
Cn1cnc2ncn(Cc3nn(CCOc4cccc(Cl)c4)c(=O)o3)c(=O)c21,1.0413926851582251,pharmabench_hlm,Cn1cnc2ncn(Cc3nn(CCOc4cccc(Cl)c4)c(=O)o3)c(=O)c21
Cn1cnc2ncn(Cc3nc([C@@H]4CO[C@@H](c5ccc(F)cc5)C4)no3)c(=O)c21,0.6334684555795865,pharmabench_hlm,Cn1cnc2ncn(Cc3nc([C@@H]4CO[C@@H](c5ccc(F)cc5)C4)no3)c(=O)c21
CN1CCN(c2ccc(-c3ccn4c(-c5csc6cncnc56)cnc4c3)cc2)CC1,2.0,pharmabench_hlm,CN1CCN(c2ccc(-c3ccn4c(-c5csc6cncnc56)cnc4c3)cc2)CC1
CN1CCN(c2ccc(-c3ccn4c(-c5cccc6ncsc56)cnc4c3)cc2)CC1,2.2833012287035497,pharmabench_hlm,CN1CCN(c2ccc(-c3ccn4c(-c5cccc6ncsc56)cnc4c3)cc2)CC1
C[C@@H]1CN(c2ncc(-c3ccc4c(c3)N(Cc3ccccc3OC(F)F)C(C)(C)C4=O)cn2)CCN1C(=O)CO,3.3585686827657573,pharmabench_hlm,C[C@@H]1CN(c2ncc(-c3ccc4c(c3)N(Cc3ccccc3OC(F)F)C(C)(C)C4=O)cn2)CCN1C(=O)CO
O=C(N[C@H]1CCN(c2nccn3ccnc23)C1)[C@H]1CCCN(C(=O)[C@H]2C[C@@H]3CC[C@H]2O3)CC1,1.5440680443502757,pharmabench_hlm,O=C(N[C@H]1CCN(c2nccn3ccnc23)C1)[C@H]1CCCN(C(=O)[C@H]2C[C@@H]3CC[C@H]2O3)CC1
O=C(N[C@H]1CCN(c2nccn3ccnc23)C1)[C@H]1[C@@H]2CN(C(=O)[C@@H]3C[C@@H]4CC[C@H]3C4)C[C@@H]21,2.146128035678238,pharmabench_hlm,O=C(N[C@H]1CCN(c2nccn3ccnc23)C1)[C@H]1[C@@H]2CN(C(=O)[C@@H]3C[C@@H]4CC[C@H]3C4)C[C@@H]21
C[C@H]1CCCN1C(=O)N1C[C@@H]2[C@H](C1)[C@H]2C(=O)N[C@H]1CCN(c2nccn3ccnc23)C1,1.8573324964312683,pharmabench_hlm,C[C@H]1CCCN1C(=O)N1C[C@@H]2[C@H](C1)[C@H]2C(=O)N[C@H]1CCN(c2nccn3ccnc23)C1
O=C(Nc1ccccc1)N1CCc2[nH]nc(-c3ccccc3)c2C1,2.2833012287035497,pharmabench_hlm,O=C(Nc1ccccc1)N1CCc2[nH]nc(-c3ccccc3)c2C1
O=C(Nc1cccc(Cl)c1)N1CCc2[nH]nc(-c3cccs3)c2C1,2.551449997972876,pharmabench_hlm,O=C(Nc1cccc(Cl)c1)N1CCc2[nH]nc(-c3cccs3)c2C1
C[C@@H](c1ccc2ccc(O[C@H]3CC[C@@H](C(F)(F)F)CC3)c(C(F)(F)F)c2c1)N1C2CCC1CC(C(=O)O)C2,0.8808135922807914,pharmabench_hlm,C[C@@H](c1ccc2ccc(O[C@H]3CC[C@@H](C(F)(F)F)CC3)c(C(F)(F)F)c2c1)N1C2CCC1CC(C(=O)O)C2
CS(=O)(=O)Nc1nnc2cc(OCC34CC5CC(CC(C5)C3)C4)c(Cl)cn12,1.0791812460476249,pharmabench_hlm,CS(=O)(=O)Nc1nnc2cc(OCC34CC5CC(CC(C5)C3)C4)c(Cl)cn12
COc1ccccc1Cc1cc2c(nn1)CCNCC2,0.9542425094393248,pharmabench_hlm,COc1ccccc1Cc1cc2c(nn1)CCNCC2
Cc1nn(-c2ccnc(Nc3ccc4c(c3)c(C(=O)C(F)(F)F)cn4C)n2)cc1N[C@@H]1CCOC[C@@H]1N,1.8512583487190752,pharmabench_hlm,Cc1nn(-c2ccnc(Nc3ccc4c(c3)c(C(=O)C(F)(F)F)cn4C)n2)cc1N[C@@H]1CCOC[C@@H]1N
CCOc1nc(Nc2ccc(C(=O)N3C[C@@H](C)O[C@@H](C)C3)cc2OC)nc2[nH]ccc12,0.1760912590556812,pharmabench_hlm,CCOc1nc(Nc2ccc(C(=O)N3C[C@@H](C)O[C@@H](C)C3)cc2OC)nc2[nH]ccc12
CCC/N=C1\S/C(=C\c2ccc(O)c(Br)c2)C(=O)N1c1ccccc1C,0.2041199826559248,pharmabench_hlm,CCC/N=C1\S/C(=C\c2ccc(O)c(Br)c2)C(=O)N1c1ccccc1C
N=C(NC1CCN(c2ncnc3c2nc(-c2ccccc2Cl)n3-c2ccc(Cl)cc2)CC1)c1ccc(F)cc1,0.9030899869919436,pharmabench_hlm,N=C(NC1CCN(c2ncnc3c2nc(-c2ccccc2Cl)n3-c2ccc(Cl)cc2)CC1)c1ccc(F)cc1
O=C(c1ccc(-c2cnn3cccnc23)cc1)N(c1nccc2ccccc12)[C@@H]1CCCNC1,1.1613680022349748,pharmabench_hlm,O=C(c1ccc(-c2cnn3cccnc23)cc1)N(c1nccc2ccccc12)[C@@H]1CCCNC1
Cc1ccc2nnn(-c3ccc(C(=O)N(c4ncccc4Cl)[C@@H]4CCCNC4)cc3)c2n1,0.9542425094393248,pharmabench_hlm,Cc1ccc2nnn(-c3ccc(C(=O)N(c4ncccc4Cl)[C@@H]4CCCNC4)cc3)c2n1
N#C[C@H]1CCOC[C@@H]1n1cc(C(N)=O)c(Nc2ccc(OC(F)F)cc2)n1,1.4471580313422192,pharmabench_hlm,N#C[C@H]1CCOC[C@@H]1n1cc(C(N)=O)c(Nc2ccc(OC(F)F)cc2)n1
COc1cc(Nc2nn([C@H]3COCC[C@@H]3C#N)cc2C(N)=O)ccc1Cl,0.7781512503836436,pharmabench_hlm,COc1cc(Nc2nn([C@H]3COCC[C@@H]3C#N)cc2C(N)=O)ccc1Cl
Cc1c(C(=O)Nc2ccc(Oc3ccnc4[nH]cc(-c5ccccc5)c34)c(F)c2)c(=O)n(-c2ccc(F)cc2)n1C,1.2041199826559248,pharmabench_hlm,Cc1c(C(=O)Nc2ccc(Oc3ccnc4[nH]cc(-c5ccccc5)c34)c(F)c2)c(=O)n(-c2ccc(F)cc2)n1C
Cc1cc(N(C)C)ccc1-c1nnc(N(C)Cc2ccc3nccn3c2)o1,1.740362689494244,pharmabench_hlm,Cc1cc(N(C)C)ccc1-c1nnc(N(C)Cc2ccc3nccn3c2)o1
CCC/N=C1\S/C(=C\c2ccc(O)c(C(F)(F)F)c2)C(=O)N1c1ccccc1C,0.0,pharmabench_hlm,CCC/N=C1\S/C(=C\c2ccc(O)c(C(F)(F)F)c2)C(=O)N1c1ccccc1C
OCc1cn(-c2ccc(Cl)c(C(F)(F)F)c2Cl)nn1,0.2304489213782739,pharmabench_hlm,OCc1cn(-c2ccc(Cl)c(C(F)(F)F)c2Cl)nn1
C=CCn1c(=O)c2cnc(Nc3cc(N4CCN(C)CC4)c4ccn(C)c4c3)nc2n1-c1ccc2c(n1)[C@@](O)(CC)CC2,1.6127838567197357,pharmabench_hlm,C=CCn1c(=O)c2cnc(Nc3cc(N4CCN(C)CC4)c4ccn(C)c4c3)nc2n1-c1ccc2c(n1)[C@@](O)(CC)CC2
Cn1ncc(-c2cc([C@@H]3CCCO3)c3c(=O)[nH]nc(CN)c3c2)c1-c1sc2ccccc2c1C#N,1.6334684555795864,pharmabench_hlm,Cn1ncc(-c2cc([C@@H]3CCCO3)c3c(=O)[nH]nc(CN)c3c2)c1-c1sc2ccccc2c1C#N
CCP(=O)(OC)c1ccc2oc(/C=C/c3ccccc3)nc2c1,1.1643528557844371,pharmabench_hlm,CCP(=O)(OC)c1ccc2oc(/C=C/c3ccccc3)nc2c1
C[C@@H](N[C@H]1CCN(c2cccc(C(F)(F)F)c2)C1)c1cccc2ccccc12,2.2329961103921536,pharmabench_hlm,C[C@@H](N[C@H]1CCN(c2cccc(C(F)(F)F)c2)C1)c1cccc2ccccc12
C[C@H]1Cc2[nH]nc(-c3cscn3)c2CN1C(=O)Nc1cccc(Cl)c1,1.3010299956639813,pharmabench_hlm,C[C@H]1Cc2[nH]nc(-c3cscn3)c2CN1C(=O)Nc1cccc(Cl)c1
Fc1ccc(COC2CCN(Cc3cc4ccc(Cl)cc4[nH]3)CC2)cc1F,1.3710678622717365,pharmabench_hlm,Fc1ccc(COC2CCN(Cc3cc4ccc(Cl)cc4[nH]3)CC2)cc1F
Cc1ncccc1-c1cnc(NCc2c(F)cc(O)c3c2CCO3)n2cnnc12,0.9542425094393248,pharmabench_hlm,Cc1ncccc1-c1cnc(NCc2c(F)cc(O)c3c2CCO3)n2cnnc12
COc1cccc(C(c2cc3cc(Br)ccc3nc2OC)C(O)(CCN(C)C)c2cnc(C)cc2C)c1OC,1.1139433523068367,pharmabench_hlm,COc1cccc(C(c2cc3cc(Br)ccc3nc2OC)C(O)(CCN(C)C)c2cnc(C)cc2C)c1OC
O=C(Nc1ccc(Cl)cn1)C(=O)N1CCC2(CC1)COc1cc(C(F)(F)F)ccc12,0.7781512503836436,pharmabench_hlm,O=C(Nc1ccc(Cl)cn1)C(=O)N1CCC2(CC1)COc1cc(C(F)(F)F)ccc12
O=C(Nc1ccc(Cl)cc1F)C(=O)N1CCCC(c2ccnc3ccc(F)cc23)CC1,2.03342375548695,pharmabench_hlm,O=C(Nc1ccc(Cl)cc1F)C(=O)N1CCCC(c2ccnc3ccc(F)cc23)CC1
CCCN(CC)[C@H](c1ccccn1)[C@@H](c1ccccn1)N(CC)CCC,1.3617278360175928,pharmabench_hlm,CCCN(CC)[C@H](c1ccccn1)[C@@H](c1ccccn1)N(CC)CCC
Cc1ccccc1[C@H](C)NC(=O)Cn1nnc2ccccc2c1=O,1.3222192947339193,pharmabench_hlm,Cc1ccccc1[C@H](C)NC(=O)Cn1nnc2ccccc2c1=O
C[C@H](NC(=O)Cn1nnc2ccccc2c1=O)c1ccc(F)cc1,1.4913616938342726,pharmabench_hlm,C[C@H](NC(=O)Cn1nnc2ccccc2c1=O)c1ccc(F)cc1
Cc1ccc([C@H](C)NC(=O)Cn2nnc3ccccc3c2=O)c(F)c1,1.4471580313422192,pharmabench_hlm,Cc1ccc([C@H](C)NC(=O)Cn2nnc3ccccc3c2=O)c(F)c1
Cc1ccc([C@@H](NC(=O)Cn2nnc3ccccc3c2=O)C(C)C)cc1,1.5314789170422551,pharmabench_hlm,Cc1ccc([C@@H](NC(=O)Cn2nnc3ccccc3c2=O)C(C)C)cc1
C[C@H](NC(=O)Cn1nnc2ccccc2c1=O)C1CCOCC1,1.255272505103306,pharmabench_hlm,C[C@H](NC(=O)Cn1nnc2ccccc2c1=O)C1CCOCC1
C[C@H](NC(=O)Cn1nnc2ccccc2c1=O)c1cccc2ccccc12,1.6901960800285136,pharmabench_hlm,C[C@H](NC(=O)Cn1nnc2ccccc2c1=O)c1cccc2ccccc12
C[C@H](NC(=O)Cn1nnc2ccccc2c1=O)c1ccc(C(F)(F)F)cc1F,1.230448921378274,pharmabench_hlm,C[C@H](NC(=O)Cn1nnc2ccccc2c1=O)c1ccc(C(F)(F)F)cc1F
C=CC(=O)N(C)Cc1c[nH]c2ncnc(-c3cccc(NC(=O)c4ccc(C5CC5)cc4)c3C)c12,-0.5985994592184559,pharmabench_hlm,C=CC(=O)N(C)Cc1c[nH]c2ncnc(-c3cccc(NC(=O)c4ccc(C5CC5)cc4)c3C)c12
C[C@H]1Cc2[nH]nc(-c3cscn3)c2CN1C(=O)Nc1ccc(F)c(Cl)c1,1.3222192947339193,pharmabench_hlm,C[C@H]1Cc2[nH]nc(-c3cscn3)c2CN1C(=O)Nc1ccc(F)c(Cl)c1
C[C@@H]1Cc2[nH]nc(-c3ccccc3)c2CN1C(=O)Nc1cccc(Cl)c1,1.6334684555795864,pharmabench_hlm,C[C@@H]1Cc2[nH]nc(-c3ccccc3)c2CN1C(=O)Nc1cccc(Cl)c1
CNC(=O)c1nc(C)n2ccc(Nc3nccc(-n4cc([C@@H]5C[C@@H](F)CN5C)cn4)n3)cc12,2.444044795918076,pharmabench_hlm,CNC(=O)c1nc(C)n2ccc(Nc3nccc(-n4cc([C@@H]5C[C@@H](F)CN5C)cn4)n3)cc12
C[C@@H]1O[C@H](CNS(=O)(=O)c2ccc(CCn3cc(CN4CCN(c5cc6c(cc5F)c(=O)c(C(=O)O)cn6C5CC5)CC4)nn3)s2)[C@@H](O)[C@H](O)[C@@H]1O,1.1760912590556811,pharmabench_hlm,C[C@@H]1O[C@H](CNS(=O)(=O)c2ccc(CCn3cc(CN4CCN(c5cc6c(cc5F)c(=O)c(C(=O)O)cn6C5CC5)CC4)nn3)s2)[C@@H](O)[C@H](O)[C@@H]1O
C[C@]1(c2cc(/C=C(\F)c3ccc(C#N)cn3)ccc2F)N=C(N)S[C@@]2(C(=O)N3CCC3)C[C@H]21,1.6232492903979006,pharmabench_hlm,C[C@]1(c2cc(/C=C(\F)c3ccc(C#N)cn3)ccc2F)N=C(N)S[C@@]2(C(=O)N3CCC3)C[C@H]21
CN(C)CCn1cc2cc(NC(=O)c3cccc(C(F)(F)F)n3)c(C(C)(C)O)cc2n1,0.7201593034059569,pharmabench_hlm,CN(C)CCn1cc2cc(NC(=O)c3cccc(C(F)(F)F)n3)c(C(C)(C)O)cc2n1
Cc1nnn(Cc2cc(C(F)(F)F)ccc2/C=C/C(=O)N2CCC(c3nnc(C)o3)CC2)n1,1.1139433523068367,pharmabench_hlm,Cc1nnn(Cc2cc(C(F)(F)F)ccc2/C=C/C(=O)N2CCC(c3nnc(C)o3)CC2)n1
C=CC(=O)N1CCN2c3c(cnc4cc(-c5c(O)cccc5F)c(Cl)cc34)N(C)C[C@H]2C1,1.414973347970818,pharmabench_hlm,C=CC(=O)N1CCN2c3c(cnc4cc(-c5c(O)cccc5F)c(Cl)cc34)N(C)C[C@H]2C1
CNc1nc(OC2CCCC2)nc2c1ncn2Cc1c(F)cccc1F,2.380211241711606,pharmabench_hlm,CNc1nc(OC2CCCC2)nc2c1ncn2Cc1c(F)cccc1F
CNC(=O)c1sc(N2CC3CC2(CNC(=O)c2c[nH]c4ncc(C(F)(F)F)cc24)C3)nc1C(F)(F)F,2.113943352306837,pharmabench_hlm,CNC(=O)c1sc(N2CC3CC2(CNC(=O)c2c[nH]c4ncc(C(F)(F)F)cc24)C3)nc1C(F)(F)F
CN(Cc1ccc2c(c1)CCCO2)c1nnc(-c2ccc(-c3ccccc3Cl)cc2)o1,1.2787536009528289,pharmabench_hlm,CN(Cc1ccc2c(c1)CCCO2)c1nnc(-c2ccc(-c3ccccc3Cl)cc2)o1
COc1cc2c(Nc3cnc(OCCCC4CCCC4)nc3)ncnc2cc1OCCCN1CCCCC1,1.9822712330395684,pharmabench_hlm,COc1cc2c(Nc3cnc(OCCCC4CCCC4)nc3)ncnc2cc1OCCCN1CCCCC1
C[C@H]1Cc2[nH]nc(-c3ccccc3)c2CN1C(=O)Nc1cccc(Cl)c1,1.1760912590556811,pharmabench_hlm,C[C@H]1Cc2[nH]nc(-c3ccccc3)c2CN1C(=O)Nc1cccc(Cl)c1
O=C(Nc1cccc(Cl)c1)N1CCc2[nH]nc(-c3cocn3)c2C1,1.6989700043360187,pharmabench_hlm,O=C(Nc1cccc(Cl)c1)N1CCc2[nH]nc(-c3cocn3)c2C1
Nc1ncc(-c2cccc(N3CCNCC3)c2)cc1C(=O)Nc1ccncc1,0.7075701760979364,pharmabench_hlm,Nc1ncc(-c2cccc(N3CCNCC3)c2)cc1C(=O)Nc1ccncc1
C[C@@H]1CN(c2noc(C(F)(F)F)n2)CCN1c1ncc(OCc2ccncc2C#N)cn1,1.4471580313422192,pharmabench_hlm,C[C@@H]1CN(c2noc(C(F)(F)F)n2)CCN1c1ncc(OCc2ccncc2C#N)cn1
Cc1ncccc1-c1cnc(NCc2c(F)cc(C#N)c3c2CCO3)n2cnnc12,1.4471580313422192,pharmabench_hlm,Cc1ncccc1-c1cnc(NCc2c(F)cc(C#N)c3c2CCO3)n2cnnc12
Cc1cc2c(C3=CCOCC3)cnc(NC3CCN(C(=O)C(F)(F)CN)CC3)c2[nH]c1=O,1.3096301674258988,pharmabench_hlm,Cc1cc2c(C3=CCOCC3)cnc(NC3CCN(C(=O)C(F)(F)CN)CC3)c2[nH]c1=O
N#Cc1cnc(NC(=O)N2CCN(c3ccc(Cl)c(Cl)c3)CC2)s1,1.0413926851582251,pharmabench_hlm,N#Cc1cnc(NC(=O)N2CCN(c3ccc(Cl)c(Cl)c3)CC2)s1
O=C(Nc1ncc(Cl)s1)N1CCN(c2cnc(Cl)c(Cl)c2)CC1,1.3979400086720375,pharmabench_hlm,O=C(Nc1ncc(Cl)s1)N1CCN(c2cnc(Cl)c(Cl)c2)CC1
CN(Cc1ccc2nccn2c1)c1nnc(-c2ccc(-c3ccccc3Cl)cc2)o1,1.662757831681574,pharmabench_hlm,CN(Cc1ccc2nccn2c1)c1nnc(-c2ccc(-c3ccccc3Cl)cc2)o1
CNC(=O)[C@]12C[C@H]1[C@@](C)(c1cc(/C=C(\F)c3ccc(C#N)cn3)ccc1F)N=C(N)S2,1.3222192947339193,pharmabench_hlm,CNC(=O)[C@]12C[C@H]1[C@@](C)(c1cc(/C=C(\F)c3ccc(C#N)cn3)ccc1F)N=C(N)S2
C[C@]12CCCN1CC1=NNC(=O)c3cc(F)cc4[nH]c2c1c34,0.8976270912904415,pharmabench_hlm,C[C@]12CCCN1CC1=NNC(=O)c3cc(F)cc4[nH]c2c1c34
CNC(=O)c1nn(C)c2ccc(Nc3nccc(-n4cc(CN(C)C)c(OC)n4)n3)cc12,2.012837224705172,pharmabench_hlm,CNC(=O)c1nn(C)c2ccc(Nc3nccc(-n4cc(CN(C)C)c(OC)n4)n3)cc12
O=C(Nc1ccc(Cl)cc1)C(=O)N1CCC(c2ccnc3ccc(Cl)cc23)CC1,1.0413926851582251,pharmabench_hlm,O=C(Nc1ccc(Cl)cc1)C(=O)N1CCC(c2ccnc3ccc(Cl)cc23)CC1
CN(C)Cc1cnn(-c2ccnc(Nc3ccc4c(c3)c(C(=O)N(C)C)nn4C)n2)c1,1.6334684555795864,pharmabench_hlm,CN(C)Cc1cnn(-c2ccnc(Nc3ccc4c(c3)c(C(=O)N(C)C)nn4C)n2)c1
COc1ccc(C(=O)N2CC[C@@H](C)[C@H](c3cc(C(F)F)nc4ncnn34)C2)cc1OC,1.146128035678238,pharmabench_hlm,COc1ccc(C(=O)N2CC[C@@H](C)[C@H](c3cc(C(F)F)nc4ncnn34)C2)cc1OC
N#Cc1c(F)cc(-n2c(C(=O)NC3CC3)cc3cccnc32)cc1F,1.4983105537896004,pharmabench_hlm,N#Cc1c(F)cc(-n2c(C(=O)NC3CC3)cc3cccnc32)cc1F
Cc1c(CN2CCN(C(=O)C3CCCC3)[C@@H](C)C2)cc(F)cc1NC(=O)CC(CCC(=O)O)c1ccccc1,1.3222192947339193,pharmabench_hlm,Cc1c(CN2CCN(C(=O)C3CCCC3)[C@@H](C)C2)cc(F)cc1NC(=O)CC(CCC(=O)O)c1ccccc1
Cc1noc2c1-c1ccc(-c3cnn(C)c3)cc1N(c1ccc(C#N)cc1)CC2CC(N)=O,1.4313637641589874,pharmabench_hlm,Cc1noc2c1-c1ccc(-c3cnn(C)c3)cc1N(c1ccc(C#N)cc1)CC2CC(N)=O
Cc1cc(-c2cnc3cc(-c4ccc(N5CCNCC5)cc4)ccn23)c2cc(F)ccc2n1,1.089905111439398,pharmabench_hlm,Cc1cc(-c2cnc3cc(-c4ccc(N5CCNCC5)cc4)ccn23)c2cc(F)ccc2n1
Cc1cc(-c2cnc3cc(-c4ccc(N5CC6(C5)CC(F)(F)C6)nc4)ccn23)c2ccccc2n1,1.9916690073799488,pharmabench_hlm,Cc1cc(-c2cnc3cc(-c4ccc(N5CC6(C5)CC(F)(F)C6)nc4)ccn23)c2ccccc2n1
O=C(NCCCN1CCCC1)c1cccc(-c2ccccc2N2CCN(CCc3ccccc3)CC2)c1,1.4771212547196624,pharmabench_hlm,O=C(NCCCN1CCCC1)c1cccc(-c2ccccc2N2CCN(CCc3ccccc3)CC2)c1
CC(C)(C)OC(=O)N1CC[C@](C)(N2CCc3c(-c4cnc(N)nc4)nc(N4CCOCC4)nc32)C1,2.204119982655925,pharmabench_hlm,CC(C)(C)OC(=O)N1CC[C@](C)(N2CCc3c(-c4cnc(N)nc4)nc(N4CCOCC4)nc32)C1
Cc1ccc2[nH]c(C(=O)N[C@H]3CN(S(=O)(=O)c4ccccc4)C[C@@H]3C(=O)NC[C@H]3CCCN3C)cc2c1,1.3424226808222062,pharmabench_hlm,Cc1ccc2[nH]c(C(=O)N[C@H]3CN(S(=O)(=O)c4ccccc4)C[C@@H]3C(=O)NC[C@H]3CCCN3C)cc2c1
Cc1ccc2[nH]c(C(=O)N[C@H]3CN(S(=O)(=O)c4ccccc4)C[C@]3(C)C(=O)N[C@H]3CCCNC3)cc2c1,0.6720978579357175,pharmabench_hlm,Cc1ccc2[nH]c(C(=O)N[C@H]3CN(S(=O)(=O)c4ccccc4)C[C@]3(C)C(=O)N[C@H]3CCCNC3)cc2c1
COc1ccc(N(C)C(=O)[C@H](Cc2ccccc2)NC(=O)Cn2cc(-c3ccccc3NC(=O)c3ccccc3F)nn2)cc1,3.1929575298846564,pharmabench_hlm,COc1ccc(N(C)C(=O)[C@H](Cc2ccccc2)NC(=O)Cn2cc(-c3ccccc3NC(=O)c3ccccc3F)nn2)cc1
C=C(c1ccc(OC(F)F)c(N)c1)c1cc(OC)c(OC)c(OC)c1,1.863322860120456,pharmabench_hlm,C=C(c1ccc(OC(F)F)c(N)c1)c1cc(OC)c(OC)c(OC)c1
CCP(=O)(OC)c1ccc2oc(-c3cccc(Cl)c3F)nc2c1,0.7671558660821804,pharmabench_hlm,CCP(=O)(OC)c1ccc2oc(-c3cccc(Cl)c3F)nc2c1
CCOP(=O)(CC)c1ccc2oc(-c3ccc(F)cc3)nc2c1,0.3820170425748684,pharmabench_hlm,CCOP(=O)(CC)c1ccc2oc(-c3ccc(F)cc3)nc2c1
Cc1ncoc1-c1nnc(SCCCN2CC[C@@]3(C[C@H]3c3ccc(C(F)(F)F)cc3F)C2)n1C,2.0293837776852097,pharmabench_hlm,Cc1ncoc1-c1nnc(SCCCN2CC[C@@]3(C[C@H]3c3ccc(C(F)(F)F)cc3F)C2)n1C
O=S(=O)(Nc1cncc(Br)c1)c1ccccc1C(F)(F)F,1.146128035678238,pharmabench_hlm,O=S(=O)(Nc1cncc(Br)c1)c1ccccc1C(F)(F)F
CC1=C(c2cn[nH]c2)[C@H](c2ccc(OCCN3CC(CF)C3)cc2)Oc2ccc(O)cc21,1.2041199826559248,pharmabench_hlm,CC1=C(c2cn[nH]c2)[C@H](c2ccc(OCCN3CC(CF)C3)cc2)Oc2ccc(O)cc21
CC1=C(C2CCC(F)(F)CC2)[C@H](c2ccc(OCCN3CC(CF)C3)cc2)Oc2ccc(O)cc21,1.230448921378274,pharmabench_hlm,CC1=C(C2CCC(F)(F)CC2)[C@H](c2ccc(OCCN3CC(CF)C3)cc2)Oc2ccc(O)cc21
O=S(=O)(Nc1ncns1)c1ccc(OCc2ccc(OC(F)(F)F)c(Cl)c2)cc1,1.1760912590556811,pharmabench_hlm,O=S(=O)(Nc1ncns1)c1ccc(OCc2ccc(OC(F)(F)F)c(Cl)c2)cc1
CCS(=O)(=O)c1ccc(CC(=O)Nc2cnc(O[C@@H](C)c3ccccc3)c(Cl)c2)cc1,1.4913616938342726,pharmabench_hlm,CCS(=O)(=O)c1ccc(CC(=O)Nc2cnc(O[C@@H](C)c3ccccc3)c(Cl)c2)cc1
O=C(c1nccc2[nH]cnc12)N1CCC(F)(F)[C@@H](Oc2ccc3ccccc3n2)C1,1.740362689494244,pharmabench_hlm,O=C(c1nccc2[nH]cnc12)N1CCC(F)(F)[C@@H](Oc2ccc3ccccc3n2)C1
CCc1cnc(Oc2ccc(NC(=O)c3ncccc3N)cc2Cl)nc1,1.248218561190075,pharmabench_hlm,CCc1cnc(Oc2ccc(NC(=O)c3ncccc3N)cc2Cl)nc1
C[C@H](NC(=O)C(F)(F)F)[C@H](Oc1ccc2c(cnn2-c2ccc(F)cc2)c1)c1ccc2ccccc2c1,1.6020599913279625,pharmabench_hlm,C[C@H](NC(=O)C(F)(F)F)[C@H](Oc1ccc2c(cnn2-c2ccc(F)cc2)c1)c1ccc2ccccc2c1
O=C1NCCc2nc(OCc3cccc(F)c3)ccc21,1.3979400086720375,pharmabench_hlm,O=C1NCCc2nc(OCc3cccc(F)c3)ccc21
CN1CC2CCC1([C@H](NC(=O)c1c(Cl)cncc1Cl)c1ccccc1)CC2,1.9867717342662448,pharmabench_hlm,CN1CC2CCC1([C@H](NC(=O)c1c(Cl)cncc1Cl)c1ccccc1)CC2
Cc1cccc(C(NC(=O)c2cccc(C(F)(F)F)c2Cl)C23CCC(CC2)CN3C)c1,2.0755469613925306,pharmabench_hlm,Cc1cccc(C(NC(=O)c2cccc(C(F)(F)F)c2Cl)C23CCC(CC2)CN3C)c1
CN1CC2CCC1([C@H](NC(=O)c1c(Cl)cccc1Cl)c1ccccc1)CC2,1.9590413923210936,pharmabench_hlm,CN1CC2CCC1([C@H](NC(=O)c1c(Cl)cccc1Cl)c1ccccc1)CC2
C=CCc1c(C)nc2c(-c3ccccc3)cnn2c1NCc1ccccn1,1.800854491503561,pharmabench_hlm,C=CCc1c(C)nc2c(-c3ccccc3)cnn2c1NCc1ccccn1
Cc1nc2c(-c3ccc(F)cc3)cnn2c(NC(C)c2ccccn2)c1C,1.388988785124714,pharmabench_hlm,Cc1nc2c(-c3ccc(F)cc3)cnn2c(NC(C)c2ccccn2)c1C
CN1CC2CCC1([C@H](NC(=O)c1ccnc(Cl)c1Cl)c1ccccc1)CC2,1.977723605288848,pharmabench_hlm,CN1CC2CCC1([C@H](NC(=O)c1ccnc(Cl)c1Cl)c1ccccc1)CC2
Cc1cc(NC(=O)Cn2cc(-c3ccccc3)nn2)n(C2CCCCC2)n1,1.7371926427047373,pharmabench_hlm,Cc1cc(NC(=O)Cn2cc(-c3ccccc3)nn2)n(C2CCCCC2)n1
CC(=O)N1CCc2c(c(-c3cccc4cc(-c5cnn(C)c5)ncc34)nn2C2CCOCC2)C1,0.9030899869919436,pharmabench_hlm,CC(=O)N1CCc2c(c(-c3cccc4cc(-c5cnn(C)c5)ncc34)nn2C2CCOCC2)C1
Cc1cc(C)c2cc(C(=O)NC3CN(c4ccnc(F)c4F)C3)ccc2n1,2.110589710299249,pharmabench_hlm,Cc1cc(C)c2cc(C(=O)NC3CN(c4ccnc(F)c4F)C3)ccc2n1
COc1cc2ccc(Br)cc2cc1[C@@H](c1cccc(OC)c1F)[C@@](O)(CCN(C)C)c1cccc2c1CCC2,0.9542425094393248,pharmabench_hlm,COc1cc2ccc(Br)cc2cc1[C@@H](c1cccc(OC)c1F)[C@@](O)(CCN(C)C)c1cccc2c1CCC2
COc1cc2ccc(Br)cc2cc1[C@@H](c1cccnc1OC)[C@@](O)(CCN(C)C)c1cccc2ccoc12,1.3010299956639813,pharmabench_hlm,COc1cc2ccc(Br)cc2cc1[C@@H](c1cccnc1OC)[C@@](O)(CCN(C)C)c1cccc2ccoc12
COc1cc2ccc(C#N)cc2cc1[C@@H](c1cccc(F)c1)[C@@](O)(CCN(C)C)c1cc2ccccc2o1,1.6334684555795864,pharmabench_hlm,COc1cc2ccc(C#N)cc2cc1[C@@H](c1cccc(F)c1)[C@@](O)(CCN(C)C)c1cc2ccccc2o1
Cn1ccc(-c2ccc(Cn3cc(C(=O)N[C@H]4CCOC[C@@H]4O)c4ncccc43)cc2)n1,1.0253058652647702,pharmabench_hlm,Cn1ccc(-c2ccc(Cn3cc(C(=O)N[C@H]4CCOC[C@@H]4O)c4ncccc43)cc2)n1
Cc1cc2nc(C(F)(F)F)c(C#N)c(N3CCC(Nc4ccccn4)CC3)c2[nH]1,2.380211241711606,pharmabench_hlm,Cc1cc2nc(C(F)(F)F)c(C#N)c(N3CCC(Nc4ccccn4)CC3)c2[nH]1
O=C1NC2(CC2)COc2ncc(F)cc2[C@H]2CNCCN2c2ccn3ncc1c3n2,1.6334684555795864,pharmabench_hlm,O=C1NC2(CC2)COc2ncc(F)cc2[C@H]2CNCCN2c2ccn3ncc1c3n2
O=C1NC2(CC2)COc2ncc(F)cc2[C@H]2COCCN2c2ccn3ncc1c3n2,1.2479732663618066,pharmabench_hlm,O=C1NC2(CC2)COc2ncc(F)cc2[C@H]2COCCN2c2ccn3ncc1c3n2
Cc1cnn2ncn(Cc3nc([C@H]4[C@@H]5CN(c6cccc(Cl)c6)C[C@@H]54)no3)c(=O)c12,1.1760912590556811,pharmabench_hlm,Cc1cnn2ncn(Cc3nc([C@H]4[C@@H]5CN(c6cccc(Cl)c6)C[C@@H]54)no3)c(=O)c12
Cn1cnc2ncn(Cc3nc([C@@H]4CO[C@@H](c5ccc(Cl)cc5)C4)no3)c(=O)c21,0.6989700043360189,pharmabench_hlm,Cn1cnc2ncn(Cc3nc([C@@H]4CO[C@@H](c5ccc(Cl)cc5)C4)no3)c(=O)c21
Cc1nn(C2CCOC2)cc1Nc1nc(N)c2c(C#N)c(N3CCC[C@H]3C)n(C)c2n1,2.092827729460108,pharmabench_hlm,Cc1nn(C2CCOC2)cc1Nc1nc(N)c2c(C#N)c(N3CCC[C@H]3C)n(C)c2n1
NC(=O)c1cc(F)cc2[nH]c(-c3cc4c(s3)CNCC4)nc12,1.3617278360175928,pharmabench_hlm,NC(=O)c1cc(F)cc2[nH]c(-c3cc4c(s3)CNCC4)nc12
COc1cc(OC)c2c(=O)cc(-c3cc(C)c(OC[C@H](O)CN4CCN(C)CC4)c(C)c3)oc2c1,0.7481880270062004,pharmabench_hlm,COc1cc(OC)c2c(=O)cc(-c3cc(C)c(OC[C@H](O)CN4CCN(C)CC4)c(C)c3)oc2c1
C[C@@H]1COCCN1c1nc(N2CCOC[C@@H]2C)nc2[nH]c(-c3cccc4[nH]ccc34)nc12,1.4313637641589874,pharmabench_hlm,C[C@@H]1COCCN1c1nc(N2CCOC[C@@H]2C)nc2[nH]c(-c3cccc4[nH]ccc34)nc12
Cc1cnc(Nc2ccc(N3CCC(N(C)CCO)CC3)c(F)c2)nc1-c1cnn(C(C)C)c1,0.380211241711606,pharmabench_hlm,Cc1cnc(Nc2ccc(N3CCC(N(C)CCO)CC3)c(F)c2)nc1-c1cnn(C(C)C)c1
Cc1nn(C)cc1Nc1nc(N)c2c(C#N)c(N3CCC[C@H]3C)n(C)c2n1,1.845098040014257,pharmabench_hlm,Cc1nn(C)cc1Nc1nc(N)c2c(C#N)c(N3CCC[C@H]3C)n(C)c2n1
C[C@@H]1CCCN1c1c(C#N)c2c(N)nc(Nc3cn(C)nc3C(F)(F)F)nc2n1C,1.52283531366053,pharmabench_hlm,C[C@@H]1CCCN1c1c(C#N)c2c(N)nc(Nc3cn(C)nc3C(F)(F)F)nc2n1C
Cc1c(Cc2ccc(C(F)(F)F)nc2)c[nH]c1C(=O)NC(C)c1cnn(C)c1,4.4286662482156345,pharmabench_hlm,Cc1c(Cc2ccc(C(F)(F)F)nc2)c[nH]c1C(=O)NC(C)c1cnn(C)c1
Cc1c(C2(c3ccc(C(F)(F)F)nc3)CC2)c[nH]c1C(=O)NC(C)c1nc[nH]n1,4.050185272558782,pharmabench_hlm,Cc1c(C2(c3ccc(C(F)(F)F)nc3)CC2)c[nH]c1C(=O)NC(C)c1nc[nH]n1
Cc1[nH][n+](C)c2c1-c1cnc(N)c(c1)O[C@H](C)c1cc(F)ccc1C(=O)N(C)C2,0.9344984512435676,pharmabench_hlm,Cc1[nH][n+](C)c2c1-c1cnc(N)c(c1)O[C@H](C)c1cc(F)ccc1C(=O)N(C)C2
C=CC(=O)N1CCN2c3c(cnc4cc(-c5c(O)cccc5F)c(Cl)cc34)NC(=O)[C@H]2C1,1.5314789170422551,pharmabench_hlm,C=CC(=O)N1CCN2c3c(cnc4cc(-c5c(O)cccc5F)c(Cl)cc34)NC(=O)[C@H]2C1
Cn1c(SCCCN2CC[C@]3(C[C@@H]3c3ccc(C(F)(F)F)cc3)C2)nnc1-c1cccc(-c2ncco2)c1,2.6503075231319366,pharmabench_hlm,Cn1c(SCCCN2CC[C@]3(C[C@@H]3c3ccc(C(F)(F)F)cc3)C2)nnc1-c1cccc(-c2ncco2)c1
Cc1ncccc1-c1nnc(SCCCN2CC[C@]3(C[C@@H]3c3ccc(C(F)(F)F)cc3)C2)n1C,1.9030899869919435,pharmabench_hlm,Cc1ncccc1-c1nnc(SCCCN2CC[C@]3(C[C@@H]3c3ccc(C(F)(F)F)cc3)C2)n1C
Cn1c(SCCCN2CC[C@]3(C[C@@H]3c3ccc(C(F)(F)F)cc3)C2)nnc1-c1cccnc1C(F)(F)F,2.4800069429571505,pharmabench_hlm,Cn1c(SCCCN2CC[C@]3(C[C@@H]3c3ccc(C(F)(F)F)cc3)C2)nnc1-c1cccnc1C(F)(F)F
CC(C)c1c(-c2cnn(-c3ccccc3)c2)[nH]c2c(C#N)cnn2c1=O,1.1760912590556811,pharmabench_hlm,CC(C)c1c(-c2cnn(-c3ccccc3)c2)[nH]c2c(C#N)cnn2c1=O
Cn1ncc(-c2ccc3c(=O)[nH]nc(CN)c3c2)c1-c1sc2ccccc2c1C#N,1.6127838567197357,pharmabench_hlm,Cn1ncc(-c2ccc3c(=O)[nH]nc(CN)c3c2)c1-c1sc2ccccc2c1C#N
Cn1ncc(-c2cc([C@H]3CCCO3)c3c(=O)[nH]nc(CN)c3c2)c1-c1sc2ccccc2c1C#N,1.591064607026499,pharmabench_hlm,Cn1ncc(-c2cc([C@H]3CCCO3)c3c(=O)[nH]nc(CN)c3c2)c1-c1sc2ccccc2c1C#N
CCn1cc(-c2cccc3c2C[C@H](CO)N(C(=O)Cc2c(Cl)cccc2Cl)[C@H]3C)cn1,1.9395192526186185,pharmabench_hlm,CCn1cc(-c2cccc3c2C[C@H](CO)N(C(=O)Cc2c(Cl)cccc2Cl)[C@H]3C)cn1
COC(=O)N1CCN([C@H]2CC[C@H](Nc3nc(Nc4cnn(C)c4)nc4ccc(C)nc34)CC2)CC1,-1.431798275933005,pharmabench_hlm,COC(=O)N1CCN([C@H]2CC[C@H](Nc3nc(Nc4cnn(C)c4)nc4ccc(C)nc34)CC2)CC1
CN1CC[C@H](n2cc(Nc3nc(NC4(C)CC4)c4c(=O)n(C)ccc4n3)cn2)[C@@H](F)C1,-1.0087739243075051,pharmabench_hlm,CN1CC[C@H](n2cc(Nc3nc(NC4(C)CC4)c4c(=O)n(C)ccc4n3)cn2)[C@@H](F)C1
Cc1cnc(N2CCN(Cc3ccc4c5c(c(=O)[nH]c4c3)CCCC5)CC2)n1C,1.7558748556724917,pharmabench_hlm,Cc1cnc(N2CCN(Cc3ccc4c5c(c(=O)[nH]c4c3)CCCC5)CC2)n1C
CCc1cc2ccc(CN3CCN(c4ncc(C)n4C)CC3)cc2[nH]c1=O,1.3979400086720375,pharmabench_hlm,CCc1cc2ccc(CN3CCN(c4ncc(C)n4C)CC3)cc2[nH]c1=O
CCc1nc2ccc(CN3CCN(c4ccc(C(=O)NC)nc4)CC3)cc2[nH]c1=O,0.8450980400142568,pharmabench_hlm,CCc1nc2ccc(CN3CCN(c4ccc(C(=O)NC)nc4)CC3)cc2[nH]c1=O
O=C(N[C@H]1CCN(c2nccn3ccnc23)C1)[C@H]1[C@@H]2CN(C(=O)C3CCCC3)C[C@@H]21,1.255272505103306,pharmabench_hlm,O=C(N[C@H]1CCN(c2nccn3ccnc23)C1)[C@H]1[C@@H]2CN(C(=O)C3CCCC3)C[C@@H]21
CCN(C)C(=O)N1C[C@@H]2[C@H](C1)[C@H]2C(=O)N[C@H]1CCN(c2ncccc2C#N)C1,1.6901960800285136,pharmabench_hlm,CCN(C)C(=O)N1C[C@@H]2[C@H](C1)[C@H]2C(=O)N[C@H]1CCN(c2ncccc2C#N)C1
Cc1csc(C(=O)N[C@H]2CN(S(=O)(=O)c3ccccc3)C[C@@H]2C(=O)N[C@H]2CCCNC2)n1,0.9590413923210936,pharmabench_hlm,Cc1csc(C(=O)N[C@H]2CN(S(=O)(=O)c3ccccc3)C[C@@H]2C(=O)N[C@H]2CCCNC2)n1
Cc1oc(-c2ccc(Cl)cc2)nc1C(=O)N[C@H]1CN(S(=O)(=O)c2ccccc2)C[C@@H]1C(=O)N[C@H]1CCCNC1,0.6901960800285137,pharmabench_hlm,Cc1oc(-c2ccc(Cl)cc2)nc1C(=O)N[C@H]1CN(S(=O)(=O)c2ccccc2)C[C@@H]1C(=O)N[C@H]1CCCNC1
C=C(C)[C@@H]1CCC(C)=C[C@H]1c1c(O)cc(CCCCC)cc1O,2.590507462008583,pharmabench_hlm,C=C(C)[C@@H]1CCC(C)=C[C@H]1c1c(O)cc(CCCCC)cc1O
Cc1ccc([C@H](C)NC(=O)Cn2nnc3ccc(Cl)cc3c2=O)cc1,2.2764618041732443,pharmabench_hlm,Cc1ccc([C@H](C)NC(=O)Cn2nnc3ccc(Cl)cc3c2=O)cc1
COc1ccc(S(=O)(=O)c2cc(C(N)=O)c(NC(=O)C(C)(C)O)s2)cc1,1.0,pharmabench_hlm,COc1ccc(S(=O)(=O)c2cc(C(N)=O)c(NC(=O)C(C)(C)O)s2)cc1
Nc1cc(S(=O)(=O)c2ccc(OC(F)(F)F)cc2)cnc1C(=O)NC[C@@H](O)C(F)(F)F,1.5643109099606027,pharmabench_hlm,Nc1cc(S(=O)(=O)c2ccc(OC(F)(F)F)cc2)cnc1C(=O)NC[C@@H](O)C(F)(F)F
C=CC(=O)N(C)CCOc1cnccc1-c1ccc(CN2CCN(C(C)C)CC2=O)c(C)c1,2.130333768495006,pharmabench_hlm,C=CC(=O)N(C)CCOc1cnccc1-c1ccc(CN2CCN(C(C)C)CC2=O)c(C)c1
O=S(=O)(Nc1cccc(F)n1)c1cc(F)c(O[C@H]2CCN(CC(F)(F)F)C[C@@H]2c2ccccc2)cc1F,1.2041199826559248,pharmabench_hlm,O=S(=O)(Nc1cccc(F)n1)c1cc(F)c(O[C@H]2CCN(CC(F)(F)F)C[C@@H]2c2ccccc2)cc1F
O=S(=O)(Nc1cccc(F)n1)c1cc(F)c(O[C@H]2CCN(CC(F)(F)F)C[C@@H]2c2ccc(F)cc2F)cc1F,1.1139433523068367,pharmabench_hlm,O=S(=O)(Nc1cccc(F)n1)c1cc(F)c(O[C@H]2CCN(CC(F)(F)F)C[C@@H]2c2ccc(F)cc2F)cc1F
C[C@H](F)Cn1ccc2nc(Nc3cnn([C@H]4C[C@H]5C[C@@H]4CN5C)c3)nc(NC3(C)CC3)c2c1=O,-1.9208187539523751,pharmabench_hlm,C[C@H](F)Cn1ccc2nc(Nc3cnn([C@H]4C[C@H]5C[C@@H]4CN5C)c3)nc(NC3(C)CC3)c2c1=O
Cc1ccc(S(=O)(=O)Cc2nc(-c3ccc(C(=O)NCc4cccnc4)cc3)oc2C)cc1,1.160168292958512,pharmabench_hlm,Cc1ccc(S(=O)(=O)Cc2nc(-c3ccc(C(=O)NCc4cccnc4)cc3)oc2C)cc1
CC(C)c1cnc(N2CC(C#N)C2)c2cnc(Nc3ccnc(N4CC[C@@H](O)[C@@](C)(F)C4)n3)cc12,1.9294189257142929,pharmabench_hlm,CC(C)c1cnc(N2CC(C#N)C2)c2cnc(Nc3ccnc(N4CC[C@@H](O)[C@@](C)(F)C4)n3)cc12
CC(C)(NC(=O)c1cc(F)cc2cc(-c3ccc(Cl)cc3)oc12)C(=O)O,1.5185139398778875,pharmabench_hlm,CC(C)(NC(=O)c1cc(F)cc2cc(-c3ccc(Cl)cc3)oc12)C(=O)O
Cc1cc(NC(=S)Cn2nnc(-c3ccccc3)n2)n(C2CCCCC2)n1,2.5397032389478253,pharmabench_hlm,Cc1cc(NC(=S)Cn2nnc(-c3ccccc3)n2)n(C2CCCCC2)n1
CN(C)C(=O)CN1CCC(n2cc(Nc3nc(NC4(C)CC4)c4c(=O)n(C)ccc4n3)cn2)CC1,-1.2441251443275083,pharmabench_hlm,CN(C)C(=O)CN1CCC(n2cc(Nc3nc(NC4(C)CC4)c4c(=O)n(C)ccc4n3)cn2)CC1
COc1cc(Nc2ncc(CCc3c(F)c(OC)cc(OC)c3F)cn2)ccc1N1CCN(C)CC1,2.004321373782642,pharmabench_hlm,COc1cc(Nc2ncc(CCc3c(F)c(OC)cc(OC)c3F)cn2)ccc1N1CCN(C)CC1
COc1cc(OC)c(F)c(COc2cnc(Nc3ccc(N4CCC(N5CCN(C)CC5)CC4)c(C)c3)nc2)c1F,1.7634279935629371,pharmabench_hlm,COc1cc(OC)c(F)c(COc2cnc(Nc3ccc(N4CCC(N5CCN(C)CC5)CC4)c(C)c3)nc2)c1F
COc1cc(OC)c(F)c(COc2cnc(Nc3ccc(N4CCC(N5CCN(C)CC5)CC4)c(F)c3)nc2)c1F,1.6232492903979006,pharmabench_hlm,COc1cc(OC)c(F)c(COc2cnc(Nc3ccc(N4CCC(N5CCN(C)CC5)CC4)c(F)c3)nc2)c1F
COc1cc(OC)c(F)c(COc2cnc(Nc3ccc(N4CCC(N5CCN(C)CC5)CC4)nc3)nc2)c1F,1.5314789170422551,pharmabench_hlm,COc1cc(OC)c(F)c(COc2cnc(Nc3ccc(N4CCC(N5CCN(C)CC5)CC4)nc3)nc2)c1F
C=CCNC(=S)/N=c1/sc2ccccc2n1C,2.528273777167044,pharmabench_hlm,C=CCNC(=S)/N=c1/sc2ccccc2n1C
CC(C)(O)C(=O)N1CC[C@](C)(N2CCc3c(-c4cnc(N)nc4)nc(N4CCOCC4)nc32)C1,1.2041199826559248,pharmabench_hlm,CC(C)(O)C(=O)N1CC[C@](C)(N2CCc3c(-c4cnc(N)nc4)nc(N4CCOCC4)nc32)C1
CC(C)C(=O)N1CC[C@](CO)(Nc2cc(-c3cnc(N)nc3)nc(N3CCOCC3)n2)C1,1.230448921378274,pharmabench_hlm,CC(C)C(=O)N1CC[C@](CO)(Nc2cc(-c3cnc(N)nc3)nc(N3CCOCC3)n2)C1
C[C@]1(N2CCc3c(-c4cnc(N)nc4)nc(N4CCOCC4)nc32)CCN(S(C)(=O)=O)C1,1.5563025007672873,pharmabench_hlm,C[C@]1(N2CCc3c(-c4cnc(N)nc4)nc(N4CCOCC4)nc32)CCN(S(C)(=O)=O)C1
CC[C@@H](C(=O)Nc1ccc(Cl)cc1)N1CCC2(CC1)COc1cc(C(F)(F)F)ccc12,1.3424226808222062,pharmabench_hlm,CC[C@@H](C(=O)Nc1ccc(Cl)cc1)N1CCC2(CC1)COc1cc(C(F)(F)F)ccc12
Cc1onc(-c2ccc(F)cc2)c1COc1ccc2c(n1)CCN(C(=O)N1CCCCC1)C2,2.0293837776852097,pharmabench_hlm,Cc1onc(-c2ccc(F)cc2)c1COc1ccc2c(n1)CCN(C(=O)N1CCCCC1)C2
Cc1nnn(-c2ccc(F)cc2)c1COc1ccc2c(n1)CCN(C(=O)C1CC(=O)N(C)C1)C2,0.0,pharmabench_hlm,Cc1nnn(-c2ccc(F)cc2)c1COc1ccc2c(n1)CCN(C(=O)C1CC(=O)N(C)C1)C2
Cc1onc(-c2ccc(F)cc2)c1COc1ccc2c(n1)CCN(Cc1ccco1)C2=O,1.9294189257142929,pharmabench_hlm,Cc1onc(-c2ccc(F)cc2)c1COc1ccc2c(n1)CCN(Cc1ccco1)C2=O
Cc1cc(C)c(CN2CCc3c(Br)cc(-c4c(C)nnn4C)c(Cl)c3C2=O)c(=O)[nH]1,1.4440447959180762,pharmabench_hlm,Cc1cc(C)c(CN2CCc3c(Br)cc(-c4c(C)nnn4C)c(Cl)c3C2=O)c(=O)[nH]1
COc1nc(C(C)C)ccc1-c1cnc2sc(N3CCC(O)(CN)CC3)nn12,1.404833716619938,pharmabench_hlm,COc1nc(C(C)C)ccc1-c1cnc2sc(N3CCC(O)(CN)CC3)nn12
CCc1cc(O)c(F)cc1-c1cc(N[C@@H](C)CO)c2nc(N)ncc2c1,0.8864907251724818,pharmabench_hlm,CCc1cc(O)c(F)cc1-c1cc(N[C@@H](C)CO)c2nc(N)ncc2c1
CCc1cc(O)c(F)cc1-c1cc(NC2CCN(C)CC2)c2nc(N)ncc2c1,0.255272505103306,pharmabench_hlm,CCc1cc(O)c(F)cc1-c1cc(NC2CCN(C)CC2)c2nc(N)ncc2c1
CC(C)c1noc(N2CCC(Oc3cc(N4CCc5cc(N6CCC[C@H](O)C6=O)ccc54)ncn3)CC2)n1,1.0,pharmabench_hlm,CC(C)c1noc(N2CCC(Oc3cc(N4CCc5cc(N6CCC[C@H](O)C6=O)ccc54)ncn3)CC2)n1
N#CCCn1cc(-c2nc(Nc3ccc4c(ccn4S(=O)(=O)C(F)(F)F)c3)ncc2F)cn1,1.0569048513364727,pharmabench_hlm,N#CCCn1cc(-c2nc(Nc3ccc4c(ccn4S(=O)(=O)C(F)(F)F)c3)ncc2F)cn1
Cc1cc2ncccc2cc1Nc1ncc2c(n1)n([C@@H]1CN(C)C[C@H]1F)c(=O)n2C,1.255272505103306,pharmabench_hlm,Cc1cc2ncccc2cc1Nc1ncc2c(n1)n([C@@H]1CN(C)C[C@H]1F)c(=O)n2C
N[C@H]1C[C@@H](F)CN(c2ccncc2Nc2ncc3ccc(-c4c(F)cccc4F)nn23)C1,1.7075701760979365,pharmabench_hlm,N[C@H]1C[C@@H](F)CN(c2ccncc2Nc2ncc3ccc(-c4c(F)cccc4F)nn23)C1
C[C@H]1C[C@H](N)CN(c2ccncc2Nc2ncc3ccc(-c4c(F)cccc4F)nn23)C1,2.0453229787866576,pharmabench_hlm,C[C@H]1C[C@H](N)CN(c2ccncc2Nc2ncc3ccc(-c4c(F)cccc4F)nn23)C1
N[C@@H]1CN(c2ccncc2Nc2ncc3ccc(-c4c(F)cccc4F)nn23)C[C@H](N)[C@H]1O,1.812913356642856,pharmabench_hlm,N[C@@H]1CN(c2ccncc2Nc2ncc3ccc(-c4c(F)cccc4F)nn23)C[C@H](N)[C@H]1O
C[C@@H]1CC[C@H](N)CN1c1ccncc1Nc1ncc2ccc(-c3ncccc3F)nn12,1.8512583487190752,pharmabench_hlm,C[C@@H]1CC[C@H](N)CN1c1ccncc1Nc1ncc2ccc(-c3ncccc3F)nn12
COc1ccc(CCNC(=O)Cn2nnc3ccccc3c2=O)cc1,1.3424226808222062,pharmabench_hlm,COc1ccc(CCNC(=O)Cn2nnc3ccccc3c2=O)cc1
COCCOc1ccc(-c2ccc(C(=O)N[C@H]3CCc4c(C)ccc(N5CCN(C)CC5)c4C3)cc2)c(C)c1,1.724275869600789,pharmabench_hlm,COCCOc1ccc(-c2ccc(C(=O)N[C@H]3CCc4c(C)ccc(N5CCN(C)CC5)c4C3)cc2)c(C)c1
CN1CC2CCC1(C(NC(=O)c1cccc(C(F)(F)F)c1Cl)c1ccncc1)CC2,2.0755469613925306,pharmabench_hlm,CN1CC2CCC1(C(NC(=O)c1cccc(C(F)(F)F)c1Cl)c1ccncc1)CC2
CN1CC2CCC1(C(NC(=O)c1cccc(C(F)(F)F)c1Cl)c1ccccn1)CC2,1.740362689494244,pharmabench_hlm,CN1CC2CCC1(C(NC(=O)c1cccc(C(F)(F)F)c1Cl)c1ccccn1)CC2
Cc1cnc(N2CCN(Cc3ccc4c(c3)[nH]c(=O)c3cccnc34)CC2)n1C,1.4771212547196624,pharmabench_hlm,Cc1cnc(N2CCN(Cc3ccc4c(c3)[nH]c(=O)c3cccnc34)CC2)n1C
c1cn2cc(-c3cnc4c(c3)NCCO4)nc(Nc3ccc(N4CCN(C5COC5)CC4)cc3)c2n1,0.619823500457278,pharmabench_hlm,c1cn2cc(-c3cnc4c(c3)NCCO4)nc(Nc3ccc(N4CCN(C5COC5)CC4)cc3)c2n1
CC(C)c1cnc(N2CCCC2)c2cnc(Nc3ccnc(N4CC[C@@H](O)[C@@](C)(F)C4)n3)cc12,1.812913356642856,pharmabench_hlm,CC(C)c1cnc(N2CCCC2)c2cnc(Nc3ccnc(N4CC[C@@H](O)[C@@](C)(F)C4)n3)cc12
CC(C)c1nnc(N2CC[C@H]2C)c2cnc(Nc3ccnc(N4CC[C@@H](O)[C@@](C)(F)C4)n3)cc12,1.9822712330395684,pharmabench_hlm,CC(C)c1nnc(N2CC[C@H]2C)c2cnc(Nc3ccnc(N4CC[C@@H](O)[C@@](C)(F)C4)n3)cc12
CC(C)c1ccc(N2C[C@H](O)[C@H]2C)c2cnc(Nc3ccnc(N4CC[C@@H](O)[C@@](C)(F)C4)n3)cc12,1.230448921378274,pharmabench_hlm,CC(C)c1ccc(N2C[C@H](O)[C@H]2C)c2cnc(Nc3ccnc(N4CC[C@@H](O)[C@@](C)(F)C4)n3)cc12
Cc1ccc(NS(=O)(=O)c2cc(C(=O)NCc3cccnc3)ccc2C)cc1,2.0791812460476247,pharmabench_hlm,Cc1ccc(NS(=O)(=O)c2cc(C(=O)NCc3cccnc3)ccc2C)cc1
COc1cc(Nc2ncc(CCc3c(F)c(OC)cc(OC)c3F)cn2)ccc1N1CCC(N(C)C2CCN(C)CC2)CC1,1.6812412373755872,pharmabench_hlm,COc1cc(Nc2ncc(CCc3c(F)c(OC)cc(OC)c3F)cn2)ccc1N1CCC(N(C)C2CCN(C)CC2)CC1
O=c1[nH]c(=O)n(C2CC2)c2nc(Cc3nc4ccc(F)cc4[nH]3)n(Cc3ccccc3)c12,2.3364597338485296,pharmabench_hlm,O=c1[nH]c(=O)n(C2CC2)c2nc(Cc3nc4ccc(F)cc4[nH]3)n(Cc3ccccc3)c12
Cc1nnc(N[C@H](C)c2cccc(C(F)(F)F)c2F)c2cc(N3CCOCC3)ncc12,2.330413773349191,pharmabench_hlm,Cc1nnc(N[C@H](C)c2cccc(C(F)(F)F)c2F)c2cc(N3CCOCC3)ncc12
C=CC(=O)N(C)CCOc1cnccc1-c1ccc(CN2CCN(CC)CC2=O)c(C)c1,2.0530784434834195,pharmabench_hlm,C=CC(=O)N(C)CCOc1cnccc1-c1ccc(CN2CCN(CC)CC2=O)c(C)c1
Cc1onc(-c2ccc(F)cc2)c1COc1ccc2c(n1)CCNC2=O,1.146128035678238,pharmabench_hlm,Cc1onc(-c2ccc(F)cc2)c1COc1ccc2c(n1)CCNC2=O
Cc1cn(-c2ccc3n(c2=O)CCN([C@@H](C)C2=CC(C)(C)Oc4ccc(OC(F)(F)F)cc42)C3=O)cn1,1.4099331233312946,pharmabench_hlm,Cc1cn(-c2ccc3n(c2=O)CCN([C@@H](C)C2=CC(C)(C)Oc4ccc(OC(F)(F)F)cc42)C3=O)cn1
Cc1cn(-c2ccc3n(c2=O)CCN([C@@H](C)C2=CC(C)(C)Oc4ccc(C(F)(F)F)cc42)C3=O)cn1,1.155336037465062,pharmabench_hlm,Cc1cn(-c2ccc3n(c2=O)CCN([C@@H](C)C2=CC(C)(C)Oc4ccc(C(F)(F)F)cc42)C3=O)cn1
CCC/N=C1\S/C(=C\c2ccc(O)c(C)c2)C(=O)N1c1ccccc1C,0.4471580313422192,pharmabench_hlm,CCC/N=C1\S/C(=C\c2ccc(O)c(C)c2)C(=O)N1c1ccccc1C
Cc1ccc2nc(N3CCNc4ccccc4C3)cc(NCCN)c2c1,0.6989700043360189,pharmabench_hlm,Cc1ccc2nc(N3CCNc4ccccc4C3)cc(NCCN)c2c1
CN1CCc2nc(NC(=O)[C@H]3CC[C@@H](n4cnc5c(N)nc(F)nc54)CC3)sc2C1,1.1139433523068367,pharmabench_hlm,CN1CCc2nc(NC(=O)[C@H]3CC[C@@H](n4cnc5c(N)nc(F)nc54)CC3)sc2C1
Nc1ccccc1NC(=O)c1ccc(CN2CCC/C(=C\c3ccncc3)C2=O)cc1,0.4712917110589386,pharmabench_hlm,Nc1ccccc1NC(=O)c1ccc(CN2CCC/C(=C\c3ccncc3)C2=O)cc1
Nc1cc(S(=O)(=O)c2ccccc2OC(F)(F)F)cnc1C(=O)NC[C@@H](O)C(F)(F)F,1.6532125137753435,pharmabench_hlm,Nc1cc(S(=O)(=O)c2ccccc2OC(F)(F)F)cnc1C(=O)NC[C@@H](O)C(F)(F)F
Cc1ccc(N2CCN(C)CC2)c2c1CC[C@H](NC(=O)c1ccc(-c3cc(C(F)(F)F)cc(C(F)(F)F)c3)cn1)C2,1.380211241711606,pharmabench_hlm,Cc1ccc(N2CCN(C)CC2)c2c1CC[C@H](NC(=O)c1ccc(-c3cc(C(F)(F)F)cc(C(F)(F)F)c3)cn1)C2
O=C(Nc1ccccc1OCC(F)(F)F)c1ccccc1NS(=O)(=O)C1CC1,1.60422605308447,pharmabench_hlm,O=C(Nc1ccccc1OCC(F)(F)F)c1ccccc1NS(=O)(=O)C1CC1
COC(=O)N[C@H](C(=O)N1CCC[C@H]1c1nc2ccc([C@H]3CC[C@H](c4ccc5nc([C@@H]6CCCN6C(=O)[C@@H](NC(=O)OC)C(C)C)[nH]c5c4)N3c3ccc(C(C)(C)C)cc3)cc2[nH]1)C(C)C,2.0851835080527787,pharmabench_hlm,COC(=O)N[C@H](C(=O)N1CCC[C@H]1c1nc2ccc([C@H]3CC[C@H](c4ccc5nc([C@@H]6CCCN6C(=O)[C@@H](NC(=O)OC)C(C)C)[nH]c5c4)N3c3ccc(C(C)(C)C)cc3)cc2[nH]1)C(C)C
CC/C(=C\c1ccccc1)[C@@H]1C[C@H]1NC1CC2(CNC2)C1,1.0413926851582251,pharmabench_hlm,CC/C(=C\c1ccccc1)[C@@H]1C[C@H]1NC1CC2(CNC2)C1
CC/C(=C\c1ccccc1)[C@@H]1C[C@H]1NC1CC2(C1)CN(C1COC1)C2,1.6901960800285136,pharmabench_hlm,CC/C(=C\c1ccccc1)[C@@H]1C[C@H]1NC1CC2(C1)CN(C1COC1)C2
COc1cc(Nc2ncc(OCc3c(F)c(OC)cc(OC)c3F)cn2)ccc1N1CCN(C)CC1,1.591064607026499,pharmabench_hlm,COc1cc(Nc2ncc(OCc3c(F)c(OC)cc(OC)c3F)cn2)ccc1N1CCN(C)CC1
CCC(C)(NC(=O)c1cc(F)cc2cc(-c3ccc(Cl)cc3)oc12)C(=O)O,1.505149978319906,pharmabench_hlm,CCC(C)(NC(=O)c1cc(F)cc2cc(-c3ccc(Cl)cc3)oc12)C(=O)O
Cc1cc(Cl)ccc1-c1ccc(C(=O)N[C@H]2CCc3c(C)ccc(N4CCN(C)CC4)c3C2)cc1,1.255272505103306,pharmabench_hlm,Cc1cc(Cl)ccc1-c1ccc(C(=O)N[C@H]2CCc3c(C)ccc(N4CCN(C)CC4)c3C2)cc1
CC(=O)Nc1ccc(-c2ccc(NC[C@@H]3CC34CCN(CC3CCOCC3)CC4)nn2)cc1,1.2041199826559248,pharmabench_hlm,CC(=O)Nc1ccc(-c2ccc(NC[C@@H]3CC34CCN(CC3CCOCC3)CC4)nn2)cc1
CC[C@@H](C)[C@@H]1NC(=O)[C@@H](CC(C)C)NC(=O)[C@H](CC(C)C)NC(=O)[C@H](Cc2c[nH]c3ccccc23)NC(=O)[C@@H](CCCN)NC(=O)[C@H](CC(N)=O)NC1=O,-0.0604807473813814,pharmabench_hlm,CC[C@@H](C)[C@@H]1NC(=O)[C@@H](CC(C)C)NC(=O)[C@H](CC(C)C)NC(=O)[C@H](Cc2c[nH]c3ccccc23)NC(=O)[C@@H](CCCN)NC(=O)[C@H](CC(N)=O)NC1=O
Cc1cc(Cl)ccc1-c1ccc(N2CCc3c(C)ccc(N4CCN(C)CC4)c3C2)nc1,-1.6575773191777938,pharmabench_hlm,Cc1cc(Cl)ccc1-c1ccc(N2CCc3c(C)ccc(N4CCN(C)CC4)c3C2)nc1
C=CCn1c(=O)c2cnc(Nc3ccc(N4CCN(C)CC4)cc3)nc2n1-c1ccc2c(n1)[C@](O)(C1CC1)CC2,1.591064607026499,pharmabench_hlm,C=CCn1c(=O)c2cnc(Nc3ccc(N4CCN(C)CC4)cc3)nc2n1-c1ccc2c(n1)[C@](O)(C1CC1)CC2
NC(=O)C(=O)C(Cc1ccccc1)NC(=O)[C@H]1CCC(=O)N1Cc1ccccc1,1.4313637641589874,pharmabench_hlm,NC(=O)C(=O)C(Cc1ccccc1)NC(=O)[C@H]1CCC(=O)N1Cc1ccccc1
Cc1ncc(C(=O)Nc2cn3ccnc3c(CN3CCN(C(=O)C4CCCC4)[C@@H](C)C3)c2C)cn1,1.4771212547196624,pharmabench_hlm,Cc1ncc(C(=O)Nc2cn3ccnc3c(CN3CCN(C(=O)C4CCCC4)[C@@H](C)C3)c2C)cn1
CS(=O)(=O)Nc1noc2cc(OCC34CC5CC(CC(C5)C3)C4)c(Cl)cc12,1.2787536009528289,pharmabench_hlm,CS(=O)(=O)Nc1noc2cc(OCC34CC5CC(CC(C5)C3)C4)c(Cl)cc12
CNS(=O)(=O)Nc1nnc2cc(OCC34CC5CC(CC(C5)C3)C4)c(C3CC3)cn12,1.0791812460476249,pharmabench_hlm,CNS(=O)(=O)Nc1nnc2cc(OCC34CC5CC(CC(C5)C3)C4)c(C3CC3)cn12
CS(=O)(=O)Nc1nnc2cc(OCC3C4CC5CC(C4)CC3C5)c(C3CC3)cn12,1.1139433523068367,pharmabench_hlm,CS(=O)(=O)Nc1nnc2cc(OCC3C4CC5CC(C4)CC3C5)c(C3CC3)cn12
O=C(N1CCC(c2ccccc2)CC1)N(c1nccc2ccccc12)[C@@H]1CCCNC1,1.1430148002540952,pharmabench_hlm,O=C(N1CCC(c2ccccc2)CC1)N(c1nccc2ccccc12)[C@@H]1CCCNC1
Cn1ccc2ccnc(N(C(=O)N3CCC(c4ccccc4)CC3)[C@@H]3CCCNC3)c21,1.0718820073061257,pharmabench_hlm,Cn1ccc2ccnc(N(C(=O)N3CCC(c4ccccc4)CC3)[C@@H]3CCCNC3)c21
O=C(N1CCN(c2ccccc2)CC1)N(c1nccc2ccccc12)[C@@H]1CCCNC1,1.1398790864012365,pharmabench_hlm,O=C(N1CCN(c2ccccc2)CC1)N(c1nccc2ccccc12)[C@@H]1CCCNC1
O=C(N[C@@H](c1ccccc1)c1cccc(OCc2ccc(CCNC[C@H](O)c3ccc(O)c4[nH]c(=O)ccc34)cc2)c1)O[C@H]1CN2CCC1CC2,1.2041199826559248,pharmabench_hlm,O=C(N[C@@H](c1ccccc1)c1cccc(OCc2ccc(CCNC[C@H](O)c3ccc(O)c4[nH]c(=O)ccc34)cc2)c1)O[C@H]1CN2CCC1CC2
CC(C)c1cnc(N2CC(C(=O)N(C)C)C2)c2cnc(Nc3ccnc(N4CC[C@@H](O)[C@@](C)(F)C4)n3)cc12,2.008600171761917,pharmabench_hlm,CC(C)c1cnc(N2CC(C(=O)N(C)C)C2)c2cnc(Nc3ccnc(N4CC[C@@H](O)[C@@](C)(F)C4)n3)cc12
Nc1cc(S(=O)(=O)N2CCC(OC(F)(F)F)CC2)cnc1C(=O)NCC(O)C(F)(F)F,2.1249278791105333,pharmabench_hlm,Nc1cc(S(=O)(=O)N2CCC(OC(F)(F)F)CC2)cnc1C(=O)NCC(O)C(F)(F)F
COc1ccc(C[C@@H](C)NC(=O)Cn2nnc3ccccc3c2=O)cc1,1.0791812460476249,pharmabench_hlm,COc1ccc(C[C@@H](C)NC(=O)Cn2nnc3ccccc3c2=O)cc1
OC1CCN(c2ccc(Nc3nc(-c4ccc5cn[nH]c5c4)cn4ccnc34)cc2)CC1,0.6690378008851559,pharmabench_hlm,OC1CCN(c2ccc(Nc3nc(-c4ccc5cn[nH]c5c4)cn4ccnc34)cc2)CC1
CN1C[C@H]2C[C@@H]1C[C@@H]2n1cc(Nc2nc(NC3(C)CC3)c3c(=O)n(C)ccc3n2)cn1,-1.853871964321762,pharmabench_hlm,CN1C[C@H]2C[C@@H]1C[C@@H]2n1cc(Nc2nc(NC3(C)CC3)c3c(=O)n(C)ccc3n2)cn1
COc1cc(/C=C/c2ccc(NC(=O)C3CC3)cc2)c(/C=C/[N+](=O)[O-])c(OC)c1,1.3654879848908996,pharmabench_hlm,COc1cc(/C=C/c2ccc(NC(=O)C3CC3)cc2)c(/C=C/[N+](=O)[O-])c(OC)c1
Cc1ccc2nc(C(=O)NC3CCCC3)cc(Nc3ccccc3)c2c1,2.342422680822206,pharmabench_hlm,Cc1ccc2nc(C(=O)NC3CCCC3)cc(Nc3ccccc3)c2c1
Cc1cc(Nc2cc(C)[nH]n2)nc(N2CCC3(CCCN([C@@H](C)c4ccc(-n5cc(F)cn5)nc4)C3=O)CC2)n1,1.561101383649056,pharmabench_hlm,Cc1cc(Nc2cc(C)[nH]n2)nc(N2CCC3(CCCN([C@@H](C)c4ccc(-n5cc(F)cn5)nc4)C3=O)CC2)n1
Cc1onc(-c2ccc(F)cc2)c1COc1ccc2c(n1)CCN(C(=O)CCS(C)(=O)=O)C2,0.9542425094393248,pharmabench_hlm,Cc1onc(-c2ccc(F)cc2)c1COc1ccc2c(n1)CCN(C(=O)CCS(C)(=O)=O)C2
CC(=O)N1Cc2ccc(OCc3c(C)nnn3-c3ccc(F)cc3)nc2C1,0.9542425094393248,pharmabench_hlm,CC(=O)N1Cc2ccc(OCc3c(C)nnn3-c3ccc(F)cc3)nc2C1
CNC(=O)c1nn(C)c2ccc(Nc3nccc(-c4cc(CN(C)C)n(C)n4)n3)cc12,1.968482948553935,pharmabench_hlm,CNC(=O)c1nn(C)c2ccc(Nc3nccc(-c4cc(CN(C)C)n(C)n4)n3)cc12
Cc1nnc(-c2nc(C)n3ccc(Nc4nccc(-c5cc(CN(C)C)n(C)n5)n4)cc23)o1,1.6020599913279625,pharmabench_hlm,Cc1nnc(-c2nc(C)n3ccc(Nc4nccc(-c5cc(CN(C)C)n(C)n5)n4)cc23)o1
COc1ccc2nc(Cc3nc4c(c(=O)[nH]c(=O)n4C4CC4)n3Cc3ccccc3)[nH]c2c1,3.096562438374136,pharmabench_hlm,COc1ccc2nc(Cc3nc4c(c(=O)[nH]c(=O)n4C4CC4)n3Cc3ccccc3)[nH]c2c1
Nc1ncc(-c2nc(N3CCOCC3)nc3c2CCN3[C@H]2CCNC2)cn1,1.1139433523068367,pharmabench_hlm,Nc1ncc(-c2nc(N3CCOCC3)nc3c2CCN3[C@H]2CCNC2)cn1
C#Cc1cccc(C(=O)NCCNC(=O)[C@H](CC(=O)NC(C)(C)C)NS(=O)(=O)c2ccc(C)cc2)c1,1.7853298350107671,pharmabench_hlm,C#Cc1cccc(C(=O)NCCNC(=O)[C@H](CC(=O)NC(C)(C)C)NS(=O)(=O)c2ccc(C)cc2)c1
O=C(c1ccc(F)c(Cl)c1)N1CCC(CNCCCc2c[nH]c3ccc(F)cc23)CC1,1.714497408649806,pharmabench_hlm,O=C(c1ccc(F)c(Cl)c1)N1CCC(CNCCCc2c[nH]c3ccc(F)cc23)CC1
O=C(c1cccc(Cl)c1)N1CCC(CNCCCc2c[nH]c3ccc(F)cc23)CC1,2.184123354239671,pharmabench_hlm,O=C(c1cccc(Cl)c1)N1CCC(CNCCCc2c[nH]c3ccc(F)cc23)CC1
N#Cc1ccc2[nH]cc(CCCCN3CCN(c4ccc5oc(C(N)=O)cc5c4)CC3)c2c1,1.7125655278733083,pharmabench_hlm,N#Cc1ccc2[nH]cc(CCCCN3CCN(c4ccc5oc(C(N)=O)cc5c4)CC3)c2c1
NC1=N[C@@]2(c3cc(NC(=O)c4cnc(OCF)cn4)ccc3F)CCOC[C@H]2CC1(F)F,1.5477747053878226,pharmabench_hlm,NC1=N[C@@]2(c3cc(NC(=O)c4cnc(OCF)cn4)ccc3F)CCOC[C@H]2CC1(F)F
COc1cc(F)c(CNc2ncc(-c3cccnc3C)c3nncn23)c2c1OCC2,1.3010299956639813,pharmabench_hlm,COc1cc(F)c(CNc2ncc(-c3cccnc3C)c3nncn23)c2c1OCC2
CNC(=O)c1csc2c(C(F)(F)F)cc(N3CCN(CC(=O)C(C)(C)C)CC3)nc12,0.6989700043360189,pharmabench_hlm,CNC(=O)c1csc2c(C(F)(F)F)cc(N3CCN(CC(=O)C(C)(C)C)CC3)nc12
C=CCn1c(=O)c2cnc(Nc3ccc(N4CCN(C)CC4)cc3)nc2n1-c1ccc2c(n1)[C@](C)(O)CCC2,1.255272505103306,pharmabench_hlm,C=CCn1c(=O)c2cnc(Nc3ccc(N4CCN(C)CC4)cc3)nc2n1-c1ccc2c(n1)[C@](C)(O)CCC2
C=CCn1c(=O)c2cnc(Nc3ccc(N4CCN(C)CC4)cc3)nc2n1-c1ccc2c(n1)[C@@](N)(CC)CC2,1.414973347970818,pharmabench_hlm,C=CCn1c(=O)c2cnc(Nc3ccc(N4CCN(C)CC4)cc3)nc2n1-c1ccc2c(n1)[C@@](N)(CC)CC2
C=CCn1c(=O)c2cnc(Nc3ccc(N4CCN(C)CC4)c(C)c3)nc2n1-c1ccc2c(n1)[C@](C)(O)CC2,1.9030899869919435,pharmabench_hlm,C=CCn1c(=O)c2cnc(Nc3ccc(N4CCN(C)CC4)c(C)c3)nc2n1-c1ccc2c(n1)[C@](C)(O)CC2
C=CCn1c(=O)c2cnc(Nc3ccc4c(c3)CNCC43CC3)nc2n1-c1ccc2c(n1)[C@@](O)(C(F)(F)F)CC2,1.9867717342662448,pharmabench_hlm,C=CCn1c(=O)c2cnc(Nc3ccc4c(c3)CNCC43CC3)nc2n1-c1ccc2c(n1)[C@@](O)(C(F)(F)F)CC2
Cc1cc(C(C)NC(=O)c2[nH]cc(Cc3ccc(C(F)(F)F)nc3)c2C)no1,4.65481508371295,pharmabench_hlm,Cc1cc(C(C)NC(=O)c2[nH]cc(Cc3ccc(C(F)(F)F)nc3)c2C)no1
Cc1c(C2(c3ccc(C(F)(F)F)c(C#N)c3)CC2)c[nH]c1C(=O)NC(C)c1nc[nH]n1,4.31162464519895,pharmabench_hlm,Cc1c(C2(c3ccc(C(F)(F)F)c(C#N)c3)CC2)c[nH]c1C(=O)NC(C)c1nc[nH]n1
CCNc1nc(N2CC(=O)Nc3cc(OC)ccc32)c2ncccc2n1,1.6232492903979006,pharmabench_hlm,CCNc1nc(N2CC(=O)Nc3cc(OC)ccc32)c2ncccc2n1
O=C(Nc1cccc(Cl)c1)N1CCc2[nH]nc(-c3nccs3)c2C1,1.724275869600789,pharmabench_hlm,O=C(Nc1cccc(Cl)c1)N1CCc2[nH]nc(-c3nccs3)c2C1
Nc1ncc(-c2cc(N[C@@]3(CO)CCN(C(=O)OCC(F)F)C3)nc(N3CCOCC3)n2)cn1,1.230448921378274,pharmabench_hlm,Nc1ncc(-c2cc(N[C@@]3(CO)CCN(C(=O)OCC(F)F)C3)nc(N3CCOCC3)n2)cn1
COc1ccc(-n2cc(-c3n[nH]c4cc(Cl)c(N[C@@H]5CCN(C6COC6)C5)cc34)cn2)cc1,2.110589710299249,pharmabench_hlm,COc1ccc(-n2cc(-c3n[nH]c4cc(Cl)c(N[C@@H]5CCN(C6COC6)C5)cc34)cn2)cc1
Cc1cc(Cn2ncn(-c3ccc(C(F)(F)F)cc3)c2=O)cc(C(F)(F)F)c1OC(C)(C)C(=O)O,0.4313637641589873,pharmabench_hlm,Cc1cc(Cn2ncn(-c3ccc(C(F)(F)F)cc3)c2=O)cc(C(F)(F)F)c1OC(C)(C)C(=O)O
Cc1cc(Cn2ncn(-c3ccc(C(F)(F)F)cc3)c2=O)cc(C)c1OC(C)(C)C(=O)O,0.5563025007672873,pharmabench_hlm,Cc1cc(Cn2ncn(-c3ccc(C(F)(F)F)cc3)c2=O)cc(C)c1OC(C)(C)C(=O)O
CSc1ccc(C(=O)/C=C/c2cc(C)c(OC(C)(C)C(=O)O)c(C)c2)cc1,2.065766387622749,pharmabench_hlm,CSc1ccc(C(=O)/C=C/c2cc(C)c(OC(C)(C)C(=O)O)c(C)c2)cc1
Cc1ccc(N2CCN(C)CC2)c2c1CCN(c1ccc(-c3ccc(C(C)(C)C)cc3)cn1)C2,-1.3872161432802643,pharmabench_hlm,Cc1ccc(N2CCN(C)CC2)c2c1CCN(c1ccc(-c3ccc(C(C)(C)C)cc3)cn1)C2
C[C@@]1(c2cc(NC(=O)c3cnc(OCF)cn3)ccc2F)CCC(F)(F)C(N)=N1,1.0043213737826426,pharmabench_hlm,C[C@@]1(c2cc(NC(=O)c3cnc(OCF)cn3)ccc2F)CCC(F)(F)C(N)=N1
NC1=N[C@@]2(c3cc(NC(=O)c4cnc(OCF)cn4)ccc3F)COCC[C@H]2CC1(F)F,1.6646419755561257,pharmabench_hlm,NC1=N[C@@]2(c3cc(NC(=O)c4cnc(OCF)cn4)ccc3F)COCC[C@H]2CC1(F)F
CC(C)(C)OC(=O)N1CC[C@](C)(Nc2cc(-c3cnc(N)nc3)nc(N3CCOCC3)n2)C1,2.041392685158225,pharmabench_hlm,CC(C)(C)OC(=O)N1CC[C@](C)(Nc2cc(-c3cnc(N)nc3)nc(N3CCOCC3)n2)C1
CC(C)(C)OC(=O)N1CC[C@](CO)(Nc2cc(-c3cnc(N)nc3)nc(N3CCOCC3)n2)C1,2.146128035678238,pharmabench_hlm,CC(C)(C)OC(=O)N1CC[C@](CO)(Nc2cc(-c3cnc(N)nc3)nc(N3CCOCC3)n2)C1
CC(C)n1cnc2c(-c3ccc(F)c(Oc4ccc(C#N)cn4)c3)cnnc21,1.57978359661681,pharmabench_hlm,CC(C)n1cnc2c(-c3ccc(F)c(Oc4ccc(C#N)cn4)c3)cnnc21
CCOc1cc(S(=O)(=O)CC)ccc1-c1cc(-c2cnnc3c2ncn3CC)ccc1F,1.0791812460476249,pharmabench_hlm,CCOc1cc(S(=O)(=O)CC)ccc1-c1cc(-c2cnnc3c2ncn3CC)ccc1F
CCN1CCCN(c2ncc(-c3cc4nccc(Nc5cnccn5)c4cc3C)cn2)CC1,2.4771212547196626,pharmabench_hlm,CCN1CCCN(c2ncc(-c3cc4nccc(Nc5cnccn5)c4cc3C)cn2)CC1
CCCN1CCCN(c2ncc(-c3ccc4c(Nc5cnccn5)ccnc4c3C)cn2)CC1,2.4771212547196626,pharmabench_hlm,CCCN1CCCN(c2ncc(-c3ccc4c(Nc5cnccn5)ccnc4c3C)cn2)CC1
CN1CC/C=C/[C@H](OCCN2CCC(F)(F)CC2)[C@@H]2CC[C@H]2CN2C[C@@]3(CCCc4cc(Cl)ccc43)COc3ccc(cc32)[C@@](O)(C(=O)NS(=O)(=O)N(C)C)CC1=O,1.6334684555795864,pharmabench_hlm,CN1CC/C=C/[C@H](OCCN2CCC(F)(F)CC2)[C@@H]2CC[C@H]2CN2C[C@@]3(CCCc4cc(Cl)ccc43)COc3ccc(cc32)[C@@](O)(C(=O)NS(=O)(=O)N(C)C)CC1=O
Cc1ncc(NC(=O)c2cccc(C(F)(F)F)c2)cc1-c1cnc(O[C@H]2CCOC[C@H]2F)c(N2CCOCC2)c1,1.816241299991783,pharmabench_hlm,Cc1ncc(NC(=O)c2cccc(C(F)(F)F)c2)cc1-c1cnc(O[C@H]2CCOC[C@H]2F)c(N2CCOCC2)c1
CC(C)(Nc1ccc2[nH]nc(-c3ccc(N4CCNCC4)nc3)c2c1)c1ccccc1,3.239799818447098,pharmabench_hlm,CC(C)(Nc1ccc2[nH]nc(-c3ccc(N4CCNCC4)nc3)c2c1)c1ccccc1
CS(=O)(=O)c1ccc(F)cc1CNc1ccc2[nH]nc(-c3ccc(N4CCNCC4)nc3)c2c1,2.24551266781415,pharmabench_hlm,CS(=O)(=O)c1ccc(F)cc1CNc1ccc2[nH]nc(-c3ccc(N4CCNCC4)nc3)c2c1
Cc1cc(C(F)(F)F)cc(N2C(=O)[C@@H](O)C[C@H]2C(=O)N(C)c2ccc(F)c(Cl)c2)n1,1.7781512503836436,pharmabench_hlm,Cc1cc(C(F)(F)F)cc(N2C(=O)[C@@H](O)C[C@H]2C(=O)N(C)c2ccc(F)c(Cl)c2)n1
C[C@H]1c2cccc(CC(C)(C)O)c2C[C@H](CO)N1C(=O)Cc1c(Cl)cccc1Cl,1.4913616938342726,pharmabench_hlm,C[C@H]1c2cccc(CC(C)(C)O)c2C[C@H](CO)N1C(=O)Cc1c(Cl)cccc1Cl
CN1OC(CO)Cn2nc3c(c2C1=O)CN(C(=O)Nc1ccc(F)c(Cl)c1)CC3,0.9030899869919436,pharmabench_hlm,CN1OC(CO)Cn2nc3c(c2C1=O)CN(C(=O)Nc1ccc(F)c(Cl)c1)CC3
CN1O[C@H](CO)Cn2nc3c(c2C1=O)CN(C(=O)Nc1ccc(F)c(Cl)c1)CC3,0.9542425094393248,pharmabench_hlm,CN1O[C@H](CO)Cn2nc3c(c2C1=O)CN(C(=O)Nc1ccc(F)c(Cl)c1)CC3
COc1ccc(NC(=O)c2cccc(-c3nc(NC(P(=O)(O)O)P(=O)(O)O)c4ccsc4n3)c2)cc1F,0.8450980400142568,pharmabench_hlm,COc1ccc(NC(=O)c2cccc(-c3nc(NC(P(=O)(O)O)P(=O)(O)O)c4ccsc4n3)c2)cc1F
Nc1cccnc1C(=O)Nc1ccc(N2C(=O)c3ccccc3C2=O)c(Cl)c1,0.7634279935629372,pharmabench_hlm,Nc1cccnc1C(=O)Nc1ccc(N2C(=O)c3ccccc3C2=O)c(Cl)c1
CCc1cc2ccc(CN3CCN(c4ccc(C(=O)NC)cc4)CC3)cc2[nH]c1=O,1.0413926851582251,pharmabench_hlm,CCc1cc2ccc(CN3CCN(c4ccc(C(=O)NC)cc4)CC3)cc2[nH]c1=O
Cc1nn(C)cc1[C@@H](C)Nc1nnc(C)c2cnc(N3CCOCC3)cc12,1.568201724066995,pharmabench_hlm,Cc1nn(C)cc1[C@@H](C)Nc1nnc(C)c2cnc(N3CCOCC3)cc12
Cc1nnc(N[C@H](C)c2cn(C)nc2C(F)(F)F)c2cc(N3CCOCC3)ncc12,2.597695185925512,pharmabench_hlm,Cc1nnc(N[C@H](C)c2cn(C)nc2C(F)(F)F)c2cc(N3CCOCC3)ncc12
CCCOc1ccccc1NC(=O)c1ccccc1NS(=O)(=O)C1CC1,2.0629578340845103,pharmabench_hlm,CCCOc1ccccc1NC(=O)c1ccccc1NS(=O)(=O)C1CC1
Cc1onc(-c2ccc(F)cc2)c1COc1ccc2c(n1)CCN(C(=O)CS(C)(=O)=O)C2,0.7781512503836436,pharmabench_hlm,Cc1onc(-c2ccc(F)cc2)c1COc1ccc2c(n1)CCN(C(=O)CS(C)(=O)=O)C2
COc1ccc(N(C)C(=O)[C@H](Cc2ccccc2)NC(=O)CN2CCN(S(=O)(=O)c3ccc(N)cc3)CC2=O)cc1,2.48826861549546,pharmabench_hlm,COc1ccc(N(C)C(=O)[C@H](Cc2ccccc2)NC(=O)CN2CCN(S(=O)(=O)c3ccc(N)cc3)CC2=O)cc1
CS(=O)(=O)Nc1ccccc1CNc1ccc2[nH]nc(-c3ccc(OC4CCNCC4)nc3)c2c1,2.509202522331103,pharmabench_hlm,CS(=O)(=O)Nc1ccccc1CNc1ccc2[nH]nc(-c3ccc(OC4CCNCC4)nc3)c2c1
N#CCCn1cc(-c2nc(Nc3ccc4c(c3)CCN4)ncc2F)cn1,2.6392872259102367,pharmabench_hlm,N#CCCn1cc(-c2nc(Nc3ccc4c(c3)CCN4)ncc2F)cn1
Cc1noc2c1-c1ccccc1N(c1ccc(C#N)cc1)CC2,1.230448921378274,pharmabench_hlm,Cc1noc2c1-c1ccccc1N(c1ccc(C#N)cc1)CC2
CC(=O)N1CCC(C2=C(C)c3cc(O)ccc3O[C@H]2c2ccc(OCCN3CC(CF)C3)cc2)CC1,1.146128035678238,pharmabench_hlm,CC(=O)N1CCC(C2=C(C)c3cc(O)ccc3O[C@H]2c2ccc(OCCN3CC(CF)C3)cc2)CC1
CC1=C(c2ccc(F)cc2)[C@H](c2ccc(OCCN3CC(CF)C3)cc2)Oc2cc(F)c(O)cc21,0.9030899869919436,pharmabench_hlm,CC1=C(c2ccc(F)cc2)[C@H](c2ccc(OCCN3CC(CF)C3)cc2)Oc2cc(F)c(O)cc21
CC1=C(c2cccc(O)c2)[C@H](c2ccc(OCCN3CC(CF)C3)cc2)Oc2ccc(O)cc21,1.1416506143517748,pharmabench_hlm,CC1=C(c2cccc(O)c2)[C@H](c2ccc(OCCN3CC(CF)C3)cc2)Oc2ccc(O)cc21
CC1=C(c2ccc(=O)[nH]c2)[C@H](c2ccc(OCCN3CC(CF)C3)cc2)Oc2ccc(O)cc21,1.0,pharmabench_hlm,CC1=C(c2ccc(=O)[nH]c2)[C@H](c2ccc(OCCN3CC(CF)C3)cc2)Oc2ccc(O)cc21
CC(C)(F)c1noc(N2CCC(N(c3cc(OC4CCN(S(C)(=O)=O)CC4)ncn3)C(F)(F)F)CC2)n1,1.4313637641589874,pharmabench_hlm,CC(C)(F)c1noc(N2CCC(N(c3cc(OC4CCN(S(C)(=O)=O)CC4)ncn3)C(F)(F)F)CC2)n1
CC/C(=C(\c1ccc(O)cc1)c1ccc(OCCN(C)C)cc1)c1ccccc1,1.146128035678238,pharmabench_hlm,CC/C(=C(\c1ccc(O)cc1)c1ccc(OCCN(C)C)cc1)c1ccccc1
Cc1ncsc1-c1ccc([C@@H](C)NC(=O)[C@@H]2C[C@@H](O)CN2C(=O)[C@H](NC(=O)COCCOCc2cn(CCOc3ccc(N(Cc4cccc(O)c4Cl)CC4(c5ccccc5F)CCCC4)cc3)nn2)C(C)(C)C)cc1,1.7708520116421442,pharmabench_hlm,Cc1ncsc1-c1ccc([C@@H](C)NC(=O)[C@@H]2C[C@@H](O)CN2C(=O)[C@H](NC(=O)COCCOCc2cn(CCOc3ccc(N(Cc4cccc(O)c4Cl)CC4(c5ccccc5F)CCCC4)cc3)nn2)C(C)(C)C)cc1
Cc1cnc(Nc2ccc3c(c2)CCN3S(=O)(=O)c2ccc(C(F)(F)F)cc2)nc1-c1cnn(C2CC2)c1,2.525563058270067,pharmabench_hlm,Cc1cnc(Nc2ccc3c(c2)CCN3S(=O)(=O)c2ccc(C(F)(F)F)cc2)nc1-c1cnn(C2CC2)c1
Cc1cnc(Nc2ccc3c(c2)CCN3S(=O)(=O)c2ccc(C(F)(F)F)cc2)nc1-c1cnn(C2CCC2)c1,1.8524799936368563,pharmabench_hlm,Cc1cnc(Nc2ccc3c(c2)CCN3S(=O)(=O)c2ccc(C(F)(F)F)cc2)nc1-c1cnn(C2CCC2)c1
CN[C@@H](C)C(=O)N[C@H](C(=O)N1CCC[C@H]1c1nc(C(=O)c2ccc(F)cc2)cs1)C1CCN(C(=O)c2cnc(N3CCC(CCOc4cc5ncnc(Nc6n[nH]c(C)c6C)c5cc4S(=O)(=O)C(C)(C)C)CC3)nc2)CC1,0.3463529744506387,pharmabench_hlm,CN[C@@H](C)C(=O)N[C@H](C(=O)N1CCC[C@H]1c1nc(C(=O)c2ccc(F)cc2)cs1)C1CCN(C(=O)c2cnc(N3CCC(CCOc4cc5ncnc(Nc6n[nH]c(C)c6C)c5cc4S(=O)(=O)C(C)(C)C)CC3)nc2)CC1
CN[C@@H](C)C(=O)N[C@H](C(=O)N1CCC[C@H]1c1nc(C(=O)c2ccc(F)cc2)cs1)C1CCN(C(=O)c2cnc(N3CCN(CCCOc4cc5ncnc(Nc6n[nH]c(C)c6C)c5cc4S(=O)(=O)C(C)(C)C)CC3)cn2)CC1,-0.1674910872937636,pharmabench_hlm,CN[C@@H](C)C(=O)N[C@H](C(=O)N1CCC[C@H]1c1nc(C(=O)c2ccc(F)cc2)cs1)C1CCN(C(=O)c2cnc(N3CCN(CCCOc4cc5ncnc(Nc6n[nH]c(C)c6C)c5cc4S(=O)(=O)C(C)(C)C)CC3)cn2)CC1
Cc1cc2nnccc2cc1Nc1ncc2c(n1)n(C1CCN(C)CC1)c(=O)n2C,1.230448921378274,pharmabench_hlm,Cc1cc2nnccc2cc1Nc1ncc2c(n1)n(C1CCN(C)CC1)c(=O)n2C
COCCCn1cc(CN(C(=O)[C@H]2CNCCO2)C2CC2)c2cccnc21,1.591064607026499,pharmabench_hlm,COCCCn1cc(CN(C(=O)[C@H]2CNCCO2)C2CC2)c2cccnc21
CC(C)c1c(NC(=O)Nc2ccnc(C(F)(F)F)c2)cnc2cc(Cl)nn12,1.7853298350107671,pharmabench_hlm,CC(C)c1c(NC(=O)Nc2ccnc(C(F)(F)F)c2)cnc2cc(Cl)nn12
C[C@@H]1NS(=O)(=O)c2ccc(Nc3nn([C@H]4COCC[C@@H]4C#N)cc3C(N)=O)cc21,1.792391689498254,pharmabench_hlm,C[C@@H]1NS(=O)(=O)c2ccc(Nc3nn([C@H]4COCC[C@@H]4C#N)cc3C(N)=O)cc21
COC(=O)NCCCn1cc(CN(C(=O)[C@H]2CNCCO2)C2CC2)c2ccc(C)nc21,2.100370545117563,pharmabench_hlm,COC(=O)NCCCn1cc(CN(C(=O)[C@H]2CNCCO2)C2CC2)c2ccc(C)nc21
COC(=O)NCCCn1cc([C@H](C)N(C(=O)[C@H]2CNCCO2)C2CC2)c2cccnc21,1.8388490907372552,pharmabench_hlm,COC(=O)NCCCn1cc([C@H](C)N(C(=O)[C@H]2CNCCO2)C2CC2)c2cccnc21
Cc1cc2c(Nc3ccccc3F)cc(C(=O)NC3CC3)nc2cn1,1.3979400086720375,pharmabench_hlm,Cc1cc2c(Nc3ccccc3F)cc(C(=O)NC3CC3)nc2cn1
CC(C)c1ncc(N2CC[C@H]2C)c2cnc(Nc3ccnc(N4CC[C@@H](O)[C@@](C)(F)C4)n3)cc12,2.201397124320452,pharmabench_hlm,CC(C)c1ncc(N2CC[C@H]2C)c2cnc(Nc3ccnc(N4CC[C@@H](O)[C@@](C)(F)C4)n3)cc12
C=CC(=O)N1CCN2c3c(cnc4cc(-c5c(O)cccc5F)c(Cl)cc34)N(C)C(=O)[C@H]2C1,1.380211241711606,pharmabench_hlm,C=CC(=O)N1CCN2c3c(cnc4cc(-c5c(O)cccc5F)c(Cl)cc34)N(C)C(=O)[C@H]2C1
Cn1cnc2ncn(Cc3nn(C[C@H](F)c4ccc(Cl)cc4)c(=O)o3)c(=O)c21,0.7481880270062004,pharmabench_hlm,Cn1cnc2ncn(Cc3nn(C[C@H](F)c4ccc(Cl)cc4)c(=O)o3)c(=O)c21
Cc1cc2ncccc2cc1Nc1ncc2c(n1)n([C@@H]1CNC[C@@H]1F)c(=O)n2C,1.1760912590556811,pharmabench_hlm,Cc1cc2ncccc2cc1Nc1ncc2c(n1)n([C@@H]1CNC[C@@H]1F)c(=O)n2C
CC(C)(C(=O)Nc1ccc(Cl)cc1)N1CCC2(CC1)COc1cc(C(F)(F)F)ccc12,1.5314789170422551,pharmabench_hlm,CC(C)(C(=O)Nc1ccc(Cl)cc1)N1CCC2(CC1)COc1cc(C(F)(F)F)ccc12
CNC(=O)c1nn(C)c2ccc(Nc3nccc(-n4cc(CN(C)C)cn4)n3)cc12,1.7160033436347992,pharmabench_hlm,CNC(=O)c1nn(C)c2ccc(Nc3nccc(-n4cc(CN(C)C)cn4)n3)cc12
CN(OCCO)C(=O)c1n[nH]c2c1CN(C(=O)Nc1cccc(Cl)c1)CC2,1.4913616938342726,pharmabench_hlm,CN(OCCO)C(=O)c1n[nH]c2c1CN(C(=O)Nc1cccc(Cl)c1)CC2
Oc1nc(-c2cc(-c3ccon3)n(Cc3ccccc3F)n2)ncc1F,0.7781512503836436,pharmabench_hlm,Oc1nc(-c2cc(-c3ccon3)n(Cc3ccccc3F)n2)ncc1F
O=S(=O)(Nc1cccc(F)n1)c1cc(F)c(O[C@H]2CCN(CC(F)(F)F)C[C@@H]2c2ccc(F)c(F)c2)cc1F,0.8750612633917001,pharmabench_hlm,O=S(=O)(Nc1cccc(F)n1)c1cc(F)c(O[C@H]2CCN(CC(F)(F)F)C[C@@H]2c2ccc(F)c(F)c2)cc1F
C[C@@H](CF)n1ccc2nc(Nc3cnn(C4CCN(C)CC4)c3)nc(NC3(C)CC3)c2c1=O,-1.2924298239020635,pharmabench_hlm,C[C@@H](CF)n1ccc2nc(Nc3cnn(C4CCN(C)CC4)c3)nc(NC3(C)CC3)c2c1=O
CN1CCC(n2cc(Nc3nc(NC4(C)CC4)c4c(=O)n(-c5cn(C)nn5)ccc4n3)cn2)CC1,-1.3098039199714864,pharmabench_hlm,CN1CCC(n2cc(Nc3nc(NC4(C)CC4)c4c(=O)n(-c5cn(C)nn5)ccc4n3)cn2)CC1
Cc1ccc(CCNC(=O)Cn2nnc3ccccc3c2=O)cc1,1.5563025007672873,pharmabench_hlm,Cc1ccc(CCNC(=O)Cn2nnc3ccccc3c2=O)cc1
C[C@@H](CNC(=O)Cn1nnc2ccccc2c1=O)c1ccccc1,1.255272505103306,pharmabench_hlm,C[C@@H](CNC(=O)Cn1nnc2ccccc2c1=O)c1ccccc1
O=C(Cn1nnc2ccccc2c1=O)Nc1ccc(Cl)cc1,1.3010299956639813,pharmabench_hlm,O=C(Cn1nnc2ccccc2c1=O)Nc1ccc(Cl)cc1
COc1ccc([C@H](C)NC(=O)Cn2nnc3ccccc3c2=O)c(OC)c1,1.380211241711606,pharmabench_hlm,COc1ccc([C@H](C)NC(=O)Cn2nnc3ccccc3c2=O)c(OC)c1
C[C@H](NC(=O)Cn1nnc2ccccc2c1=O)c1ccn(C)n1,1.0791812460476249,pharmabench_hlm,C[C@H](NC(=O)Cn1nnc2ccccc2c1=O)c1ccn(C)n1
COc1ccc([C@H](C)NS(=O)(=O)Cn2nnc3ccccc3c2=O)cc1,1.9395192526186185,pharmabench_hlm,COc1ccc([C@H](C)NS(=O)(=O)Cn2nnc3ccccc3c2=O)cc1
COc1ccc2c(=O)n(CC(=O)N[C@@H](C)c3ccc(C)cc3)nnc2c1,2.640481436970422,pharmabench_hlm,COc1ccc2c(=O)n(CC(=O)N[C@@H](C)c3ccc(C)cc3)nnc2c1
COc1cccc2c(=O)n(CC(=O)N[C@@H](C)c3ccc(C)cc3)nnc12,2.8981764834976764,pharmabench_hlm,COc1cccc2c(=O)n(CC(=O)N[C@@H](C)c3ccc(C)cc3)nnc12
Cc1c(Nc2nc(N)c3c(C#N)c(N4CCC[C@H]4C)n(C)c3n2)cnn1C,1.619823500457278,pharmabench_hlm,Cc1c(Nc2nc(N)c3c(C#N)c(N4CCC[C@H]4C)n(C)c3n2)cnn1C
Cc1c(Nc2nc(N)c3c(C#N)c(N4CCC[C@H]4C)n(C)c3n2)cnn1CC(C)(C)O,1.4771212547196624,pharmabench_hlm,Cc1c(Nc2nc(N)c3c(C#N)c(N4CCC[C@H]4C)n(C)c3n2)cnn1CC(C)(C)O
C=C(C#N)C(O)c1ccc(-c2cccc3nc(NC(=O)C4CC4)nn23)cc1,0.9590413923210936,pharmabench_hlm,C=C(C#N)C(O)c1ccc(-c2cccc3nc(NC(=O)C4CC4)nn23)cc1
Cc1ccc2[nH]c(C(=O)N[C@H]3CN(S(=O)(=O)c4ccccc4)C[C@@H]3C(=O)NC[C@@H]3CCCN3C)cc2c1,1.4913616938342726,pharmabench_hlm,Cc1ccc2[nH]c(C(=O)N[C@H]3CN(S(=O)(=O)c4ccccc4)C[C@@H]3C(=O)NC[C@@H]3CCCN3C)cc2c1
Cc1cc(NC(=O)Cn2nnc(-c3ccccc3)n2)n(C2CCC(F)(F)CC2)n1,1.888179493918325,pharmabench_hlm,Cc1cc(NC(=O)Cn2nnc(-c3ccccc3)n2)n(C2CCC(F)(F)CC2)n1
Cc1cc(NC(=O)Cn2nnc(-c3ccccc3)n2)n(C2CCCCC2)n1,2.2706788361447066,pharmabench_hlm,Cc1cc(NC(=O)Cn2nnc(-c3ccccc3)n2)n(C2CCCCC2)n1
CCOC(C)n1cc(-c2nc(Nc3ccc4c(c3)CCN4S(=O)(=O)c3ccc(C(F)(F)F)cc3)ncc2C)cn1,1.956168430475364,pharmabench_hlm,CCOC(C)n1cc(-c2nc(Nc3ccc4c(c3)CCN4S(=O)(=O)c3ccc(C(F)(F)F)cc3)ncc2C)cn1
Cc1cnc(Nc2ccc3c(c2)CNC3=O)nc1-c1cnn(CCC#N)c1,2.250420002308894,pharmabench_hlm,Cc1cnc(Nc2ccc3c(c2)CNC3=O)nc1-c1cnn(CCC#N)c1
Cc1ncc(-c2ccc3nc(NC(=O)C4CC4)sc3c2)cc1NC(=O)OC1CCOCC1,1.6901960800285136,pharmabench_hlm,Cc1ncc(-c2ccc3nc(NC(=O)C4CC4)sc3c2)cc1NC(=O)OC1CCOCC1
Cc1noc2c1-c1ccc(-c3ccc(N)nc3)cc1N(c1ccc(C#N)cc1)CC2,1.934498451243568,pharmabench_hlm,Cc1noc2c1-c1ccc(-c3ccc(N)nc3)cc1N(c1ccc(C#N)cc1)CC2
Cn1cc(-c2n[nH]c3cc(Cl)c(N[C@@H]4CCN(C5COC5)C4)cc23)cn1,0.8388490907372553,pharmabench_hlm,Cn1cc(-c2n[nH]c3cc(Cl)c(N[C@@H]4CCN(C5COC5)C4)cc23)cn1
O=S(=O)(Nc1cccc(F)n1)c1cc(F)c(O[C@H]2CCN(CC(F)(F)F)C[C@@H]2c2ccc(F)c(F)c2)c(F)c1F,1.146128035678238,pharmabench_hlm,O=S(=O)(Nc1cccc(F)n1)c1cc(F)c(O[C@H]2CCN(CC(F)(F)F)C[C@@H]2c2ccc(F)c(F)c2)c(F)c1F
Cc1ccc([C@H](C)NC(=O)Cn2nnc3ccccc3c2=O)c(C)c1,1.5185139398778875,pharmabench_hlm,Cc1ccc([C@H](C)NC(=O)Cn2nnc3ccccc3c2=O)c(C)c1
FC(F)(F)c1nccc(N[C@H]2CC[C@@H](Nc3cnc4ccccc4c3)CC2)n1,0.7160033436347992,pharmabench_hlm,FC(F)(F)c1nccc(N[C@H]2CC[C@@H](Nc3cnc4ccccc4c3)CC2)n1
FC(F)(F)c1nccc(N[C@H]2CC[C@@H](Nc3ccc4cnccc4n3)CC2)n1,1.414973347970818,pharmabench_hlm,FC(F)(F)c1nccc(N[C@H]2CC[C@@H](Nc3ccc4cnccc4n3)CC2)n1
FC(F)(F)c1nccc(N[C@H]2CC[C@@H](Nc3ccc4ncc(Cl)n4n3)CC2)n1,0.99563519459755,pharmabench_hlm,FC(F)(F)c1nccc(N[C@H]2CC[C@@H](Nc3ccc4ncc(Cl)n4n3)CC2)n1
CSc1nnc2ccc(N[C@H]3CC[C@@H](Nc4ccnc(C(F)(F)F)n4)CC3)nn12,1.462397997898956,pharmabench_hlm,CSc1nnc2ccc(N[C@H]3CC[C@@H](Nc4ccnc(C(F)(F)F)n4)CC3)nn12
Cc1nn(C(C)C)c(C)c1-c1nc2c(-c3ccc4c(c3)CCCC[C@H]4NC(=O)c3nc(C(C)(C)C)no3)ccnc2[nH]1,1.505149978319906,pharmabench_hlm,Cc1nn(C(C)C)c(C)c1-c1nc2c(-c3ccc4c(c3)CCCC[C@H]4NC(=O)c3nc(C(C)(C)C)no3)ccnc2[nH]1
C=CC(=O)N1CCC(Oc2cc3c(Nc4ccc(Cl)c(Cl)c4F)ncnc3cc2OC)CC1,1.3424226808222062,pharmabench_hlm,C=CC(=O)N1CCC(Oc2cc3c(Nc4ccc(Cl)c(Cl)c4F)ncnc3cc2OC)CC1
CS(=O)(=O)c1cnc(Nc2ccc(O)cc2)nc1NCc1ccccc1,0.6989700043360189,pharmabench_hlm,CS(=O)(=O)c1cnc(Nc2ccc(O)cc2)nc1NCc1ccccc1
CN(Cc1ccc2nccn2c1)c1nnc(-c2ncc(C(F)(F)F)cc2Cl)o1,1.0413926851582251,pharmabench_hlm,CN(Cc1ccc2nccn2c1)c1nnc(-c2ncc(C(F)(F)F)cc2Cl)o1
CC1(C)Cc2nc(NC(=O)[C@H]3CC[C@@H](n4cnc5c(N)nc(Cl)nc54)CC3)sc2C(C)(C)N1,1.8920946026904804,pharmabench_hlm,CC1(C)Cc2nc(NC(=O)[C@H]3CC[C@@H](n4cnc5c(N)nc(Cl)nc54)CC3)sc2C(C)(C)N1
COc1ccccc1C1(N2CCN(c3cccnc3)CC2)C(=O)N(S(=O)(=O)c2ccccc2OC)c2ccc(Cl)cc21,1.968482948553935,pharmabench_hlm,COc1ccccc1C1(N2CCN(c3cccnc3)CC2)C(=O)N(S(=O)(=O)c2ccccc2OC)c2ccc(Cl)cc21
CCOc1ccc(OC)cc1C1(N2CCN(c3ccncc3)CC2)C(=O)N(S(=O)(=O)c2cccc3cccnc23)c2ccc(C#N)cc21,2.230448921378274,pharmabench_hlm,CCOc1ccc(OC)cc1C1(N2CCN(c3ccncc3)CC2)C(=O)N(S(=O)(=O)c2cccc3cccnc23)c2ccc(C#N)cc21
CCn1c(=O)n(Cc2cnn(C)c2)c(=O)c2cc(S(=O)(=O)NC3(C)CC3)ccc21,1.5440680443502757,pharmabench_hlm,CCn1c(=O)n(Cc2cnn(C)c2)c(=O)c2cc(S(=O)(=O)NC3(C)CC3)ccc21
Cc1cc(Cn2c(=O)n(Cc3cnn(C)c3)c(=O)c3cc(S(=O)(=O)NC4(C)CC4)ccc32)n(C)n1,1.5314789170422551,pharmabench_hlm,Cc1cc(Cn2c(=O)n(Cc3cnn(C)c3)c(=O)c3cc(S(=O)(=O)NC4(C)CC4)ccc32)n(C)n1
Cc1nc(C)c(Cn2c(=O)n(Cc3cnn(C)c3)c(=O)c3cc(S(=O)(=O)NC4(C)CC4)ccc32)s1,1.9867717342662448,pharmabench_hlm,Cc1nc(C)c(Cn2c(=O)n(Cc3cnn(C)c3)c(=O)c3cc(S(=O)(=O)NC4(C)CC4)ccc32)s1
Cc1cc(Cn2c(=O)n(Cc3cnc(C)s3)c(=O)c3cc(S(=O)(=O)NC4(C)CC4)ccc32)n(C)n1,1.8976270912904407,pharmabench_hlm,Cc1cc(Cn2c(=O)n(Cc3cnc(C)s3)c(=O)c3cc(S(=O)(=O)NC4(C)CC4)ccc32)n(C)n1
Cc1cc(Cn2c(=O)c3cc(S(=O)(=O)NC4(C)CC4)ccc3n(CC3COC3)c2=O)on1,1.2787536009528289,pharmabench_hlm,Cc1cc(Cn2c(=O)c3cc(S(=O)(=O)NC4(C)CC4)ccc3n(CC3COC3)c2=O)on1
CCn1cnc2c(-c3ccc(F)c(-c4cc(C(=O)NC)ccc4F)c3)cnnc21,1.5314789170422551,pharmabench_hlm,CCn1cnc2c(-c3ccc(F)c(-c4cc(C(=O)NC)ccc4F)c3)cnnc21
CCn1cnc2c(-c3ccc(F)c(-c4ccc(S(=O)(=O)C5COC5)cc4OC)c3)cnnc21,1.8260748027008264,pharmabench_hlm,CCn1cnc2c(-c3ccc(F)c(-c4ccc(S(=O)(=O)C5COC5)cc4OC)c3)cnnc21
CCn1cnc2c(-c3ccc(F)c(-c4ccnc(C)c4)c3)cnnc21,2.1958996524092336,pharmabench_hlm,CCn1cnc2c(-c3ccc(F)c(-c4ccnc(C)c4)c3)cnnc21
C[C@@H]1CN(c2ccc(OCc3ccccc3)c(C(=O)Nc3ccnnc3)c2)C[C@H](C)O1,0.3424226808222063,pharmabench_hlm,C[C@@H]1CN(c2ccc(OCc3ccccc3)c(C(=O)Nc3ccnnc3)c2)C[C@H](C)O1
O=C(Nc1ccnnc1)c1cc(N2CCC(O)CC2)ccc1OCc1ccccc1,-0.2218487496163564,pharmabench_hlm,O=C(Nc1ccnnc1)c1cc(N2CCC(O)CC2)ccc1OCc1ccccc1
N#CCCn1cc(-c2nc(Nc3ccc4c(c3)CCN4C(=O)C3(C#N)CC3)ncc2F)cn1,1.639486489268586,pharmabench_hlm,N#CCCn1cc(-c2nc(Nc3ccc4c(c3)CCN4C(=O)C3(C#N)CC3)ncc2F)cn1
C=CC(=O)N(C)CCOc1cncnc1-c1ccc(CN2CCN(CC(C)(C)C)CC2=O)c(F)c1,2.907948521612272,pharmabench_hlm,C=CC(=O)N(C)CCOc1cncnc1-c1ccc(CN2CCN(CC(C)(C)C)CC2=O)c(F)c1
O=C(N[C@H]1CN(S(=O)(=O)c2ccccc2)C[C@@H]1C(=O)N1C[C@H]2CCNC[C@H]21)c1cc(-c2ccccc2Cl)on1,0.8633228601204559,pharmabench_hlm,O=C(N[C@H]1CN(S(=O)(=O)c2ccccc2)C[C@@H]1C(=O)N1C[C@H]2CCNC[C@H]21)c1cc(-c2ccccc2Cl)on1
Fc1cc(COC2CCN(Cc3ncc4ccccn34)CC2)ccc1Cl,2.3273589343863303,pharmabench_hlm,Fc1cc(COC2CCN(Cc3ncc4ccccn34)CC2)ccc1Cl
COCCN1CC[C@H](n2c(=O)n(C)c3cnc(Nc4cc5cccnc5cc4C)nc32)C1,1.6020599913279625,pharmabench_hlm,COCCN1CC[C@H](n2c(=O)n(C)c3cnc(Nc4cc5cccnc5cc4C)nc32)C1
N#C[C@H]1CCOC[C@@H]1n1cc(C(N)=O)c(Nc2ccccc2)n1,0.7781512503836436,pharmabench_hlm,N#C[C@H]1CCOC[C@@H]1n1cc(C(N)=O)c(Nc2ccccc2)n1
C=CC(=O)N(C)CCOc1cncnc1-c1ccc(CN2CCN(CC(C)C)CC2=O)c(C)c1,2.64738297011462,pharmabench_hlm,C=CC(=O)N(C)CCOc1cncnc1-c1ccc(CN2CCN(CC(C)C)CC2=O)c(C)c1
C=CC(=O)N(C)CCOc1cncnc1-c1ccc(CN2CCN(CC(F)(F)F)CC2=O)c(C)c1,2.499687082618404,pharmabench_hlm,C=CC(=O)N(C)CCOc1cncnc1-c1ccc(CN2CCN(CC(F)(F)F)CC2=O)c(C)c1
Cc1c([C@@H](C)Nc2nnc(C)c3cnc(N4CCOCC4)cc23)cccc1C(F)(F)F,2.0569048513364727,pharmabench_hlm,Cc1c([C@@H](C)Nc2nnc(C)c3cnc(N4CCOCC4)cc23)cccc1C(F)(F)F
C[C@@H]1C[C@@H](n2cc(Nc3nc(NC4(C)CC4)c4c(=O)n(C)ccc4n3)cn2)CCN1C,-1.055517327849831,pharmabench_hlm,C[C@@H]1C[C@@H](n2cc(Nc3nc(NC4(C)CC4)c4c(=O)n(C)ccc4n3)cn2)CCN1C
CNC(=O)c1nc(C)n2ccc(Nc3nccc(-n4cc(CN(C)C)cn4)n3)cc12,1.3010299956639813,pharmabench_hlm,CNC(=O)c1nc(C)n2ccc(Nc3nccc(-n4cc(CN(C)C)cn4)n3)cc12
COC(=O)NCCCn1cc(CN(C(=O)[C@H]2CNCCO2)C2CC2)c2ccccc21,1.954242509439325,pharmabench_hlm,COC(=O)NCCCn1cc(CN(C(=O)[C@H]2CNCCO2)C2CC2)c2ccccc21
CCOc1nc(Nc2ccc(C(=O)N3CCC(F)CC3)cc2OC)nc2[nH]ccc12,0.041392685158225,pharmabench_hlm,CCOc1nc(Nc2ccc(C(=O)N3CCC(F)CC3)cc2OC)nc2[nH]ccc12
Cc1c([C@@H](C)Nc2nnc(C)c3ccc(N4CCNCC4)cc23)cccc1C(F)(F)F,1.3010299956639813,pharmabench_hlm,Cc1c([C@@H](C)Nc2nnc(C)c3ccc(N4CCNCC4)cc23)cccc1C(F)(F)F
O=C(CCCN1CCCCCC1)Nc1cnc(-c2ccc(F)cc2F)s1,1.6232492903979006,pharmabench_hlm,O=C(CCCN1CCCCCC1)Nc1cnc(-c2ccc(F)cc2F)s1
CN1CCC(Nc2ccc(C(=O)Nc3cc(-c4ccc5ncn(Cc6ccccc6)c5c4)[nH]n3)cc2)CC1,1.2988530764097066,pharmabench_hlm,CN1CCC(Nc2ccc(C(=O)Nc3cc(-c4ccc5ncn(Cc6ccccc6)c5c4)[nH]n3)cc2)CC1
CNC(=O)c1nn(C)c2ccc(Nc3nccc(-n4cc(O[C@@H]5CCCNC5)c(C)n4)n3)cc12,0.9030899869919436,pharmabench_hlm,CNC(=O)c1nn(C)c2ccc(Nc3nccc(-n4cc(O[C@@H]5CCCNC5)c(C)n4)n3)cc12
CCNC(=O)CC1CN(c2ccc(Cl)cc2)c2ccccc2-n2c(C)nnc21,1.6434526764861874,pharmabench_hlm,CCNC(=O)CC1CN(c2ccc(Cl)cc2)c2ccccc2-n2c(C)nnc21
Cc1nnc2n1-c1ccccc1N(c1ccc(Cl)cc1)CC2C,1.380211241711606,pharmabench_hlm,Cc1nnc2n1-c1ccccc1N(c1ccc(Cl)cc1)CC2C
Cc1noc2c1-c1ccc(-c3cnn(CC(N)=O)c3)cc1N(c1ccc(C#N)cc1)CC2C,1.5185139398778875,pharmabench_hlm,Cc1noc2c1-c1ccc(-c3cnn(CC(N)=O)c3)cc1N(c1ccc(C#N)cc1)CC2C
Cc1nnc2n1-c1ccc(-c3ccc(N)nc3)cc1N(c1ccc(Cl)cc1)C[C@H]2C,0.7075701760979364,pharmabench_hlm,Cc1nnc2n1-c1ccc(-c3ccc(N)nc3)cc1N(c1ccc(Cl)cc1)C[C@H]2C
Cc1cc(Nc2nc(Nc3ccccc3S(=O)(=O)C(C)C)c3cc[nH]c3n2)c(OC(C)C)cc1C1CCN(C)CC1,1.3979400086720375,pharmabench_hlm,Cc1cc(Nc2nc(Nc3ccccc3S(=O)(=O)C(C)C)c3cc[nH]c3n2)c(OC(C)C)cc1C1CCN(C)CC1
CCC(C#N)c1ccc(Cl)c2nc3n(c12)CCCN3c1ccc(Cl)cc1Cl,1.2041199826559248,pharmabench_hlm,CCC(C#N)c1ccc(Cl)c2nc3n(c12)CCCN3c1ccc(Cl)cc1Cl
CCC(OC)c1ccc(Cl)c2nc3n(c12)CCCN3c1ccc(Cl)cc1Cl,2.220108088040055,pharmabench_hlm,CCC(OC)c1ccc(Cl)c2nc3n(c12)CCCN3c1ccc(Cl)cc1Cl
CC(C)O[C@H]1CC[C@H](C(=O)N2Cc3cc(F)cnc3Nc3ccc(C4COCCO4)cc32)OC1,1.6989700043360187,pharmabench_hlm,CC(C)O[C@H]1CC[C@H](C(=O)N2Cc3cc(F)cnc3Nc3ccc(C4COCCO4)cc32)OC1
N#Cc1cccc(C(=O)c2cnc(NCc3cccnc3)nc2)c1,4.57978359661681,pharmabench_hlm,N#Cc1cccc(C(=O)c2cnc(NCc3cccnc3)nc2)c1
N#Cc1cccc(C(=O)c2cnc(NC3(c4cncnc4)CC3)nc2)c1,4.146128035678238,pharmabench_hlm,N#Cc1cccc(C(=O)c2cnc(NC3(c4cncnc4)CC3)nc2)c1
CC(C)c1cnc(N2CC(CS(C)(=O)=O)C2)c2cnc(Nc3ccnc(N4CC[C@@H](O)[C@@](C)(F)C4)n3)cc12,0.9822712330395684,pharmabench_hlm,CC(C)c1cnc(N2CC(CS(C)(=O)=O)C2)c2cnc(Nc3ccnc(N4CC[C@@H](O)[C@@](C)(F)C4)n3)cc12
CN[C@@H](C)C(=O)N[C@H](C(=O)N1CCC[C@H]1c1nc(C(=O)c2ccc(F)cc2)cs1)C1CCN(C(=O)COCCOCCOCCOCCOc2cc3ncnc(Nc4n[nH]c(C)c4C)c3cc2S(=O)(=O)C(C)(C)C)CC1,0.4871383754771864,pharmabench_hlm,CN[C@@H](C)C(=O)N[C@H](C(=O)N1CCC[C@H]1c1nc(C(=O)c2ccc(F)cc2)cs1)C1CCN(C(=O)COCCOCCOCCOCCOc2cc3ncnc(Nc4n[nH]c(C)c4C)c3cc2S(=O)(=O)C(C)(C)C)CC1
CN[C@@H](C)C(=O)N[C@H](C(=O)N1CCC[C@H]1c1nc(C(=O)c2ccc(F)cc2)cs1)C1CCN(C(=O)c2cnc(N3CCN(CCCOc4cc5ncnc(Nc6n[nH]c(C)c6C)c5cc4S(=O)(=O)C(C)(C)C)CC3)nc2)CC1,2.103803720955957,pharmabench_hlm,CN[C@@H](C)C(=O)N[C@H](C(=O)N1CCC[C@H]1c1nc(C(=O)c2ccc(F)cc2)cs1)C1CCN(C(=O)c2cnc(N3CCN(CCCOc4cc5ncnc(Nc6n[nH]c(C)c6C)c5cc4S(=O)(=O)C(C)(C)C)CC3)nc2)CC1
N#CCCn1cc(-c2nc(Nc3ccc4c(c3)CNC4=O)ncc2F)cn1,1.3873898263387294,pharmabench_hlm,N#CCCn1cc(-c2nc(Nc3ccc4c(c3)CNC4=O)ncc2F)cn1
C[C@@]1(S(C)(=O)=O)CC[C@@](CF)(c2cc(NC(=O)c3cc4c(cn3)OCCO4)ccc2F)N=C1N,1.0530784434834195,pharmabench_hlm,C[C@@]1(S(C)(=O)=O)CC[C@@](CF)(c2cc(NC(=O)c3cc4c(cn3)OCCO4)ccc2F)N=C1N
CNC(=O)c1csc2c(C(F)(F)F)cc(N3CCC(OC(=O)NCC4CC4)CC3)nc12,1.7708520116421442,pharmabench_hlm,CNC(=O)c1csc2c(C(F)(F)F)cc(N3CCC(OC(=O)NCC4CC4)CC3)nc12
COc1ccc(NC(=O)[C@H]2SCCNC2=O)cc1,1.1139433523068367,pharmabench_hlm,COc1ccc(NC(=O)[C@H]2SCCNC2=O)cc1
COc1ccc(NC(=O)[C@@H]2SCCNC2=O)cc1,0.7781512503836436,pharmabench_hlm,COc1ccc(NC(=O)[C@@H]2SCCNC2=O)cc1
CC[C@H](NC(=O)Cn1nnc2ccccc2c1=O)c1ccc(C)cc1,1.4913616938342726,pharmabench_hlm,CC[C@H](NC(=O)Cn1nnc2ccccc2c1=O)c1ccc(C)cc1
CN(Cc1ccc2nccn2c1)c1nnc(-c2ccc(-c3ccccc3Cl)nc2)o1,1.963787827345556,pharmabench_hlm,CN(Cc1ccc2nccn2c1)c1nnc(-c2ccc(-c3ccccc3Cl)nc2)o1
C[C@@H]1CCN(c2cc(-c3ccccc3)ccn2)C[C@H]1c1cc(C(F)F)nc2ncnn12,1.57978359661681,pharmabench_hlm,C[C@@H]1CCN(c2cc(-c3ccccc3)ccn2)C[C@H]1c1cc(C(F)F)nc2ncnn12
O=C(Nc1ccc(Cl)cc1)C(=O)N1CCC2(CC1)COc1cc(C(F)F)ccc12,1.3010299956639813,pharmabench_hlm,O=C(Nc1ccc(Cl)cc1)C(=O)N1CCC2(CC1)COc1cc(C(F)F)ccc12
Cc1c(Nc2nc(N)c3c(C#N)c(N4CCC[C@H]4C)n(C)c3n2)cnn1[C@H]1CCOC1,1.3679147387937527,pharmabench_hlm,Cc1c(Nc2nc(N)c3c(C#N)c(N4CCC[C@H]4C)n(C)c3n2)cnn1[C@H]1CCOC1
O=C(CCCN1CCCCCC1)Nc1cnc(-c2ccc(F)c(F)c2)s1,1.6232492903979006,pharmabench_hlm,O=C(CCCN1CCCCCC1)Nc1cnc(-c2ccc(F)c(F)c2)s1
Cc1ccc(-c2cc3occ(CN4CCC[C@H](N)C4)c3cc2-c2ccc(C#N)cc2)cc1,1.3891660843645324,pharmabench_hlm,Cc1ccc(-c2cc3occ(CN4CCC[C@H](N)C4)c3cc2-c2ccc(C#N)cc2)cc1
CC(C)(F)CN1CCc2cc(O)ccc2C1c1ccc(OCCCCCCC(=O)NO)cc1,2.120277720339369,pharmabench_hlm,CC(C)(F)CN1CCc2cc(O)ccc2C1c1ccc(OCCCCCCC(=O)NO)cc1
N#Cc1cccc(C(=O)c2cnc(NC3(c4ccccc4)CC3)nc2)c1,4.414973347970818,pharmabench_hlm,N#Cc1cccc(C(=O)c2cnc(NC3(c4ccccc4)CC3)nc2)c1
O=C(c1cnc(NC2(c3cncnc3)CCC2)nc1)N1CCC2(CCOCC2)C1,4.505149978319906,pharmabench_hlm,O=C(c1cnc(NC2(c3cncnc3)CCC2)nc1)N1CCC2(CCOCC2)C1
Cc1cnc(N2CCN(Cc3ccc4c(c3)[nH]c(=O)c3ccccc34)CC2)n1C,1.414973347970818,pharmabench_hlm,Cc1cnc(N2CCN(Cc3ccc4c(c3)[nH]c(=O)c3ccccc34)CC2)n1C
CCc1cc2ccc(CN3CCN(c4cnc(C(=O)NC)cn4)CC3)cc2[nH]c1=O,1.255272505103306,pharmabench_hlm,CCc1cc2ccc(CN3CCN(c4cnc(C(=O)NC)cn4)CC3)cc2[nH]c1=O
O=C(c1ccc(-c2cnccn2)cc1)N(c1nccc2ccccc12)[C@@H]1CCCNC1,1.0413926851582251,pharmabench_hlm,O=C(c1ccc(-c2cnccn2)cc1)N(c1nccc2ccccc12)[C@@H]1CCCNC1
Cn1cnc2ncn(Cc3nn([C@@H]4CC[C@@H](c5ccc(Cl)cc5)C4)c(=O)o3)c(=O)c21,1.0791812460476249,pharmabench_hlm,Cn1cnc2ncn(Cc3nn([C@@H]4CC[C@@H](c5ccc(Cl)cc5)C4)c(=O)o3)c(=O)c21
O=S(=O)(Nc1cccc(OC(F)(F)F)c1)c1ccccc1C(F)(F)F,1.740362689494244,pharmabench_hlm,O=S(=O)(Nc1cccc(OC(F)(F)F)c1)c1ccccc1C(F)(F)F
N#Cc1c(Cl)cccc1NS(=O)(=O)c1ccccc1C(F)(F)F,1.4771212547196624,pharmabench_hlm,N#Cc1c(Cl)cccc1NS(=O)(=O)c1ccccc1C(F)(F)F
N#Cc1ccccc1NS(=O)(=O)c1ccccc1C(F)(F)F,1.2787536009528289,pharmabench_hlm,N#Cc1ccccc1NS(=O)(=O)c1ccccc1C(F)(F)F
Cc1csc(NC(=O)[C@H]2CC[C@@H](n3cnc4c(N)nc(Cl)nc43)CC2)n1,1.0791812460476249,pharmabench_hlm,Cc1csc(NC(=O)[C@H]2CC[C@@H](n3cnc4c(N)nc(Cl)nc43)CC2)n1
Cc1csc(NC(=O)[C@H]2CC[C@@H](n3cnc4c(N)nc(F)nc43)CC2)n1,1.0791812460476249,pharmabench_hlm,Cc1csc(NC(=O)[C@H]2CC[C@@H](n3cnc4c(N)nc(F)nc43)CC2)n1
Cc1cccc(C(=O)c2cnc(NCc3cccnc3)nc2)c1,4.707570176097937,pharmabench_hlm,Cc1cccc(C(=O)c2cnc(NCc3cccnc3)nc2)c1
CC(C)c1cccc(-c2c(C(=O)O)c(N(C)C)nc3ccc(Cl)cc23)c1,1.230448921378274,pharmabench_hlm,CC(C)c1cccc(-c2c(C(=O)O)c(N(C)C)nc3ccc(Cl)cc23)c1
O=C(C1CCN(CC(F)(F)F)CC1)N1Cc2cc(F)cnc2Nc2ccc(N3C[C@@H]4C[C@H]3CO4)cc21,1.5185139398778875,pharmabench_hlm,O=C(C1CCN(CC(F)(F)F)CC1)N1Cc2cc(F)cnc2Nc2ccc(N3C[C@@H]4C[C@H]3CO4)cc21
Cc1ccc(CN2CCC(F)(F)[C@H](CCc3ccccc3)C2)cc1C,2.03342375548695,pharmabench_hlm,Cc1ccc(CN2CCC(F)(F)[C@H](CCc3ccccc3)C2)cc1C
Fc1ccc2c(CN3CCC(F)(F)[C@H](CCc4ccccc4)C3)c[nH]c2c1,2.0453229787866576,pharmabench_hlm,Fc1ccc2c(CN3CCC(F)(F)[C@H](CCc4ccccc4)C3)c[nH]c2c1
Cc1c(Nc2nc(N)c3c(C#N)c(N4CCC[C@H]4C)n(C)c3n2)cnn1C1COC1,1.1562461903973444,pharmabench_hlm,Cc1c(Nc2nc(N)c3c(C#N)c(N4CCC[C@H]4C)n(C)c3n2)cnn1C1COC1
CNC(=O)Nc1ccc2c(c1)CC[C@@]21OC(=O)N(CC(=O)N2Cc3ccc(F)cc3CC[C@H]2C2CC2)C1=O,2.049218022670181,pharmabench_hlm,CNC(=O)Nc1ccc2c(c1)CC[C@@]21OC(=O)N(CC(=O)N2Cc3ccc(F)cc3CC[C@H]2C2CC2)C1=O
CN(C)C(=O)CO[C@H]1/C=C/CCN(C)C(=O)C[C@](O)(C(=O)NS(=O)(=O)N(C)C)c2ccc3c(c2)N(C[C@@H]2CC[C@H]21)C[C@@]1(CCCc2cc(Cl)ccc21)CO3,1.2787536009528289,pharmabench_hlm,CN(C)C(=O)CO[C@H]1/C=C/CCN(C)C(=O)C[C@](O)(C(=O)NS(=O)(=O)N(C)C)c2ccc3c(c2)N(C[C@@H]2CC[C@H]21)C[C@@]1(CCCc2cc(Cl)ccc21)CO3
CCn1c(-c2nnc(N(C)Cc3ccc4nccn4c3)o2)nc2ccccc21,1.740362689494244,pharmabench_hlm,CCn1c(-c2nnc(N(C)Cc3ccc4nccn4c3)o2)nc2ccccc21
CCOC(=O)c1n[nH]c2c1CN(C(=O)Nc1cccc(Cl)c1)CC2,2.2329961103921536,pharmabench_hlm,CCOC(=O)c1n[nH]c2c1CN(C(=O)Nc1cccc(Cl)c1)CC2
CN(OC1COC1)C(=O)c1n[nH]c2c1CN(C(=O)Nc1cccc(Cl)c1)CC2,0.9030899869919436,pharmabench_hlm,CN(OC1COC1)C(=O)c1n[nH]c2c1CN(C(=O)Nc1cccc(Cl)c1)CC2
C[C@@H]1Cc2nn3c(c2CN1C(=O)Nc1ccc(F)c(Cl)c1)C(=O)N(C)O[C@@H](CO)C3,1.0413926851582251,pharmabench_hlm,C[C@@H]1Cc2nn3c(c2CN1C(=O)Nc1ccc(F)c(Cl)c1)C(=O)N(C)O[C@@H](CO)C3
CN(C)c1noc(-c2cccc(CNc3ccc4[nH]nc(C(=O)O)c4c3)c2)n1,-0.3010299956639812,pharmabench_hlm,CN(C)c1noc(-c2cccc(CNc3ccc4[nH]nc(C(=O)O)c4c3)c2)n1
Cc1cc(=O)n(-c2ccc(N3CCC(Cc4ccc(Cl)c(F)c4)CC3)c(Cl)c2)c(C)n1,1.2227164711475833,pharmabench_hlm,Cc1cc(=O)n(-c2ccc(N3CCC(Cc4ccc(Cl)c(F)c4)CC3)c(Cl)c2)c(C)n1
Cc1cnc2c(c1)nnn2-c1ccc(CCC(=O)N(c2ncccc2Cl)[C@@H]2CCCNC2)nc1,0.9684829485539352,pharmabench_hlm,Cc1cnc2c(c1)nnn2-c1ccc(CCC(=O)N(c2ncccc2Cl)[C@@H]2CCCNC2)nc1
Cc1c([C@@H](C)Nc2nnc(C)c3cnc(N4CCOCC4)cc23)cccc1S(C)(=O)=O,2.7032913781186614,pharmabench_hlm,Cc1c([C@@H](C)Nc2nnc(C)c3cnc(N4CCOCC4)cc23)cccc1S(C)(=O)=O
Cc1nc(-c2cccc(C(N)=O)c2)n2c1c(C)nc1scnc12,0.3010299956639812,pharmabench_hlm,Cc1nc(-c2cccc(C(N)=O)c2)n2c1c(C)nc1scnc12
Cc1ncccc1-c1nc(C)c2c(C)nc3scnc3n12,0.3010299956639812,pharmabench_hlm,Cc1ncccc1-c1nc(C)c2c(C)nc3scnc3n12
CCc1ccc(N2CCN(C)CC2)c2c1CCN(C(=O)Nc1ccc(-c3ccc(C(F)(F)F)cc3)cn1)C2,-0.9706162223147904,pharmabench_hlm,CCc1ccc(N2CCN(C)CC2)c2c1CCN(C(=O)Nc1ccc(-c3ccc(C(F)(F)F)cc3)cn1)C2
CC(C)(Oc1c(Cl)cc(Cn2ncn(-c3ccc(C(F)(F)F)cc3)c2=O)cc1Cl)C(=O)O,1.0111473607757977,pharmabench_hlm,CC(C)(Oc1c(Cl)cc(Cn2ncn(-c3ccc(C(F)(F)F)cc3)c2=O)cc1Cl)C(=O)O
Cc1c(Nc2nc(N)c3c(C#N)c(N4CCC[C@H]4C)n(C)c3n2)cnn1[C@@H]1CCOC1,1.4522465745204372,pharmabench_hlm,Cc1c(Nc2nc(N)c3c(C#N)c(N4CCC[C@H]4C)n(C)c3n2)cnn1[C@@H]1CCOC1
CC[C@@H](c1nc2cccc(F)c2c(=O)n1C1CC1)n1nc(-c2ccc(OC)c(F)c2)c2c(N)ncnc21,0.8692317197309762,pharmabench_hlm,CC[C@@H](c1nc2cccc(F)c2c(=O)n1C1CC1)n1nc(-c2ccc(OC)c(F)c2)c2c(N)ncnc21
COc1cccc(NC(=O)c2cncc(-c3ccc(C(=O)N4CCNCC4)cc3)c2)c1,0.8450980400142568,pharmabench_hlm,COc1cccc(NC(=O)c2cncc(-c3ccc(C(=O)N4CCNCC4)cc3)c2)c1
CCCC(=O)c1n[nH]c2c1CN(C(=O)Nc1cccc(Cl)c1)CC2,2.330413773349191,pharmabench_hlm,CCCC(=O)c1n[nH]c2c1CN(C(=O)Nc1cccc(Cl)c1)CC2
C[C@@H]1Cc2nn3c(c2CN1C(=O)Nc1ccc(F)c(Cl)c1)C(=O)N(C)O[C@@H](CN(C)C)C3,1.2787536009528289,pharmabench_hlm,C[C@@H]1Cc2nn3c(c2CN1C(=O)Nc1ccc(F)c(Cl)c1)C(=O)N(C)O[C@@H](CN(C)C)C3
COc1ccc(N2CCN(C)CC2)c2c1CCN(c1ccc(-c3ccc(Cl)cc3C)cn1)C2,-1.769551078621726,pharmabench_hlm,COc1ccc(N2CCN(C)CC2)c2c1CCN(c1ccc(-c3ccc(Cl)cc3C)cn1)C2
Cc1cc(Cl)ccc1-c1ccc(NC(=O)N2CCc3c(F)ccc(N4CCN(C)CC4)c3C2)nc1,-1.3010299956639813,pharmabench_hlm,Cc1cc(Cl)ccc1-c1ccc(NC(=O)N2CCc3c(F)ccc(N4CCN(C)CC4)c3C2)nc1
CC(C)c1cnc(N2CC(O)C2)c2cnc(Nc3ccnc(N4CC[C@@H](O)[C@@](C)(F)C4)n3)cc12,1.6334684555795864,pharmabench_hlm,CC(C)c1cnc(N2CC(O)C2)c2cnc(Nc3ccnc(N4CC[C@@H](O)[C@@](C)(F)C4)n3)cc12
COC1CN(c2ncc(C(C)C)c3cc(Nc4ccnc(N5CC[C@@H](O)[C@@](C)(F)C5)n4)ncc23)C1,1.9590413923210936,pharmabench_hlm,COC1CN(c2ncc(C(C)C)c3cc(Nc4ccnc(N5CC[C@@H](O)[C@@](C)(F)C5)n4)ncc23)C1
Cn1cnc2ncn(Cc3nn([C@H]4C[C@H](c5ccccc5)C4)c(=O)o3)c(=O)c21,0.6989700043360189,pharmabench_hlm,Cn1cnc2ncn(Cc3nn([C@H]4C[C@H](c5ccccc5)C4)c(=O)o3)c(=O)c21
Cc1ncn2ncn(Cc3nc([C@H]4[C@@H]5CN(c6cccc(Cl)c6)C[C@@H]54)no3)c(=O)c12,1.146128035678238,pharmabench_hlm,Cc1ncn2ncn(Cc3nc([C@H]4[C@@H]5CN(c6cccc(Cl)c6)C[C@@H]54)no3)c(=O)c12
CC(C)OC(=O)[C@H](C)N[P@](=O)(OC[C@H]1O[C@@H](n2ccc(=O)[nH]c2=O)[C@](F)(Br)[C@H]1O)Oc1ccccc1,1.846337112129805,pharmabench_hlm,CC(C)OC(=O)[C@H](C)N[P@](=O)(OC[C@H]1O[C@@H](n2ccc(=O)[nH]c2=O)[C@](F)(Br)[C@H]1O)Oc1ccccc1
COc1cccc(N2CCN(CC3CCN(c4ncnc5cc(OC)c(OC)cc45)C3)CC2)c1,2.465680211598278,pharmabench_hlm,COc1cccc(N2CCN(CC3CCN(c4ncnc5cc(OC)c(OC)cc45)C3)CC2)c1
O=C(O)c1ccc(NCc2c(-c3c(Cl)cccc3C(F)(F)F)noc2-c2ccco2)cc1,1.6354837468149122,pharmabench_hlm,O=C(O)c1ccc(NCc2c(-c3c(Cl)cccc3C(F)(F)F)noc2-c2ccco2)cc1
Cc1c(CN2CCN(C(=O)C3CCCC3)[C@@H](C)C2)cc(F)cc1NC(=O)CCc1ccccc1,3.278753600952829,pharmabench_hlm,Cc1c(CN2CCN(C(=O)C3CCCC3)[C@@H](C)C2)cc(F)cc1NC(=O)CCc1ccccc1
COC(=O)NCCCn1cc([C@@H](C)N(C(=O)[C@H]2CNCCO2)C2CC2)c2cccnc21,1.4913616938342726,pharmabench_hlm,COC(=O)NCCCn1cc([C@@H](C)N(C(=O)[C@H]2CNCCO2)C2CC2)c2cccnc21
c1ccc([C@H]([C@H](c2ccccn2)N2CCCCC2)N2CCCCC2)nc1,2.6148972160331345,pharmabench_hlm,c1ccc([C@H]([C@H](c2ccccn2)N2CCCCC2)N2CCCCC2)nc1
CCc1cc2ccc(CN3CCN(c4ccc(C(=O)NC)nn4)CC3)cc2[nH]c1=O,1.146128035678238,pharmabench_hlm,CCc1cc2ccc(CN3CCN(c4ccc(C(=O)NC)nn4)CC3)cc2[nH]c1=O
CN(C)c1noc(-c2cccc(CNc3cnc4nn[nH]c4c3)c2O)n1,1.744214724814166,pharmabench_hlm,CN(C)c1noc(-c2cccc(CNc3cnc4nn[nH]c4c3)c2O)n1
CCN(C)C(=O)c1n[nH]c2c1CN(C(=O)Nc1cccc(Cl)c1)CC2,1.9395192526186185,pharmabench_hlm,CCN(C)C(=O)c1n[nH]c2c1CN(C(=O)Nc1cccc(Cl)c1)CC2
FC(F)(F)c1cccc(COC2CCN(Cc3ccc4[nH]cnc4c3)CC2)c1,1.5171958979499742,pharmabench_hlm,FC(F)(F)c1cccc(COC2CCN(Cc3ccc4[nH]cnc4c3)CC2)c1
Cn1cnc2cc(CN3CCC(OCc4cccc(C(F)(F)F)c4)CC3)ccc21,1.801403710017355,pharmabench_hlm,Cn1cnc2cc(CN3CCC(OCc4cccc(C(F)(F)F)c4)CC3)ccc21
Cn1ncc2cc(CN3CCC(OCc4ccc(Cl)c(F)c4)CC3)ccc21,1.6304278750250238,pharmabench_hlm,Cn1ncc2cc(CN3CCC(OCc4ccc(Cl)c(F)c4)CC3)ccc21
C[C@H]1C[C@@H](Oc2cc(Cl)cc(NC(=O)CC(CCC(=O)O)c3ccccc3)c2Cl)CCN1C(=O)C1CCCC1,1.2041199826559248,pharmabench_hlm,C[C@H]1C[C@@H](Oc2cc(Cl)cc(NC(=O)CC(CCC(=O)O)c3ccccc3)c2Cl)CCN1C(=O)C1CCCC1
C[C@H]1CN(Cc2cc(Cl)cc(NC(=O)CC(CCC(=O)O)c3ccccc3)c2Cl)CCN1C(=O)C1CCCC1,1.4913616938342726,pharmabench_hlm,C[C@H]1CN(Cc2cc(Cl)cc(NC(=O)CC(CCC(=O)O)c3ccccc3)c2Cl)CCN1C(=O)C1CCCC1
Nc1cc(F)ccc1NC(=O)c1ccc(CNC(=O)/C=C/c2cccnc2)cc1,0.2304489213782739,pharmabench_hlm,Nc1cc(F)ccc1NC(=O)c1ccc(CNC(=O)/C=C/c2cccnc2)cc1
Nc1ccccc1NC(=O)c1ccc(CN2CCC/C(=C\c3ccc(Cl)cc3)C2=O)cc1,0.9809119377768436,pharmabench_hlm,Nc1ccccc1NC(=O)c1ccc(CN2CCC/C(=C\c3ccc(Cl)cc3)C2=O)cc1
O=C(NC1CC1)C(=O)C(Cc1ccccc1)NC(=O)[C@H]1CCC(=O)N1Cc1ccccc1,1.4471580313422192,pharmabench_hlm,O=C(NC1CC1)C(=O)C(Cc1ccccc1)NC(=O)[C@H]1CCC(=O)N1Cc1ccccc1
O=C(NC1CC1)C(=O)C(Cc1ccccc1)NC(=O)[C@H]1CCC(=O)N1C1Cc2ccccc2C1,0.3010299956639812,pharmabench_hlm,O=C(NC1CC1)C(=O)C(Cc1ccccc1)NC(=O)[C@H]1CCC(=O)N1C1Cc2ccccc2C1
Cc1onc(-c2ccc(F)cc2)c1COc1ccc2c(n1)CCN(C(=O)C1CCS(=O)(=O)CC1)C2,1.0,pharmabench_hlm,Cc1onc(-c2ccc(F)cc2)c1COc1ccc2c(n1)CCN(C(=O)C1CCS(=O)(=O)CC1)C2
Cc1onc(-c2ccc(F)cc2)c1COc1ccc2c(n1)CCN(C(=O)c1ccno1)C2,1.8260748027008264,pharmabench_hlm,Cc1onc(-c2ccc(F)cc2)c1COc1ccc2c(n1)CCN(C(=O)c1ccno1)C2
O[C@@H]1CC[C@H]1[C@H]1c2ccccc2-c2cncn21,0.7708520116421442,pharmabench_hlm,O[C@@H]1CC[C@H]1[C@H]1c2ccccc2-c2cncn21
O=C(c1cc(C(F)(F)F)n[nH]1)N1CCCC(c2cc3ncccc3[nH]2)C1,2.272985521079285,pharmabench_hlm,O=C(c1cc(C(F)(F)F)n[nH]1)N1CCCC(c2cc3ncccc3[nH]2)C1
Cc1cc2c(Nc3cnccn3)ccnc2cc1-c1cnc(N2CCCNCC2)nc1,1.1139433523068367,pharmabench_hlm,Cc1cc2c(Nc3cnccn3)ccnc2cc1-c1cnc(N2CCCNCC2)nc1
Cc1c(-c2cnc(N3CCCN(C)CC3)nc2)ccc2c(Nc3cnccn3)ccnc12,2.0791812460476247,pharmabench_hlm,Cc1c(-c2cnc(N3CCCN(C)CC3)nc2)ccc2c(Nc3cnccn3)ccnc12
O=C(N[C@H]1CC[C@@H](C(O)CC2c3ccccc3-c3cncn32)CC1)c1ccccc1,0.91539983521227,pharmabench_hlm,O=C(N[C@H]1CC[C@@H](C(O)CC2c3ccccc3-c3cncn32)CC1)c1ccccc1
O[C@H](C[C@H]1c2c(F)cccc2-c2cncn21)[C@H]1CC[C@@H](O)CC1,1.2674064187529042,pharmabench_hlm,O[C@H](C[C@H]1c2c(F)cccc2-c2cncn21)[C@H]1CC[C@@H](O)CC1
O[C@H](C[C@H]1c2c(F)cccc2-c2cncn21)[C@H]1CC[C@H](O)CC1,0.9304395947667,pharmabench_hlm,O[C@H](C[C@H]1c2c(F)cccc2-c2cncn21)[C@H]1CC[C@H](O)CC1
COC(=O)N1CC[C@](C)(N2CCc3c(-c4cnc(N)nc4)nc(N4CCOCC4)nc32)C1,1.462397997898956,pharmabench_hlm,COC(=O)N1CC[C@](C)(N2CCc3c(-c4cnc(N)nc4)nc(N4CCOCC4)nc32)C1
Fc1ccc(-c2cnn3c(NCc4ccccn4)c4c(nc23)CCC4)cc1,1.688953462637418,pharmabench_hlm,Fc1ccc(-c2cnn3c(NCc4ccccn4)c4c(nc23)CCC4)cc1
COP(=O)(c1ccccc1)c1ccc2oc(-c3ccc(F)cc3)nc2c1,0.3364597338485295,pharmabench_hlm,COP(=O)(c1ccccc1)c1ccc2oc(-c3ccc(F)cc3)nc2c1
Cc1cc(Nc2cc(C)[nH]n2)nc(N2CCC3(CC2)OCCN([C@@H](C)c2ccc(-n4cc(F)cn4)nc2)C3=O)n1,1.3820170425748683,pharmabench_hlm,Cc1cc(Nc2cc(C)[nH]n2)nc(N2CCC3(CC2)OCCN([C@@H](C)c2ccc(-n4cc(F)cn4)nc2)C3=O)n1
Cn1cnc2ncn(Cc3nn(CCCOc4cccc(Cl)c4)c(=O)o3)c(=O)c21,1.2041199826559248,pharmabench_hlm,Cn1cnc2ncn(Cc3nn(CCCOc4cccc(Cl)c4)c(=O)o3)c(=O)c21
Cn1cnc2ncn(Cc3nn([C@@H]4CO[C@@H](c5ccc(Cl)cc5)C4)c(=O)o3)c(=O)c21,0.9777236052888476,pharmabench_hlm,Cn1cnc2ncn(Cc3nn([C@@H]4CO[C@@H](c5ccc(Cl)cc5)C4)c(=O)o3)c(=O)c21
O=C(Nc1ccnnc1)c1cc(N2CC(F)C2)ccc1OCc1ccccc1,1.0718820073061257,pharmabench_hlm,O=C(Nc1ccnnc1)c1cc(N2CC(F)C2)ccc1OCc1ccccc1
O=C(Cc1cncnc1)N(Cc1cccc(Cl)c1)c1ccc(-c2cn[nH]c2)cc1,2.792391689498254,pharmabench_hlm,O=C(Cc1cncnc1)N(Cc1cccc(Cl)c1)c1ccc(-c2cn[nH]c2)cc1
CC(C)O[C@H]1CC[C@H](C(=O)N2Cc3cccnc3Nc3ccc(N4CC5CCC4CO5)cc32)OC1,1.3222192947339193,pharmabench_hlm,CC(C)O[C@H]1CC[C@H](C(=O)N2Cc3cccnc3Nc3ccc(N4CC5CCC4CO5)cc32)OC1
CC(C)O[C@H]1CC[C@H](C(=O)N2Cc3cccnc3Nc3cnc(N4C[C@@H]5C[C@H]4CO5)cc32)CC1,1.806179973983887,pharmabench_hlm,CC(C)O[C@H]1CC[C@H](C(=O)N2Cc3cccnc3Nc3cnc(N4C[C@@H]5C[C@H]4CO5)cc32)CC1
CC(C)O[C@H]1CC[C@H](C(=O)N2Cc3cccnc3Nc3ccc(C4COCCO4)cc32)OC1,1.5314789170422551,pharmabench_hlm,CC(C)O[C@H]1CC[C@H](C(=O)N2Cc3cccnc3Nc3ccc(C4COCCO4)cc32)OC1
O=C(C1CCc2ccccc2CC1)N1Cc2cccnc2Nc2ccc(N3CCOCC3)cc21,3.1775364999298623,pharmabench_hlm,O=C(C1CCc2ccccc2CC1)N1Cc2cccnc2Nc2ccc(N3CCOCC3)cc21
O=C(NO)c1ccc(CN(Cc2nnnn2Cc2ccccc2)C(=O)c2ccccc2C(F)(F)F)cc1,1.4771212547196624,pharmabench_hlm,O=C(NO)c1ccc(CN(Cc2nnnn2Cc2ccccc2)C(=O)c2ccccc2C(F)(F)F)cc1
O=C(c1cc(C(F)(F)F)no1)N1CCOC(c2cc3ncccc3[nH]2)C1,2.01165710163753,pharmabench_hlm,O=C(c1cc(C(F)(F)F)no1)N1CCOC(c2cc3ncccc3[nH]2)C1
COC[C@]12C[C@H]1[C@@](C)(c1cc(/C=C(\F)c3ccc(C#N)cn3)ccc1F)N=C(N)S2,1.7481880270062005,pharmabench_hlm,COC[C@]12C[C@H]1[C@@](C)(c1cc(/C=C(\F)c3ccc(C#N)cn3)ccc1F)N=C(N)S2
Cn1cnc2ncn(Cc3nn([C@H]4CC[C@H](c5ccc(Cl)cc5)CC4)c(=O)o3)c(=O)c21,0.6334684555795865,pharmabench_hlm,Cn1cnc2ncn(Cc3nn([C@H]4CC[C@H](c5ccc(Cl)cc5)CC4)c(=O)o3)c(=O)c21
CC1(C)C(N)=Nc2cc(OCCCN3Cc4ccc(OCCc5cn(CC(=O)N6CCC(CCN7CCCC7)CC6)nn5)cc4C3)c(OCC3CC3)cc21,1.307496037913213,pharmabench_hlm,CC1(C)C(N)=Nc2cc(OCCCN3Cc4ccc(OCCc5cn(CC(=O)N6CCC(CCN7CCCC7)CC6)nn5)cc4C3)c(OCC3CC3)cc21
COc1cc(N2CCC(N3CCN(C)CC3)CC2)ccc1Nc1ncc(Cl)c(Nc2ccccc2P(C)(C)=O)n1,0.4913616938342727,pharmabench_hlm,COc1cc(N2CCC(N3CCN(C)CC3)CC2)ccc1Nc1ncc(Cl)c(Nc2ccccc2P(C)(C)=O)n1
COc1cc(N2CCC(N3CCN(C)CC3)CC2)c(-c2cn[nH]c2)cc1Nc1ncc(Cl)c(Nc2ccccc2P(C)(C)=O)n1,1.4471580313422192,pharmabench_hlm,COc1cc(N2CCC(N3CCN(C)CC3)CC2)c(-c2cn[nH]c2)cc1Nc1ncc(Cl)c(Nc2ccccc2P(C)(C)=O)n1
COc1cc(N2CCN(C)CC2)c(-c2cnn(C)c2)cc1Nc1ncc(Cl)c(Nc2ccccc2P(C)(C)=O)n1,1.380211241711606,pharmabench_hlm,COc1cc(N2CCN(C)CC2)c(-c2cnn(C)c2)cc1Nc1ncc(Cl)c(Nc2ccccc2P(C)(C)=O)n1
CC(O)c1cn(CCNc2nonc2/C(=N/O)Nc2ccc(F)c(Br)c2)nn1,0.7176705030022621,pharmabench_hlm,CC(O)c1cn(CCNc2nonc2/C(=N/O)Nc2ccc(F)c(Br)c2)nn1
O=C(c1ccc2occc2c1)N1CCCC(c2ccnc3ncnn23)C1,1.2787536009528289,pharmabench_hlm,O=C(c1ccc2occc2c1)N1CCCC(c2ccnc3ncnn23)C1
COc1cccc(C(=O)NCCNC(=O)[C@H](CC(=O)NC(C)(C)C)NS(=O)(=O)c2ccc(C)cc2)c1,2.305351369446624,pharmabench_hlm,COc1cccc(C(=O)NCCNC(=O)[C@H](CC(=O)NC(C)(C)C)NS(=O)(=O)c2ccc(C)cc2)c1
CS(=O)(=O)Nc1ccccc1CNc1ccc2[nH]nc(-c3ccc(N4CCNCC4)nc3)c2c1,1.841984804590114,pharmabench_hlm,CS(=O)(=O)Nc1ccccc1CNc1ccc2[nH]nc(-c3ccc(N4CCNCC4)nc3)c2c1
Cn1ccc(-c2n[nH]c3ccc(NCc4cc(F)ccc4S(C)(=O)=O)cc23)n1,2.1360860973840974,pharmabench_hlm,Cn1ccc(-c2n[nH]c3ccc(NCc4cc(F)ccc4S(C)(=O)=O)cc23)n1
Cc1cn(-c2ccc3n(c2=O)CCN(C[C@@]24C[C@@H]2COc2cc(C(F)(F)F)ccc24)C3=O)cn1,1.1643528557844371,pharmabench_hlm,Cc1cn(-c2ccc3n(c2=O)CCN(C[C@@]24C[C@@H]2COc2cc(C(F)(F)F)ccc24)C3=O)cn1
Cc1cn(-c2ccc3n(c2=O)CCN(C[C@]24C[C@H]2COc2ccc(C(F)(F)F)cc24)C3=O)cn1,1.8481891169913989,pharmabench_hlm,Cc1cn(-c2ccc3n(c2=O)CCN(C[C@]24C[C@H]2COc2ccc(C(F)(F)F)cc24)C3=O)cn1
Cc1ccc(C(=O)Nc2cc3nncn3c(CN3CCN(C(=O)C4CCCC4)[C@@H](C)C3)c2C)cn1,1.7708520116421442,pharmabench_hlm,Cc1ccc(C(=O)Nc2cc3nncn3c(CN3CCN(C(=O)C4CCCC4)[C@@H](C)C3)c2C)cn1
Cc1ccc(C(=O)Nc2cn3ncnc3c(O[C@@H]3CCN(C(=O)CC(C(F)(F)F)C(F)(F)F)[C@@H](C)C3)c2C)cn1,1.4471580313422192,pharmabench_hlm,Cc1ccc(C(=O)Nc2cn3ncnc3c(O[C@@H]3CCN(C(=O)CC(C(F)(F)F)C(F)(F)F)[C@@H](C)C3)c2C)cn1
COc1cc(N2CC(NC(=O)c3ccc4nnc(C)c(C)c4c3)C2)c(Cl)cn1,1.5314789170422551,pharmabench_hlm,COc1cc(N2CC(NC(=O)c3ccc4nnc(C)c(C)c4c3)C2)c(Cl)cn1
Cc1nnc2ccc(C(=O)NC3CN(c4cc(Cl)ncc4Cl)C3)cc2c1C,1.7781512503836436,pharmabench_hlm,Cc1nnc2ccc(C(=O)NC3CN(c4cc(Cl)ncc4Cl)C3)cc2c1C
C[C@H]1c2cccc(CCC(C)(C)O)c2C[C@H](CO)N1C(=O)Cc1c(Cl)cccc1Cl,1.9822712330395684,pharmabench_hlm,C[C@H]1c2cccc(CCC(C)(C)O)c2C[C@H](CO)N1C(=O)Cc1c(Cl)cccc1Cl
C=C(C)[C@@H]1CCC(C)=C[C@H]1c1c(O)cc([Si](C)(C)CCCCCC)cc1O,1.7420177471401384,pharmabench_hlm,C=C(C)[C@@H]1CCC(C)=C[C@H]1c1c(O)cc([Si](C)(C)CCCCCC)cc1O
Cc1ccc(-n2c(C(=O)NC3CC3)nc3cccnc32)cc1Cl,1.4712917110589383,pharmabench_hlm,Cc1ccc(-n2c(C(=O)NC3CC3)nc3cccnc32)cc1Cl
O=C(NC1CC1)c1nc2cccnc2n1-c1ccc(Cl)c(Cl)c1,2.251881454552528,pharmabench_hlm,O=C(NC1CC1)c1nc2cccnc2n1-c1ccc(Cl)c(Cl)c1
O=C(c1nc2cccnc2n1-c1ccc(Cl)c(Cl)c1)N1CCC1,2.2884728005997825,pharmabench_hlm,O=C(c1nc2cccnc2n1-c1ccc(Cl)c(Cl)c1)N1CCC1
C=C1Cc2[nH]nc(-c3ccccc3)c2CN1C(=O)Nc1cccc(Cl)c1,1.5185139398778875,pharmabench_hlm,C=C1Cc2[nH]nc(-c3ccccc3)c2CN1C(=O)Nc1cccc(Cl)c1
O=C(Nc1cccc(Cl)c1)N1CCc2[nH]nc(-c3ccsc3)c2C1,2.204119982655925,pharmabench_hlm,O=C(Nc1cccc(Cl)c1)N1CCc2[nH]nc(-c3ccsc3)c2C1
C[C@H]1Cc2[nH]nc(-c3cscn3)c2CN1C(=O)Nc1ccc(F)c(C#N)c1,1.1139433523068367,pharmabench_hlm,C[C@H]1Cc2[nH]nc(-c3cscn3)c2CN1C(=O)Nc1ccc(F)c(C#N)c1
O=C(Nc1cccc(Cl)c1)N1CCc2[nH]nc(-c3ccccc3)c2C1,2.2833012287035497,pharmabench_hlm,O=C(Nc1cccc(Cl)c1)N1CCc2[nH]nc(-c3ccccc3)c2C1
Cc1nn(CC2(O)COC2)cc1Nc1nc(N)c2c(C#N)c(N3CCC[C@H]3C)n(C)c2n1,1.8846254632562345,pharmabench_hlm,Cc1nn(CC2(O)COC2)cc1Nc1nc(N)c2c(C#N)c(N3CCC[C@H]3C)n(C)c2n1
Cc1c(Nc2nc(N)c3c(C#N)c(N4CCC[C@H]4C)n(C)c3n2)cnn1CC1(O)COC1,1.5440680443502757,pharmabench_hlm,Cc1c(Nc2nc(N)c3c(C#N)c(N4CCC[C@H]4C)n(C)c3n2)cnn1CC1(O)COC1
Cc1ncccc1[C@@H](C)Nc1nnc(C)c2cnc(N3CCOCC3)cc12,1.1760912590556811,pharmabench_hlm,Cc1ncccc1[C@@H](C)Nc1nnc(C)c2cnc(N3CCOCC3)cc12
CCC/N=C1\S/C(=C\c2ccc(O)cn2)C(=O)N1c1ccccc1C,0.4471580313422192,pharmabench_hlm,CCC/N=C1\S/C(=C\c2ccc(O)cn2)C(=O)N1c1ccccc1C
Cc1ccc2nc(C(=O)N3CCCC3)cc(Nc3ccccc3)c2c1,1.0413926851582251,pharmabench_hlm,Cc1ccc2nc(C(=O)N3CCCC3)cc(Nc3ccccc3)c2c1
Cc1ccc2nc(C(=O)NCCC#N)cc(Nc3ccccc3F)c2c1,1.6020599913279625,pharmabench_hlm,Cc1ccc2nc(C(=O)NCCC#N)cc(Nc3ccccc3F)c2c1
CNS(=O)(=O)N1CC[C@](C)(N2CCc3c(-c4cnc(N)nc4)nc(N4CCOCC4)nc32)C1,1.3010299956639813,pharmabench_hlm,CNS(=O)(=O)N1CC[C@](C)(N2CCc3c(-c4cnc(N)nc4)nc(N4CCOCC4)nc32)C1
CN1C(=O)c2c3c(nn2CCC1CO)CCN(C(=O)Nc1ccc(F)c(Cl)c1)C3,0.9542425094393248,pharmabench_hlm,CN1C(=O)c2c3c(nn2CCC1CO)CCN(C(=O)Nc1ccc(F)c(Cl)c1)C3
CC(C)O[C@H]1CC[C@H](C(=O)N2Cc3cccnc3Nc3cc(F)c(N4CC5CCC4CO5)cc32)CC1,2.093421685162235,pharmabench_hlm,CC(C)O[C@H]1CC[C@H](C(=O)N2Cc3cccnc3Nc3cc(F)c(N4CC5CCC4CO5)cc32)CC1
O=C(Nc1ccccc1)c1ccnc(-c2ccc(C(=O)N3CCNCC3)cc2)c1,1.0374264979406236,pharmabench_hlm,O=C(Nc1ccccc1)c1ccnc(-c2ccc(C(=O)N3CCNCC3)cc2)c1
CN(C(=O)[C@H](Cc1ccccc1)NC(=O)c1cccc(C(=O)Nc2ccc(N)cc2)c1)c1ccc2scnc2c1,1.404833716619938,pharmabench_hlm,CN(C(=O)[C@H](Cc1ccccc1)NC(=O)c1cccc(C(=O)Nc2ccc(N)cc2)c1)c1ccc2scnc2c1
C[C@@H]1CCc2ncc(F)cc2[C@H]2CCCN2c2ccn3ncc(c3n2)C(=O)N1,1.880813592280792,pharmabench_hlm,C[C@@H]1CCc2ncc(F)cc2[C@H]2CCCN2c2ccn3ncc(c3n2)C(=O)N1
Cc1cc(C)c2c(n1)sc1c(N3CCCC3)nccc12,2.206825876031849,pharmabench_hlm,Cc1cc(C)c2c(n1)sc1c(N3CCCC3)nccc12
Cc1cc(C)c2c(n1)sc1c(NC3CCC3)nccc12,2.537819095073274,pharmabench_hlm,Cc1cc(C)c2c(n1)sc1c(NC3CCC3)nccc12
FC(F)(F)c1cccc(COC2CCN(Cc3cc4ccc(Cl)cc4[nH]3)CC2)c1,1.429752280002408,pharmabench_hlm,FC(F)(F)c1cccc(COC2CCN(Cc3cc4ccc(Cl)cc4[nH]3)CC2)c1
Cc1cc2nccnc2cc1Nc1ncc2c(n1)n(C1CCOCC1)c(=O)n2C,0.8388490907372553,pharmabench_hlm,Cc1cc2nccnc2cc1Nc1ncc2c(n1)n(C1CCOCC1)c(=O)n2C
Nc1ccccc1NC(=O)c1ccc(CN2CCC/C(=C\c3ccccc3Cl)C2=O)cc1,0.9684829485539352,pharmabench_hlm,Nc1ccccc1NC(=O)c1ccc(CN2CCC/C(=C\c3ccccc3Cl)C2=O)cc1
Nc1ccccc1NC(=O)c1ccc(CN2CCC/C(=C\c3ccccn3)C2=O)cc1,0.2304489213782739,pharmabench_hlm,Nc1ccccc1NC(=O)c1ccc(CN2CCC/C(=C\c3ccccn3)C2=O)cc1
Cc1onc(-c2ccc(F)cc2)c1COc1ccc2c(n1)CCN(C(=O)C1CCCO1)C2,1.6232492903979006,pharmabench_hlm,Cc1onc(-c2ccc(F)cc2)c1COc1ccc2c(n1)CCN(C(=O)C1CCCO1)C2
Cc1onc(-c2ccc(F)cc2)c1COc1ccc2c(n1)CCN(C(=O)N1CCCC1)C2,1.6532125137753435,pharmabench_hlm,Cc1onc(-c2ccc(F)cc2)c1COc1ccc2c(n1)CCN(C(=O)N1CCCC1)C2
N#Cc1ccc2[nH]cc(CCCNCC3CCN(C(=O)c4ccc(F)c(Cl)c4)CC3)c2c1,2.053769689599309,pharmabench_hlm,N#Cc1ccc2[nH]cc(CCCNCC3CCN(C(=O)c4ccc(F)c(Cl)c4)CC3)c2c1
O=C(c1ccc(F)c(Cl)c1)N1CCC(CNCCCCc2c[nH]c3ccc(F)cc23)CC1,2.073351702386901,pharmabench_hlm,O=C(c1ccc(F)c(Cl)c1)N1CCC(CNCCCCc2c[nH]c3ccc(F)cc23)CC1
O=C(c1ccc(F)c(F)c1)N1CCC(CNCCCc2c[nH]c3ccc(F)cc23)CC1,1.852235939411888,pharmabench_hlm,O=C(c1ccc(F)c(F)c1)N1CCC(CNCCCc2c[nH]c3ccc(F)cc23)CC1
Cc1cc(-c2cnn(C)c2-c2sc3ccccc3c2C#N)cc2c(CN)n[nH]c(=O)c12,1.4313637641589874,pharmabench_hlm,Cc1cc(-c2cnn(C)c2-c2sc3ccccc3c2C#N)cc2c(CN)n[nH]c(=O)c12
CNC(=O)c1nc(C)n2ccc(Nc3nccc(-n4cc(OCCN)cn4)n3)cc12,0.8450980400142568,pharmabench_hlm,CNC(=O)c1nc(C)n2ccc(Nc3nccc(-n4cc(OCCN)cn4)n3)cc12
Cc1noc2c1-c1ccc(-c3ccc(N)nc3)cc1N(c1ccc(C#N)cc1)CC2C,1.792391689498254,pharmabench_hlm,Cc1noc2c1-c1ccc(-c3ccc(N)nc3)cc1N(c1ccc(C#N)cc1)CC2C
NC(=O)c1ccccc1C(=O)N1CCC(CNCCCc2c[nH]c3ccc(F)cc23)CC1,2.1404766168301337,pharmabench_hlm,NC(=O)c1ccccc1C(=O)N1CCC(CNCCCc2c[nH]c3ccc(F)cc23)CC1
CO[C@H]1COCC[C@@H]1Oc1ncc(-c2cc(NC(=O)c3cccc(C(F)(F)F)c3)cnc2C)cc1N1CCOCC1,2.4800069429571505,pharmabench_hlm,CO[C@H]1COCC[C@@H]1Oc1ncc(-c2cc(NC(=O)c3cccc(C(F)(F)F)c3)cnc2C)cc1N1CCOCC1
CC[C@@H]1[C@H](F)C(=O)N[C@@H]1COc1ncc(C#CCCCCCCCCCCC(=O)N[C@H](C(=O)N2C[C@H](O)C[C@H]2C(=O)NCc2ccc(-c3scnc3C)cc2)C(C)(C)C)c2cc(C(N)=O)c(OC)cc12,1.235528446907549,pharmabench_hlm,CC[C@@H]1[C@H](F)C(=O)N[C@@H]1COc1ncc(C#CCCCCCCCCCCC(=O)N[C@H](C(=O)N2C[C@H](O)C[C@H]2C(=O)NCc2ccc(-c3scnc3C)cc2)C(C)(C)C)c2cc(C(N)=O)c(OC)cc12
CN(C)C(=O)CNCCc1cccc(OCCCCC(F)(F)F)c1,1.0,pharmabench_hlm,CN(C)C(=O)CNCCc1cccc(OCCCCC(F)(F)F)c1
CN1C[C@@H]2C[C@H]1CN2c1ncc(-c2ccc3c(Nc4cnccn4)ccnc3c2)cn1,1.568201724066995,pharmabench_hlm,CN1C[C@@H]2C[C@H]1CN2c1ncc(-c2ccc3c(Nc4cnccn4)ccnc3c2)cn1
CCCCCC[Si](C)(C)c1cc(OC)c([C@H]2C=C(CO)[C@H]3C[C@@H]2C3(C)C)c(OC)c1,1.5438198051426577,pharmabench_hlm,CCCCCC[Si](C)(C)c1cc(OC)c([C@H]2C=C(CO)[C@H]3C[C@@H]2C3(C)C)c(OC)c1
FC(F)(F)c1nccc(NC[C@H]2C[C@@H](Nc3ccc4nnc(Cl)n4n3)C2)n1,1.3617278360175928,pharmabench_hlm,FC(F)(F)c1nccc(NC[C@H]2C[C@@H](Nc3ccc4nnc(Cl)n4n3)C2)n1
Cc1nn(CC(C)(C)O)cc1Nc1nc(N)c2c(C#N)c(N3CCC[C@H]3C)n(C)c2n1,1.6989700043360187,pharmabench_hlm,Cc1nn(CC(C)(C)O)cc1Nc1nc(N)c2c(C#N)c(N3CCC[C@H]3C)n(C)c2n1
CC1CN(C)C(=O)c2c3c(nn2C1)CCN(C(=O)Nc1ccc(F)c(Cl)c1)C3,1.4471580313422192,pharmabench_hlm,CC1CN(C)C(=O)c2c3c(nn2C1)CCN(C(=O)Nc1ccc(F)c(Cl)c1)C3
CN1CC(F)Cn2nc3c(c2C1=O)CN(C(=O)Nc1ccc(F)c(Cl)c1)CC3,1.0791812460476249,pharmabench_hlm,CN1CC(F)Cn2nc3c(c2C1=O)CN(C(=O)Nc1ccc(F)c(Cl)c1)CC3
c1ccc2c(c1)-c1cncn1[C@H]2C1CCCCC1,1.1760912590556811,pharmabench_hlm,c1ccc2c(c1)-c1cncn1[C@H]2C1CCCCC1
O[C@@H]1c2ccccc2CC[C@H]1[C@H]1c2ccccc2-c2cncn21,1.0413926851582251,pharmabench_hlm,O[C@@H]1c2ccccc2CC[C@H]1[C@H]1c2ccccc2-c2cncn21
CO[C@H](C(=O)Nc1nnc(N[C@@H]2CCN(c3nccnn3)C2)s1)c1ccccc1,0.4771212547196624,pharmabench_hlm,CO[C@H](C(=O)Nc1nnc(N[C@@H]2CCN(c3nccnn3)C2)s1)c1ccccc1
Cc1c(C#N)cccc1[C@@H](C)Nc1nnc(C)c2cnc(N3CCOCC3)cc12,0.8976270912904415,pharmabench_hlm,Cc1c(C#N)cccc1[C@@H](C)Nc1nnc(C)c2cnc(N3CCOCC3)cc12
O=C(CF)CNC(=O)[C@H](Cc1ccccc1)NC(=O)c1cccc2ccccc12,1.1430148002540952,pharmabench_hlm,O=C(CF)CNC(=O)[C@H](Cc1ccccc1)NC(=O)c1cccc2ccccc12
Cc1onc(-c2ccc(F)cc2)c1COc1ccc2c(c1)OCC(=O)N2C,1.5185139398778875,pharmabench_hlm,Cc1onc(-c2ccc(F)cc2)c1COc1ccc2c(c1)OCC(=O)N2C
Cc1onc(-c2ccc(F)cc2)c1COc1ccc2c(n1)CCN(C(C)C)C2=O,1.2041199826559248,pharmabench_hlm,Cc1onc(-c2ccc(F)cc2)c1COc1ccc2c(n1)CCN(C(C)C)C2=O
CCOc1ccccc1O[C@@H]1CCCN(c2ncc(C(=O)NCc3cccc(C(=O)O)c3)cn2)C1,0.9542425094393248,pharmabench_hlm,CCOc1ccccc1O[C@@H]1CCCN(c2ncc(C(=O)NCc3cccc(C(=O)O)c3)cn2)C1
C[C@@]1(S(C)(=O)=O)CC[C@@](CF)(c2cc(NC(=O)c3cc4c(cn3)OCO4)ccc2F)N=C1N,1.561101383649056,pharmabench_hlm,C[C@@]1(S(C)(=O)=O)CC[C@@](CF)(c2cc(NC(=O)c3cc4c(cn3)OCO4)ccc2F)N=C1N
CN1CCn2nc3c(c2C1=O)CN(C(=O)Nc1ccc(F)c(Cl)c1)CC3,1.414973347970818,pharmabench_hlm,CN1CCn2nc3c(c2C1=O)CN(C(=O)Nc1ccc(F)c(Cl)c1)CC3
CN1CC2(CC(n3cc(Nc4nc(NC5(C)CC5)c5c(=O)n(C)ccc5n4)cn3)C2)C1,-2.0132282657337552,pharmabench_hlm,CN1CC2(CC(n3cc(Nc4nc(NC5(C)CC5)c5c(=O)n(C)ccc5n4)cn3)C2)C1
CN1C[C@H]2C[C@@H]1C[C@@H]2n1cc(Nc2nc(NC3(C)CC3)c3c(=O)n(CC(F)F)ccc3n2)cn1,-1.6382721639824072,pharmabench_hlm,CN1C[C@H]2C[C@@H]1C[C@@H]2n1cc(Nc2nc(NC3(C)CC3)c3c(=O)n(CC(F)F)ccc3n2)cn1
O=C1NC2(CC2)COc2ncc(F)cc2[C@H]2CCCCN2c2ccn3ncc1c3n2,2.383815365980431,pharmabench_hlm,O=C1NC2(CC2)COc2ncc(F)cc2[C@H]2CCCCN2c2ccn3ncc1c3n2
C=CC(=O)N(C)CCOc1cncnc1-c1ccc(CN2CCN(CC(C)(C)C)CC2=O)cc1,2.431363764158988,pharmabench_hlm,C=CC(=O)N(C)CCOc1cncnc1-c1ccc(CN2CCN(CC(C)(C)C)CC2=O)cc1
C=CC(=O)N(C)CCOc1c(-c2ccc(CN3CCN(CC(C)C)CC3=O)c(C)c2)ccnc1N,2.523746466811565,pharmabench_hlm,C=CC(=O)N(C)CCOc1c(-c2ccc(CN3CCN(CC(C)C)CC3=O)c(C)c2)ccnc1N
O=C(c1ccccc1)N1C=C(c2cc3ncccc3[nH]2)CCC1,2.3758829915452284,pharmabench_hlm,O=C(c1ccccc1)N1C=C(c2cc3ncccc3[nH]2)CCC1
Cc1cc(C)c2c(n1)sc1c(NCc3ccc(C(C)(C)O)cc3)nccc12,1.6989700043360187,pharmabench_hlm,Cc1cc(C)c2c(n1)sc1c(NCc3ccc(C(C)(C)O)cc3)nccc12
CN(C)c1noc(-c2cccc(CN(C)c3ccc4[nH]nc(C(=O)O)c4c3)c2O)n1,1.146128035678238,pharmabench_hlm,CN(C)c1noc(-c2cccc(CN(C)c3ccc4[nH]nc(C(=O)O)c4c3)c2O)n1
Cc1cc(Nc2nc(Nc3ccccc3S(=O)(=O)C(C)C)c3cc[nH]c3n2)c(OC(C)C)cc1C1CCNCC1,1.3424226808222062,pharmabench_hlm,Cc1cc(Nc2nc(Nc3ccccc3S(=O)(=O)C(C)C)c3cc[nH]c3n2)c(OC(C)C)cc1C1CCNCC1
Cc1ncc(C(=O)Nc2cc(Cl)cc(CN3CCN(C(=O)C4CCCC4)[C@@H](C)C3)c2C)cn1,1.9867717342662448,pharmabench_hlm,Cc1ncc(C(=O)Nc2cc(Cl)cc(CN3CCN(C(=O)C4CCCC4)[C@@H](C)C3)c2C)cn1
CC(C)C(=O)N1CC[C@](C)(N2CCc3c(-c4cnc(N)nc4)nc(N4CCOCC4)nc32)C1,1.662757831681574,pharmabench_hlm,CC(C)C(=O)N1CC[C@](C)(N2CCc3c(-c4cnc(N)nc4)nc(N4CCOCC4)nc32)C1
Cc1onc(-c2ccc(F)cc2)c1COc1ccc2c(n1)CCN(C(=O)N1CCOCC1)C2,1.505149978319906,pharmabench_hlm,Cc1onc(-c2ccc(F)cc2)c1COc1ccc2c(n1)CCN(C(=O)N1CCOCC1)C2
Fc1cc(F)c(F)c(-c2ccc(NC[C@@H]3CC34CCN(CC3CCOCC3)CC4)nn2)c1,0.9242792860618816,pharmabench_hlm,Fc1cc(F)c(F)c(-c2ccc(NC[C@@H]3CC34CCN(CC3CCOCC3)CC4)nn2)c1
[2H]C([2H])(C1CCOCC1)N1CCC2(CC1)C[C@H]2CNc1ccc(-c2cc(F)cc(F)c2F)nn1,1.0413926851582251,pharmabench_hlm,[2H]C([2H])(C1CCOCC1)N1CCC2(CC1)C[C@H]2CNc1ccc(-c2cc(F)cc(F)c2F)nn1
Cn1cc2cc(-c3ccc(NC[C@@H]4CC45CCN(CC4CCOCC4)CC5)nn3)ccc2n1,0.7708520116421442,pharmabench_hlm,Cn1cc2cc(-c3ccc(NC[C@@H]4CC45CCN(CC4CCOCC4)CC5)nn3)ccc2n1
CN1CCCCn2nc3c(c2C1=O)CN(C(=O)Nc1ccc(F)c(Cl)c1)CC3,1.2041199826559248,pharmabench_hlm,CN1CCCCn2nc3c(c2C1=O)CN(C(=O)Nc1ccc(F)c(Cl)c1)CC3
CN1CCC(CO)n2nc3c(c2C1=O)CN(C(=O)Nc1ccc(F)c(Cl)c1)CC3,0.6720978579357175,pharmabench_hlm,CN1CCC(CO)n2nc3c(c2C1=O)CN(C(=O)Nc1ccc(F)c(Cl)c1)CC3
CN1CC(N(C)C)Cn2nc3c(c2C1=O)CN(C(=O)Nc1ccc(F)c(Cl)c1)CC3,1.146128035678238,pharmabench_hlm,CN1CC(N(C)C)Cn2nc3c(c2C1=O)CN(C(=O)Nc1ccc(F)c(Cl)c1)CC3
CN1CC(F)Cn2nc3c(c2C1=O)CN(C(=O)Nc1ccc(F)c(Br)c1)CC3,1.3424226808222062,pharmabench_hlm,CN1CC(F)Cn2nc3c(c2C1=O)CN(C(=O)Nc1ccc(F)c(Br)c1)CC3
Cc1cccc(N(C)c2nccc(-c3cnn4ncccc34)n2)c1,1.8750612633917,pharmabench_hlm,Cc1cccc(N(C)c2nccc(-c3cnn4ncccc34)n2)c1
C[C@H]1C[C@@H](n2cc(Nc3nc(NC4(C)CC4)c4c(=O)n(C)ccc4n3)cn2)CCN1C,-1.5086383061657274,pharmabench_hlm,C[C@H]1C[C@@H](n2cc(Nc3nc(NC4(C)CC4)c4c(=O)n(C)ccc4n3)cn2)CCN1C
CN1CCC(n2cc(Nc3nc(NC4(C)CC4)c4c(=O)n(-c5cnn[nH]5)ccc4n3)cn2)CC1,-1.6989700043360187,pharmabench_hlm,CN1CCC(n2cc(Nc3nc(NC4(C)CC4)c4c(=O)n(-c5cnn[nH]5)ccc4n3)cn2)CC1
CN1CC2(CC(n3cc(Nc4nc(NC5(C)CC5)c5c(=O)n(CC(F)F)ccc5n4)cn3)C2)C1,-2.017728766960432,pharmabench_hlm,CN1CC2(CC(n3cc(Nc4nc(NC5(C)CC5)c5c(=O)n(CC(F)F)ccc5n4)cn3)C2)C1
O=S(=O)(NC1CCN(c2ncnc3c2nc(-c2ccccc2Cl)n3-c2ccc(OC(F)F)nc2)CC1)c1ccc(F)c(F)c1,0.6989700043360189,pharmabench_hlm,O=S(=O)(NC1CCN(c2ncnc3c2nc(-c2ccccc2Cl)n3-c2ccc(OC(F)F)nc2)CC1)c1ccc(F)c(F)c1
Nc1cc(F)ccc1NC(=O)c1ccc(CN2CC/C(=C\c3ccccc3)C2=O)cc1,1.0530784434834195,pharmabench_hlm,Nc1cc(F)ccc1NC(=O)c1ccc(CN2CC/C(=C\c3ccccc3)C2=O)cc1
COC(=O)NCCCn1cc(CN(C(=O)[C@H]2CNCCO2)C2CC2)c2cccnc21,1.0413926851582251,pharmabench_hlm,COC(=O)NCCCn1cc(CN(C(=O)[C@H]2CNCCO2)C2CC2)c2cccnc21
COC(=O)NCCCn1cc(CN(C(=O)[C@H]2CNCCO2)C2CC2)c2c(C)ccnc21,2.037426497940624,pharmabench_hlm,COC(=O)NCCCn1cc(CN(C(=O)[C@H]2CNCCO2)C2CC2)c2c(C)ccnc21
[2H]C1(Oc2ncc(-c3cc(NC(=O)c4cccc(C(F)(F)F)c4)cnc3C)cc2N2CCOCC2)CCOCC1,1.944482672150169,pharmabench_hlm,[2H]C1(Oc2ncc(-c3cc(NC(=O)c4cccc(C(F)(F)F)c4)cnc3C)cc2N2CCOCC2)CCOCC1
CO[C@@H](CO)CNC(=O)c1cc(Nc2cccc(F)c2F)c2cc(Cl)ccc2n1,1.5314789170422551,pharmabench_hlm,CO[C@@H](CO)CNC(=O)c1cc(Nc2cccc(F)c2F)c2cc(Cl)ccc2n1
C[C@@H]1Cc2nn3c(c2CN1C(=O)Nc1ccc(F)c(C(F)(F)F)c1)C(=O)N(C)O[C@@H](CO)C3,0.8573324964312685,pharmabench_hlm,C[C@@H]1Cc2nn3c(c2CN1C(=O)Nc1ccc(F)c(C(F)(F)F)c1)C(=O)N(C)O[C@@H](CO)C3
COCCCn1cc(CN(C(=O)[C@H]2CNCCO2)C2CC2)c2ncccc21,1.0,pharmabench_hlm,COCCCn1cc(CN(C(=O)[C@H]2CNCCO2)C2CC2)c2ncccc21
Fc1cc(COC2CCN(Cc3cn4ccccc4n3)CC2)ccc1Cl,1.6444385894678386,pharmabench_hlm,Fc1cc(COC2CCN(Cc3cn4ccccc4n3)CC2)ccc1Cl
FC(F)(F)c1nccc(NCC2CCN(c3ccc4nnc(Cl)n4n3)CC2)n1,1.4913616938342726,pharmabench_hlm,FC(F)(F)c1nccc(NCC2CCN(c3ccc4nnc(Cl)n4n3)CC2)n1
Fc1ccc(F)c(-c2ccc(NC[C@@H]3CC34CCN(CC3CCOCC3)CC4)nn2)c1,1.0,pharmabench_hlm,Fc1ccc(F)c(-c2ccc(NC[C@@H]3CC34CCN(CC3CCOCC3)CC4)nn2)c1
COC(=O)N1CCN([C@H]2CC[C@H](Nc3nc(Nc4cnn(C)c4)nc4ccn(C)c(=O)c34)CC2)CC1,-1.6575773191777938,pharmabench_hlm,COC(=O)N1CCN([C@H]2CC[C@H](Nc3nc(Nc4cnn(C)c4)nc4ccn(C)c(=O)c34)CC2)CC1
CN(C)CC(=O)N1CCC(n2cc(Nc3nc(NC4(C)CC4)c4c(=O)n(C)ccc4n3)cn2)CC1,-1.3979400086720375,pharmabench_hlm,CN(C)CC(=O)N1CCC(n2cc(Nc3nc(NC4(C)CC4)c4c(=O)n(C)ccc4n3)cn2)CC1
C[C@@H](F)Cn1ccc2nc(Nc3cnn(C4CCN(C)CC4)c3)nc(NC3(C)CC3)c2c1=O,-1.3872161432802643,pharmabench_hlm,C[C@@H](F)Cn1ccc2nc(Nc3cnn(C4CCN(C)CC4)c3)nc(NC3(C)CC3)c2c1=O
C[C@H]1CN(C(=O)CC[C@@]2(C)NC(=O)NC2=O)CCN1c1ccc(Cl)c(Cl)c1,1.3710678622717365,pharmabench_hlm,C[C@H]1CN(C(=O)CC[C@@]2(C)NC(=O)NC2=O)CCN1c1ccc(Cl)c(Cl)c1
CN1CCC(n2cc(Nc3nc(NC4(C)CC4)c4c(=O)n(C)ccc4n3)cn2)CC1,-1.6020599913279625,pharmabench_hlm,CN1CCC(n2cc(Nc3nc(NC4(C)CC4)c4c(=O)n(C)ccc4n3)cn2)CC1
CC(C)n1ccc2nc(Nc3cnn(C4CCN(C)CC4)c3)nc(NC3(C)CC3)c2c1=O,-1.494850021680094,pharmabench_hlm,CC(C)n1ccc2nc(Nc3cnn(C4CCN(C)CC4)c3)nc(NC3(C)CC3)c2c1=O
CN1CCC(n2cc(Nc3nc(NC4(C)CC4)c4c(=O)n(C5CC5)ccc4n3)cn2)CC1,-1.6020599913279625,pharmabench_hlm,CN1CCC(n2cc(Nc3nc(NC4(C)CC4)c4c(=O)n(C5CC5)ccc4n3)cn2)CC1
CN1CCC(n2cc(Nc3nc(NC4(C)CC4)c4c(=O)n(C(F)F)ccc4n3)cn2)CC1,-1.5086383061657274,pharmabench_hlm,CN1CCC(n2cc(Nc3nc(NC4(C)CC4)c4c(=O)n(C(F)F)ccc4n3)cn2)CC1
C=CC(=O)N(C)CCOc1cnccc1-c1ccc(CN2CCN(CCC)CC2=O)c(C)c1,2.456366033129043,pharmabench_hlm,C=CC(=O)N(C)CCOc1cnccc1-c1ccc(CN2CCN(CCC)CC2=O)c(C)c1
C=CC(=O)N(C)CCOc1cnccc1-c1ccc(CN2CCN(C)CC2=O)c(C)c1,1.977723605288848,pharmabench_hlm,C=CC(=O)N(C)CCOc1cnccc1-c1ccc(CN2CCN(C)CC2=O)c(C)c1
Cc1ccc2[nH]c(C(=O)N[C@H]3CN(S(=O)(=O)c4ccccc4)C[C@@H]3C(=O)N[C@@H]3CCCNC3)cc2c1,0.4771212547196624,pharmabench_hlm,Cc1ccc2[nH]c(C(=O)N[C@H]3CN(S(=O)(=O)c4ccccc4)C[C@@H]3C(=O)N[C@@H]3CCCNC3)cc2c1
Cc1cc(C)c2c(n1)sc1c(N3CCCC3)ncnc12,2.127104798364808,pharmabench_hlm,Cc1cc(C)c2c(n1)sc1c(N3CCCC3)ncnc12
Cc1cc(C)c2c(n1)sc1c(C3CCN(C(=O)C4(C)CC4)CC3)ncnc12,1.3979400086720375,pharmabench_hlm,Cc1cc(C)c2c(n1)sc1c(C3CCN(C(=O)C4(C)CC4)CC3)ncnc12
COP(=O)(c1ccc2oc(-c3ccc(F)cc3)nc2c1)C(C)C,0.6253124509616739,pharmabench_hlm,COP(=O)(c1ccc2oc(-c3ccc(F)cc3)nc2c1)C(C)C
CCOc1ccc(F)cc1NC(=O)c1ccccc1NS(=O)(=O)C1CC1,1.8981764834976764,pharmabench_hlm,CCOc1ccc(F)cc1NC(=O)c1ccccc1NS(=O)(=O)C1CC1
CCOc1ccccc1NC(=O)c1cc(Cl)ccc1NS(=O)(=O)C1CC1,2.1126050015345745,pharmabench_hlm,CCOc1ccccc1NC(=O)c1cc(Cl)ccc1NS(=O)(=O)C1CC1
Cc1onc(-c2ccc(F)cc2)c1COc1ccc2c(n1)CCN(C(=O)C1CC1)C2,1.8512583487190752,pharmabench_hlm,Cc1onc(-c2ccc(F)cc2)c1COc1ccc2c(n1)CCN(C(=O)C1CC1)C2
CC(C)(O)CCn1cc2cc(NC(=O)c3cccc(C(F)(F)F)n3)c(C(C)(C)O)cc2n1,0.1072099696478683,pharmabench_hlm,CC(C)(O)CCn1cc2cc(NC(=O)c3cccc(C(F)(F)F)n3)c(C(C)(C)O)cc2n1
CC(C)c1csc(-c2cccc(CNc3ccc4[nH]nc(C(=O)O)c4c3)c2O)n1,1.0,pharmabench_hlm,CC(C)c1csc(-c2cccc(CNc3ccc4[nH]nc(C(=O)O)c4c3)c2O)n1
C[C@H]1COC[C@H](C)N1c1c(NC(=O)Nc2ccnc(C(F)(F)F)c2)cnc2cc(Cl)nn12,2.0569048513364727,pharmabench_hlm,C[C@H]1COC[C@H](C)N1c1c(NC(=O)Nc2ccnc(C(F)(F)F)c2)cnc2cc(Cl)nn12
O=c1[nH]c(=O)n(C2CC2)c2nc(Cc3nc4ccccc4[nH]3)n(Cc3ccccc3)c12,3.074450718954591,pharmabench_hlm,O=c1[nH]c(=O)n(C2CC2)c2nc(Cc3nc4ccccc4[nH]3)n(Cc3ccccc3)c12
COc1cc2ncnc(N3CCC(CN4CCN(c5ccc(Cl)cc5)CC4)C3)c2cc1OC,1.8796692056320528,pharmabench_hlm,COc1cc2ncnc(N3CCC(CN4CCN(c5ccc(Cl)cc5)CC4)C3)c2cc1OC
COCCCn1nc(CN(C(=O)[C@H]2CNCCO2)C2CC2)c2ccccc21,1.9138138523837167,pharmabench_hlm,COCCCn1nc(CN(C(=O)[C@H]2CNCCO2)C2CC2)c2ccccc21
COC(=O)NCCCn1nc([C@@H](C)N(C(=O)[C@H]2CNCCO2)C2CC2)c2ccc(C)nc21,1.5563025007672873,pharmabench_hlm,COC(=O)NCCCn1nc([C@@H](C)N(C(=O)[C@H]2CNCCO2)C2CC2)c2ccc(C)nc21
CC(C)c1cnc(N2CC[C@H]2C)c2cnc(Nc3ccnc(N4CC[C@@H](O)[C@@](C)(F)C4)n3)cc12,1.9030899869919435,pharmabench_hlm,CC(C)c1cnc(N2CC[C@H]2C)c2cnc(Nc3ccnc(N4CC[C@@H](O)[C@@](C)(F)C4)n3)cc12
C[C@H](NC(=O)c1c(CCc2ccc(F)cc2)sc2c1CCC2)c1ccc(C(=O)O)cc1,2.343802333161655,pharmabench_hlm,C[C@H](NC(=O)c1c(CCc2ccc(F)cc2)sc2c1CCC2)c1ccc(C(=O)O)cc1
CNc1ncc(C(C)C)c2cc(Nc3ccnc(N4CC[C@@H](O)[C@@H](F)C4)n3)ncc12,1.2810333672477277,pharmabench_hlm,CNc1ncc(C(C)C)c2cc(Nc3ccnc(N4CC[C@@H](O)[C@@H](F)C4)n3)ncc12
CNc1ncc(C(C)C)c2cc(Nc3ccnc(N4CC[C@@H](O)[C@@](C)(F)C4)n3)ncc12,1.4913616938342726,pharmabench_hlm,CNc1ncc(C(C)C)c2cc(Nc3ccnc(N4CC[C@@H](O)[C@@](C)(F)C4)n3)ncc12
Cc1nnn(-c2ccc(F)cc2)c1COc1ccc2c(n1)CCN(C(=O)C1CC1)C2,1.724275869600789,pharmabench_hlm,Cc1nnn(-c2ccc(F)cc2)c1COc1ccc2c(n1)CCN(C(=O)C1CC1)C2
Cc1cnc(N2CCN(CCCc3nc4c(Cl)cccc4c(=O)[nH]3)CC2)n1C,1.6434526764861874,pharmabench_hlm,Cc1cnc(N2CCN(CCCc3nc4c(Cl)cccc4c(=O)[nH]3)CC2)n1C
Fc1ccc(CO[C@H]2CCCN(Cc3cn4ccccc4n3)C2)cc1F,2.838408278494186,pharmabench_hlm,Fc1ccc(CO[C@H]2CCCN(Cc3cn4ccccc4n3)C2)cc1F
O=c1cc(-c2ccccc2)oc2cc(-c3ccccc3)cc(O)c12,1.0374264979406236,pharmabench_hlm,O=c1cc(-c2ccccc2)oc2cc(-c3ccccc3)cc(O)c12
O=C(Nc1ccccc1)c1cncc(-c2ccc(C(=O)N3CCNCC3)cc2)c1,0.8633228601204559,pharmabench_hlm,O=C(Nc1ccccc1)c1cncc(-c2ccc(C(=O)N3CCNCC3)cc2)c1
O=C(Nc1ccccc1)c1cc(-c2ccc(C(=O)N3CCNCC3)cc2)ccn1,1.0170333392987805,pharmabench_hlm,O=C(Nc1ccccc1)c1cc(-c2ccc(C(=O)N3CCNCC3)cc2)ccn1
COc1cc(C(O)(CCN(C)C)C(c2cc3cc(Br)ccc3nc2OC)c2cccc(OC)c2F)c(OC)cn1,0.8450980400142568,pharmabench_hlm,COc1cc(C(O)(CCN(C)C)C(c2cc3cc(Br)ccc3nc2OC)c2cccc(OC)c2F)c(OC)cn1
C[C@@H](CN1CCC2(CC1)c1ccccc1NC(=O)N2C)NC(=O)c1ccc(F)cc1,1.591064607026499,pharmabench_hlm,C[C@@H](CN1CCC2(CC1)c1ccccc1NC(=O)N2C)NC(=O)c1ccc(F)cc1
CCc1cc(O)c(F)cc1-c1cc(NS(=O)(=O)C(C)C)c2cn[nH]c2c1,1.6720978579357175,pharmabench_hlm,CCc1cc(O)c(F)cc1-c1cc(NS(=O)(=O)C(C)C)c2cn[nH]c2c1
Nc1ccccc1NC(=O)c1ccc(CN2CCC/C(=C\c3ccccc3)C2=O)cc1,1.0413926851582251,pharmabench_hlm,Nc1ccccc1NC(=O)c1ccc(CN2CCC/C(=C\c3ccccc3)C2=O)cc1
Cc1onc(-c2ccc(F)cc2)c1COc1ccc2c(n1)CCN(C(=O)C1CCOC1)C2,1.380211241711606,pharmabench_hlm,Cc1onc(-c2ccc(F)cc2)c1COc1ccc2c(n1)CCN(C(=O)C1CCOC1)C2
Cc1nnn(-c2ccc(F)cc2)c1COc1ccc2c(n1)CCN(CCS(C)(=O)=O)C2=O,0.0,pharmabench_hlm,Cc1nnn(-c2ccc(F)cc2)c1COc1ccc2c(n1)CCN(CCS(C)(=O)=O)C2=O
CCC(=O)N1CCc2nc(OCc3c(C)nnn3-c3ccc(F)cc3)ccc2C1,1.6812412373755872,pharmabench_hlm,CCC(=O)N1CCc2nc(OCc3c(C)nnn3-c3ccc(F)cc3)ccc2C1
O=C(Cn1nnc2ccccc21)N(Cc1cccc(Cl)c1)c1ccc(-c2c[nH]cn2)cc1,2.14921911265538,pharmabench_hlm,O=C(Cn1nnc2ccccc21)N(Cc1cccc(Cl)c1)c1ccc(-c2c[nH]cn2)cc1
O=C(Nc1cccc(Cl)c1)N1CCc2[nH]nc(C(=O)N3CCCCO3)c2C1,1.57978359661681,pharmabench_hlm,O=C(Nc1cccc(Cl)c1)N1CCc2[nH]nc(C(=O)N3CCCCO3)c2C1
CCON(C)C(=O)c1n[nH]c2c1CN(C(=O)Nc1cccc(Cl)c1)CC2,1.740362689494244,pharmabench_hlm,CCON(C)C(=O)c1n[nH]c2c1CN(C(=O)Nc1cccc(Cl)c1)CC2
CC(C)Oc1cc(-c2cccnc2)ccc1C(N)=O,0.7634279935629372,pharmabench_hlm,CC(C)Oc1cc(-c2cccnc2)ccc1C(N)=O
Cc1cc(Cn2ncn(-c3ccc(Br)cc3)c2=O)cc(C)c1OC(C)(C)C(=O)O,0.1613680022349748,pharmabench_hlm,Cc1cc(Cn2ncn(-c3ccc(Br)cc3)c2=O)cc(C)c1OC(C)(C)C(=O)O
CCNC(=O)c1cc2c(-c3cc(NC(C)=O)ccc3Oc3c(C)cc(F)cc3C)cn(C)c(=O)c2[nH]1,2.263233538439489,pharmabench_hlm,CCNC(=O)c1cc2c(-c3cc(NC(C)=O)ccc3Oc3c(C)cc(F)cc3C)cn(C)c(=O)c2[nH]1
Cc1cccc(C)c1Oc1ccc(C(C)(C)O)cc1-c1cn(C)c(=O)c2[nH]c(C(=O)NC(C)(C)C)cc12,2.8939447594865166,pharmabench_hlm,Cc1cccc(C)c1Oc1ccc(C(C)(C)O)cc1-c1cn(C)c(=O)c2[nH]c(C(=O)NC(C)(C)C)cc12
Cc1ccc(NC(=O)c2cccc(C(F)(F)F)c2)cc1-c1cc(N2CCOCC2)ncn1,1.6364878963533651,pharmabench_hlm,Cc1ccc(NC(=O)c2cccc(C(F)(F)F)c2)cc1-c1cc(N2CCOCC2)ncn1
CN1CCc2nc(NC(=O)[C@H]3CC[C@@H](n4cnc5c(N)nc(Cl)nc54)CC3)sc2C1,1.5185139398778875,pharmabench_hlm,CN1CCc2nc(NC(=O)[C@H]3CC[C@@H](n4cnc5c(N)nc(Cl)nc54)CC3)sc2C1
C=CC(=O)N1CCN2c3c(cnc4cc(-c5c(O)cccc5F)c(Cl)cc34)NC[C@H]2C1,1.255272505103306,pharmabench_hlm,C=CC(=O)N1CCN2c3c(cnc4cc(-c5c(O)cccc5F)c(Cl)cc34)NC[C@H]2C1
C[C@@H]1CCCN1c1c(C#N)c2c(N)nc(Nc3cn(C)nc3Cl)nc2n1C,2.263233538439489,pharmabench_hlm,C[C@@H]1CCCN1c1c(C#N)c2c(N)nc(Nc3cn(C)nc3Cl)nc2n1C
C[C@@H]1Cc2nn3c(c2CN1C(=O)Nc1ccc(F)c(C#N)c1)C(=O)N(C)O[C@@H](C(=O)N(C)CC(F)F)C3,1.146128035678238,pharmabench_hlm,C[C@@H]1Cc2nn3c(c2CN1C(=O)Nc1ccc(F)c(C#N)c1)C(=O)N(C)O[C@@H](C(=O)N(C)CC(F)F)C3
COc1cc(F)ccc1-c1cnc2sc(N3CCC(C)(N)CC3)nn12,1.57978359661681,pharmabench_hlm,COc1cc(F)ccc1-c1cnc2sc(N3CCC(C)(N)CC3)nn12
C=CC(=O)N(C)CCOc1cnccc1-c1ccc(CN2CCN(CC(C)(C)C)CC2=O)c(C)c1,2.907948521612272,pharmabench_hlm,C=CC(=O)N(C)CCOc1cnccc1-c1ccc(CN2CCN(CC(C)(C)C)CC2=O)c(C)c1
COc1cc(/C=C/c2ccc(NC(=O)c3ccco3)cc2)c(/C=C/[N+](=O)[O-])c(OC)c1,1.0,pharmabench_hlm,COc1cc(/C=C/c2ccc(NC(=O)c3ccco3)cc2)c(/C=C/[N+](=O)[O-])c(OC)c1
CCP(=O)(OC)c1ccc2oc(-c3ccc(Cl)cc3)nc2c1,0.8109042806687004,pharmabench_hlm,CCP(=O)(OC)c1ccc2oc(-c3ccc(Cl)cc3)nc2c1
COC(=O)NCCCn1nc([C@@H](C)N(C(=O)[C@H]2CNCCO2)C2CC2)c2cccnc21,1.5185139398778875,pharmabench_hlm,COC(=O)NCCCn1nc([C@@H](C)N(C(=O)[C@H]2CNCCO2)C2CC2)c2cccnc21
COc1cc(N2CCC(N(C)C)CC2)c(-c2cn[nH]c2)cc1Nc1ncc(Cl)c(Nc2ccccc2P(C)(C)=O)n1,1.3617278360175928,pharmabench_hlm,COc1cc(N2CCC(N(C)C)CC2)c(-c2cn[nH]c2)cc1Nc1ncc(Cl)c(Nc2ccccc2P(C)(C)=O)n1
C[C@H](F)Cn1ccc2nc(Nc3cnn(C4CC5(C4)CN(C)C5)c3)nc(NC3(C)CC3)c2c1=O,-2.0,pharmabench_hlm,C[C@H](F)Cn1ccc2nc(Nc3cnn(C4CC5(C4)CN(C)C5)c3)nc(NC3(C)CC3)c2c1=O
CC/C(=C(\c1ccccc1)c1ccc(OCCN(C)C)cc1)c1ccccc1,1.0791812460476249,pharmabench_hlm,CC/C(=C(\c1ccccc1)c1ccc(OCCN(C)C)cc1)c1ccccc1
Cc1cnc(N2CCN(Cc3ccc4c(c3)[nH]c(=O)c3ncccc34)CC2)n1C,0.9542425094393248,pharmabench_hlm,Cc1cnc(N2CCN(Cc3ccc4c(c3)[nH]c(=O)c3ncccc34)CC2)n1C
FC(F)(F)c1nccc(N[C@]23CC[C@](Nc4ccc5nnc(Cl)n5n4)(CC2)CC3)n1,1.0413926851582251,pharmabench_hlm,FC(F)(F)c1nccc(N[C@]23CC[C@](Nc4ccc5nnc(Cl)n5n4)(CC2)CC3)n1
FC(F)(F)c1nccc(N[C@@H]2CC[C@H](Nc3ccc4nnc(Cl)n4n3)C2)n1,1.230448921378274,pharmabench_hlm,FC(F)(F)c1nccc(N[C@@H]2CC[C@H](Nc3ccc4nnc(Cl)n4n3)C2)n1
FC(F)(F)c1nccc(N[C@H]2C[C@@H](Nc3ccc4nnc(Cl)n4n3)C2)n1,0.8388490907372553,pharmabench_hlm,FC(F)(F)c1nccc(N[C@H]2C[C@@H](Nc3ccc4nnc(Cl)n4n3)C2)n1
COCCO[C@H]1CC[C@H](NC(=O)c2cc(-c3cncs3)nc3[nH]ccc23)CC1,1.0934216851622351,pharmabench_hlm,COCCO[C@H]1CC[C@H](NC(=O)c2cc(-c3cncs3)nc3[nH]ccc23)CC1
Cc1cc(-c2ccnc(Nc3cnn(C)c3)n2)ccc1CN1CCN(CC(C)(C)C)CC1=O,2.357934847000454,pharmabench_hlm,Cc1cc(-c2ccnc(Nc3cnn(C)c3)n2)ccc1CN1CCN(CC(C)(C)C)CC1=O
Cc1ncccc1-c1cnc(NCc2c(F)ccc3c2CCO3)n2cnnc12,1.3473025994667842,pharmabench_hlm,Cc1ncccc1-c1cnc(NCc2c(F)ccc3c2CCO3)n2cnnc12
Cc1ncccc1-c1cnc(NCc2c(F)cc(F)c3c2CCO3)n2cnnc12,0.9542425094393248,pharmabench_hlm,Cc1ncccc1-c1cnc(NCc2c(F)cc(F)c3c2CCO3)n2cnnc12
Cc1cc2ncccc2cc1Nc1ncc2c(n1)n(C1CCOCC1)c(=O)n2C,1.4771212547196624,pharmabench_hlm,Cc1cc2ncccc2cc1Nc1ncc2c(n1)n(C1CCOCC1)c(=O)n2C
Cc1onc(-c2ccc(F)cc2)c1COc1ccc2c(c1)CCNC2=O,1.0,pharmabench_hlm,Cc1onc(-c2ccc(F)cc2)c1COc1ccc2c(c1)CCNC2=O
Cc1onc(-c2ccc(F)cc2)c1COc1ccc2c(n1)CCN(C1CCOC1)C2=O,1.462397997898956,pharmabench_hlm,Cc1onc(-c2ccc(F)cc2)c1COc1ccc2c(n1)CCN(C1CCOC1)C2=O
Cc1onc(-c2ccc(F)cc2)c1COc1ccc2c(n1)CCN(C(=O)C1CCOCC1)C2,1.0,pharmabench_hlm,Cc1onc(-c2ccc(F)cc2)c1COc1ccc2c(n1)CCN(C(=O)C1CCOCC1)C2
Cc1ccc([C@H](C)NC(=O)Cn2nnc3ccc(C(F)(F)F)cc3c2=O)cc1,2.638489256954637,pharmabench_hlm,Cc1ccc([C@H](C)NC(=O)Cn2nnc3ccc(C(F)(F)F)cc3c2=O)cc1
C[C@@H]1Cc2c([nH]c3ccccc23)[C@@H](c2c(F)cc(NC3CN(CCCF)C3)cc2F)N1CC(F)(F)CO,1.0413926851582251,pharmabench_hlm,C[C@@H]1Cc2c([nH]c3ccccc23)[C@@H](c2c(F)cc(NC3CN(CCCF)C3)cc2F)N1CC(F)(F)CO
FC(F)(F)c1nccc(N2CCC(CNc3ccc4nnc(Cl)n4n3)CC2)n1,1.568201724066995,pharmabench_hlm,FC(F)(F)c1nccc(N2CCC(CNc3ccc4nnc(Cl)n4n3)CC2)n1
FC(F)(F)c1nccc(NC2CCN(c3ccc4nnc(Cl)n4n3)CC2)n1,1.6989700043360187,pharmabench_hlm,FC(F)(F)c1nccc(NC2CCN(c3ccc4nnc(Cl)n4n3)CC2)n1
CNC(=O)c1nn(C)c2ccc(Nc3nccc(-n4cc(N[C@@H]5CCOC[C@@H]5N)c(C)n4)n3)cc12,1.505149978319906,pharmabench_hlm,CNC(=O)c1nn(C)c2ccc(Nc3nccc(-n4cc(N[C@@H]5CCOC[C@@H]5N)c(C)n4)n3)cc12
CCCn1c(=O)[nH]c(=O)c2c1nc(Sc1nc3ccccc3[nH]1)n2Cc1ccccc1,3.248218561190075,pharmabench_hlm,CCCn1c(=O)[nH]c(=O)c2c1nc(Sc1nc3ccccc3[nH]1)n2Cc1ccccc1
CCOc1nc(Nc2ccc(C(=O)NCC(C)(C)O)cc2OC)nc2[nH]ccc12,-0.0969100130080563,pharmabench_hlm,CCOc1nc(Nc2ccc(C(=O)NCC(C)(C)O)cc2OC)nc2[nH]ccc12
CN(c1ccnc(C(F)(F)F)n1)[C@H]1CC[C@@H](Nc2ccc3nnc(Cl)n3n2)CC1,1.255272505103306,pharmabench_hlm,CN(c1ccnc(C(F)(F)F)n1)[C@H]1CC[C@@H](Nc2ccc3nnc(Cl)n3n2)CC1
FC(F)(F)c1cc(N[C@H]2CC[C@@H](Nc3ccc4nnc(Cl)n4n3)CC2)ccn1,1.0413926851582251,pharmabench_hlm,FC(F)(F)c1cc(N[C@H]2CC[C@@H](Nc3ccc4nnc(Cl)n4n3)CC2)ccn1
O=C(c1ccc(F)cc1)N1CCC(CNCCCc2c[nH]c3ccc(F)cc23)CC1,1.9260335966788449,pharmabench_hlm,O=C(c1ccc(F)cc1)N1CCC(CNCCCc2c[nH]c3ccc(F)cc23)CC1
NC(=O)c1ccc(C(=O)N2CCC(CNCCCc3c[nH]c4ccc(F)cc34)CC2)cc1,0.6232492903979004,pharmabench_hlm,NC(=O)c1ccc(C(=O)N2CCC(CNCCCc3c[nH]c4ccc(F)cc34)CC2)cc1
CCc1cc(=O)[nH]c(-n2nc(C)cc2NC(=O)c2cc(C)ccc2F)n1,2.1357685145678222,pharmabench_hlm,CCc1cc(=O)[nH]c(-n2nc(C)cc2NC(=O)c2cc(C)ccc2F)n1
FC(F)(F)c1nccc(N[C@H]2CC[C@@H](Nc3ncnc4sccc34)CC2)n1,1.3424226808222062,pharmabench_hlm,FC(F)(F)c1nccc(N[C@H]2CC[C@@H](Nc3ncnc4sccc34)CC2)n1
CN(c1ccc2nnc(Cl)n2n1)[C@H]1CC[C@@H](Nc2ccnc(C(F)(F)F)n2)CC1,1.0791812460476249,pharmabench_hlm,CN(c1ccc2nnc(Cl)n2n1)[C@H]1CC[C@@H](Nc2ccnc(C(F)(F)F)n2)CC1
COc1ccc(CN2CCO[C@H](COc3ccccc3)C2)cc1F,1.8567288903828827,pharmabench_hlm,COc1ccc(CN2CCO[C@H](COc3ccccc3)C2)cc1F
Fc1ccc(CO[C@H]2CCCN(Cc3ncn4ccccc34)C2)cc1F,2.793580867368156,pharmabench_hlm,Fc1ccc(CO[C@H]2CCCN(Cc3ncn4ccccc34)C2)cc1F
Cc1nc(CN2CCC(OCc3ccc(Cl)c(F)c3)CC2)c2ccccn12,2.0588054866759067,pharmabench_hlm,Cc1nc(CN2CCC(OCc3ccc(Cl)c(F)c3)CC2)c2ccccn12
Fc1cc(COC2CCN(Cc3ccc4[nH]cnc4c3)CC2)ccc1Cl,1.683947130751512,pharmabench_hlm,Fc1cc(COC2CCN(Cc3ccc4[nH]cnc4c3)CC2)ccc1Cl
O=C(N[C@H]1CCN(c2nccn3ccnc23)C1)[C@H]1[C@@H]2CN(C(=O)N3CCCC3)C[C@@H]21,1.0413926851582251,pharmabench_hlm,O=C(N[C@H]1CCN(c2nccn3ccnc23)C1)[C@H]1[C@@H]2CN(C(=O)N3CCCC3)C[C@@H]21
CCN(C)C(=O)N1C[C@@H]2[C@H](C1)[C@H]2C(=O)N[C@H]1CCN(c2nccn3ccnc23)C1,1.3617278360175928,pharmabench_hlm,CCN(C)C(=O)N1C[C@@H]2[C@H](C1)[C@H]2C(=O)N[C@H]1CCN(c2nccn3ccnc23)C1
COc1cc(Nc2ncc(OCc3c(F)c(OC)cc(OC)c3F)cn2)ccc1N1CCC(N2CCN(C)CC2)CC1,1.6020599913279625,pharmabench_hlm,COc1cc(Nc2ncc(OCc3c(F)c(OC)cc(OC)c3F)cn2)ccc1N1CCC(N2CCN(C)CC2)CC1
COc1cc(OC)c(F)c(COc2cnc(Nc3cnc(N4CCC(N5CCN(C)CC5)CC4)nc3)nc2)c1F,1.591064607026499,pharmabench_hlm,COc1cc(OC)c(F)c(COc2cnc(Nc3cnc(N4CCC(N5CCN(C)CC5)CC4)nc3)nc2)c1F
Cc1ncc(NC(=O)c2ccnc(C(C)(F)F)c2)cc1-c1cc(NCCO)nc(N2CCOCC2)c1,1.0170333392987805,pharmabench_hlm,Cc1ncc(NC(=O)c2ccnc(C(C)(F)F)c2)cc1-c1cc(NCCO)nc(N2CCOCC2)c1
Cc1ncc(NC(=O)c2cccc(C(F)(F)F)c2)cc1-c1cc(N2CCOCC2)c(OC2CCOCC2)nn1,0.8864907251724818,pharmabench_hlm,Cc1ncc(NC(=O)c2cccc(C(F)(F)F)c2)cc1-c1cc(N2CCOCC2)c(OC2CCOCC2)nn1
C=CC(=O)N1CCN2c3c(cnc4cc(-c5c(O)cccc5F)c(Cl)cc34)OC[C@H]2C1,1.3979400086720375,pharmabench_hlm,C=CC(=O)N1CCN2c3c(cnc4cc(-c5c(O)cccc5F)c(Cl)cc34)OC[C@H]2C1
Cc1c([C@@H](C)Nc2nnc(C)c3cnc(N4CCNCC4)cc23)cccc1C(F)(F)F,1.4313637641589874,pharmabench_hlm,Cc1c([C@@H](C)Nc2nnc(C)c3cnc(N4CCNCC4)cc23)cccc1C(F)(F)F
Cc1nnc(N[C@H](C)c2cc(N)cc(C(F)(F)F)n2)c2cc(N3CCOCC3)ncc12,1.3222192947339193,pharmabench_hlm,Cc1nnc(N[C@H](C)c2cc(N)cc(C(F)(F)F)n2)c2cc(N3CCOCC3)ncc12
Cc1cc(F)cc(C)c1Oc1ccc(C(C)(C)O)cc1-c1cn(C)c(=O)c2[nH]c(C(=O)NC(C)(C)C)cc12,3.335792770068036,pharmabench_hlm,Cc1cc(F)cc(C)c1Oc1ccc(C(C)(C)O)cc1-c1cn(C)c(=O)c2[nH]c(C(=O)NC(C)(C)C)cc12
Cc1onc(-c2ccc(F)cc2)c1COc1ccc2c(n1)CCN(C(=O)C1CCC1)C2,1.7558748556724917,pharmabench_hlm,Cc1onc(-c2ccc(F)cc2)c1COc1ccc2c(n1)CCN(C(=O)C1CCC1)C2
O=c1[nH]c(CCCN2CCN(c3ccc(F)cc3F)CC2)nc2c(Cl)cccc12,1.7634279935629371,pharmabench_hlm,O=c1[nH]c(CCCN2CCN(c3ccc(F)cc3F)CC2)nc2c(Cl)cccc12
O=C(OC(C(F)(F)F)C(F)(F)F)N1CCN(Cc2ccc(C(F)(F)F)cc2N2CCOCC2)CC1,1.380211241711606,pharmabench_hlm,O=C(OC(C(F)(F)F)C(F)(F)F)N1CCN(Cc2ccc(C(F)(F)F)cc2N2CCOCC2)CC1
C=CC(=O)N(C)CCOc1c(N)ncnc1-c1cc(F)cc(NC(=O)c2ccc(C3CC3)cc2F)c1C,1.9030899869919435,pharmabench_hlm,C=CC(=O)N(C)CCOc1c(N)ncnc1-c1cc(F)cc(NC(=O)c2ccc(C3CC3)cc2F)c1C
COC(=O)NCCCn1cc([C@@H](C)N(C(=O)[C@H]2CNCCO2)C2CC2)c2nccnc21,1.4313637641589874,pharmabench_hlm,COC(=O)NCCCn1cc([C@@H](C)N(C(=O)[C@H]2CNCCO2)C2CC2)c2nccnc21
Cc1cc2ncccc2cc1Nc1ncc2c(n1)n([C@H]1CCN(C3COC3)C1)c(=O)n2C,1.5185139398778875,pharmabench_hlm,Cc1cc2ncccc2cc1Nc1ncc2c(n1)n([C@H]1CCN(C3COC3)C1)c(=O)n2C
Cc1ncsc1-c1ccc([C@H](C)NC(=O)[C@@H]2C[C@@H](O)CN2C(=O)[C@H](NC(=O)COCc2cn(CCOc3ccc(N(Cc4cccc(O)c4Cl)CC4(c5ccccc5F)CCCC4)cc3)nn2)C(C)(C)C)cc1,1.4913616938342726,pharmabench_hlm,Cc1ncsc1-c1ccc([C@H](C)NC(=O)[C@@H]2C[C@@H](O)CN2C(=O)[C@H](NC(=O)COCc2cn(CCOc3ccc(N(Cc4cccc(O)c4Cl)CC4(c5ccccc5F)CCCC4)cc3)nn2)C(C)(C)C)cc1
C=CC(=O)N(C)CCOc1c(N)ncnc1-c1ccc(CN2CCN(CC(C)C)CC2=O)c(C)c1,1.8195439355418688,pharmabench_hlm,C=CC(=O)N(C)CCOc1c(N)ncnc1-c1ccc(CN2CCN(CC(C)C)CC2=O)c(C)c1
CNC(=O)c1cnc(Nc2ccnc(N3CC[C@@H](O)[C@@H](F)C3)n2)cc1NC(C)C,0.9590413923210936,pharmabench_hlm,CNC(=O)c1cnc(Nc2ccnc(N3CC[C@@H](O)[C@@H](F)C3)n2)cc1NC(C)C
CC(C)c1cnc(N2CCC2)c2cnc(Nc3ccnc(N4CC[C@@H](O)[C@@](C)(F)C4)n3)cc12,2.0253058652647704,pharmabench_hlm,CC(C)c1cnc(N2CCC2)c2cnc(Nc3ccnc(N4CC[C@@H](O)[C@@](C)(F)C4)n3)cc12
O=c1c2cccnc2ncn1Cc1nc([C@H]2[C@@H]3CN(c4cc(Cl)ccn4)C[C@@H]32)no1,1.0,pharmabench_hlm,O=c1c2cccnc2ncn1Cc1nc([C@H]2[C@@H]3CN(c4cc(Cl)ccn4)C[C@@H]32)no1
COCc1cc(-c2cnn(C)c2-c2sc3ccccc3c2C#N)cc2c(CN)n[nH]c(=O)c12,1.8195439355418688,pharmabench_hlm,COCc1cc(-c2cnn(C)c2-c2sc3ccccc3c2C#N)cc2c(CN)n[nH]c(=O)c12
CN(C)C1CN(Cc2ccc(NC(=O)c3ccc(OCCCl)c([N+](=O)[O-])c3)cc2C(F)(F)F)C1,1.816241299991783,pharmabench_hlm,CN(C)C1CN(Cc2ccc(NC(=O)c3ccc(OCCCl)c([N+](=O)[O-])c3)cc2C(F)(F)F)C1
COC(=O)N1CCN([C@H]2CC[C@H](Nc3nc(Nc4cnn(C)c4)nc4ccn(CC#N)c(=O)c34)CC2)CC1,-1.6020599913279625,pharmabench_hlm,COC(=O)N1CCN([C@H]2CC[C@H](Nc3nc(Nc4cnn(C)c4)nc4ccn(CC#N)c(=O)c34)CC2)CC1
Cc1cc2cccc(NC(=O)c3ccccc3NS(=O)(=O)C3CC3)c2o1,1.8744818176994664,pharmabench_hlm,Cc1cc2cccc(NC(=O)c3ccccc3NS(=O)(=O)C3CC3)c2o1
O=c1[nH]c(CCCN2CC=C(c3ccc(F)cc3)CC2)nc2c(Cl)cccc12,1.5440680443502757,pharmabench_hlm,O=c1[nH]c(CCCN2CC=C(c3ccc(F)cc3)CC2)nc2c(Cl)cccc12
CCc1cc2ccc(CN3CCN(c4ccc(C(=O)NC)nc4)CC3)cc2[nH]c1=O,1.230448921378274,pharmabench_hlm,CCc1cc2ccc(CN3CCN(c4ccc(C(=O)NC)nc4)CC3)cc2[nH]c1=O
CCc1cc2cnc(CN3CCN(c4ccc(C(=O)NC)nc4)CC3)cc2[nH]c1=O,0.7781512503836436,pharmabench_hlm,CCc1cc2cnc(CN3CCN(c4ccc(C(=O)NC)nc4)CC3)cc2[nH]c1=O
Cc1nnc(N[C@H](C)c2cccc(C(F)(F)F)n2)c2cc(N3CCOCC3)ncc12,1.255272505103306,pharmabench_hlm,Cc1nnc(N[C@H](C)c2cccc(C(F)(F)F)n2)c2cc(N3CCOCC3)ncc12
Nc1ccccc1NC(=O)c1ccc(CN2CCC/C(=C\c3ccco3)C2=O)cc1,0.6483600109809317,pharmabench_hlm,Nc1ccccc1NC(=O)c1ccc(CN2CCC/C(=C\c3ccco3)C2=O)cc1
C[C@@H](CN1CCC2(CC1)CC(=O)Nc1ccccc12)NC(=O)c1ccc(F)cc1,1.4471580313422192,pharmabench_hlm,C[C@@H](CN1CCC2(CC1)CC(=O)Nc1ccccc12)NC(=O)c1ccc(F)cc1
C[C@@H](CN1CCC2(CC1)OC(=O)Nc1ccccc12)NC(=O)c1ccc(F)cc1,1.591064607026499,pharmabench_hlm,C[C@@H](CN1CCC2(CC1)OC(=O)Nc1ccccc12)NC(=O)c1ccc(F)cc1
Cc1nc(-c2cccc(CNc3ccc4[nH]nc(C(=O)O)c4c3)c2O)sc1C,1.3222192947339193,pharmabench_hlm,Cc1nc(-c2cccc(CNc3ccc4[nH]nc(C(=O)O)c4c3)c2O)sc1C
C=CC(=O)N(C)CCOc1cncnc1-c1ccc(CN2CCN(CC(C)(C)C)CC2=O)c(C)c1,3.1367205671564067,pharmabench_hlm,C=CC(=O)N(C)CCOc1cncnc1-c1ccc(CN2CCN(CC(C)(C)C)CC2=O)c(C)c1
C=CC(=O)N(C)CCOc1cncnc1-c1ccc(CN2CCN(CC3CCC3)CC2=O)c(C)c1,2.584331224367531,pharmabench_hlm,C=CC(=O)N(C)CCOc1cncnc1-c1ccc(CN2CCN(CC3CCC3)CC2=O)c(C)c1
C/C=C/c1cnc(C(=O)NCCOC)cc1Nc1ccccc1F,1.792391689498254,pharmabench_hlm,C/C=C/c1cnc(C(=O)NCCOC)cc1Nc1ccccc1F
COc1cccc(CNCc2c(C(=O)O)n(Cc3ccc(C)cc3)c3cc(C(C)C)ccc23)c1,2.376065721586172,pharmabench_hlm,COc1cccc(CNCc2c(C(=O)O)n(Cc3ccc(C)cc3)c3cc(C(C)C)ccc23)c1
C#CCNC(=O)c1cccc(C(=O)N[C@@H](Cc2ccccc2)C(=O)N(C)c2ccc3scnc3c2)c1,1.7315887651867388,pharmabench_hlm,C#CCNC(=O)c1cccc(C(=O)N[C@@H](Cc2ccccc2)C(=O)N(C)c2ccc3scnc3c2)c1
Cc1cc(C(F)(F)F)cc(N2C(=O)[C@@H](O)[C@@H](O)[C@H]2C(=O)N(C)c2ccc(F)c(Cl)c2)n1,1.4771212547196624,pharmabench_hlm,Cc1cc(C(F)(F)F)cc(N2C(=O)[C@@H](O)[C@@H](O)[C@H]2C(=O)N(C)c2ccc(F)c(Cl)c2)n1
O=c1cc(-c2ccccc2)oc2cc(-c3ccc(CN4CCNCC4)cc3)cc(O)c12,1.2013971243204515,pharmabench_hlm,O=c1cc(-c2ccccc2)oc2cc(-c3ccc(CN4CCNCC4)cc3)cc(O)c12
O=c1cc(-c2ccccc2)oc2cc(-c3ccc(N4CCNCC4)cc3)cc(O)c12,1.136720567156407,pharmabench_hlm,O=c1cc(-c2ccccc2)oc2cc(-c3ccc(N4CCNCC4)cc3)cc(O)c12
Cc1cc(C(=O)N2CCC(CNCCCc3c[nH]c4ccc(F)cc34)CC2)ccc1F,2.747279712554409,pharmabench_hlm,Cc1cc(C(=O)N2CCC(CNCCCc3c[nH]c4ccc(F)cc34)CC2)ccc1F
CN(C)c1noc(-c2cccc(CNc3ccc4[nH]nc(C(=O)O)c4c3)c2Cl)n1,0.7634279935629372,pharmabench_hlm,CN(C)c1noc(-c2cccc(CNc3ccc4[nH]nc(C(=O)O)c4c3)c2Cl)n1
O=C(c1ccc(Cl)c(Cl)c1)N1CCC(CNCCCc2c[nH]c3ccc(F)cc23)CC1,1.657342736814626,pharmabench_hlm,O=C(c1ccc(Cl)c(Cl)c1)N1CCC(CNCCCc2c[nH]c3ccc(F)cc23)CC1
N[C@H]1CCN(c2c(-c3cc(F)cc(Cl)c3)cncc2-c2nc3c(F)cccc3[nH]2)C1,1.0,pharmabench_hlm,N[C@H]1CCN(c2c(-c3cc(F)cc(Cl)c3)cncc2-c2nc3c(F)cccc3[nH]2)C1
Cc1nnn(-c2ccc(F)cc2)c1COc1ccc2c(n1)CCN(C(=O)C1CCOC1)C2,1.1139433523068367,pharmabench_hlm,Cc1nnn(-c2ccc(F)cc2)c1COc1ccc2c(n1)CCN(C(=O)C1CCOC1)C2
CCS(=O)(=O)Nc1ccccc1C(=O)Nc1ccc(F)cc1OCC(F)(F)F,1.9030899869919435,pharmabench_hlm,CCS(=O)(=O)Nc1ccccc1C(=O)Nc1ccc(F)cc1OCC(F)(F)F
CCOc1ccccc1NC(=O)c1cc(C)ccc1NS(=O)(=O)C1CC1,1.8756399370041683,pharmabench_hlm,CCOc1ccccc1NC(=O)c1cc(C)ccc1NS(=O)(=O)C1CC1
CCOc1ccccc1NC(=O)c1cc(F)ccc1NS(=O)(=O)CC,1.5563025007672873,pharmabench_hlm,CCOc1ccccc1NC(=O)c1cc(F)ccc1NS(=O)(=O)CC
CCOc1ccc(F)cc1NC(=O)c1cc(C)ccc1NS(=O)(=O)C1CC1,2.0580462303952816,pharmabench_hlm,CCOc1ccc(F)cc1NC(=O)c1cc(C)ccc1NS(=O)(=O)C1CC1
OCc1cn(-c2ccc(Cl)c(Cl)c2)nn1,1.0791812460476249,pharmabench_hlm,OCc1cn(-c2ccc(Cl)c(Cl)c2)nn1
Cc1c(Br)cccc1[C@@H](C)Nc1nnc(C)c2cnc(N3CCOCC3)cc12,2.290034611362518,pharmabench_hlm,Cc1c(Br)cccc1[C@@H](C)Nc1nnc(C)c2cnc(N3CCOCC3)cc12
Cc1cnc(N2CCN(Cc3ccc4c5c(c(=O)[nH]c4c3)CCCN5)CC2)n1C,1.1760912590556811,pharmabench_hlm,Cc1cnc(N2CCN(Cc3ccc4c5c(c(=O)[nH]c4c3)CCCN5)CC2)n1C
CC(C)(C(=O)O)c1nn(Cc2cn3cc(OCC4CC4)c(Cl)cc3n2)c2ccccc2c1=O,1.335858911319818,pharmabench_hlm,CC(C)(C(=O)O)c1nn(Cc2cn3cc(OCC4CC4)c(Cl)cc3n2)c2ccccc2c1=O
C[C@@H](CN1CCC(c2n[nH]c3ccccc23)CC1)NC(=O)c1ccc(F)cc1,1.6232492903979006,pharmabench_hlm,C[C@@H](CN1CCC(c2n[nH]c3ccccc23)CC1)NC(=O)c1ccc(F)cc1
CC(C)O[C@H]1CC[C@H](C(=O)N2Cc3cc(F)cnc3Nc3ccc(-c4cnn(C)c4)cc32)OC1,1.7075701760979365,pharmabench_hlm,CC(C)O[C@H]1CC[C@H](C(=O)N2Cc3cc(F)cnc3Nc3ccc(-c4cnn(C)c4)cc32)OC1
Cc1ccc(C(=O)N2CCC(CNCCCc3c[nH]c4ccc(F)cc34)CC2)cc1,2.49087108434559,pharmabench_hlm,Cc1ccc(C(=O)N2CCC(CNCCCc3c[nH]c4ccc(F)cc34)CC2)cc1
Cc1nc2ccnn2c(NCc2ccccn2)c1C,2.417969642214737,pharmabench_hlm,Cc1nc2ccnn2c(NCc2ccccn2)c1C
CN1CCC(n2cc(Nc3nc(NC4(C)CC4)c4c(=O)n(-c5cncnc5)ccc4n3)cn2)CC1,-1.42021640338319,pharmabench_hlm,CN1CCC(n2cc(Nc3nc(NC4(C)CC4)c4c(=O)n(-c5cncnc5)ccc4n3)cn2)CC1
CC(C)O[C@H]1CC[C@H](C(=O)N2Cc3cc(F)cnc3Nc3ccc(N4CC5CCC4CO5)cc32)OC1,1.3424226808222062,pharmabench_hlm,CC(C)O[C@H]1CC[C@H](C(=O)N2Cc3cc(F)cnc3Nc3ccc(N4CC5CCC4CO5)cc32)OC1
CC(C)O[C@H]1CC[C@H](C(=O)N2Cc3cccnc3Nc3cnc(C4COCCO4)cc32)CC1,1.3010299956639813,pharmabench_hlm,CC(C)O[C@H]1CC[C@H](C(=O)N2Cc3cccnc3Nc3cnc(C4COCCO4)cc32)CC1
CN1CC(OCC(F)F)Cn2nc3c(c2C1=O)CN(C(=O)Nc1ccc(F)c(Cl)c1)CC3,0.7323937598229685,pharmabench_hlm,CN1CC(OCC(F)F)Cn2nc3c(c2C1=O)CN(C(=O)Nc1ccc(F)c(Cl)c1)CC3
CN1CC(F)Cn2nc3c(c2C1=O)CN(C(=O)Nc1ccnc(Br)c1F)CC3,0.6989700043360189,pharmabench_hlm,CN1CC(F)Cn2nc3c(c2C1=O)CN(C(=O)Nc1ccnc(Br)c1F)CC3
FC(F)(F)c1nccc(N[C@H]2CC[C@@H](Nc3ccncn3)CC2)n1,1.255272505103306,pharmabench_hlm,FC(F)(F)c1nccc(N[C@H]2CC[C@@H](Nc3ccncn3)CC2)n1
O=C(c1cnc(NC2(c3cnccn3)CCC2)nc1)N1CC2(CCOCC2)C1,4.278753600952829,pharmabench_hlm,O=C(c1cnc(NC2(c3cnccn3)CCC2)nc1)N1CC2(CCOCC2)C1
NC(=O)c1cccc(C(=O)N2CCC(CNCCCc3c[nH]c4ccc(F)cc34)CC2)c1,0.9542425094393248,pharmabench_hlm,NC(=O)c1cccc(C(=O)N2CCC(CNCCCc3c[nH]c4ccc(F)cc34)CC2)c1
Cc1nnn(-c2ccc(F)cc2)c1COc1ccc2c(n1)CCN(C(=O)NC1CC(=O)N(C)C1)C2,0.6020599913279624,pharmabench_hlm,Cc1nnn(-c2ccc(F)cc2)c1COc1ccc2c(n1)CCN(C(=O)NC1CC(=O)N(C)C1)C2
C[C@@H](CN1CCC2(CC1)C(=O)NCN2c1cccc(F)c1)NC(=O)c1ccc(Br)cc1,1.9493900066449128,pharmabench_hlm,C[C@@H](CN1CCC2(CC1)C(=O)NCN2c1cccc(F)c1)NC(=O)c1ccc(Br)cc1
CC(C)O[C@H]1CC[C@H](C(=O)N2Cc3cccnc3Nc3ccc(N4CC5CCC4CO5)c(F)c32)CC1,2.322219294733919,pharmabench_hlm,CC(C)O[C@H]1CC[C@H](C(=O)N2Cc3cccnc3Nc3ccc(N4CC5CCC4CO5)c(F)c32)CC1
CCOc1cc2cn(Cc3nn(CC(=O)O)c(=O)c4ccccc34)nc2cc1Cl,1.5440680443502757,pharmabench_hlm,CCOc1cc2cn(Cc3nn(CC(=O)O)c(=O)c4ccccc34)nc2cc1Cl
Nc1ccccc1NC(=O)c1ccc(CN2CCC/C(=C\c3cccnc3)C2=O)cc1,0.7007037171450193,pharmabench_hlm,Nc1ccccc1NC(=O)c1ccc(CN2CCC/C(=C\c3cccnc3)C2=O)cc1
Nc1cc(F)ccc1NC(=O)c1ccc(CN2CC/C(=C\c3ccccn3)C2=O)cc1,1.0086001717619175,pharmabench_hlm,Nc1cc(F)ccc1NC(=O)c1ccc(CN2CC/C(=C\c3ccccn3)C2=O)cc1
CCCCCCC(C)(C)c1cc(OC)c([C@H]2C=C(CO)[C@H]3C[C@@H]2C3(C)C)c(OC)c1,1.9314070135565733,pharmabench_hlm,CCCCCCC(C)(C)c1cc(OC)c([C@H]2C=C(CO)[C@H]3C[C@@H]2C3(C)C)c(OC)c1
CCc1ccccc1NC(=O)c1cncc(-c2ccc(C(=O)N3CCNCC3)cc2)c1,0.7403626894942439,pharmabench_hlm,CCc1ccccc1NC(=O)c1cncc(-c2ccc(C(=O)N3CCNCC3)cc2)c1
Cc1ccc([C@H](C)NC(=O)C(C)n2nnc3ccccc3c2=O)cc1,1.1139433523068367,pharmabench_hlm,Cc1ccc([C@H](C)NC(=O)C(C)n2nnc3ccccc3c2=O)cc1
Cc1ccc([C@H](C)OC(=O)Cn2nnc3ccccc3c2=O)cc1,1.8512583487190752,pharmabench_hlm,Cc1ccc([C@H](C)OC(=O)Cn2nnc3ccccc3c2=O)cc1
Cn1ncc2cc(CN3CCC(OCc4ccc(F)c(F)c4)CC3)ccc21,1.515873843711679,pharmabench_hlm,Cn1ncc2cc(CN3CCC(OCc4ccc(F)c(F)c4)CC3)ccc21
Cn1ncc2cc(CN3CCC(OCc4cccc(C(F)(F)F)c4)CC3)ccc21,1.801403710017355,pharmabench_hlm,Cn1ncc2cc(CN3CCC(OCc4cccc(C(F)(F)F)c4)CC3)ccc21
Cc1c(Cl)cccc1NC(=O)CN1CCC(OCc2ccc(F)c(F)c2)CC1,2.160468531119037,pharmabench_hlm,Cc1c(Cl)cccc1NC(=O)CN1CCC(OCc2ccc(F)c(F)c2)CC1
Cc1cc(NC(=O)CN2CCC(OCc3ccc(F)c(F)c3)CC2)ccc1F,1.6946051989335686,pharmabench_hlm,Cc1cc(NC(=O)CN2CCC(OCc3ccc(F)c(F)c3)CC2)ccc1F
Cc1cc(Cl)ccc1-c1ccc(C(=O)N[C@H]2CCc3c(C)ccc(N4CCN(C)CC4)c3C2)cn1,1.8195439355418688,pharmabench_hlm,Cc1cc(Cl)ccc1-c1ccc(C(=O)N[C@H]2CCc3c(C)ccc(N4CCN(C)CC4)c3C2)cn1
CC(C)O[C@H]1CC[C@H](C(=O)N2Cc3cccnc3Nc3ccc(N4C[C@@H]5C[C@H]4CO5)cc32)CC1,1.5314789170422551,pharmabench_hlm,CC(C)O[C@H]1CC[C@H](C(=O)N2Cc3cccnc3Nc3ccc(N4C[C@@H]5C[C@H]4CO5)cc32)CC1
C[C@@H](CN1CCC(n2c(=O)oc3ccccc32)CC1)NC(=O)c1ccc(F)cc1,1.3617278360175928,pharmabench_hlm,C[C@@H](CN1CCC(n2c(=O)oc3ccccc32)CC1)NC(=O)c1ccc(F)cc1
C[C@@H](CN1CCC2(CC1)OC(=O)Nc1cc(F)ccc12)NC(=O)c1ccc(F)cc1,1.8325089127062364,pharmabench_hlm,C[C@@H](CN1CCC2(CC1)OC(=O)Nc1cc(F)ccc12)NC(=O)c1ccc(F)cc1
C[C@@H](CN1CCC2(CC1)OC(=O)NC[C@H]2c1cccc(F)c1)NC(=O)c1ccc(F)cc1,1.57978359661681,pharmabench_hlm,C[C@@H](CN1CCC2(CC1)OC(=O)NC[C@H]2c1cccc(F)c1)NC(=O)c1ccc(F)cc1
C[C@@H]1CN(C(=O)[C@H](C)N2CCC(n3c(=O)[nH]c4ccccc43)CC2)C[C@H](C)N1,0.8388490907372553,pharmabench_hlm,C[C@@H]1CN(C(=O)[C@H](C)N2CCC(n3c(=O)[nH]c4ccccc43)CC2)C[C@H](C)N1
Cc1cc(Cl)ccc1-c1ccc(C(=O)N[C@H]2CCc3c(C)ccc(N4CCN(C)CC4)c3C2)nc1,1.6901960800285136,pharmabench_hlm,Cc1cc(Cl)ccc1-c1ccc(C(=O)N[C@H]2CCc3c(C)ccc(N4CCN(C)CC4)c3C2)nc1
Cc1cc(Cl)ccc1-c1ncc(C(=O)N[C@H]2CCc3c(C)ccc(N4CCN(C)CC4)c3C2)cn1,1.6334684555795864,pharmabench_hlm,Cc1cc(Cl)ccc1-c1ncc(C(=O)N[C@H]2CCc3c(C)ccc(N4CCN(C)CC4)c3C2)cn1
Cc1cc(Cl)ccc1-c1ccc(C(=O)N[C@H]2CCc3c(C)ccc(N4CCN(C)CC4)c3C2)s1,1.462397997898956,pharmabench_hlm,Cc1cc(Cl)ccc1-c1ccc(C(=O)N[C@H]2CCc3c(C)ccc(N4CCN(C)CC4)c3C2)s1
Cc1cc(Cl)ccc1-c1ccc(C(=O)N[C@H]2CCc3c(C)ccc(N4CCC(N(C)C)CC4)c3C2)nc1,1.591064607026499,pharmabench_hlm,Cc1cc(Cl)ccc1-c1ccc(C(=O)N[C@H]2CCc3c(C)ccc(N4CCC(N(C)C)CC4)c3C2)nc1
Cc1ccc(N2CCN(C)CC2)c2c1CC[C@H](NC(=O)c1ccc(-c3ccccc3)cn1)C2,1.4913616938342726,pharmabench_hlm,Cc1ccc(N2CCN(C)CC2)c2c1CC[C@H](NC(=O)c1ccc(-c3ccccc3)cn1)C2
Cc1cc(Cl)ccc1-c1ccc(C(=O)N[C@H]2CCc3c(C)ccc(-c4ccncc4)c3C2)nc1,1.812913356642856,pharmabench_hlm,Cc1cc(Cl)ccc1-c1ccc(C(=O)N[C@H]2CCc3c(C)ccc(-c4ccncc4)c3C2)nc1
Cc1cc(Cl)ccc1-c1ccc(C(=O)N[C@H]2CCc3c(C)ccc(-c4ccn[nH]4)c3C2)nc1,1.4471580313422192,pharmabench_hlm,Cc1cc(Cl)ccc1-c1ccc(C(=O)N[C@H]2CCc3c(C)ccc(-c4ccn[nH]4)c3C2)nc1
FC(F)(F)c1nccc(N2CCC(Nc3ccc4nnc(Cl)n4n3)CC2)n1,1.6989700043360187,pharmabench_hlm,FC(F)(F)c1nccc(N2CCC(Nc3ccc4nnc(Cl)n4n3)CC2)n1
FC(F)(F)c1nccc(N[C@H]2C[C@@H](CNc3ccc4nnc(Cl)n4n3)C2)n1,1.5563025007672873,pharmabench_hlm,FC(F)(F)c1nccc(N[C@H]2C[C@@H](CNc3ccc4nnc(Cl)n4n3)C2)n1
Cc1cc2ncnn2cc1Nc1ncc2c(n1)n(C1CCOCC1)c(=O)n2C,0.8061799739838872,pharmabench_hlm,Cc1cc2ncnn2cc1Nc1ncc2c(n1)n(C1CCOCC1)c(=O)n2C
C[C@@H](CN1CCC(N2C(=O)Cc3ccccc32)CC1)NC(=O)c1ccc(F)cc1,1.6232492903979006,pharmabench_hlm,C[C@@H](CN1CCC(N2C(=O)Cc3ccccc32)CC1)NC(=O)c1ccc(F)cc1
C[C@@H](C(=O)N1CCNC(C)(C)C1)N1CCC(n2c(=O)[nH]c3ccccc32)CC1,0.9030899869919436,pharmabench_hlm,C[C@@H](C(=O)N1CCNC(C)(C)C1)N1CCC(n2c(=O)[nH]c3ccccc32)CC1
Cc1cc(Cl)ccc1-c1ccc(C(=O)N[C@@H]2CCc3c(C)ccc(N4CCN(C)CC4)c3C2)cc1,1.3010299956639813,pharmabench_hlm,Cc1cc(Cl)ccc1-c1ccc(C(=O)N[C@@H]2CCc3c(C)ccc(N4CCN(C)CC4)c3C2)cc1
Cc1cc(Cl)ccc1-c1cnc(C(=O)N[C@H]2CCc3c(C)ccc(N4CCN(C)CC4)c3C2)cn1,1.9138138523837167,pharmabench_hlm,Cc1cc(Cl)ccc1-c1cnc(C(=O)N[C@H]2CCc3c(C)ccc(N4CCN(C)CC4)c3C2)cn1
Cc1cc(Cl)ccc1-c1ccc(C(=O)N[C@H]2CCc3cccc(N4CCN(C)CC4)c3C2)nc1,1.7558748556724917,pharmabench_hlm,Cc1cc(Cl)ccc1-c1ccc(C(=O)N[C@H]2CCc3cccc(N4CCN(C)CC4)c3C2)nc1
Cc1nnn(-c2ccc(F)cc2)c1COc1ccc2c(n1)CCN(C(=O)NC1CCOC1)C2,1.0,pharmabench_hlm,Cc1nnn(-c2ccc(F)cc2)c1COc1ccc2c(n1)CCN(C(=O)NC1CCOC1)C2
C[C@@H](CN1CCC2(CC1)NC(=O)Nc1ccccc12)NC(=O)c1ccc(F)cc1,1.146128035678238,pharmabench_hlm,C[C@@H](CN1CCC2(CC1)NC(=O)Nc1ccccc12)NC(=O)c1ccc(F)cc1
COc1cccc(F)c1CNc1ccc(-c2cnc(C)nc2C)c2nncn12,0.9542425094393248,pharmabench_hlm,COc1cccc(F)c1CNc1ccc(-c2cnc(C)nc2C)c2nncn12
FC(F)(F)c1cccc(N[C@H]2CC[C@@H](Nc3ccnc(C(F)(F)F)n3)CC2)c1,0.8750612633917001,pharmabench_hlm,FC(F)(F)c1cccc(N[C@H]2CC[C@@H](Nc3ccnc(C(F)(F)F)n3)CC2)c1
Cc1onc(-c2ccc(F)cc2)c1COc1ccc(C(=O)N2CCS(=O)(=O)CC2)cn1,0.8750612633917001,pharmabench_hlm,Cc1onc(-c2ccc(F)cc2)c1COc1ccc(C(=O)N2CCS(=O)(=O)CC2)cn1
Cc1nnn(-c2ccc(F)cc2)c1COc1ccc2c(n1)CCN(C(=O)C1CCCO1)C2,1.1760912590556811,pharmabench_hlm,Cc1nnn(-c2ccc(F)cc2)c1COc1ccc2c(n1)CCN(C(=O)C1CCCO1)C2
C[C@H](NC(=O)c1c(CCc2ccc(F)cc2)sc2c1CCCC2)c1ccc(C(=O)O)cc1,1.989449817666692,pharmabench_hlm,C[C@H](NC(=O)c1c(CCc2ccc(F)cc2)sc2c1CCCC2)c1ccc(C(=O)O)cc1
CCn1c(=O)[nH]c(=O)c2c1nc(Cc1nc3ccccc3[nH]1)n2Cc1ccccc1,2.7671558660821804,pharmabench_hlm,CCn1c(=O)[nH]c(=O)c2c1nc(Cc1nc3ccccc3[nH]1)n2Cc1ccccc1
COc1ccc(CN2CCC[C@H](OCc3ccc(F)c(F)c3)C2)cc1F,2.4353665066126613,pharmabench_hlm,COc1ccc(CN2CCC[C@H](OCc3ccc(F)c(F)c3)C2)cc1F
COc1ccc(/N=C(\N)CC(O)c2cc3c(F)cc(F)cc3c3cc(C(F)(F)F)ccc23)cc1,0.9542425094393248,pharmabench_hlm,COc1ccc(/N=C(\N)CC(O)c2cc3c(F)cc(F)cc3c3cc(C(F)(F)F)ccc23)cc1
CCOc1ccc(F)cc1NC(=O)c1cc(C)ccc1NS(=O)(=O)CC,1.8407332346118068,pharmabench_hlm,CCOc1ccc(F)cc1NC(=O)c1cc(C)ccc1NS(=O)(=O)CC
CCOc1ccc(F)cc1NC(=O)c1cc(F)ccc1NS(=O)(=O)C1CC1,1.7737864449811935,pharmabench_hlm,CCOc1ccc(F)cc1NC(=O)c1cc(F)ccc1NS(=O)(=O)C1CC1
